warning: 'dgen': Invalid Exclude '/Users/alecresende/code/swift/dgen/Examples/TrainKick808/renders': File not found.
Building for debugging...
[0/3] Write swift-version--58304C5D6DBC2206.txt
Build of product 'SynthID' complete! (0.12s)
fit length: 32768 -> 22528 frames
rung3 prepared sourceRate=44100 targetRate=44100 onset=0.000091s sourceFrames=21416 outputFrames=22528 cropped=false padded=true
epoch=0 loss=3.902072
  fStart=   267.32437 grad= -1.1465e+00
  fEnd=    47.35925 grad= -1.0900e+00
  pitchDecay=   -46.00000 grad=  7.9929e-01
  bodyAmp=     0.52500 grad= -3.0482e-01
  ampDecay=   -14.00000 grad= -1.3086e-02
  clickFreq=   447.21362 grad=  1.5748e-01
  clickAmp=     0.60000 grad=  2.4053e-01
  clickDecay=  -346.41028 grad= -1.0505e-02
  noiseCutoff=  4242.64209 grad=  1.6099e+00
  noiseAmp=     0.02500 grad=  4.4249e+01
  noiseDecay=   -27.38613 grad= -2.1431e+00
  drive=     3.50000 grad=  3.1158e-01
  outGain=     0.55000 grad=  2.7006e+00
  bodyAsymmetry=     0.00000 grad=  1.3596e+00
  bodyHarmonic=     0.00000 grad=  2.5495e-02
  ampCurve=     0.00000 grad= -1.6773e-03
epoch=10 loss=3.231365
  fStart=   267.74588 grad= -4.4337e-01
  fEnd=    47.24429 grad= -4.6894e-01
  pitchDecay=   -45.96874 grad=  4.7912e-01
  bodyAmp=     0.58130 grad= -3.0656e-01
  ampDecay=   -13.71805 grad= -3.7840e-02
  clickFreq=   419.20981 grad=  3.2913e-02
  clickAmp=     0.44266 grad=  1.0494e-01
  clickDecay=  -407.48886 grad=  7.0740e-03
  noiseCutoff=  4001.51318 grad=  0.0000e+00
  noiseAmp=     0.00000 grad=  6.6797e+00
  noiseDecay=   -32.09947 grad=  0.0000e+00
  drive=     3.43492 grad= -3.8359e-02
  outGain=     0.30760 grad= -3.1963e-01
  bodyAsymmetry=    -0.04460 grad=  1.2031e+00
  bodyHarmonic=    -0.25492 grad=  1.4866e-01
  ampCurve=     0.00000 grad= -1.0960e-02
epoch=20 loss=3.183158
  fStart=   267.90103 grad=  6.3912e-01
  fEnd=    47.13906 grad=  2.1336e-01
  pitchDecay=   -45.94001 grad= -5.0764e-01
  bodyAmp=     0.75263 grad=  7.4897e-02
  ampDecay=   -13.41375 grad= -6.0868e-04
  clickFreq=   413.10672 grad= -5.0880e-02
  clickAmp=     0.37566 grad= -9.2794e-02
  clickDecay=  -383.06403 grad= -4.4371e-04
  noiseCutoff=  3933.85913 grad=  0.0000e+00
  noiseAmp=     0.00000 grad= -4.3431e+00
  noiseDecay=   -33.53465 grad=  0.0000e+00
  drive=     3.43483 grad=  6.2607e-03
  outGain=     0.31647 grad=  2.1148e-01
  bodyAsymmetry=    -0.05931 grad= -1.4447e+00
  bodyHarmonic=    -0.50884 grad= -1.2745e-02
  ampCurve=     0.00000 grad=  1.2673e-04
epoch=30 loss=2.611302
  fStart=   268.32178 grad=  3.8656e-01
  fEnd=    47.16863 grad=  1.4388e+00
  pitchDecay=   -45.82195 grad= -3.7222e-01
  bodyAmp=     0.78150 grad= -1.3172e-01
  ampDecay=   -13.29571 grad= -1.7990e-02
  clickFreq=   419.62302 grad= -5.0647e-02
  clickAmp=     0.35519 grad= -8.1357e-02
  clickDecay=  -402.49747 grad= -2.1299e-03
  noiseCutoff=  3942.33569 grad=  1.4059e-01
  noiseAmp=     0.01625 grad=  7.9652e+00
  noiseDecay=   -31.49881 grad=  1.2064e-01
  drive=     3.43264 grad= -6.9428e-04
  outGain=     0.24390 grad=  5.1261e-01
  bodyAsymmetry=    -0.05248 grad= -3.0976e-01
  bodyHarmonic=    -0.60222 grad= -5.3749e-02
  ampCurve=     0.00000 grad= -4.9504e-03
epoch=40 loss=2.541001
  fStart=   268.27277 grad= -5.2848e-01
  fEnd=    47.05085 grad= -6.2018e-01
  pitchDecay=   -45.78391 grad=  4.2865e-01
  bodyAmp=     0.91367 grad= -1.1586e-01
  ampDecay=   -13.11427 grad= -1.1395e-02
  clickFreq=   436.68692 grad= -4.5450e-02
  clickAmp=     0.43601 grad= -4.2629e-02
  clickDecay=  -439.07870 grad= -9.0128e-04
  noiseCutoff=  3932.05127 grad=  1.7704e-01
  noiseAmp=     0.01587 grad=  1.0584e+01
  noiseDecay=   -26.30718 grad=  5.6412e-02
  drive=     3.44972 grad=  1.2602e-02
  outGain=     0.21485 grad=  9.1376e-01
  bodyAsymmetry=    -0.05267 grad=  6.0180e-02
  bodyHarmonic=    -0.55373 grad= -4.5329e-02
  ampCurve=     0.00000 grad= -2.2766e-03
epoch=50 loss=2.446658
  fStart=   268.24783 grad= -1.2151e+00
  fEnd=    47.11974 grad= -2.4643e+00
  pitchDecay=   -45.71220 grad=  1.2961e+00
  bodyAmp=     1.00000 grad=  5.9872e-03
  ampDecay=   -12.95292 grad=  8.4910e-03
  clickFreq=   461.61813 grad=  6.1194e-03
  clickAmp=     0.55634 grad=  3.3216e-03
  clickDecay=  -454.10007 grad=  8.1593e-04
  noiseCutoff=  3975.31372 grad=  1.1912e-01
  noiseAmp=     0.00971 grad=  1.5165e+01
  noiseDecay=   -20.48362 grad=  3.9572e-02
  drive=     3.47749 grad=  4.4614e-02
  outGain=     0.21958 grad=  1.3877e+00
  bodyAsymmetry=    -0.05781 grad=  1.2515e-02
  bodyHarmonic=    -0.48978 grad= -2.1587e-02
  ampCurve=     0.00000 grad=  4.2308e-03
epoch=60 loss=2.389074
  fStart=   267.80627 grad= -3.7517e-02
  fEnd=    47.12770 grad=  6.5968e-02
  pitchDecay=   -45.72279 grad=  2.5945e-01
  bodyAmp=     1.00000 grad= -3.7842e-02
  ampDecay=   -12.89671 grad= -1.7966e-02
  clickFreq=   471.02808 grad= -1.4811e-02
  clickAmp=     0.62759 grad= -3.3857e-02
  clickDecay=  -429.94992 grad=  5.3547e-03
  noiseCutoff=  4078.52197 grad= -3.2210e-01
  noiseAmp=     0.00420 grad= -4.9319e+01
  noiseDecay=   -15.86311 grad=  5.4305e-01
  drive=     3.49101 grad= -7.6219e-02
  outGain=     0.16107 grad= -1.8991e+00
  bodyAsymmetry=    -0.06594 grad= -7.0216e-02
  bodyHarmonic=    -0.45972 grad=  2.9179e-02
  ampCurve=     0.00000 grad= -5.5216e-03
epoch=70 loss=2.319461
  fStart=   267.52765 grad=  1.3784e-01
  fEnd=    47.12856 grad=  6.6074e-01
  pitchDecay=   -45.68625 grad= -1.5862e-02
  bodyAmp=     1.00000 grad=  4.7101e-03
  ampDecay=   -12.77591 grad=  5.8285e-03
  clickFreq=   468.26505 grad=  4.1904e-02
  clickAmp=     0.68443 grad=  4.4289e-02
  clickDecay=  -387.05902 grad= -3.7478e-03
  noiseCutoff=  4271.08398 grad=  3.1884e-02
  noiseAmp=     0.00398 grad=  3.5385e+01
  noiseDecay=   -12.61216 grad= -1.9296e-01
  drive=     3.52017 grad=  4.9923e-02
  outGain=     0.19205 grad=  1.3218e+00
  bodyAsymmetry=    -0.06409 grad=  5.6922e-01
  bodyHarmonic=    -0.49497 grad=  1.4811e-02
  ampCurve=     0.00000 grad=  3.1611e-03
epoch=80 loss=2.310127
  fStart=   267.38544 grad=  7.0354e-01
  fEnd=    47.12324 grad=  1.8905e+00
  pitchDecay=   -45.61959 grad= -4.7281e-01
  bodyAmp=     0.97288 grad= -1.5612e-02
  ampDecay=   -12.76354 grad= -6.7226e-03
  clickFreq=   454.79416 grad= -1.9469e-02
  clickAmp=     0.69054 grad= -1.8614e-02
  clickDecay=  -393.85062 grad= -7.4336e-04
  noiseCutoff=  4496.83008 grad=  6.2892e-02
  noiseAmp=     0.00343 grad=  5.5254e+01
  noiseDecay=   -11.12954 grad= -3.4600e-01
  drive=     3.52419 grad=  4.5808e-02
  outGain=     0.17577 grad=  1.2171e+00
  bodyAsymmetry=    -0.06811 grad= -2.5968e-01
  bodyHarmonic=    -0.54493 grad=  6.1518e-03
  ampCurve=    -0.02899 grad= -5.5078e-04
epoch=90 loss=2.475172
  fStart=   266.89719 grad=  3.2510e+00
  fEnd=    47.10616 grad=  7.5301e+00
  pitchDecay=   -45.55740 grad= -2.3433e+00
  bodyAmp=     0.96188 grad=  4.4239e-02
  ampDecay=   -12.70068 grad= -3.3069e-03
  clickFreq=   446.55453 grad= -2.2499e-02
  clickAmp=     0.71294 grad= -1.9849e-02
  clickDecay=  -391.80850 grad=  1.6806e-03
  noiseCutoff=  4750.07959 grad= -4.7623e-01
  noiseAmp=     0.00106 grad= -3.5479e+02
  noiseDecay=   -10.53910 grad=  5.9863e-01
  drive=     3.53379 grad= -9.8059e-02
  outGain=     0.16553 grad= -2.6312e+00
  bodyAsymmetry=    -0.06756 grad= -2.4883e-02
  bodyHarmonic=    -0.60499 grad=  2.5310e-02
  ampCurve=    -0.00110 grad= -1.6933e-03
epoch=100 loss=2.301811
  fStart=   266.80417 grad=  1.6244e+00
  fEnd=    47.11777 grad=  2.1525e+00
  pitchDecay=   -45.44667 grad= -1.1758e+00
  bodyAmp=     0.96415 grad= -6.5821e-02
  ampDecay=   -12.61695 grad= -2.5248e-03
  clickFreq=   450.99591 grad= -5.5326e-02
  clickAmp=     0.74977 grad=  5.3161e-02
  clickDecay=  -392.90878 grad= -2.1823e-02
  noiseCutoff=  5003.65234 grad=  8.5015e-02
  noiseAmp=     0.00285 grad=  8.0153e+01
  noiseDecay=   -10.45347 grad= -4.3432e-01
  drive=     3.54466 grad=  5.7888e-02
  outGain=     0.17318 grad=  1.5113e+00
  bodyAsymmetry=    -0.06594 grad=  5.9256e-01
  bodyHarmonic=    -0.64179 grad= -1.2945e-02
  ampCurve=     0.00000 grad=  1.0782e-03
epoch=110 loss=2.310023
  fStart=   267.07440 grad=  7.7476e-01
  fEnd=    47.06808 grad=  1.9223e+00
  pitchDecay=   -45.33458 grad= -2.9737e-01
  bodyAmp=     0.95753 grad= -2.9966e-02
  ampDecay=   -12.57906 grad= -3.0973e-03
  clickFreq=   445.17728 grad= -2.9754e-02
  clickAmp=     0.76956 grad= -1.1436e-02
  clickDecay=  -392.49329 grad= -3.4406e-03
  noiseCutoff=  5231.11035 grad=  1.5083e-01
  noiseAmp=     0.00302 grad=  9.6286e+01
  noiseDecay=   -10.70644 grad= -5.2227e-01
  drive=     3.54502 grad=  7.1348e-02
  outGain=     0.17388 grad=  1.9519e+00
  bodyAsymmetry=    -0.07052 grad= -2.6504e-01
  bodyHarmonic=    -0.64078 grad= -2.7050e-02
  ampCurve=    -0.01575 grad=  1.1789e-03
epoch=120 loss=2.457019
  fStart=   267.41721 grad= -1.3916e+00
  fEnd=    46.96118 grad= -2.4203e+00
  pitchDecay=   -45.20480 grad=  1.1369e+00
  bodyAmp=     0.95187 grad=  7.0266e-02
  ampDecay=   -12.55789 grad=  2.9691e-04
  clickFreq=   448.32947 grad=  8.4982e-03
  clickAmp=     0.78126 grad= -1.8036e-02
  clickDecay=  -413.30869 grad=  5.0543e-03
  noiseCutoff=  5443.53174 grad= -4.7312e-01
  noiseAmp=     0.00098 grad= -3.9114e+02
  noiseDecay=   -11.00804 grad=  6.3262e-01
  drive=     3.54131 grad= -9.3426e-02
  outGain=     0.16650 grad= -2.5134e+00
  bodyAsymmetry=    -0.07207 grad= -1.7431e-01
  bodyHarmonic=    -0.62007 grad=  2.5913e-02
  ampCurve=    -0.05524 grad= -5.0260e-04
epoch=130 loss=2.279237
  fStart=   267.60611 grad= -6.3362e-01
  fEnd=    46.92196 grad= -4.2808e-01
  pitchDecay=   -45.11576 grad=  5.6584e-01
  bodyAmp=     0.94075 grad= -7.4212e-02
  ampDecay=   -12.51989 grad= -5.3868e-03
  clickFreq=   450.11359 grad=  1.4308e-02
  clickAmp=     0.79330 grad=  3.1245e-02
  clickDecay=  -410.07782 grad= -8.7554e-04
  noiseCutoff=  5675.45264 grad=  9.0418e-02
  noiseAmp=     0.00278 grad=  8.2959e+01
  noiseDecay=   -11.06336 grad= -3.7594e-01
  drive=     3.54180 grad=  5.2407e-02
  outGain=     0.17302 grad=  1.4877e+00
  bodyAsymmetry=    -0.06934 grad=  5.4507e-01
  bodyHarmonic=    -0.63245 grad= -1.5749e-03
  ampCurve=    -0.07630 grad=  3.0259e-04
epoch=140 loss=2.295753
  fStart=   267.86298 grad=  4.4584e-01
  fEnd=    46.89700 grad=  6.8743e-01
  pitchDecay=   -45.04221 grad= -3.2961e-01
  bodyAmp=     0.94505 grad= -3.4522e-02
  ampDecay=   -12.47035 grad= -4.3567e-03
  clickFreq=   451.31281 grad= -8.9854e-03
  clickAmp=     0.79548 grad= -1.2615e-02
  clickDecay=  -392.15393 grad=  3.4136e-04
  noiseCutoff=  5885.83887 grad=  1.7215e-01
  noiseAmp=     0.00296 grad=  1.0545e+02
  noiseDecay=   -11.16990 grad= -5.1568e-01
  drive=     3.53916 grad=  7.6093e-02
  outGain=     0.17360 grad=  2.0919e+00
  bodyAsymmetry=    -0.07337 grad= -3.0865e-01
  bodyHarmonic=    -0.64245 grad= -1.7471e-02
  ampCurve=    -0.09448 grad=  1.0225e-03
epoch=150 loss=2.402615
  fStart=   268.07559 grad=  1.0801e+00
  fEnd=    46.80303 grad=  2.7894e-01
  pitchDecay=   -44.98419 grad= -7.4673e-01
  bodyAmp=     0.95464 grad=  8.1598e-02
  ampDecay=   -12.43305 grad=  4.1168e-03
  clickFreq=   451.07162 grad= -5.7040e-03
  clickAmp=     0.79565 grad= -1.2958e-02
  clickDecay=  -371.57788 grad=  2.5808e-03
  noiseCutoff=  6066.92725 grad= -4.5989e-01
  noiseAmp=     0.00104 grad= -3.5710e+02
  noiseDecay=   -11.38778 grad=  6.3659e-01
  drive=     3.53100 grad= -8.6110e-02
  outGain=     0.16694 grad= -2.3063e+00
  bodyAsymmetry=    -0.07261 grad= -1.9402e-01
  bodyHarmonic=    -0.64615 grad=  2.2276e-02
  ampCurve=    -0.13795 grad=  9.5482e-04
epoch=160 loss=2.270518
  fStart=   268.32410 grad=  2.9236e+00
  fEnd=    46.84082 grad=  4.9149e+00
  pitchDecay=   -44.90724 grad= -2.1835e+00
  bodyAmp=     0.95865 grad= -7.1554e-02
  ampDecay=   -12.41226 grad= -3.0693e-03
  clickFreq=   451.56769 grad=  1.9949e-02
  clickAmp=     0.79413 grad=  2.9439e-02
  clickDecay=  -364.56747 grad= -2.7762e-03
  noiseCutoff=  6260.35986 grad=  1.0355e-01
  noiseAmp=     0.00274 grad=  8.9721e+01
  noiseDecay=   -11.44692 grad= -3.6811e-01
  drive=     3.52495 grad=  5.6996e-02
  outGain=     0.17281 grad=  1.6675e+00
  bodyAsymmetry=    -0.06873 grad=  5.0315e-01
  bodyHarmonic=    -0.64917 grad= -9.0723e-03
  ampCurve=    -0.20365 grad=  1.4566e-03
epoch=170 loss=2.285123
  fStart=   268.02753 grad=  1.3081e+00
  fEnd=    46.83538 grad=  3.0211e+00
  pitchDecay=   -44.93295 grad= -9.1259e-01
  bodyAmp=     0.96660 grad= -4.9960e-02
  ampDecay=   -12.39724 grad= -4.2626e-03
  clickFreq=   451.27579 grad= -3.4862e-03
  clickAmp=     0.78947 grad= -4.5937e-03
  clickDecay=  -365.15536 grad= -9.4491e-04
  noiseCutoff=  6437.24854 grad=  1.7687e-01
  noiseAmp=     0.00291 grad=  1.0896e+02
  noiseDecay=   -11.53859 grad= -4.8973e-01
  drive=     3.51604 grad=  7.5357e-02
  outGain=     0.17335 grad=  2.1398e+00
  bodyAsymmetry=    -0.07068 grad= -1.4795e-01
  bodyHarmonic=    -0.64552 grad= -1.7810e-02
  ampCurve=    -0.28284 grad=  1.2909e-03
epoch=180 loss=2.359618
  fStart=   267.91483 grad=  7.8073e-01
  fEnd=    46.83168 grad=  1.7393e+00
  pitchDecay=   -44.90899 grad= -4.7140e-01
  bodyAmp=     0.97683 grad=  8.9621e-02
  ampDecay=   -12.38172 grad=  4.5214e-03
  clickFreq=   450.68054 grad= -9.3082e-03
  clickAmp=     0.78797 grad= -1.6116e-02
  clickDecay=  -363.29684 grad=  3.2856e-03
  noiseCutoff=  6590.16113 grad= -4.4369e-01
  noiseAmp=     0.00112 grad= -3.1624e+02
  noiseDecay=   -11.70329 grad=  6.3072e-01
  drive=     3.50343 grad= -7.9360e-02
  outGain=     0.16728 grad= -2.1447e+00
  bodyAsymmetry=    -0.07120 grad= -2.0942e-01
  bodyHarmonic=    -0.64827 grad=  2.2455e-02
  ampCurve=    -0.36456 grad=  1.0242e-03
epoch=190 loss=2.258899
  fStart=   267.65781 grad= -3.0916e+00
  fEnd=    46.82379 grad= -3.0875e+00
  pitchDecay=   -44.89860 grad=  2.5697e+00
  bodyAmp=     0.98198 grad= -6.7784e-02
  ampDecay=   -12.36579 grad= -4.2858e-03
  clickFreq=   451.84229 grad=  8.6907e-03
  clickAmp=     0.79189 grad=  1.7053e-02
  clickDecay=  -361.18936 grad= -1.9088e-03
  noiseCutoff=  6756.86035 grad=  1.0628e-01
  noiseAmp=     0.00270 grad=  9.1164e+01
  noiseDecay=   -11.72102 grad= -3.4275e-01
  drive=     3.49381 grad=  5.5340e-02
  outGain=     0.17155 grad=  1.6790e+00
  bodyAsymmetry=    -0.06806 grad=  3.1177e-01
  bodyHarmonic=    -0.65379 grad= -8.8021e-03
  ampCurve=    -0.44234 grad=  9.5019e-04
epoch=200 loss=2.272701
  fStart=   267.51666 grad= -8.8138e-01
  fEnd=    46.78860 grad= -9.8196e-01
  pitchDecay=   -44.89225 grad=  6.8298e-01
  bodyAmp=     0.99425 grad= -5.5549e-02
  ampDecay=   -12.34348 grad= -5.0847e-03
  clickFreq=   452.09833 grad= -8.7027e-03
  clickAmp=     0.79696 grad= -4.7534e-03
  clickDecay=  -358.84695 grad= -2.2498e-03
  noiseCutoff=  6910.33643 grad=  1.7061e-01
  noiseAmp=     0.00285 grad=  1.0755e+02
  noiseDecay=   -11.75353 grad= -4.4539e-01
  drive=     3.48337 grad=  7.1118e-02
  outGain=     0.17024 grad=  2.0705e+00
  bodyAsymmetry=    -0.06965 grad= -1.1350e-01
  bodyHarmonic=    -0.65743 grad= -1.4299e-02
  ampCurve=    -0.51424 grad=  9.4382e-04
epoch=210 loss=2.325602
  fStart=   267.56784 grad= -1.2971e+00
  fEnd=    46.78188 grad= -2.9888e+00
  pitchDecay=   -44.86267 grad=  1.1644e+00
  bodyAmp=     1.00000 grad=  7.0014e-02
  ampDecay=   -12.31330 grad=  3.1344e-03
  clickFreq=   452.32150 grad=  2.1903e-03
  clickAmp=     0.80570 grad= -1.5715e-02
  clickDecay=  -356.72479 grad=  3.1645e-03
  noiseCutoff=  7047.91406 grad= -4.2139e-01
  noiseAmp=     0.00120 grad= -2.7509e+02
  noiseDecay=   -11.82676 grad=  6.0994e-01
  drive=     3.47144 grad= -7.8558e-02
  outGain=     0.16318 grad= -2.1110e+00
  bodyAsymmetry=    -0.07067 grad= -1.5848e-01
  bodyHarmonic=    -0.66657 grad=  1.6839e-02
  ampCurve=    -0.57911 grad=  7.4178e-04
epoch=220 loss=2.248034
  fStart=   267.69122 grad=  1.0302e+00
  fEnd=    46.80610 grad= -4.8245e-01
  pitchDecay=   -44.82082 grad= -4.6805e-01
  bodyAmp=     1.00000 grad= -9.0651e-02
  ampDecay=   -12.27135 grad= -6.6896e-03
  clickFreq=   452.16171 grad=  2.2676e-02
  clickAmp=     0.81832 grad=  2.8288e-02
  clickDecay=  -359.90872 grad= -2.9087e-03
  noiseCutoff=  7200.93799 grad=  1.0381e-01
  noiseAmp=     0.00266 grad=  9.1825e+01
  noiseDecay=   -11.78061 grad= -3.2605e-01
  drive=     3.46395 grad=  5.0984e-02
  outGain=     0.16636 grad=  1.5782e+00
  bodyAsymmetry=    -0.06777 grad=  5.7006e-01
  bodyHarmonic=    -0.66668 grad= -2.8520e-03
  ampCurve=    -0.63100 grad=  2.3769e-04
epoch=230 loss=2.260979
  fStart=   267.54715 grad=  2.0591e+00
  fEnd=    46.84929 grad=  4.0777e+00
  pitchDecay=   -44.81165 grad= -1.5942e+00
  bodyAmp=     1.00000 grad= -5.6725e-02
  ampDecay=   -12.21126 grad= -7.3676e-03
  clickFreq=   452.00671 grad= -1.8105e-02
  clickAmp=     0.82856 grad= -1.8547e-02
  clickDecay=  -363.16245 grad= -9.9915e-04
  noiseCutoff=  7339.41455 grad=  1.6280e-01
  noiseAmp=     0.00279 grad=  1.0819e+02
  noiseDecay=   -11.78344 grad= -4.2452e-01
  drive=     3.45640 grad=  6.6513e-02
  outGain=     0.16479 grad=  1.9922e+00
  bodyAsymmetry=    -0.07318 grad= -3.6762e-01
  bodyHarmonic=    -0.66305 grad= -2.0311e-02
  ampCurve=    -0.66742 grad=  4.0880e-04
epoch=240 loss=2.292066
  fStart=   267.28180 grad=  7.1045e-01
  fEnd=    46.81211 grad=  1.5987e+00
  pitchDecay=   -44.83798 grad= -5.1072e-01
  bodyAmp=     1.00000 grad=  5.1365e-02
  ampDecay=   -12.14109 grad=  1.7510e-03
  clickFreq=   452.13562 grad=  5.2033e-03
  clickAmp=     0.84139 grad= -9.7805e-03
  clickDecay=  -366.95862 grad=  1.9577e-03
  noiseCutoff=  7461.33057 grad= -3.9693e-01
  noiseAmp=     0.00129 grad= -2.3335e+02
  noiseDecay=   -11.84154 grad=  5.7313e-01
  drive=     3.44805 grad= -7.4826e-02
  outGain=     0.15809 grad= -2.0838e+00
  bodyAsymmetry=    -0.07229 grad= -6.8624e-02
  bodyHarmonic=    -0.66012 grad=  2.1394e-02
  ampCurve=    -0.69844 grad=  5.7945e-04
epoch=250 loss=2.236813
  fStart=   267.50418 grad=  1.3520e+00
  fEnd=    46.83006 grad=  2.8536e+00
  pitchDecay=   -44.79751 grad= -1.0430e+00
  bodyAmp=     1.00000 grad= -7.9675e-02
  ampDecay=   -12.07601 grad= -5.8904e-03
  clickFreq=   452.33920 grad=  5.8686e-03
  clickAmp=     0.85506 grad=  8.9083e-03
  clickDecay=  -374.43524 grad= -1.3427e-03
  noiseCutoff=  7597.73926 grad=  9.4319e-02
  noiseAmp=     0.00261 grad=  8.9452e+01
  noiseDecay=   -11.79293 grad= -2.9551e-01
  drive=     3.44317 grad=  4.6899e-02
  outGain=     0.16034 grad=  1.5068e+00
  bodyAsymmetry=    -0.07115 grad=  2.2561e-01
  bodyHarmonic=    -0.66344 grad= -7.2678e-03
  ampCurve=    -0.73611 grad=  8.0179e-04
epoch=260 loss=2.247117
  fStart=   267.41669 grad= -5.9208e-01
  fEnd=    46.82648 grad= -9.3398e-01
  pitchDecay=   -44.80488 grad=  5.0535e-01
  bodyAmp=     1.00000 grad= -6.1879e-02
  ampDecay=   -12.01136 grad= -6.8963e-03
  clickFreq=   452.14038 grad= -1.7053e-02
  clickAmp=     0.86674 grad= -1.8535e-02
  clickDecay=  -374.32367 grad= -6.5608e-04
  noiseCutoff=  7723.93945 grad=  1.4856e-01
  noiseAmp=     0.00273 grad=  1.0436e+02
  noiseDecay=   -11.77555 grad= -3.8744e-01
  drive=     3.43816 grad=  6.0095e-02
  outGain=     0.15872 grad=  1.8772e+00
  bodyAsymmetry=    -0.07550 grad= -3.7272e-01
  bodyHarmonic=    -0.66640 grad= -2.0032e-02
  ampCurve=    -0.78093 grad=  7.8758e-04
epoch=270 loss=2.264098
  fStart=   267.41785 grad=  3.6315e-01
  fEnd=    46.83366 grad=  4.8765e-01
  pitchDecay=   -44.80008 grad= -1.5611e-01
  bodyAmp=     1.00000 grad=  3.8881e-03
  ampDecay=   -11.94483 grad=  1.2960e-03
  clickFreq=   451.67450 grad=  3.1436e-02
  clickAmp=     0.88193 grad=  1.9173e-02
  clickDecay=  -372.56769 grad=  2.1864e-03
  noiseCutoff=  7835.27002 grad= -3.6791e-01
  noiseAmp=     0.00139 grad= -1.9377e+02
  noiseDecay=   -11.81103 grad=  5.2940e-01
  drive=     3.43252 grad= -7.2174e-02
  outGain=     0.15266 grad= -2.0543e+00
  bodyAsymmetry=    -0.07153 grad=  5.6206e-01
  bodyHarmonic=    -0.66455 grad=  2.9806e-02
  ampCurve=    -0.83118 grad=  8.8580e-04
epoch=280 loss=2.227001
  fStart=   267.36478 grad=  1.0926e+00
  fEnd=    46.83541 grad=  3.4587e+00
  pitchDecay=   -44.79651 grad= -8.6931e-01
  bodyAmp=     1.00000 grad= -6.3542e-02
  ampDecay=   -11.88220 grad= -5.9163e-03
  clickFreq=   450.35187 grad= -7.9399e-03
  clickAmp=     0.89613 grad= -1.0676e-02
  clickDecay=  -366.82831 grad= -2.4490e-04
  noiseCutoff=  7958.27051 grad=  8.5899e-02
  noiseAmp=     0.00256 grad=  8.7199e+01
  noiseDecay=   -11.76587 grad= -2.6956e-01
  drive=     3.42971 grad=  4.3798e-02
  outGain=     0.15480 grad=  1.4434e+00
  bodyAsymmetry=    -0.07538 grad= -1.6149e-01
  bodyHarmonic=    -0.66777 grad= -1.3239e-02
  ampCurve=    -0.88552 grad=  9.8226e-04
epoch=290 loss=2.235081
  fStart=   267.26154 grad= -1.3732e+00
  fEnd=    46.79953 grad= -3.2636e+00
  pitchDecay=   -44.79727 grad=  1.1284e+00
  bodyAmp=     1.00000 grad= -8.3169e-02
  ampDecay=   -11.82025 grad= -7.1505e-03
  clickFreq=   449.52545 grad= -8.5983e-04
  clickAmp=     0.91443 grad= -5.8282e-03
  clickDecay=  -354.63785 grad=  6.9880e-04
  noiseCutoff=  8070.03076 grad=  1.3004e-01
  noiseAmp=     0.00266 grad=  1.0035e+02
  noiseDecay=   -11.75055 grad= -3.4681e-01
  drive=     3.42634 grad=  5.2082e-02
  outGain=     0.15316 grad=  1.7216e+00
  bodyAsymmetry=    -0.07547 grad= -3.7091e-02
  bodyHarmonic=    -0.66934 grad= -9.8088e-03
  ampCurve=    -0.94332 grad=  8.4977e-04
epoch=300 loss=2.240165
  fStart=   267.41809 grad= -5.6100e-01
  fEnd=    46.84032 grad=  8.8456e-01
  pitchDecay=   -44.76435 grad=  2.8122e-01
  bodyAmp=     1.00000 grad=  1.7648e-02
  ampDecay=   -11.75396 grad=  3.5441e-04
  clickFreq=   451.90652 grad=  1.1087e-02
  clickAmp=     0.93269 grad= -6.6670e-03
  clickDecay=  -337.79901 grad=  3.0183e-03
  noiseCutoff=  8170.41553 grad= -3.3989e-01
  noiseAmp=     0.00148 grad= -1.5980e+02
  noiseDecay=   -11.76852 grad=  4.8708e-01
  drive=     3.42256 grad= -6.5921e-02
  outGain=     0.14750 grad= -1.9434e+00
  bodyAsymmetry=    -0.07676 grad=  7.3106e-02
  bodyHarmonic=    -0.67224 grad=  2.0605e-02
  ampCurve=    -1.00070 grad=  1.0220e-03
epoch=310 loss=2.216013
  fStart=   267.35687 grad= -7.9352e-01
  fEnd=    46.80599 grad= -1.3530e+00
  pitchDecay=   -44.77462 grad=  6.1658e-01
  bodyAmp=     1.00000 grad= -8.7522e-02
  ampDecay=   -11.68682 grad= -7.0542e-03
  clickFreq=   451.70789 grad=  1.8428e-03
  clickAmp=     0.95439 grad=  3.6777e-04
  clickDecay=  -332.59491 grad= -2.7658e-03
  noiseCutoff=  8282.60352 grad=  6.9414e-02
  noiseAmp=     0.00251 grad=  8.2429e+01
  noiseDecay=   -11.71406 grad= -2.3433e-01
  drive=     3.42158 grad=  3.5005e-02
  outGain=     0.14861 grad=  1.2827e+00
  bodyAsymmetry=    -0.07760 grad=  6.6031e-02
  bodyHarmonic=    -0.67485 grad= -8.3842e-03
  ampCurve=    -1.05666 grad=  7.8985e-04
epoch=320 loss=2.221474
  fStart=   267.46985 grad= -9.0165e-01
  fEnd=    46.80484 grad= -9.4705e-01
  pitchDecay=   -44.75990 grad=  6.2921e-01
  bodyAmp=     1.00000 grad= -8.4456e-02
  ampDecay=   -11.61691 grad= -7.9494e-03
  clickFreq=   451.20630 grad= -2.1425e-02
  clickAmp=     0.96959 grad= -8.7066e-03
  clickDecay=  -342.61536 grad= -5.7036e-04
  noiseCutoff=  8387.46387 grad=  1.0087e-01
  noiseAmp=     0.00259 grad=  9.2651e+01
  noiseDecay=   -11.67674 grad= -2.9680e-01
  drive=     3.42079 grad=  4.3080e-02
  outGain=     0.14660 grad=  1.5141e+00
  bodyAsymmetry=    -0.07980 grad= -1.3095e-01
  bodyHarmonic=    -0.67544 grad= -1.1516e-02
  ampCurve=    -1.10920 grad=  7.7926e-04
epoch=330 loss=2.220083
  fStart=   267.59885 grad=  9.6912e-01
  fEnd=    46.79933 grad=  1.6388e+00
  pitchDecay=   -44.73993 grad= -6.0898e-01
  bodyAmp=     1.00000 grad= -3.7509e-03
  ampDecay=   -11.54258 grad= -1.1578e-03
  clickFreq=   451.67987 grad=  1.3231e-02
  clickAmp=     0.98387 grad= -3.1227e-03
  clickDecay=  -344.41931 grad=  8.7303e-04
  noiseCutoff=  8483.47559 grad= -3.0760e-01
  noiseAmp=     0.00158 grad= -1.2782e+02
  noiseDecay=   -11.66679 grad=  4.3382e-01
  drive=     3.41991 grad= -6.1078e-02
  outGain=     0.14150 grad= -1.8763e+00
  bodyAsymmetry=    -0.07976 grad=  2.8675e-02
  bodyHarmonic=    -0.67839 grad=  1.5942e-02
  ampCurve=    -1.15779 grad=  1.0515e-03
epoch=340 loss=2.206460
  fStart=   267.49091 grad=  4.6896e-01
  fEnd=    46.80165 grad=  1.3823e+00
  pitchDecay=   -44.74489 grad= -3.7289e-01
  bodyAmp=     1.00000 grad= -8.8456e-02
  ampDecay=   -11.47180 grad= -6.8683e-03
  clickFreq=   450.92065 grad= -1.0785e-03
  clickAmp=     0.99436 grad= -2.6981e-03
  clickDecay=  -346.78693 grad= -8.9979e-04
  noiseCutoff=  8586.94824 grad=  4.7280e-02
  noiseAmp=     0.00246 grad=  7.6151e+01
  noiseDecay=   -11.61201 grad= -2.0115e-01
  drive=     3.42093 grad=  2.8128e-02
  outGain=     0.14227 grad=  1.0908e+00
  bodyAsymmetry=    -0.08034 grad= -1.2871e-02
  bodyHarmonic=    -0.68151 grad= -7.7227e-03
  ampCurve=    -1.20876 grad=  1.0883e-03
epoch=350 loss=2.211322
  fStart=   267.47165 grad=  1.2705e+00
  fEnd=    46.81256 grad=  3.6181e+00
  pitchDecay=   -44.73740 grad= -1.0331e+00
  bodyAmp=     1.00000 grad= -1.0054e-01
  ampDecay=   -11.40469 grad= -7.5387e-03
  clickFreq=   451.02905 grad=  1.4316e-03
  clickAmp=     1.00348 grad= -2.4451e-03
  clickDecay=  -350.25357 grad= -6.8700e-04
  noiseCutoff=  8683.28125 grad=  7.6206e-02
  noiseAmp=     0.00253 grad=  8.5952e+01
  noiseDecay=   -11.57616 grad= -2.5450e-01
  drive=     3.42193 grad=  3.3387e-02
  outGain=     0.14046 grad=  1.2892e+00
  bodyAsymmetry=    -0.08080 grad= -4.4913e-03
  bodyHarmonic=    -0.68220 grad= -8.8615e-03
  ampCurve=    -1.26338 grad=  1.1971e-03
epoch=360 loss=2.205803
  fStart=   267.41833 grad=  9.8682e-01
  fEnd=    46.83630 grad=  1.4427e+00
  pitchDecay=   -44.73985 grad= -6.8743e-01
  bodyAmp=     1.00000 grad= -1.8614e-02
  ampDecay=   -11.33851 grad= -1.3197e-03
  clickFreq=   450.97549 grad=  7.5141e-03
  clickAmp=     1.01256 grad= -1.5735e-03
  clickDecay=  -351.58084 grad=  6.5009e-04
  noiseCutoff=  8771.12012 grad= -2.7697e-01
  noiseAmp=     0.00168 grad= -9.8566e+01
  noiseDecay=   -11.56268 grad=  3.7261e-01
  drive=     3.42299 grad= -5.4159e-02
  outGain=     0.13607 grad= -1.7461e+00
  bodyAsymmetry=    -0.08126 grad=  3.9457e-02
  bodyHarmonic=    -0.68207 grad=  1.5615e-02
  ampCurve=    -1.31935 grad=  1.3797e-03
epoch=370 loss=2.199165
  fStart=   267.23376 grad= -8.0763e-01
  fEnd=    46.81169 grad= -1.2983e+00
  pitchDecay=   -44.75653 grad=  6.3653e-01
  bodyAmp=     1.00000 grad= -9.2609e-02
  ampDecay=   -11.27797 grad= -6.5870e-03
  clickFreq=   450.97571 grad=  6.5025e-03
  clickAmp=     1.02021 grad= -3.1633e-03
  clickDecay=  -352.10562 grad= -8.9296e-04
  noiseCutoff=  8863.39746 grad=  3.2968e-02
  noiseAmp=     0.00241 grad=  7.0450e+01
  noiseDecay=   -11.51748 grad= -1.7267e-01
  drive=     3.42526 grad=  2.1629e-02
  outGain=     0.13683 grad=  9.1777e-01
  bodyAsymmetry=    -0.08207 grad= -2.0082e-02
  bodyHarmonic=    -0.68551 grad= -6.1203e-03
  ampCurve=    -1.37753 grad=  1.3445e-03
epoch=380 loss=2.202415
  fStart=   267.22522 grad= -2.9264e-01
  fEnd=    46.80170 grad= -1.3549e-01
  pitchDecay=   -44.75332 grad=  2.1024e-01
  bodyAmp=     1.00000 grad= -9.7265e-02
  ampDecay=   -11.22135 grad= -6.6874e-03
  clickFreq=   450.72589 grad= -4.7352e-03
  clickAmp=     1.02760 grad= -3.7460e-03
  clickDecay=  -352.79871 grad= -5.6154e-04
  noiseCutoff=  8946.70020 grad=  5.5460e-02
  noiseAmp=     0.00246 grad=  7.8998e+01
  noiseDecay=   -11.49302 grad= -2.1552e-01
  drive=     3.42718 grad=  2.7306e-02
  outGain=     0.13564 grad=  1.1083e+00
  bodyAsymmetry=    -0.08252 grad= -3.5182e-02
  bodyHarmonic=    -0.68868 grad= -7.7075e-03
  ampCurve=    -1.43677 grad=  1.4664e-03
epoch=390 loss=2.192728
  fStart=   267.23172 grad=  2.1024e-01
  fEnd=    46.80109 grad=  4.9117e-01
  pitchDecay=   -44.75028 grad= -8.3515e-02
  bodyAmp=     1.00000 grad= -3.1491e-02
  ampDecay=   -11.16810 grad= -1.7269e-03
  clickFreq=   450.69302 grad=  3.5622e-03
  clickAmp=     1.03437 grad= -2.8511e-03
  clickDecay=  -353.69919 grad=  1.4475e-03
  noiseCutoff=  9021.04102 grad= -2.3913e-01
  noiseAmp=     0.00177 grad= -7.0491e+01
  noiseDecay=   -11.48814 grad=  3.0858e-01
  drive=     3.42873 grad= -4.6353e-02
  outGain=     0.13228 grad= -1.5012e+00
  bodyAsymmetry=    -0.08268 grad=  2.6418e-02
  bodyHarmonic=    -0.69090 grad=  1.2373e-02
  ampCurve=    -1.49592 grad=  1.5427e-03
epoch=400 loss=2.193195
  fStart=   267.26193 grad=  3.5078e-01
  fEnd=    46.79559 grad=  8.1361e-01
  pitchDecay=   -44.74084 grad= -2.8205e-01
  bodyAmp=     1.00000 grad= -9.2881e-02
  ampDecay=   -11.12063 grad= -5.8898e-03
  clickFreq=   450.59180 grad= -2.9245e-04
  clickAmp=     1.04016 grad= -1.7246e-03
  clickDecay=  -354.83929 grad= -5.7920e-04
  noiseCutoff=  9096.72949 grad=  1.6784e-02
  noiseAmp=     0.00237 grad=  6.4758e+01
  noiseDecay=   -11.46107 grad= -1.4440e-01
  drive=     3.43089 grad=  1.7068e-02
  outGain=     0.13291 grad=  7.6303e-01
  bodyAsymmetry=    -0.08307 grad= -5.4227e-03
  bodyHarmonic=    -0.69385 grad= -6.0530e-03
  ampCurve=    -1.55490 grad=  1.6029e-03
epoch=410 loss=2.195429
  fStart=   267.24957 grad=  9.5830e-03
  fEnd=    46.79389 grad= -5.2043e-02
  pitchDecay=   -44.73653 grad= -4.1828e-03
  bodyAmp=     1.00000 grad= -9.5829e-02
  ampDecay=   -11.07739 grad= -6.0554e-03
  clickFreq=   450.39011 grad= -3.2757e-03
  clickAmp=     1.04542 grad= -2.2069e-03
  clickDecay=  -355.64407 grad= -7.3622e-04
  noiseCutoff=  9165.06836 grad=  3.3732e-02
  noiseAmp=     0.00241 grad=  7.1312e+01
  noiseDecay=   -11.44756 grad= -1.7567e-01
  drive=     3.43261 grad=  2.1394e-02
  outGain=     0.13221 grad=  9.0853e-01
  bodyAsymmetry=    -0.08338 grad= -1.8110e-02
  bodyHarmonic=    -0.69548 grad= -6.7677e-03
  ampCurve=    -1.61323 grad=  1.6413e-03
epoch=420 loss=2.184597
  fStart=   267.21414 grad=  7.4772e-02
  fEnd=    46.79591 grad= -1.9278e-01
  pitchDecay=   -44.73535 grad=  4.4272e-02
  bodyAmp=     1.00000 grad= -3.9407e-02
  ampDecay=   -11.03706 grad= -1.7255e-03
  clickFreq=   450.38324 grad=  8.2307e-03
  clickAmp=     1.05046 grad= -3.2236e-03
  clickDecay=  -355.94351 grad=  1.4239e-03
  noiseCutoff=  9225.64746 grad= -2.0330e-01
  noiseAmp=     0.00185 grad= -4.6719e+01
  noiseDecay=   -11.44836 grad=  2.4836e-01
  drive=     3.43388 grad= -3.7622e-02
  outGain=     0.12981 grad= -1.2452e+00
  bodyAsymmetry=    -0.08353 grad=  2.6354e-02
  bodyHarmonic=    -0.69678 grad=  1.1646e-02
  ampCurve=    -1.66909 grad=  1.7855e-03
epoch=430 loss=2.188461
  fStart=   267.18994 grad=  2.1413e-02
  fEnd=    46.79693 grad=  7.5002e-02
  pitchDecay=   -44.73217 grad=  1.2088e-03
  bodyAmp=     1.00000 grad= -9.1975e-02
  ampDecay=   -11.00064 grad= -5.6445e-03
  clickFreq=   450.21188 grad= -3.8901e-03
  clickAmp=     1.05506 grad= -1.4687e-03
  clickDecay=  -356.40668 grad= -1.0780e-03
  noiseCutoff=  9285.28027 grad=  7.1979e-04
  noiseAmp=     0.00232 grad=  5.8861e+01
  noiseDecay=   -11.43542 grad= -1.1451e-01
  drive=     3.43550 grad=  1.2602e-02
  outGain=     0.13029 grad=  6.0178e-01
  bodyAsymmetry=    -0.08382 grad= -6.9473e-03
  bodyHarmonic=    -0.69930 grad= -4.1959e-03
  ampCurve=    -1.72207 grad=  1.6332e-03
epoch=440 loss=2.178540
  fStart=   267.17249 grad=  1.2558e-01
  fEnd=    46.79685 grad=  9.9482e-02
  pitchDecay=   -44.72814 grad= -2.8153e-02
  bodyAmp=     1.00000 grad= -6.0009e-02
  ampDecay=   -10.96681 grad= -2.7013e-03
  clickFreq=   449.98911 grad=  1.7531e-03
  clickAmp=     1.05909 grad= -2.4638e-03
  clickDecay=  -357.46002 grad=  2.2250e-04
  noiseCutoff=  9338.43848 grad= -9.5888e-02
  noiseAmp=     0.00208 grad=  1.4676e+01
  noiseDecay=   -11.43072 grad=  5.9605e-02
  drive=     3.43681 grad= -9.3577e-03
  outGain=     0.12986 grad= -2.4033e-01
  bodyAsymmetry=    -0.08396 grad= -1.1464e-02
  bodyHarmonic=    -0.70161 grad=  2.8869e-03
  ampCurve=    -1.77166 grad=  1.9887e-03
epoch=450 loss=2.184355
  fStart=   267.13962 grad= -6.8079e-03
  fEnd=    46.79845 grad=  3.1131e-01
  pitchDecay=   -44.72414 grad=  2.5109e-02
  bodyAmp=     1.00000 grad= -4.2937e-02
  ampDecay=   -10.95557 grad=  4.9405e-03
  clickFreq=   449.74500 grad= -4.4991e-03
  clickAmp=     1.06076 grad=  1.0456e-02
  clickDecay=  -359.61005 grad= -3.3976e-03
  noiseCutoff=  9412.59668 grad=  4.3492e-03
  noiseAmp=     0.00208 grad=  6.9434e+01
  noiseDecay=   -11.32852 grad= -1.3174e-01
  drive=     3.43959 grad=  3.2789e-02
  outGain=     0.14194 grad=  1.1337e+00
  bodyAsymmetry=    -0.08254 grad=  2.9976e-02
  bodyHarmonic=    -0.70533 grad= -1.2245e-02
  ampCurve=    -1.83289 grad=  4.6120e-03
epoch=460 loss=2.189593
  fStart=   267.12625 grad= -1.6057e-02
  fEnd=    46.79665 grad= -2.8316e-02
  pitchDecay=   -44.71753 grad=  9.5589e-02
  bodyAmp=     1.00000 grad=  5.4887e-02
  ampDecay=   -10.98809 grad=  1.4859e-02
  clickFreq=   449.33298 grad=  9.7806e-03
  clickAmp=     1.05380 grad=  1.5157e-02
  clickDecay=  -365.11026 grad=  1.2467e-04
  noiseCutoff=  9502.07520 grad= -2.7870e-01
  noiseAmp=     0.00136 grad= -1.2498e+02
  noiseDecay=   -11.16362 grad=  3.6297e-01
  drive=     3.44127 grad= -2.8941e-02
  outGain=     0.14675 grad= -9.5578e-01
  bodyAsymmetry=    -0.08160 grad=  8.6762e-02
  bodyHarmonic=    -0.70515 grad=  1.0661e-02
  ampCurve=    -1.92361 grad=  5.8984e-03
epoch=470 loss=2.191414
  fStart=   267.12943 grad= -2.0482e-02
  fEnd=    46.79343 grad= -3.4794e-01
  pitchDecay=   -44.70986 grad=  1.1437e-01
  bodyAmp=     0.99300 grad=  5.1650e-02
  ampDecay=   -11.04311 grad=  1.3578e-02
  clickFreq=   448.56702 grad=  2.6982e-03
  clickAmp=     1.04121 grad=  1.4286e-02
  clickDecay=  -367.90018 grad=  4.0446e-04
  noiseCutoff=  9599.04004 grad= -2.9731e-01
  noiseAmp=     0.00125 grad= -1.5468e+02
  noiseDecay=   -10.97336 grad=  3.8640e-01
  drive=     3.44202 grad= -3.7083e-02
  outGain=     0.14914 grad= -1.1105e+00
  bodyAsymmetry=    -0.08121 grad=  8.4692e-02
  bodyHarmonic=    -0.70510 grad=  6.9878e-03
  ampCurve=    -2.02193 grad=  5.3741e-03
epoch=480 loss=2.171379
  fStart=   267.11298 grad= -6.6389e-02
  fEnd=    46.79311 grad= -2.9043e-02
  pitchDecay=   -44.70503 grad=  8.5058e-02
  bodyAmp=     0.98579 grad= -3.0367e-02
  ampDecay=   -11.09225 grad=  2.5980e-03
  clickFreq=   448.85416 grad= -1.5612e-03
  clickAmp=     1.02851 grad=  5.4157e-03
  clickDecay=  -367.67831 grad=  1.3644e-03
  noiseCutoff=  9684.19336 grad= -2.7408e-02
  noiseAmp=     0.00173 grad=  6.6064e+01
  noiseDecay=   -10.82898 grad= -1.0679e-01
  drive=     3.44188 grad=  2.6214e-02
  outGain=     0.14865 grad=  9.2325e-01
  bodyAsymmetry=    -0.08145 grad= -2.3839e-02
  bodyHarmonic=    -0.70080 grad= -1.0867e-02
  ampCurve=    -2.10636 grad=  3.4078e-03
epoch=490 loss=2.175342
  fStart=   267.09311 grad= -1.6575e-01
  fEnd=    46.79346 grad= -2.2051e-01
  pitchDecay=   -44.70199 grad=  1.4006e-01
  bodyAmp=     0.98663 grad= -6.1859e-02
  ampDecay=   -11.12203 grad= -2.1168e-03
  clickFreq=   449.33707 grad= -8.8156e-03
  clickAmp=     1.01937 grad=  4.3554e-03
  clickDecay=  -364.93881 grad= -9.9255e-04
  noiseCutoff=  9754.18262 grad=  1.9612e-02
  noiseAmp=     0.00180 grad=  9.1466e+01
  noiseDecay=   -10.73562 grad= -1.9315e-01
  drive=     3.44171 grad=  3.1434e-02
  outGain=     0.14660 grad=  1.1422e+00
  bodyAsymmetry=    -0.08149 grad= -2.8007e-02
  bodyHarmonic=    -0.69459 grad= -1.4609e-02
  ampCurve=    -2.16713 grad=  2.1477e-03
epoch=500 loss=2.164644
  fStart=   267.07809 grad=  2.4120e-01
  fEnd=    46.79403 grad=  3.3566e-01
  pitchDecay=   -44.69925 grad= -1.0997e-01
  bodyAmp=     0.99371 grad=  1.1658e-03
  ampDecay=   -11.13494 grad=  2.2927e-03
  clickFreq=   449.40350 grad=  3.2720e-03
  clickAmp=     1.01409 grad=  1.0901e-03
  clickDecay=  -361.10394 grad=  3.0479e-03
  noiseCutoff=  9812.71094 grad= -1.9557e-01
  noiseAmp=     0.00140 grad= -5.5478e+01
  noiseDecay=   -10.67544 grad=  1.9519e-01
  drive=     3.44180 grad= -2.1980e-02
  outGain=     0.14468 grad= -6.5887e-01
  bodyAsymmetry=    -0.08071 grad=  1.6586e-02
  bodyHarmonic=    -0.69019 grad=  8.4412e-03
  ampCurve=    -2.20799 grad=  2.2679e-03
epoch=510 loss=2.166661
  fStart=   267.06180 grad=  1.0724e-02
  fEnd=    46.79375 grad= -3.2940e-01
  pitchDecay=   -44.69677 grad=  9.3658e-02
  bodyAmp=     1.00000 grad=  1.1375e-02
  ampDecay=   -11.14028 grad=  2.8318e-03
  clickFreq=   449.75208 grad=  2.0146e-03
  clickAmp=     1.01134 grad=  2.5734e-04
  clickDecay=  -355.80606 grad=  2.6612e-03
  noiseCutoff=  9864.65527 grad= -2.2032e-01
  noiseAmp=     0.00135 grad= -7.9268e+01
  noiseDecay=   -10.62955 grad=  2.3759e-01
  drive=     3.44198 grad= -2.7686e-02
  outGain=     0.14404 grad= -8.8464e-01
  bodyAsymmetry=    -0.08031 grad=  1.2463e-02
  bodyHarmonic=    -0.69126 grad=  1.3971e-02
  ampCurve=    -2.23785 grad=  2.2208e-03
epoch=520 loss=2.163857
  fStart=   267.04599 grad= -5.9989e-02
  fEnd=    46.79427 grad= -1.2825e-01
  pitchDecay=   -44.69395 grad=  1.1409e-01
  bodyAmp=     1.00000 grad= -4.2425e-02
  ampDecay=   -11.14230 grad= -2.5677e-03
  clickFreq=   450.18677 grad= -3.7950e-03
  clickAmp=     1.00982 grad=  9.0114e-04
  clickDecay=  -351.21002 grad=  2.9000e-04
  noiseCutoff=  9910.96484 grad= -4.2477e-02
  noiseAmp=     0.00167 grad=  5.8283e+01
  noiseDecay=   -10.59349 grad= -9.1476e-02
  drive=     3.44208 grad=  1.6163e-02
  outGain=     0.14399 grad=  5.6756e-01
  bodyAsymmetry=    -0.08044 grad= -1.6099e-02
  bodyHarmonic=    -0.69595 grad= -1.2545e-03
  ampCurve=    -2.26141 grad=  1.5107e-03
epoch=530 loss=2.166397
  fStart=   267.02692 grad=  7.5058e-02
  fEnd=    46.79530 grad=  4.2542e-01
  pitchDecay=   -44.69156 grad= -1.4173e-02
  bodyAmp=     1.00000 grad= -5.6025e-02
  ampDecay=   -11.14052 grad= -4.1116e-03
  clickFreq=   450.39224 grad= -9.2698e-03
  clickAmp=     1.00892 grad=  1.7201e-03
  clickDecay=  -348.07382 grad= -8.6007e-04
  noiseCutoff=  9950.53320 grad= -1.3613e-02
  noiseAmp=     0.00171 grad=  7.4826e+01
  noiseDecay=   -10.57050 grad= -1.4281e-01
  drive=     3.44212 grad=  2.1424e-02
  outGain=     0.14331 grad=  7.6285e-01
  bodyAsymmetry=    -0.08038 grad= -7.6432e-03
  bodyHarmonic=    -0.69973 grad= -4.8758e-03
  ampCurve=    -2.27934 grad=  1.2132e-03
epoch=540 loss=2.158656
  fStart=   267.00830 grad=  3.6827e-01
  fEnd=    46.79598 grad=  6.0229e-01
  pitchDecay=   -44.68912 grad= -1.9055e-01
  bodyAmp=     1.00000 grad= -2.1017e-02
  ampDecay=   -11.13580 grad= -1.1792e-03
  clickFreq=   450.66745 grad=  2.4410e-04
  clickAmp=     1.00825 grad=  2.2143e-04
  clickDecay=  -346.57797 grad=  5.8247e-04
  noiseCutoff=  9984.79199 grad= -1.5316e-01
  noiseAmp=     0.00146 grad= -2.1760e+01
  noiseDecay=   -10.55638 grad=  1.1624e-01
  drive=     3.44219 grad= -1.5245e-02
  outGain=     0.14237 grad= -4.2816e-01
  bodyAsymmetry=    -0.08038 grad=  7.1741e-03
  bodyHarmonic=    -0.70176 grad=  4.2633e-03
  ampCurve=    -2.29286 grad=  1.3603e-03
epoch=550 loss=2.159163
  fStart=   266.99164 grad=  7.8136e-02
  fEnd=    46.79552 grad= -1.7039e-01
  pitchDecay=   -44.68671 grad=  5.1662e-02
  bodyAmp=     1.00000 grad= -1.7120e-02
  ampDecay=   -11.12996 grad= -9.9621e-04
  clickFreq=   450.76331 grad=  2.2603e-04
  clickAmp=     1.00776 grad= -3.0445e-04
  clickDecay=  -346.32687 grad=  7.4678e-04
  noiseCutoff= 10015.96875 grad= -1.7110e-01
  noiseAmp=     0.00142 grad= -3.6882e+01
  noiseDecay=   -10.54380 grad=  1.5029e-01
  drive=     3.44239 grad= -2.0271e-02
  outGain=     0.14199 grad= -5.9238e-01
  bodyAsymmetry=    -0.08041 grad=  2.6723e-03
  bodyHarmonic=    -0.70289 grad=  5.3622e-03
  ampCurve=    -2.30372 grad=  1.3109e-03
epoch=560 loss=2.158713
  fStart=   266.97827 grad= -1.3629e-01
  fEnd=    46.79511 grad= -4.5727e-01
  pitchDecay=   -44.68412 grad=  2.0300e-01
  bodyAmp=     1.00000 grad= -4.2200e-02
  ampDecay=   -11.12379 grad= -3.4251e-03
  clickFreq=   450.80930 grad=  7.4349e-03
  clickAmp=     1.00753 grad= -8.6537e-05
  clickDecay=  -346.39160 grad= -3.1261e-04
  noiseCutoff= 10044.60840 grad= -7.8479e-02
  noiseAmp=     0.00159 grad=  3.5418e+01
  noiseDecay=   -10.53207 grad= -2.5728e-02
  drive=     3.44265 grad=  4.0525e-03
  outGain=     0.14201 grad=  1.9749e-01
  bodyAsymmetry=    -0.08040 grad= -7.4928e-04
  bodyHarmonic=    -0.70368 grad=  6.0833e-04
  ampCurve=    -2.31291 grad=  1.0729e-03
epoch=570 loss=2.157540
  fStart=   266.96439 grad= -6.5698e-02
  fEnd=    46.79544 grad= -3.6372e-01
  pitchDecay=   -44.68171 grad=  1.5157e-01
  bodyAmp=     1.00000 grad= -1.3572e-02
  ampDecay=   -11.11832 grad=  1.1091e-04
  clickFreq=   450.78436 grad= -7.8145e-05
  clickAmp=     1.00752 grad=  1.3461e-04
  clickDecay=  -346.32886 grad=  5.1690e-04
  noiseCutoff= 10072.88770 grad= -1.6335e-01
  noiseAmp=     0.00141 grad= -3.0833e+01
  noiseDecay=   -10.51525 grad=  1.3482e-01
  drive=     3.44308 grad= -1.6523e-02
  outGain=     0.14313 grad= -4.6837e-01
  bodyAsymmetry=    -0.08032 grad= -5.9799e-03
  bodyHarmonic=    -0.70465 grad=  3.0252e-03
  ampCurve=    -2.32145 grad=  1.6815e-03
epoch=580 loss=2.156328
  fStart=   266.95230 grad= -2.5111e-02
  fEnd=    46.79568 grad= -1.6575e-01
  pitchDecay=   -44.67922 grad=  1.1399e-01
  bodyAmp=     1.00000 grad= -2.5524e-02
  ampDecay=   -11.11556 grad= -3.5186e-05
  clickFreq=   450.80328 grad=  2.3149e-03
  clickAmp=     1.00721 grad=  2.8017e-03
  clickDecay=  -346.23389 grad= -8.3707e-04
  noiseCutoff= 10101.96973 grad= -9.9795e-02
  noiseAmp=     0.00150 grad=  2.1530e+01
  noiseDecay=   -10.49120 grad=  1.1223e-02
  drive=     3.44363 grad=  2.7930e-03
  outGain=     0.14497 grad=  1.5601e-01
  bodyAsymmetry=    -0.08005 grad= -2.7928e-03
  bodyHarmonic=    -0.70535 grad= -1.8801e-03
  ampCurve=    -2.33138 grad=  1.9751e-03
epoch=590 loss=2.156228
  fStart=   266.94391 grad=  3.2230e-02
  fEnd=    46.79546 grad=  1.4878e-01
  pitchDecay=   -44.67641 grad=  6.0435e-02
  bodyAmp=     1.00000 grad= -2.6562e-02
  ampDecay=   -11.11528 grad= -4.4435e-05
  clickFreq=   450.67282 grad= -2.7597e-03
  clickAmp=     1.00615 grad=  2.6886e-03
  clickDecay=  -346.88251 grad= -2.6189e-04
  noiseCutoff= 10129.97559 grad= -8.7454e-02
  noiseAmp=     0.00150 grad=  3.0961e+01
  noiseDecay=   -10.46906 grad= -1.2944e-02
  drive=     3.44396 grad=  6.6017e-03
  outGain=     0.14561 grad=  2.7949e-01
  bodyAsymmetry=    -0.07991 grad= -4.7144e-03
  bodyHarmonic=    -0.70528 grad= -2.6789e-03
  ampCurve=    -2.34306 grad=  2.0434e-03
epoch=599 loss=2.154802
  fStart=   266.93777 grad=  8.2623e-02
  fEnd=    46.79507 grad=  6.0372e-03
  pitchDecay=   -44.67377 grad=  3.1264e-02
  bodyAmp=     1.00000 grad= -1.3787e-02
  ampDecay=   -11.11587 grad=  1.0818e-03
  clickFreq=   450.68054 grad= -8.2374e-04
  clickAmp=     1.00491 grad=  2.6504e-03
  clickDecay=  -347.41537 grad=  1.7121e-04
  noiseCutoff= 10154.09863 grad= -1.3905e-01
  noiseAmp=     0.00141 grad= -9.7408e+00
  noiseDecay=   -10.45270 grad=  8.4169e-02
  drive=     3.44409 grad= -7.2268e-03
  outGain=     0.14517 grad= -1.6542e-01
  bodyAsymmetry=    -0.07988 grad=  5.1599e-03
  bodyHarmonic=    -0.70488 grad=  1.2957e-03
  ampCurve=    -2.35416 grad=  2.0869e-03
refine epoch=0 loss=2.154802
refine epoch=10 loss=2.154897
refine epoch=20 loss=2.154746
refine epoch=30 loss=2.154840
refine epoch=40 loss=2.154739
refine epoch=50 loss=2.154861
refine epoch=60 loss=2.154735
refine epoch=70 loss=2.154680
refine epoch=80 loss=2.154797
refine epoch=90 loss=2.154807
refine epoch=100 loss=2.154754
refine epoch=110 loss=2.154796
refine epoch=120 loss=2.154790
refine epoch=130 loss=2.154761
refine epoch=140 loss=2.154711
refine epoch=150 loss=2.154734
refine epoch=160 loss=2.154724
refine epoch=170 loss=2.154780
refine epoch=180 loss=2.154700
refine epoch=190 loss=2.154765
refine epoch=200 loss=2.154795
refine epoch=210 loss=2.154765
refine epoch=220 loss=2.154841
refine epoch=230 loss=2.154793
refine epoch=240 loss=2.154668
refine epoch=250 loss=2.154668
refine epoch=260 loss=2.154668
refine epoch=270 loss=2.154668
refine epoch=280 loss=2.154668
refine epoch=290 loss=2.154668
epoch=0 loss=3.893920
  fStart=   294.05682 grad= -1.2459e+00
  fEnd=    47.35925 grad= -4.3812e+00
  pitchDecay=   -66.69999 grad=  1.2437e+00
  bodyAmp=     0.52500 grad= -4.0431e-01
  ampDecay=   -14.00000 grad= -1.6341e-02
  clickFreq=   447.21362 grad=  1.2887e-01
  clickAmp=     0.60000 grad=  2.3648e-01
  clickDecay=  -346.41028 grad= -1.5257e-02
  noiseCutoff=  4242.64209 grad=  1.6138e+00
  noiseAmp=     0.02500 grad=  4.4147e+01
  noiseDecay=   -27.38613 grad= -2.1353e+00
  drive=     3.50000 grad=  2.9523e-01
  outGain=     0.55000 grad=  2.6688e+00
  bodyAsymmetry=     0.00000 grad=  1.3144e+00
  bodyHarmonic=     0.00000 grad=  2.0809e-02
  ampCurve=     0.00000 grad= -2.1477e-03
epoch=10 loss=3.240152
  fStart=   295.19156 grad= -1.8954e+00
  fEnd=    47.46913 grad= -5.0159e+00
  pitchDecay=   -66.45871 grad=  1.6876e+00
  bodyAmp=     0.61167 grad= -2.6581e-01
  ampDecay=   -13.71741 grad= -3.4210e-02
  clickFreq=   416.09570 grad=  6.4170e-02
  clickAmp=     0.43898 grad=  1.0815e-01
  clickDecay=  -386.45227 grad=  6.9527e-03
  noiseCutoff=  4003.21167 grad=  0.0000e+00
  noiseAmp=     0.00000 grad=  3.1694e+00
  noiseDecay=   -32.06995 grad=  0.0000e+00
  drive=     3.43544 grad= -3.3508e-02
  outGain=     0.30613 grad= -2.5098e-01
  bodyAsymmetry=    -0.04535 grad=  1.3368e+00
  bodyHarmonic=    -0.23564 grad=  1.2065e-01
  ampCurve=     0.00000 grad= -1.0037e-02
epoch=20 loss=3.214582
  fStart=   296.76843 grad=  2.7667e-01
  fEnd=    47.52911 grad=  1.4128e+00
  pitchDecay=   -66.12219 grad= -2.4902e-01
  bodyAmp=     0.77724 grad=  9.1833e-02
  ampDecay=   -13.41265 grad= -3.1443e-03
  clickFreq=   394.42532 grad= -2.9182e-02
  clickAmp=     0.36749 grad= -1.2046e-01
  clickDecay=  -328.85068 grad=  2.8639e-03
  noiseCutoff=  3936.26465 grad=  0.0000e+00
  noiseAmp=     0.00000 grad= -1.4046e+00
  noiseDecay=   -33.49015 grad=  0.0000e+00
  drive=     3.43543 grad=  7.8906e-03
  outGain=     0.29999 grad=  2.6249e-01
  bodyAsymmetry=    -0.07360 grad= -1.8819e+00
  bodyHarmonic=    -0.46323 grad= -1.8423e-03
  ampCurve=     0.00000 grad= -5.8865e-04
epoch=30 loss=3.102156
  fStart=   297.12143 grad= -8.8791e-01
  fEnd=    47.36388 grad= -6.4353e-01
  pitchDecay=   -66.05753 grad=  7.2089e-01
  bodyAmp=     0.85524 grad= -4.1005e-03
  ampDecay=   -13.23675 grad= -7.0841e-03
  clickFreq=   385.27673 grad= -3.8913e-02
  clickAmp=     0.40996 grad= -1.2392e-01
  clickDecay=  -277.24966 grad=  2.2760e-03
  noiseCutoff=  3910.96240 grad= -1.0080e-01
  noiseAmp=     0.00050 grad= -1.5510e+02
  noiseDecay=   -34.04979 grad=  1.2577e-01
  drive=     3.44191 grad= -3.8133e-02
  outGain=     0.24206 grad= -4.4170e-01
  bodyAsymmetry=    -0.04237 grad= -1.3696e+00
  bodyHarmonic=    -0.60116 grad= -1.8944e-02
  ampCurve=     0.00000 grad= -1.8885e-03
epoch=40 loss=2.561690
  fStart=   297.62497 grad= -3.7979e-01
  fEnd=    47.25101 grad=  6.8069e-01
  pitchDecay=   -65.92524 grad=  3.2593e-01
  bodyAmp=     0.87943 grad= -8.0123e-02
  ampDecay=   -13.17505 grad= -1.6363e-02
  clickFreq=   381.91571 grad= -9.2660e-03
  clickAmp=     0.46965 grad= -5.0780e-02
  clickDecay=  -282.01309 grad= -5.3332e-03
  noiseCutoff=  3963.91870 grad= -1.1638e-01
  noiseAmp=     0.01183 grad= -3.8105e+00
  noiseDecay=   -30.08160 grad=  3.8453e-01
  drive=     3.45474 grad= -4.0350e-02
  outGain=     0.20361 grad= -5.0917e-01
  bodyAsymmetry=    -0.03778 grad= -4.4036e-02
  bodyHarmonic=    -0.62108 grad= -2.1682e-02
  ampCurve=    -0.00089 grad= -4.9647e-03
epoch=50 loss=2.463733
  fStart=   298.31891 grad=  2.5115e-01
  fEnd=    47.12844 grad=  7.6805e-01
  pitchDecay=   -65.73950 grad= -9.3671e-02
  bodyAmp=     0.96746 grad=  4.2861e-03
  ampDecay=   -13.03860 grad=  7.0286e-04
  clickFreq=   383.15884 grad=  7.8530e-03
  clickAmp=     0.56493 grad=  2.3232e-02
  clickDecay=  -337.51614 grad= -5.5304e-03
  noiseCutoff=  4033.30127 grad= -1.2792e-01
  noiseAmp=     0.00854 grad= -5.4934e+00
  noiseDecay=   -23.34946 grad=  3.9755e-01
  drive=     3.47896 grad= -8.5144e-03
  outGain=     0.20616 grad=  7.6697e-02
  bodyAsymmetry=    -0.03965 grad=  6.3930e-01
  bodyHarmonic=    -0.55902 grad=  5.0441e-03
  ampCurve=     0.00000 grad=  5.2814e-04
epoch=60 loss=2.366331
  fStart=   299.36899 grad=  2.5630e+00
  fEnd=    47.09072 grad=  4.8973e+00
  pitchDecay=   -65.45760 grad= -1.9464e+00
  bodyAmp=     1.00000 grad= -4.8460e-02
  ampDecay=   -12.91596 grad= -1.2856e-02
  clickFreq=   384.42963 grad= -1.4710e-02
  clickAmp=     0.64177 grad= -1.3494e-02
  clickDecay=  -421.78958 grad= -6.5329e-04
  noiseCutoff=  4148.52930 grad= -1.0241e-01
  noiseAmp=     0.00677 grad= -2.1803e+00
  noiseDecay=   -17.41007 grad=  2.7021e-01
  drive=     3.49803 grad= -2.0547e-02
  outGain=     0.17164 grad= -3.1471e-01
  bodyAsymmetry=    -0.04307 grad=  2.4331e-01
  bodyHarmonic=    -0.54721 grad=  3.7234e-02
  ampCurve=     0.00000 grad= -3.1988e-03
epoch=70 loss=2.311790
  fStart=   299.10828 grad= -1.1616e+00
  fEnd=    46.98849 grad= -6.8841e-01
  pitchDecay=   -65.46123 grad=  1.0039e+00
  bodyAmp=     0.99740 grad=  4.8589e-02
  ampDecay=   -12.79040 grad=  4.6334e-03
  clickFreq=   392.46725 grad=  1.0795e-03
  clickAmp=     0.70681 grad= -1.0082e-02
  clickDecay=  -487.95035 grad= -2.6357e-03
  noiseCutoff=  4335.72559 grad= -1.1043e-01
  noiseAmp=     0.00377 grad=  2.5035e+00
  noiseDecay=   -13.33554 grad=  8.2238e-02
  drive=     3.51859 grad=  1.4431e-02
  outGain=     0.18649 grad=  3.8614e-01
  bodyAsymmetry=    -0.04912 grad= -1.2008e-01
  bodyHarmonic=    -0.61474 grad=  2.6989e-02
  ampCurve=    -0.00040 grad=  2.2134e-03
epoch=80 loss=2.294984
  fStart=   298.93762 grad= -7.6411e-02
  fEnd=    47.00349 grad=  3.2482e-01
  pitchDecay=   -65.46004 grad=  7.1711e-02
  bodyAmp=     0.95033 grad= -1.5570e-02
  ampDecay=   -12.77081 grad= -5.7733e-03
  clickFreq=   393.48233 grad=  9.1241e-03
  clickAmp=     0.75137 grad= -1.2370e-02
  clickDecay=  -544.45831 grad= -3.5094e-04
  noiseCutoff=  4638.54883 grad= -4.0516e-02
  noiseAmp=     0.00288 grad=  3.5736e+01
  noiseDecay=   -10.94073 grad= -1.9382e-01
  drive=     3.52738 grad=  2.2317e-02
  outGain=     0.17662 grad=  6.0686e-01
  bodyAsymmetry=    -0.04932 grad=  3.5152e-02
  bodyHarmonic=    -0.71449 grad=  4.1047e-03
  ampCurve=    -0.02253 grad= -7.3671e-04
epoch=90 loss=2.286174
  fStart=   299.15820 grad=  7.8153e-01
  fEnd=    47.01207 grad=  1.5069e+00
  pitchDecay=   -65.41439 grad= -5.7321e-01
  bodyAmp=     0.94356 grad= -3.1343e-02
  ampDecay=   -12.68528 grad= -6.8597e-03
  clickFreq=   389.43347 grad= -4.0540e-03
  clickAmp=     0.80392 grad= -1.8795e-02
  clickDecay=  -568.61798 grad= -1.6580e-03
  noiseCutoff=  4962.29443 grad= -3.6811e-02
  noiseAmp=     0.00257 grad=  4.6642e+01
  noiseDecay=   -10.40311 grad= -2.4390e-01
  drive=     3.53204 grad=  2.1273e-02
  outGain=     0.17094 grad=  6.2026e-01
  bodyAsymmetry=    -0.05073 grad= -9.3428e-02
  bodyHarmonic=    -0.78221 grad= -1.0312e-02
  ampCurve=     0.00000 grad= -7.8862e-04
epoch=100 loss=2.270340
  fStart=   299.12598 grad=  1.7711e+00
  fEnd=    47.04357 grad=  2.1299e+00
  pitchDecay=   -65.37195 grad= -1.3979e+00
  bodyAmp=     0.96543 grad= -1.2536e-02
  ampDecay=   -12.58121 grad= -1.3466e-03
  clickFreq=   388.31165 grad=  9.0447e-03
  clickAmp=     0.85952 grad= -1.8931e-03
  clickDecay=  -600.84033 grad= -9.0272e-04
  noiseCutoff=  5313.13916 grad= -6.4953e-02
  noiseAmp=     0.00246 grad=  3.7066e+01
  noiseDecay=   -10.66370 grad= -1.6751e-01
  drive=     3.53582 grad=  2.1909e-02
  outGain=     0.16944 grad=  6.1680e-01
  bodyAsymmetry=    -0.05106 grad=  1.1675e-01
  bodyHarmonic=    -0.79980 grad= -4.1340e-03
  ampCurve=    -0.00034 grad=  1.1110e-03
epoch=110 loss=2.265802
  fStart=   298.45035 grad= -2.3408e+00
  fEnd=    46.95057 grad= -3.9394e+00
  pitchDecay=   -65.48121 grad=  1.7741e+00
  bodyAmp=     0.95997 grad= -1.9040e-02
  ampDecay=   -12.53509 grad= -2.7442e-03
  clickFreq=   385.82404 grad=  4.1988e-03
  clickAmp=     0.90295 grad= -8.8698e-03
  clickDecay=  -633.60699 grad= -7.1140e-04
  noiseCutoff=  5720.77881 grad= -5.4859e-02
  noiseAmp=     0.00242 grad=  4.2082e+01
  noiseDecay=   -10.83020 grad= -1.6969e-01
  drive=     3.53750 grad=  2.1358e-02
  outGain=     0.16696 grad=  6.1647e-01
  bodyAsymmetry=    -0.05401 grad= -4.3960e-02
  bodyHarmonic=    -0.80651 grad= -3.3381e-03
  ampCurve=    -0.03624 grad=  9.0185e-04
epoch=120 loss=2.254364
  fStart=   299.43036 grad=  9.8021e-01
  fEnd=    47.10355 grad=  1.9757e+00
  pitchDecay=   -65.25429 grad= -7.0571e-01
  bodyAmp=     0.96921 grad= -3.2812e-02
  ampDecay=   -12.48656 grad= -5.0168e-03
  clickFreq=   383.14294 grad= -5.6830e-04
  clickAmp=     0.93996 grad= -3.5157e-03
  clickDecay=  -653.81647 grad=  8.5277e-04
  noiseCutoff=  6150.14404 grad= -4.2427e-02
  noiseAmp=     0.00240 grad=  4.8647e+01
  noiseDecay=   -10.94581 grad= -1.7844e-01
  drive=     3.53939 grad=  2.3108e-02
  outGain=     0.16233 grad=  6.5328e-01
  bodyAsymmetry=    -0.05383 grad=  5.8572e-02
  bodyHarmonic=    -0.81068 grad=  3.2430e-03
  ampCurve=    -0.08726 grad=  3.9609e-04
epoch=130 loss=2.244230
  fStart=   298.52936 grad=  3.3587e+00
  fEnd=    46.95769 grad=  1.9768e+00
  pitchDecay=   -65.43663 grad= -2.8591e+00
  bodyAmp=     1.00000 grad= -3.5239e-02
  ampDecay=   -12.41408 grad= -4.3648e-03
  clickFreq=   384.23282 grad= -4.1448e-03
  clickAmp=     0.97195 grad= -7.4586e-03
  clickDecay=  -648.35455 grad= -2.8378e-04
  noiseCutoff=  6586.03320 grad= -4.5186e-02
  noiseAmp=     0.00239 grad=  4.8790e+01
  noiseDecay=   -11.05752 grad= -1.6864e-01
  drive=     3.54046 grad=  2.0985e-02
  outGain=     0.15710 grad=  6.6972e-01
  bodyAsymmetry=    -0.05454 grad=  1.3535e-04
  bodyHarmonic=    -0.82389 grad= -6.3285e-03
  ampCurve=    -0.13238 grad=  7.9792e-04
epoch=140 loss=2.232584
  fStart=   298.68640 grad= -8.8915e-01
  fEnd=    47.01479 grad= -3.9811e+00
  pitchDecay=   -65.34724 grad=  7.6485e-01
  bodyAmp=     1.00000 grad= -5.8563e-02
  ampDecay=   -12.33026 grad= -7.1246e-03
  clickFreq=   387.05273 grad=  2.2347e-03
  clickAmp=     1.00282 grad= -3.9236e-03
  clickDecay=  -646.03448 grad= -4.2626e-04
  noiseCutoff=  7031.25781 grad= -2.1255e-02
  noiseAmp=     0.00239 grad=  5.8483e+01
  noiseDecay=   -11.13908 grad= -1.9344e-01
  drive=     3.54260 grad=  2.1765e-02
  outGain=     0.15295 grad=  7.5415e-01
  bodyAsymmetry=    -0.05553 grad=  5.2878e-02
  bodyHarmonic=    -0.82975 grad= -6.6215e-03
  ampCurve=    -0.18465 grad=  1.9307e-04
epoch=150 loss=2.230574
  fStart=   299.28049 grad=  8.9606e-01
  fEnd=    47.11320 grad=  3.8128e-01
  pitchDecay=   -65.20107 grad= -6.2874e-01
  bodyAmp=     1.00000 grad= -6.0919e-02
  ampDecay=   -12.21873 grad= -6.5038e-03
  clickFreq=   388.70810 grad=  4.1403e-03
  clickAmp=     1.03183 grad= -2.3713e-03
  clickDecay=  -641.42188 grad=  1.1300e-04
  noiseCutoff=  7463.91406 grad= -1.1056e-02
  noiseAmp=     0.00238 grad=  6.1161e+01
  noiseDecay=   -11.27636 grad= -1.8367e-01
  drive=     3.54457 grad=  2.3211e-02
  outGain=     0.14893 grad=  7.7975e-01
  bodyAsymmetry=    -0.05630 grad=  5.4085e-02
  bodyHarmonic=    -0.83842 grad= -5.5030e-03
  ampCurve=    -0.22722 grad=  5.5887e-04
epoch=160 loss=2.224277
  fStart=   298.21393 grad= -2.3820e+00
  fEnd=    46.96770 grad= -3.7828e+00
  pitchDecay=   -65.43361 grad=  1.8278e+00
  bodyAmp=     1.00000 grad= -6.6182e-02
  ampDecay=   -12.08912 grad= -6.4655e-03
  clickFreq=   390.26666 grad=  4.3651e-04
  clickAmp=     1.06125 grad= -3.3129e-03
  clickDecay=  -626.12402 grad= -8.2001e-04
  noiseCutoff=  7878.03076 grad=  3.1722e-03
  noiseAmp=     0.00238 grad=  6.4450e+01
  noiseDecay=   -11.40053 grad= -1.8235e-01
  drive=     3.54824 grad=  2.3507e-02
  outGain=     0.14588 grad=  8.1842e-01
  bodyAsymmetry=    -0.05794 grad=  6.0936e-03
  bodyHarmonic=    -0.83910 grad=  4.8822e-05
  ampCurve=    -0.27384 grad=  9.3620e-04
epoch=170 loss=2.213950
  fStart=   298.79980 grad= -1.9358e+00
  fEnd=    47.02131 grad= -5.5560e+00
  pitchDecay=   -65.29861 grad=  1.7356e+00
  bodyAmp=     1.00000 grad= -7.7561e-02
  ampDecay=   -11.94932 grad= -6.3543e-03
  clickFreq=   391.63611 grad= -6.4890e-04
  clickAmp=     1.08536 grad= -2.3892e-03
  clickDecay=  -629.79810 grad= -2.2455e-04
  noiseCutoff=  8271.13379 grad=  1.7188e-02
  noiseAmp=     0.00237 grad=  6.7997e+01
  noiseDecay=   -11.49165 grad= -1.8137e-01
  drive=     3.55245 grad=  2.2800e-02
  outGain=     0.14229 grad=  8.5741e-01
  bodyAsymmetry=    -0.05859 grad=  8.2853e-02
  bodyHarmonic=    -0.84686 grad= -5.4692e-03
  ampCurve=    -0.33428 grad=  1.3041e-03
epoch=180 loss=2.208554
  fStart=   299.05066 grad=  8.8426e-03
  fEnd=    47.01544 grad= -2.0807e-02
  pitchDecay=   -65.23597 grad=  1.0833e-01
  bodyAmp=     1.00000 grad= -8.6560e-02
  ampDecay=   -11.81286 grad= -6.9631e-03
  clickFreq=   395.31744 grad=  2.2158e-03
  clickAmp=     1.11251 grad= -4.2698e-03
  clickDecay=  -628.29535 grad=  6.6719e-04
  noiseCutoff=  8634.32129 grad=  2.2346e-02
  noiseAmp=     0.00236 grad=  6.8159e+01
  noiseDecay=   -11.54538 grad= -1.6884e-01
  drive=     3.55703 grad=  1.9631e-02
  outGain=     0.13804 grad=  8.2768e-01
  bodyAsymmetry=    -0.06000 grad=  2.1010e-02
  bodyHarmonic=    -0.85943 grad= -6.3284e-03
  ampCurve=    -0.42216 grad=  1.3398e-03
epoch=190 loss=2.204598
  fStart=   298.97125 grad= -2.2480e-01
  fEnd=    47.01474 grad= -3.0151e-01
  pitchDecay=   -65.21687 grad=  2.4483e-01
  bodyAmp=     1.00000 grad= -9.5417e-02
  ampDecay=   -11.67619 grad= -7.6311e-03
  clickFreq=   396.04178 grad=  2.1410e-03
  clickAmp=     1.14076 grad= -6.7688e-03
  clickDecay=  -595.92188 grad=  1.9203e-04
  noiseCutoff=  8962.84082 grad=  3.2135e-02
  noiseAmp=     0.00236 grad=  6.9628e+01
  noiseDecay=   -11.56204 grad= -1.6649e-01
  drive=     3.56408 grad=  1.7132e-02
  outGain=     0.13408 grad=  8.0838e-01
  bodyAsymmetry=    -0.06140 grad= -3.3978e-02
  bodyHarmonic=    -0.86650 grad= -7.6241e-03
  ampCurve=    -0.52932 grad=  1.3264e-03
epoch=200 loss=2.201374
  fStart=   298.92807 grad=  2.1795e-02
  fEnd=    47.00945 grad= -3.8469e-01
  pitchDecay=   -65.18186 grad=  6.0345e-02
  bodyAmp=     1.00000 grad= -9.5837e-02
  ampDecay=   -11.53822 grad= -7.2042e-03
  clickFreq=   394.12097 grad=  2.9202e-04
  clickAmp=     1.16829 grad= -4.1091e-03
  clickDecay=  -579.46173 grad= -1.2236e-03
  noiseCutoff=  9256.62500 grad=  3.7588e-02
  noiseAmp=     0.00235 grad=  7.0713e+01
  noiseDecay=   -11.57540 grad= -1.6233e-01
  drive=     3.57299 grad=  1.8386e-02
  outGain=     0.13102 grad=  8.3551e-01
  bodyAsymmetry=    -0.06171 grad=  7.2291e-03
  bodyHarmonic=    -0.86797 grad= -4.1976e-03
  ampCurve=    -0.65033 grad=  1.5194e-03
epoch=210 loss=2.198474
  fStart=   298.83429 grad= -3.5886e-02
  fEnd=    47.00972 grad= -2.1611e-01
  pitchDecay=   -65.15756 grad=  8.9437e-02
  bodyAmp=     1.00000 grad= -9.8497e-02
  ampDecay=   -11.40510 grad= -6.6312e-03
  clickFreq=   393.82227 grad=  2.2916e-04
  clickAmp=     1.19381 grad= -3.9418e-03
  clickDecay=  -594.24567 grad= -1.0490e-03
  noiseCutoff=  9519.09961 grad=  4.4493e-02
  noiseAmp=     0.00235 grad=  7.1437e+01
  noiseDecay=   -11.58262 grad= -1.5956e-01
  drive=     3.58140 grad=  1.7979e-02
  outGain=     0.12824 grad=  8.5122e-01
  bodyAsymmetry=    -0.06233 grad=  8.9575e-03
  bodyHarmonic=    -0.87637 grad= -7.1019e-03
  ampCurve=    -0.78510 grad=  1.7966e-03
epoch=220 loss=2.196166
  fStart=   298.76291 grad=  7.2830e-01
  fEnd=    47.01131 grad=  1.9422e+00
  pitchDecay=   -65.13367 grad= -5.5840e-01
  bodyAmp=     1.00000 grad= -9.8789e-02
  ampDecay=   -11.28117 grad= -6.1525e-03
  clickFreq=   394.23676 grad=  2.6475e-03
  clickAmp=     1.20000 grad= -4.9153e-03
  clickDecay=  -607.46558 grad= -7.5623e-07
  noiseCutoff=  9748.12012 grad=  5.0981e-02
  noiseAmp=     0.00234 grad=  7.2181e+01
  noiseDecay=   -11.58043 grad= -1.5836e-01
  drive=     3.58965 grad=  1.7884e-02
  outGain=     0.12581 grad=  8.4681e-01
  bodyAsymmetry=    -0.06220 grad=  2.3193e-02
  bodyHarmonic=    -0.88139 grad= -6.2768e-03
  ampCurve=    -0.93466 grad=  2.0114e-03
epoch=230 loss=2.194096
  fStart=   298.66235 grad= -8.1896e-01
  fEnd=    47.01230 grad= -1.0019e+00
  pitchDecay=   -65.13218 grad=  6.9170e-01
  bodyAmp=     1.00000 grad= -1.0421e-01
  ampDecay=   -11.16793 grad= -6.0704e-03
  clickFreq=   394.20007 grad=  2.7592e-03
  clickAmp=     1.20000 grad= -5.0821e-03
  clickDecay=  -601.67780 grad= -1.1662e-04
  noiseCutoff=  9942.63086 grad=  5.1524e-02
  noiseAmp=     0.00233 grad=  7.1334e+01
  noiseDecay=   -11.58763 grad= -1.5190e-01
  drive=     3.59820 grad=  1.5603e-02
  outGain=     0.12392 grad=  8.2403e-01
  bodyAsymmetry=    -0.06200 grad=  8.5350e-03
  bodyHarmonic=    -0.87465 grad= -1.2246e-02
  ampCurve=    -1.09782 grad=  2.0413e-03
epoch=240 loss=2.192249
  fStart=   298.71918 grad=  2.8397e-01
  fEnd=    47.00856 grad=  5.1932e-01
  pitchDecay=   -65.11604 grad= -1.7829e-01
  bodyAmp=     1.00000 grad= -9.5521e-02
  ampDecay=   -11.06617 grad= -5.5711e-03
  clickFreq=   393.60693 grad= -9.6840e-04
  clickAmp=     1.20000 grad= -7.2856e-03
  clickDecay=  -587.34967 grad=  5.7753e-05
  noiseCutoff= 10110.41211 grad=  5.3183e-02
  noiseAmp=     0.00233 grad=  7.0269e+01
  noiseDecay=   -11.59686 grad= -1.4514e-01
  drive=     3.60708 grad=  1.6423e-02
  outGain=     0.12241 grad=  7.8878e-01
  bodyAsymmetry=    -0.06234 grad= -5.4129e-03
  bodyHarmonic=    -0.85926 grad= -3.1226e-03
  ampCurve=    -1.27182 grad=  2.1695e-03
epoch=250 loss=2.190775
  fStart=   298.65179 grad= -2.2558e+00
  fEnd=    47.01334 grad= -6.0470e+00
  pitchDecay=   -65.11032 grad=  1.9213e+00
  bodyAmp=     1.00000 grad= -9.6666e-02
  ampDecay=   -10.97365 grad= -5.7278e-03
  clickFreq=   393.13651 grad=  1.3378e-03
  clickAmp=     1.20000 grad= -7.2113e-03
  clickDecay=  -571.61298 grad= -4.4328e-04
  noiseCutoff= 10255.51562 grad=  5.4140e-02
  noiseAmp=     0.00232 grad=  6.9858e+01
  noiseDecay=   -11.60254 grad= -1.3975e-01
  drive=     3.61410 grad=  1.5708e-02
  outGain=     0.12110 grad=  7.7877e-01
  bodyAsymmetry=    -0.06184 grad=  1.3385e-02
  bodyHarmonic=    -0.86084 grad= -4.2823e-03
  ampCurve=    -1.44808 grad=  1.9585e-03
epoch=260 loss=2.189855
  fStart=   298.72272 grad=  2.0530e+01
  fEnd=    47.02209 grad=  1.4011e+01
  pitchDecay=   -65.08350 grad= -1.5610e+01
  bodyAmp=     1.00000 grad= -9.5934e-02
  ampDecay=   -10.88625 grad= -5.1920e-03
  clickFreq=   392.36957 grad=  4.4260e-04
  clickAmp=     1.20000 grad= -7.9651e-03
  clickDecay=  -568.66895 grad= -2.1473e-04
  noiseCutoff= 10380.35352 grad=  5.3725e-02
  noiseAmp=     0.00231 grad=  6.8446e+01
  noiseDecay=   -11.60224 grad= -1.3167e-01
  drive=     3.62055 grad=  1.4601e-02
  outGain=     0.11975 grad=  7.3552e-01
  bodyAsymmetry=    -0.06133 grad= -5.0570e-02
  bodyHarmonic=    -0.86454 grad= -5.9535e-03
  ampCurve=    -1.62054 grad=  2.2276e-03
epoch=270 loss=2.176292
  fStart=   298.97968 grad= -1.5395e+00
  fEnd=    46.97780 grad= -6.7077e+00
  pitchDecay=   -65.02615 grad=  1.2855e+00
  bodyAmp=     1.00000 grad= -1.2728e-02
  ampDecay=   -10.80096 grad=  4.9299e-03
  clickFreq=   391.96454 grad=  4.0726e-03
  clickAmp=     1.20000 grad= -4.5007e-03
  clickDecay=  -560.91608 grad=  1.2571e-03
  noiseCutoff= 10501.20117 grad= -1.6951e-01
  noiseAmp=     0.00171 grad= -4.6524e+01
  noiseDecay=   -11.53603 grad=  2.4620e-01
  drive=     3.62925 grad= -2.6904e-02
  outGain=     0.12371 grad= -1.0140e+00
  bodyAsymmetry=    -0.06189 grad=  5.6850e-02
  bodyHarmonic=    -0.86613 grad=  1.1320e-02
  ampCurve=    -1.78753 grad=  3.8477e-03
epoch=280 loss=2.550717
  fStart=   299.02884 grad= -1.0589e+00
  fEnd=    46.97446 grad= -3.4717e+00
  pitchDecay=   -65.00835 grad=  8.9191e-01
  bodyAmp=     1.00000 grad= -2.1975e-01
  ampDecay=   -10.82445 grad= -1.0997e-02
  clickFreq=   391.19003 grad= -5.6399e-03
  clickAmp=     1.20000 grad=  6.1821e-03
  clickDecay=  -542.28625 grad= -4.7363e-03
  noiseCutoff= 10683.37891 grad=  8.8616e-01
  noiseAmp=     0.00341 grad=  2.9361e+02
  noiseDecay=   -11.14330 grad= -1.6692e+00
  drive=     3.63532 grad=  2.1681e-01
  outGain=     0.14216 grad=  7.5549e+00
  bodyAsymmetry=    -0.06456 grad= -8.0078e-02
  bodyHarmonic=    -0.88031 grad= -6.5107e-02
  ampCurve=    -2.02247 grad=  3.4218e-03
epoch=290 loss=2.211267
  fStart=   298.86905 grad=  3.7121e-01
  fEnd=    46.97858 grad=  6.5776e-01
  pitchDecay=   -65.03774 grad= -3.3811e-01
  bodyAmp=     1.00000 grad= -1.1611e-01
  ampDecay=   -10.86023 grad= -8.2997e-03
  clickFreq=   391.50186 grad= -9.8866e-03
  clickAmp=     1.20000 grad= -7.6780e-03
  clickDecay=  -558.72498 grad= -8.9328e-04
  noiseCutoff= 10436.06738 grad=  1.7960e-01
  noiseAmp=     0.00253 grad=  1.1123e+02
  noiseDecay=   -11.87326 grad= -3.2124e-01
  drive=     3.59370 grad=  4.3354e-02
  outGain=     0.12692 grad=  1.8565e+00
  bodyAsymmetry=    -0.06344 grad= -6.9000e-02
  bodyHarmonic=    -0.84727 grad= -1.3223e-02
  ampCurve=    -2.27022 grad=  1.5184e-03
epoch=300 loss=2.171296
  fStart=   298.85638 grad=  5.8101e-01
  fEnd=    46.99668 grad=  9.0469e-01
  pitchDecay=   -65.03712 grad= -4.9920e-01
  bodyAmp=     1.00000 grad=  1.0153e-02
  ampDecay=   -10.86485 grad=  7.8927e-03
  clickFreq=   392.22574 grad=  7.4920e-04
  clickAmp=     1.20000 grad=  3.0412e-03
  clickDecay=  -560.64734 grad=  3.2082e-04
  noiseCutoff= 10440.93555 grad= -1.1533e-01
  noiseAmp=     0.00168 grad= -1.1389e+01
  noiseDecay=   -11.77010 grad=  1.6735e-01
  drive=     3.58480 grad= -1.4984e-03
  outGain=     0.13993 grad= -2.1734e-02
  bodyAsymmetry=    -0.06469 grad= -2.5427e-02
  bodyHarmonic=    -0.85324 grad=  5.1992e-03
  ampCurve=    -2.45187 grad=  4.5841e-03
epoch=310 loss=2.328498
  fStart=   298.82047 grad=  1.5141e-01
  fEnd=    46.99599 grad=  5.5005e-02
  pitchDecay=   -65.03210 grad= -2.1467e-01
  bodyAmp=     1.00000 grad=  2.7742e-02
  ampDecay=   -10.88025 grad=  1.6542e-04
  clickFreq=   393.12601 grad=  4.9383e-03
  clickAmp=     1.19621 grad= -5.3931e-03
  clickDecay=  -573.51398 grad=  2.2591e-03
  noiseCutoff= 10331.01270 grad= -4.2497e-01
  noiseAmp=     0.00108 grad= -3.6470e+02
  noiseDecay=   -12.12623 grad=  7.1475e-01
  drive=     3.55970 grad= -1.0437e-01
  outGain=     0.12525 grad= -4.0121e+00
  bodyAsymmetry=    -0.06244 grad=  5.2465e-02
  bodyHarmonic=    -0.83884 grad=  4.1045e-02
  ampCurve=    -2.63571 grad=  3.6111e-04
epoch=320 loss=2.199241
  fStart=   298.81461 grad= -4.8985e-01
  fEnd=    46.99652 grad= -8.3641e-01
  pitchDecay=   -65.04205 grad=  3.6735e-01
  bodyAmp=     1.00000 grad=  1.2878e-02
  ampDecay=   -10.84508 grad=  3.5706e-03
  clickFreq=   393.07651 grad=  9.2411e-03
  clickAmp=     1.19879 grad=  2.4053e-03
  clickDecay=  -576.90985 grad=  2.4986e-04
  noiseCutoff= 10361.41309 grad= -2.7487e-01
  noiseAmp=     0.00148 grad= -1.3387e+02
  noiseDecay=   -11.99163 grad=  4.5038e-01
  drive=     3.55580 grad= -5.1298e-02
  outGain=     0.13300 grad= -1.8057e+00
  bodyAsymmetry=    -0.06308 grad=  7.4007e-02
  bodyHarmonic=    -0.84869 grad=  1.9035e-02
  ampCurve=    -2.74399 grad=  2.2860e-03
epoch=330 loss=2.312243
  fStart=   298.82489 grad= -3.4790e-02
  fEnd=    47.00261 grad=  3.4832e-01
  pitchDecay=   -65.05117 grad= -6.9181e-02
  bodyAmp=     1.00000 grad=  4.3560e-02
  ampDecay=   -10.80805 grad=  4.3294e-03
  clickFreq=   393.17380 grad=  1.1023e-02
  clickAmp=     1.20000 grad=  3.8750e-04
  clickDecay=  -584.88519 grad=  1.6119e-03
  noiseCutoff= 10387.21582 grad= -4.2093e-01
  noiseAmp=     0.00105 grad= -3.6907e+02
  noiseDecay=   -11.92190 grad=  6.9988e-01
  drive=     3.55015 grad= -9.6327e-02
  outGain=     0.12897 grad= -3.6036e+00
  bodyAsymmetry=    -0.06245 grad=  1.0941e-01
  bodyHarmonic=    -0.84708 grad=  3.4798e-02
  ampCurve=    -2.84339 grad=  1.5368e-03
epoch=340 loss=2.182472
  fStart=   298.88388 grad= -2.2985e-01
  fEnd=    46.99549 grad= -8.3664e-01
  pitchDecay=   -65.05676 grad=  2.3428e-01
  bodyAmp=     1.00000 grad= -7.3110e-02
  ampDecay=   -10.76383 grad= -3.6599e-03
  clickFreq=   393.21524 grad=  1.0123e-02
  clickAmp=     1.20000 grad=  5.1624e-03
  clickDecay=  -585.62811 grad= -8.2907e-04
  noiseCutoff= 10409.93555 grad=  4.4208e-02
  noiseAmp=     0.00214 grad=  6.7810e+01
  noiseDecay=   -11.90382 grad= -8.9653e-02
  drive=     3.54603 grad=  2.2135e-02
  outGain=     0.13444 grad=  9.4162e-01
  bodyAsymmetry=    -0.06305 grad=  1.0143e-01
  bodyHarmonic=    -0.84649 grad= -4.9258e-03
  ampCurve=    -2.92691 grad=  1.7935e-03
epoch=350 loss=2.243095
  fStart=   298.87006 grad= -3.6354e-01
  fEnd=    47.00180 grad= -2.2667e-01
  pitchDecay=   -65.06923 grad=  2.7001e-01
  bodyAmp=     1.00000 grad= -1.3805e-01
  ampDecay=   -10.72417 grad= -9.3545e-03
  clickFreq=   392.95206 grad=  8.0900e-03
  clickAmp=     1.20000 grad=  5.8535e-03
  clickDecay=  -581.77020 grad= -1.8361e-03
  noiseCutoff= 10476.61328 grad=  3.0095e-01
  noiseAmp=     0.00261 grad=  1.5570e+02
  noiseDecay=   -11.72016 grad= -5.4509e-01
  drive=     3.54584 grad=  7.7786e-02
  outGain=     0.13475 grad=  2.9660e+00
  bodyAsymmetry=    -0.06272 grad=  1.0127e-01
  bodyHarmonic=    -0.85108 grad= -2.2611e-02
  ampCurve=    -3.00490 grad=  1.3014e-03
epoch=360 loss=2.170708
  fStart=   298.93063 grad= -2.1799e-01
  fEnd=    46.99664 grad= -5.3722e-01
  pitchDecay=   -65.07040 grad=  1.9194e-01
  bodyAmp=     1.00000 grad= -3.9579e-02
  ampDecay=   -10.67422 grad= -1.1533e-03
  clickFreq=   392.70761 grad=  6.3677e-03
  clickAmp=     1.20000 grad= -4.6320e-04
  clickDecay=  -581.48676 grad=  9.2704e-06
  noiseCutoff= 10472.01855 grad= -8.5168e-02
  noiseAmp=     0.00187 grad=  3.7980e+00
  noiseDecay=   -11.83278 grad=  1.3107e-01
  drive=     3.53981 grad= -9.3272e-03
  outGain=     0.13201 grad= -2.1310e-01
  bodyAsymmetry=    -0.06328 grad=  3.3241e-02
  bodyHarmonic=    -0.84636 grad=  3.5650e-03
  ampCurve=    -3.07506 grad=  1.9018e-03
epoch=370 loss=2.257186
  fStart=   298.93149 grad= -4.6283e-01
  fEnd=    46.99850 grad= -6.8133e-01
  pitchDecay=   -65.07845 grad=  3.6255e-01
  bodyAmp=     1.00000 grad= -1.0963e-01
  ampDecay=   -10.66809 grad= -3.5424e-03
  clickFreq=   392.51517 grad=  1.8274e-03
  clickAmp=     1.19989 grad=  8.3907e-03
  clickDecay=  -576.61694 grad= -1.5782e-03
  noiseCutoff= 10578.34570 grad=  3.4997e-01
  noiseAmp=     0.00244 grad=  1.8771e+02
  noiseDecay=   -11.52079 grad= -6.4366e-01
  drive=     3.54211 grad=  1.0143e-01
  outGain=     0.14421 grad=  3.4876e+00
  bodyAsymmetry=    -0.06438 grad=  2.5107e-02
  bodyHarmonic=    -0.85535 grad= -2.7861e-02
  ampCurve=    -3.16721 grad=  3.1416e-03
epoch=380 loss=2.168080
  fStart=   298.96655 grad= -6.7376e-03
  fEnd=    46.99988 grad=  2.5157e-02
  pitchDecay=   -65.08571 grad= -3.0961e-03
  bodyAmp=     1.00000 grad= -1.9335e-02
  ampDecay=   -10.68904 grad=  3.9497e-03
  clickFreq=   392.75705 grad=  6.3515e-03
  clickAmp=     1.19561 grad=  6.3988e-03
  clickDecay=  -566.01318 grad= -2.2169e-04
  noiseCutoff= 10602.62598 grad= -2.4021e-02
  noiseAmp=     0.00175 grad=  4.4399e+01
  noiseDecay=   -11.54827 grad=  2.9570e-03
  drive=     3.53588 grad=  1.8701e-02
  outGain=     0.14387 grad=  7.1034e-01
  bodyAsymmetry=    -0.06435 grad=  2.4387e-02
  bodyHarmonic=    -0.85572 grad= -3.6602e-03
  ampCurve=    -3.28099 grad=  3.5398e-03
epoch=390 loss=2.162698
  fStart=   299.00577 grad=  4.5947e-01
  fEnd=    47.00031 grad=  6.4769e-01
  pitchDecay=   -65.09266 grad= -4.0992e-01
  bodyAmp=     1.00000 grad= -7.1043e-03
  ampDecay=   -10.73904 grad=  4.7879e-03
  clickFreq=   391.41022 grad= -1.5508e-03
  clickAmp=     1.18629 grad=  3.9838e-03
  clickDecay=  -558.11682 grad= -7.9199e-04
  noiseCutoff= 10702.04980 grad= -5.3408e-02
  noiseAmp=     0.00159 grad=  2.9910e+01
  noiseDecay=   -11.31031 grad=  3.9606e-02
  drive=     3.53634 grad=  1.2769e-02
  outGain=     0.14735 grad=  5.2914e-01
  bodyAsymmetry=    -0.06440 grad= -5.1443e-02
  bodyHarmonic=    -0.86326 grad= -7.6031e-03
  ampCurve=    -3.40025 grad=  3.5090e-03
epoch=400 loss=2.229617
  fStart=   299.01587 grad=  1.0526e-01
  fEnd=    47.00387 grad=  2.9888e-01
  pitchDecay=   -65.10396 grad= -1.1207e-01
  bodyAmp=     1.00000 grad= -1.3523e-01
  ampDecay=   -10.78266 grad= -1.2996e-02
  clickFreq=   391.38632 grad= -4.5034e-03
  clickAmp=     1.17593 grad=  3.0253e-04
  clickDecay=  -562.80756 grad= -8.3280e-04
  noiseCutoff= 10821.69922 grad=  2.9533e-01
  noiseAmp=     0.00219 grad=  1.8656e+02
  noiseDecay=   -11.03226 grad= -5.7778e-01
  drive=     3.53676 grad=  7.7526e-02
  outGain=     0.13979 grad=  2.8261e+00
  bodyAsymmetry=    -0.06268 grad=  2.5230e-03
  bodyHarmonic=    -0.86092 grad= -2.5458e-02
  ampCurve=    -3.50273 grad= -4.0451e-04
epoch=410 loss=2.160455
  fStart=   299.05438 grad= -2.3068e-01
  fEnd=    47.00125 grad= -3.8007e-01
  pitchDecay=   -65.11153 grad=  1.7346e-01
  bodyAmp=     1.00000 grad= -6.8090e-02
  ampDecay=   -10.75221 grad= -7.4303e-03
  clickFreq=   393.20547 grad=  1.2406e-02
  clickAmp=     1.17569 grad=  1.7373e-03
  clickDecay=  -558.53424 grad= -7.4914e-04
  noiseCutoff= 10879.13867 grad= -1.5237e-02
  noiseAmp=     0.00168 grad=  5.3335e+01
  noiseDecay=   -10.98658 grad= -4.5223e-02
  drive=     3.53722 grad=  6.6123e-03
  outGain=     0.13690 grad=  4.0086e-01
  bodyAsymmetry=    -0.06233 grad=  5.6880e-02
  bodyHarmonic=    -0.85828 grad= -1.8102e-03
  ampCurve=    -3.53314 grad= -1.8809e-04
epoch=420 loss=2.191577
  fStart=   299.06976 grad= -3.2079e-01
  fEnd=    47.00248 grad= -2.9428e-01
  pitchDecay=   -65.12112 grad=  1.9502e-01
  bodyAmp=     1.00000 grad=  4.1327e-02
  ampDecay=   -10.71664 grad=  7.4355e-03
  clickFreq=   392.25043 grad=  5.4713e-03
  clickAmp=     1.17829 grad=  4.1001e-03
  clickDecay=  -554.92944 grad= -6.2661e-05
  noiseCutoff= 10980.07715 grad= -3.0915e-01
  noiseAmp=     0.00106 grad= -2.2759e+02
  noiseDecay=   -10.79991 grad=  4.5173e-01
  drive=     3.54353 grad= -5.5247e-02
  outGain=     0.14155 grad= -1.7710e+00
  bodyAsymmetry=    -0.06289 grad=  5.7708e-02
  bodyHarmonic=    -0.86595 grad=  1.4123e-02
  ampCurve=    -3.54738 grad=  2.8424e-03
epoch=430 loss=2.150477
  fStart=   299.11484 grad= -8.4439e-01
  fEnd=    46.99801 grad= -1.6333e+00
  pitchDecay=   -65.12460 grad=  6.6679e-01
  bodyAmp=     1.00000 grad=  3.9198e-03
  ampDecay=   -10.72616 grad=  4.5135e-03
  clickFreq=   391.24936 grad=  2.0549e-03
  clickAmp=     1.17468 grad=  7.2486e-03
  clickDecay=  -558.30182 grad= -2.3454e-04
  noiseCutoff= 11111.87012 grad= -1.1027e-01
  noiseAmp=     0.00129 grad= -7.9634e+00
  noiseDecay=   -10.53824 grad=  8.8390e-02
  drive=     3.54885 grad=  6.0298e-04
  outGain=     0.14689 grad=  9.3900e-02
  bodyAsymmetry=    -0.06320 grad=  3.9779e-02
  bodyHarmonic=    -0.87046 grad= -7.1989e-04
  ampCurve=    -3.59782 grad=  2.9371e-03
epoch=440 loss=2.186927
  fStart=   299.13254 grad=  3.5569e-01
  fEnd=    47.00298 grad=  5.0218e-01
  pitchDecay=   -65.13091 grad= -3.6685e-01
  bodyAmp=     1.00000 grad=  3.1036e-02
  ampDecay=   -10.74301 grad=  3.7858e-03
  clickFreq=   391.68149 grad= -8.4762e-04
  clickAmp=     1.16924 grad=  9.8132e-04
  clickDecay=  -558.65839 grad=  1.3486e-03
  noiseCutoff= 11211.51367 grad= -3.1058e-01
  noiseAmp=     0.00099 grad= -2.4674e+02
  noiseDecay=   -10.40211 grad=  4.3347e-01
  drive=     3.54970 grad= -5.9809e-02
  outGain=     0.14042 grad= -1.9199e+00
  bodyAsymmetry=    -0.06237 grad=  4.1613e-02
  bodyHarmonic=    -0.86821 grad=  1.4786e-02
  ampCurve=    -3.65424 grad=  1.5488e-03
epoch=450 loss=2.158850
  fStart=   299.14807 grad= -1.6206e-01
  fEnd=    47.00189 grad= -1.6198e-01
  pitchDecay=   -65.13876 grad=  1.0442e-01
  bodyAmp=     0.99720 grad= -2.3729e-02
  ampDecay=   -10.76143 grad=  3.2887e-03
  clickFreq=   392.35873 grad=  5.8762e-03
  clickAmp=     1.16509 grad=  1.1572e-02
  clickDecay=  -553.05518 grad= -1.6328e-03
  noiseCutoff= 11355.20996 grad=  4.5501e-02
  noiseAmp=     0.00134 grad=  1.2105e+02
  noiseDecay=   -10.13887 grad= -2.0829e-01
  drive=     3.55562 grad=  4.2670e-02
  outGain=     0.15335 grad=  1.4185e+00
  bodyAsymmetry=    -0.06356 grad=  3.7269e-02
  bodyHarmonic=    -0.87416 grad= -1.6058e-02
  ampCurve=    -3.70089 grad=  3.2062e-03
epoch=460 loss=2.153019
  fStart=   299.18744 grad= -6.5392e-01
  fEnd=    46.99899 grad= -1.0287e+00
  pitchDecay=   -65.14197 grad=  4.7780e-01
  bodyAmp=     0.98192 grad=  6.8582e-02
  ampDecay=   -10.80138 grad=  9.9961e-03
  clickFreq=   391.55356 grad=  2.2217e-03
  clickAmp=     1.15329 grad=  9.5439e-03
  clickDecay=  -559.53094 grad= -1.5410e-03
  noiseCutoff= 11481.86523 grad= -2.1039e-01
  noiseAmp=     0.00094 grad= -1.3005e+02
  noiseDecay=    -9.94460 grad=  2.2616e-01
  drive=     3.55767 grad= -1.2426e-02
  outGain=     0.15737 grad= -4.4356e-01
  bodyAsymmetry=    -0.06418 grad= -3.3401e-02
  bodyHarmonic=    -0.88053 grad=  1.5937e-02
  ampCurve=    -3.76283 grad=  3.7005e-03
epoch=470 loss=2.153491
  fStart=   299.20300 grad= -5.1755e-01
  fEnd=    47.00093 grad= -9.3762e-01
  pitchDecay=   -65.15035 grad=  3.8592e-01
  bodyAmp=     0.96280 grad=  3.8325e-02
  ampDecay=   -10.84101 grad=  2.7815e-03
  clickFreq=   390.19336 grad=  4.5641e-04
  clickAmp=     1.13896 grad=  4.0678e-03
  clickDecay=  -572.73785 grad= -2.6426e-06
  noiseCutoff= 11580.05469 grad= -2.2641e-01
  noiseAmp=     0.00091 grad= -1.5874e+02
  noiseDecay=    -9.83937 grad=  2.5666e-01
  drive=     3.55630 grad= -2.9099e-02
  outGain=     0.15367 grad= -8.7848e-01
  bodyAsymmetry=    -0.06347 grad= -3.3002e-02
  bodyHarmonic=    -0.89164 grad=  1.5415e-02
  ampCurve=    -3.82093 grad=  1.2482e-03
epoch=480 loss=2.155035
  fStart=   299.21457 grad=  1.4211e-04
  fEnd=    47.00442 grad=  1.6843e-01
  pitchDecay=   -65.15788 grad= -5.2340e-02
  bodyAmp=     0.95450 grad= -4.6613e-02
  ampDecay=   -10.85457 grad= -6.8942e-03
  clickFreq=   389.07394 grad=  9.8002e-04
  clickAmp=     1.12883 grad=  3.5050e-03
  clickDecay=  -581.41663 grad= -9.6625e-04
  noiseCutoff= 11664.43555 grad=  6.1655e-02
  noiseAmp=     0.00123 grad=  1.4525e+02
  noiseDecay=    -9.76483 grad= -2.4526e-01
  drive=     3.55586 grad=  3.9019e-02
  outGain=     0.15270 grad=  1.1979e+00
  bodyAsymmetry=    -0.06264 grad=  1.0374e-02
  bodyHarmonic=    -0.90227 grad= -1.4383e-03
  ampCurve=    -3.85145 grad= -4.1486e-04
epoch=490 loss=2.143186
  fStart=   299.24823 grad=  1.6606e-02
  fEnd=    47.00214 grad=  3.8720e-02
  pitchDecay=   -65.16129 grad= -8.1230e-02
  bodyAmp=     0.95472 grad=  1.2710e-02
  ampDecay=   -10.84736 grad= -1.5494e-03
  clickFreq=   388.75980 grad= -1.9025e-03
  clickAmp=     1.12332 grad=  1.2137e-03
  clickDecay=  -588.12854 grad= -4.0703e-04
  noiseCutoff= 11733.18359 grad= -1.7023e-01
  noiseAmp=     0.00096 grad= -8.4615e+01
  noiseDecay=    -9.72219 grad=  1.5542e-01
  drive=     3.55580 grad= -1.9079e-02
  outGain=     0.15228 grad= -5.7977e-01
  bodyAsymmetry=    -0.06223 grad= -6.4755e-03
  bodyHarmonic=    -0.91137 grad=  9.3663e-03
  ampCurve=    -3.86047 grad=  1.5742e-04
epoch=500 loss=2.143541
  fStart=   299.26736 grad=  5.5932e-01
  fEnd=    47.00303 grad=  6.7286e-01
  pitchDecay=   -65.16692 grad= -5.4139e-01
  bodyAmp=     0.95707 grad=  1.3960e-02
  ampDecay=   -10.83520 grad= -1.0776e-03
  clickFreq=   388.97101 grad= -2.5615e-03
  clickAmp=     1.12027 grad=  4.2847e-04
  clickDecay=  -594.31738 grad= -2.0758e-04
  noiseCutoff= 11791.33398 grad= -1.7724e-01
  noiseAmp=     0.00095 grad= -9.6642e+01
  noiseDecay=    -9.69735 grad=  1.6967e-01
  drive=     3.55565 grad= -2.1861e-02
  outGain=     0.15154 grad= -6.6018e-01
  bodyAsymmetry=    -0.06179 grad=  3.6806e-04
  bodyHarmonic=    -0.91870 grad=  8.4303e-03
  ampCurve=    -3.86351 grad=  2.8691e-04
epoch=510 loss=2.148379
  fStart=   299.28006 grad= -2.1490e-01
  fEnd=    47.00306 grad= -2.1605e-01
  pitchDecay=   -65.17297 grad=  1.3127e-01
  bodyAmp=     0.95997 grad= -3.8923e-02
  ampDecay=   -10.82320 grad= -5.5255e-03
  clickFreq=   389.47433 grad= -1.7569e-03
  clickAmp=     1.11885 grad=  3.2404e-04
  clickDecay=  -598.99725 grad= -4.2207e-04
  noiseCutoff= 11842.42969 grad=  3.2758e-02
  noiseAmp=     0.00118 grad=  1.2241e+02
  noiseDecay=    -9.67954 grad= -1.9338e-01
  drive=     3.55553 grad=  3.0280e-02
  outGain=     0.15102 grad=  9.5137e-01
  bodyAsymmetry=    -0.06139 grad=  4.5264e-04
  bodyHarmonic=    -0.92377 grad= -3.6387e-03
  ampCurve=    -3.86561 grad= -5.5959e-05
epoch=520 loss=2.139850
  fStart=   299.30090 grad= -1.0844e-01
  fEnd=    47.00272 grad= -4.7861e-02
  pitchDecay=   -65.17645 grad=  2.6918e-02
  bodyAmp=     0.96375 grad=  5.2746e-03
  ampDecay=   -10.81166 grad= -1.4719e-03
  clickFreq=   390.03412 grad= -2.4416e-03
  clickAmp=     1.11852 grad= -5.6740e-04
  clickDecay=  -601.27454 grad=  1.9353e-04
  noiseCutoff= 11886.26270 grad= -1.4597e-01
  noiseAmp=     0.00099 grad= -5.7245e+01
  noiseDecay=    -9.66967 grad=  1.1584e-01
  drive=     3.55539 grad= -1.4616e-02
  outGain=     0.14972 grad= -4.3917e-01
  bodyAsymmetry=    -0.06116 grad= -2.4720e-03
  bodyHarmonic=    -0.92703 grad=  6.7346e-03
  ampCurve=    -3.86739 grad=  3.7436e-04
epoch=530 loss=2.140157
  fStart=   299.31702 grad= -2.1224e-01
  fEnd=    47.00209 grad= -2.2192e-01
  pitchDecay=   -65.17987 grad=  1.1591e-01
  bodyAmp=     0.96703 grad=  7.6029e-03
  ampDecay=   -10.80184 grad= -9.4368e-04
  clickFreq=   390.51443 grad= -8.6615e-04
  clickAmp=     1.11873 grad= -8.2363e-04
  clickDecay=  -601.77362 grad=  3.0728e-04
  noiseCutoff= 11926.68652 grad= -1.5260e-01
  noiseAmp=     0.00098 grad= -6.7776e+01
  noiseDecay=    -9.65843 grad=  1.2975e-01
  drive=     3.55539 grad= -1.6795e-02
  outGain=     0.14917 grad= -5.0768e-01
  bodyAsymmetry=    -0.06097 grad= -1.1251e-04
  bodyHarmonic=    -0.93031 grad=  6.8372e-03
  ampCurve=    -3.86971 grad=  4.9706e-04
epoch=540 loss=2.142935
  fStart=   299.32886 grad= -2.1990e-01
  fEnd=    47.00229 grad= -1.8561e-01
  pitchDecay=   -65.18339 grad=  1.3591e-01
  bodyAmp=     0.96973 grad= -2.9393e-02
  ampDecay=   -10.79396 grad= -4.0391e-03
  clickFreq=   390.80466 grad= -2.0091e-04
  clickAmp=     1.11919 grad= -6.1195e-04
  clickDecay=  -601.37805 grad= -1.8574e-04
  noiseCutoff= 11963.84668 grad=  1.2367e-03
  noiseAmp=     0.00114 grad=  9.4334e+01
  noiseDecay=    -9.64667 grad= -1.3726e-01
  drive=     3.55544 grad=  2.2148e-02
  outGain=     0.14903 grad=  7.0639e-01
  bodyAsymmetry=    -0.06079 grad= -1.8292e-03
  bodyHarmonic=    -0.93341 grad= -1.5186e-03
  ampCurve=    -3.87284 grad=  2.9450e-04
epoch=550 loss=2.138031
  fStart=   299.33984 grad= -2.3494e-01
  fEnd=    47.00232 grad= -1.9106e-01
  pitchDecay=   -65.18631 grad=  1.3467e-01
  bodyAmp=     0.97237 grad=  3.7658e-04
  ampDecay=   -10.78738 grad= -1.1244e-03
  clickFreq=   390.99069 grad= -1.1627e-03
  clickAmp=     1.11979 grad= -1.0653e-03
  clickDecay=  -600.95270 grad=  2.1291e-04
  noiseCutoff= 11996.33984 grad= -1.2604e-01
  noiseAmp=     0.00100 grad= -3.6655e+01
  noiseDecay=    -9.63932 grad=  8.5268e-02
  drive=     3.55539 grad= -1.0570e-02
  outGain=     0.14823 grad= -3.0582e-01
  bodyAsymmetry=    -0.06060 grad= -6.1156e-04
  bodyHarmonic=    -0.93584 grad=  4.8042e-03
  ampCurve=    -3.87651 grad=  5.9792e-04
epoch=560 loss=2.138138
  fStart=   299.34985 grad= -2.5351e-01
  fEnd=    47.00220 grad= -2.2334e-01
  pitchDecay=   -65.18898 grad=  1.5047e-01
  bodyAmp=     0.97485 grad=  2.6987e-04
  ampDecay=   -10.78185 grad= -8.9328e-04
  clickFreq=   391.18631 grad= -1.6007e-03
  clickAmp=     1.12052 grad= -1.3165e-03
  clickDecay=  -600.44336 grad=  3.3453e-04
  noiseCutoff= 12026.43164 grad= -1.3332e-01
  noiseAmp=     0.00099 grad= -4.6571e+01
  noiseDecay=    -9.63146 grad=  9.8301e-02
  drive=     3.55541 grad= -1.3369e-02
  outGain=     0.14777 grad= -3.7203e-01
  bodyAsymmetry=    -0.06041 grad=  6.8907e-04
  bodyHarmonic=    -0.93786 grad=  4.2214e-03
  ampCurve=    -3.88045 grad=  6.6864e-04
epoch=570 loss=2.140078
  fStart=   299.36014 grad=  2.9532e-01
  fEnd=    47.00272 grad=  3.8341e-01
  pitchDecay=   -65.19109 grad= -2.9430e-01
  bodyAmp=     0.97743 grad= -2.8766e-02
  ampDecay=   -10.77708 grad= -3.2717e-03
  clickFreq=   391.42401 grad= -9.1302e-04
  clickAmp=     1.12134 grad= -1.6075e-03
  clickDecay=  -599.81757 grad= -7.5564e-05
  noiseCutoff= 12054.67969 grad= -1.8140e-02
  noiseAmp=     0.00112 grad=  7.5171e+01
  noiseDecay=    -9.62310 grad= -1.0017e-01
  drive=     3.55553 grad=  1.5295e-02
  outGain=     0.14758 grad=  5.4384e-01
  bodyAsymmetry=    -0.06031 grad= -1.2614e-03
  bodyHarmonic=    -0.93922 grad= -2.8818e-03
  ampCurve=    -3.88461 grad=  5.1903e-04
epoch=580 loss=2.136909
  fStart=   299.36554 grad= -1.5385e-01
  fEnd=    47.00257 grad= -1.3566e-01
  pitchDecay=   -65.19383 grad=  7.8286e-02
  bodyAmp=     0.98027 grad= -3.6086e-03
  ampDecay=   -10.77275 grad= -9.0398e-04
  clickFreq=   391.60565 grad= -1.2067e-03
  clickAmp=     1.12221 grad= -1.6135e-03
  clickDecay=  -599.20178 grad=  3.6389e-04
  noiseCutoff= 12080.50488 grad= -1.1793e-01
  noiseAmp=     0.00101 grad= -2.7918e+01
  noiseDecay=    -9.61715 grad=  7.0074e-02
  drive=     3.55562 grad= -9.4527e-03
  outGain=     0.14702 grad= -2.4551e-01
  bodyAsymmetry=    -0.06024 grad= -1.7756e-03
  bodyHarmonic=    -0.93991 grad=  2.2115e-03
  ampCurve=    -3.88895 grad=  7.5756e-04
epoch=590 loss=2.137027
  fStart=   299.37354 grad= -2.1105e-01
  fEnd=    47.00234 grad= -2.2120e-01
  pitchDecay=   -65.19576 grad=  1.2349e-01
  bodyAmp=     0.98294 grad= -8.3677e-05
  ampDecay=   -10.76898 grad= -5.1099e-04
  clickFreq=   391.76312 grad= -1.1509e-03
  clickAmp=     1.12312 grad= -1.6747e-03
  clickDecay=  -598.26990 grad=  3.7765e-04
  noiseCutoff= 12105.65820 grad= -1.2474e-01
  noiseAmp=     0.00100 grad= -3.8277e+01
  noiseDecay=    -9.61067 grad=  8.5449e-02
  drive=     3.55575 grad= -1.1347e-02
  outGain=     0.14664 grad= -3.1558e-01
  bodyAsymmetry=    -0.06015 grad= -1.0892e-03
  bodyHarmonic=    -0.94037 grad=  3.6322e-03
  ampCurve=    -3.89353 grad=  8.3975e-04
epoch=599 loss=2.137539
  fStart=   299.38184 grad=  3.3027e-01
  fEnd=    47.00262 grad=  3.4620e-01
  pitchDecay=   -65.19716 grad= -3.1593e-01
  bodyAmp=     0.98508 grad= -1.9169e-02
  ampDecay=   -10.76598 grad= -2.2249e-03
  clickFreq=   391.90305 grad= -1.0830e-03
  clickAmp=     1.12397 grad= -1.7067e-03
  clickDecay=  -597.18457 grad=  2.2745e-04
  noiseCutoff= 12128.23730 grad= -4.3378e-02
  noiseAmp=     0.00109 grad=  5.0789e+01
  noiseDecay=    -9.60406 grad= -5.6845e-02
  drive=     3.55587 grad=  9.7650e-03
  outGain=     0.14651 grad=  3.4918e-01
  bodyAsymmetry=    -0.06008 grad= -9.0756e-04
  bodyHarmonic=    -0.94099 grad= -1.0713e-03
  ampCurve=    -3.89787 grad=  6.9761e-04
refine epoch=0 loss=2.136458
refine epoch=10 loss=2.136481
refine epoch=20 loss=2.136420
refine epoch=30 loss=2.136523
refine epoch=40 loss=2.136511
refine epoch=50 loss=2.136438
refine epoch=60 loss=2.136442
refine epoch=70 loss=2.136460
refine epoch=80 loss=2.136444
refine epoch=90 loss=2.136499
refine epoch=100 loss=2.136368
refine epoch=110 loss=2.136497
refine epoch=120 loss=2.136391
refine epoch=130 loss=2.136467
refine epoch=140 loss=2.136403
refine epoch=150 loss=2.136452
refine epoch=160 loss=2.136424
refine epoch=170 loss=2.136467
refine epoch=180 loss=2.136429
refine epoch=190 loss=2.136433
refine epoch=200 loss=2.136348
refine epoch=210 loss=2.136444
refine epoch=220 loss=2.136448
refine epoch=230 loss=2.136451
refine epoch=240 loss=2.136522
refine epoch=250 loss=2.136420
refine epoch=260 loss=2.136425
refine epoch=270 loss=2.136458
refine epoch=280 loss=2.136450
refine epoch=290 loss=2.136450
epoch=0 loss=3.892563
  fStart=   245.93842 grad= -5.4677e+00
  fEnd=    47.35925 grad= -7.3678e+00
  pitchDecay=   -34.50000 grad=  4.3258e+00
  bodyAmp=     0.52500 grad= -3.7963e-01
  ampDecay=   -14.00000 grad= -1.4430e-02
  clickFreq=   447.21362 grad=  1.6349e-01
  clickAmp=     0.60000 grad=  2.4560e-01
  clickDecay=  -346.41028 grad= -1.4998e-02
  noiseCutoff=  4242.64209 grad=  1.6288e+00
  noiseAmp=     0.02500 grad=  4.4513e+01
  noiseDecay=   -27.38613 grad= -2.1491e+00
  drive=     3.50000 grad=  3.0311e-01
  outGain=     0.55000 grad=  2.6816e+00
  bodyAsymmetry=     0.00000 grad=  1.3769e+00
  bodyHarmonic=     0.00000 grad=  3.1413e-03
  ampCurve=     0.00000 grad= -1.8608e-03
epoch=10 loss=3.207114
  fStart=   246.48035 grad=  4.1738e-01
  fEnd=    47.31337 grad=  9.4335e-01
  pitchDecay=   -34.42880 grad= -1.2884e-01
  bodyAmp=     0.58475 grad= -2.8352e-01
  ampDecay=   -13.71662 grad= -3.5674e-02
  clickFreq=   429.52063 grad=  1.7392e-01
  clickAmp=     0.45510 grad=  1.1661e-01
  clickDecay=  -363.43478 grad=  5.8439e-03
  noiseCutoff=  4001.93311 grad= -3.1301e-02
  noiseAmp=     0.00009 grad= -2.8125e+02
  noiseDecay=   -32.11073 grad=  3.4831e-02
  drive=     3.43450 grad= -3.9977e-02
  outGain=     0.30987 grad= -3.5854e-01
  bodyAsymmetry=    -0.04391 grad=  1.2757e+00
  bodyHarmonic=    -0.26349 grad=  1.2802e-01
  ampCurve=     0.00000 grad= -1.0407e-02
epoch=20 loss=2.605775
  fStart=   246.70705 grad= -2.0018e+00
  fEnd=    47.18365 grad= -2.0677e+00
  pitchDecay=   -34.37815 grad=  1.2870e+00
  bodyAmp=     0.72657 grad= -3.0807e-02
  ampDecay=   -13.40467 grad= -2.5668e-02
  clickFreq=   427.79202 grad= -7.3566e-02
  clickAmp=     0.37903 grad= -1.3354e-01
  clickDecay=  -360.25040 grad= -3.8810e-03
  noiseCutoff=  3933.48779 grad= -1.1730e-01
  noiseAmp=     0.00917 grad= -5.2992e+00
  noiseDecay=   -31.27445 grad=  3.7402e-01
  drive=     3.42638 grad= -3.5483e-02
  outGain=     0.24670 grad= -3.4395e-01
  bodyAsymmetry=    -0.06957 grad= -1.1801e+00
  bodyHarmonic=    -0.47343 grad= -3.1025e-02
  ampCurve=     0.00000 grad= -8.1078e-03
epoch=30 loss=2.534343
  fStart=   246.76752 grad= -1.3849e+00
  fEnd=    47.12550 grad= -1.2050e+00
  pitchDecay=   -34.33248 grad=  9.8840e-01
  bodyAmp=     0.89679 grad=  3.7380e-02
  ampDecay=   -13.12513 grad=  2.2113e-03
  clickFreq=   439.43665 grad=  6.6002e-03
  clickAmp=     0.44644 grad=  3.8174e-02
  clickDecay=  -394.04446 grad= -2.4144e-03
  noiseCutoff=  3919.89795 grad= -1.8662e-01
  noiseAmp=     0.00761 grad= -1.2275e+01
  noiseDecay=   -26.69385 grad=  4.5526e-01
  drive=     3.44252 grad= -1.2448e-02
  outGain=     0.23568 grad= -4.9191e-02
  bodyAsymmetry=    -0.03412 grad=  1.0637e+00
  bodyHarmonic=    -0.48340 grad= -6.9355e-03
  ampCurve=     0.00000 grad=  2.4084e-04
epoch=40 loss=2.457201
  fStart=   246.82578 grad=  2.7395e+00
  fEnd=    47.14277 grad=  3.0273e+00
  pitchDecay=   -34.29903 grad= -2.1661e+00
  bodyAmp=     0.96627 grad= -2.8010e-02
  ampDecay=   -13.00091 grad= -1.9348e-02
  clickFreq=   450.69324 grad= -3.7269e-02
  clickAmp=     0.52020 grad= -9.6990e-02
  clickDecay=  -424.75568 grad=  3.2731e-03
  noiseCutoff=  3979.26245 grad= -2.4246e-01
  noiseAmp=     0.00710 grad= -1.9491e+01
  noiseDecay=   -21.23552 grad=  5.1835e-01
  drive=     3.45559 grad= -6.2506e-02
  outGain=     0.17434 grad= -1.3455e+00
  bodyAsymmetry=    -0.04497 grad= -7.6227e-01
  bodyHarmonic=    -0.41504 grad=  3.0288e-02
  ampCurve=     0.00000 grad= -6.2694e-03
epoch=50 loss=2.377963
  fStart=   246.47260 grad= -9.6203e-01
  fEnd=    47.09772 grad= -1.8460e+00
  pitchDecay=   -34.33790 grad=  9.0976e-01
  bodyAmp=     1.00000 grad= -8.1593e-02
  ampDecay=   -12.82124 grad= -2.1352e-02
  clickFreq=   460.96793 grad= -4.6256e-02
  clickAmp=     0.61837 grad= -2.2529e-02
  clickDecay=  -422.25122 grad=  6.5415e-03
  noiseCutoff=  4038.64380 grad= -1.7159e-01
  noiseAmp=     0.00694 grad= -1.0582e+01
  noiseDecay=   -17.38267 grad=  3.7173e-01
  drive=     3.47754 grad= -4.8586e-02
  outGain=     0.15537 grad= -1.0854e+00
  bodyAsymmetry=    -0.04315 grad=  3.4332e-01
  bodyHarmonic=    -0.41705 grad=  4.7607e-02
  ampCurve=     0.00000 grad= -6.0916e-03
epoch=60 loss=2.390011
  fStart=   246.78789 grad=  7.3040e-01
  fEnd=    47.15846 grad=  1.8723e+00
  pitchDecay=   -34.28672 grad= -4.3605e-01
  bodyAmp=     1.00000 grad=  5.3682e-02
  ampDecay=   -12.57900 grad=  3.5461e-03
  clickFreq=   480.56891 grad= -4.9230e-03
  clickAmp=     0.71881 grad=  3.6144e-02
  clickDecay=  -378.49902 grad=  8.5056e-04
  noiseCutoff=  4086.28516 grad= -3.6919e-01
  noiseAmp=     0.00337 grad= -7.0493e+01
  noiseDecay=   -15.05228 grad=  5.6526e-01
  drive=     3.50338 grad= -4.5124e-02
  outGain=     0.17009 grad= -1.1906e+00
  bodyAsymmetry=    -0.04910 grad=  6.6161e-01
  bodyHarmonic=    -0.49067 grad=  3.3700e-02
  ampCurve=     0.00000 grad=  1.1168e-03
epoch=70 loss=2.340485
  fStart=   246.74187 grad=  1.7208e+00
  fEnd=    47.10412 grad=  3.1418e+00
  pitchDecay=   -34.28773 grad= -1.3198e+00
  bodyAmp=     0.99086 grad=  8.9267e-03
  ampDecay=   -12.49487 grad=  1.6664e-03
  clickFreq=   500.54297 grad= -1.7554e-02
  clickAmp=     0.75642 grad= -6.3344e-03
  clickDecay=  -343.43582 grad= -1.5745e-03
  noiseCutoff=  4197.77930 grad=  1.4168e-01
  noiseAmp=     0.00555 grad=  4.1565e+01
  noiseDecay=   -13.37928 grad= -3.2705e-01
  drive=     3.50725 grad=  6.6900e-02
  outGain=     0.17691 grad=  1.8642e+00
  bodyAsymmetry=    -0.05966 grad= -3.2521e-01
  bodyHarmonic=    -0.53560 grad= -2.3597e-02
  ampCurve=    -0.01622 grad=  2.9120e-03
epoch=80 loss=2.350998
  fStart=   246.92525 grad=  3.1504e+00
  fEnd=    47.09120 grad=  5.6136e+00
  pitchDecay=   -34.25769 grad= -2.4394e+00
  bodyAmp=     0.97505 grad= -8.4768e-02
  ampDecay=   -12.45319 grad= -1.5260e-02
  clickFreq=   517.85675 grad=  5.5220e-02
  clickAmp=     0.76811 grad= -1.7149e-02
  clickDecay=  -309.98447 grad= -6.4674e-03
  noiseCutoff=  4331.38623 grad=  2.3060e-01
  noiseAmp=     0.00581 grad=  5.4856e+01
  noiseDecay=   -12.46528 grad= -5.2616e-01
  drive=     3.50083 grad=  6.3706e-02
  outGain=     0.15697 grad=  2.0551e+00
  bodyAsymmetry=    -0.06141 grad= -3.1750e-01
  bodyHarmonic=    -0.55051 grad= -1.5949e-02
  ampCurve=    -0.03827 grad= -1.9809e-03
epoch=90 loss=2.327691
  fStart=   246.86980 grad=  3.9213e-01
  fEnd=    47.06713 grad=  4.3391e-01
  pitchDecay=   -34.24947 grad= -2.5531e-01
  bodyAmp=     1.00000 grad=  3.6290e-02
  ampDecay=   -12.31884 grad= -5.2141e-04
  clickFreq=   509.22946 grad= -7.2238e-02
  clickAmp=     0.78725 grad= -7.3835e-03
  clickDecay=  -305.04620 grad=  2.2515e-03
  noiseCutoff=  4474.82861 grad= -3.6648e-01
  noiseAmp=     0.00257 grad= -8.8262e+01
  noiseDecay=   -12.04261 grad=  4.4137e-01
  drive=     3.50612 grad= -5.5928e-02
  outGain=     0.14992 grad= -1.6407e+00
  bodyAsymmetry=    -0.05849 grad= -8.8110e-03
  bodyHarmonic=    -0.57159 grad=  6.9721e-03
  ampCurve=     0.00000 grad=  2.2146e-04
epoch=100 loss=2.423453
  fStart=   246.73305 grad= -3.0602e-01
  fEnd=    47.07999 grad= -7.8018e-01
  pitchDecay=   -34.24279 grad=  3.2490e-01
  bodyAmp=     1.00000 grad=  3.5231e-02
  ampDecay=   -12.23483 grad= -1.2777e-03
  clickFreq=   513.54553 grad= -5.3203e-03
  clickAmp=     0.79505 grad=  5.4156e-03
  clickDecay=  -315.40668 grad=  4.9137e-03
  noiseCutoff=  4592.39746 grad= -4.5647e-01
  noiseAmp=     0.00193 grad= -1.7695e+02
  noiseDecay=   -12.19788 grad=  6.2179e-01
  drive=     3.49858 grad= -8.6143e-02
  outGain=     0.14294 grad= -2.7288e+00
  bodyAsymmetry=    -0.05598 grad=  3.0839e-01
  bodyHarmonic=    -0.56320 grad=  2.3154e-02
  ampCurve=    -0.00977 grad= -4.7167e-04
epoch=110 loss=2.313797
  fStart=   246.80872 grad=  1.1175e+00
  fEnd=    47.13071 grad=  2.5270e+00
  pitchDecay=   -34.22133 grad= -7.6307e-01
  bodyAmp=     1.00000 grad= -5.5964e-02
  ampDecay=   -12.16786 grad= -5.5335e-03
  clickFreq=   513.70453 grad=  2.3216e-02
  clickAmp=     0.80539 grad=  9.9341e-03
  clickDecay=  -321.53137 grad= -3.9846e-03
  noiseCutoff=  4731.45703 grad=  1.4174e-01
  noiseAmp=     0.00496 grad=  5.1604e+01
  noiseDecay=   -12.21667 grad= -4.0926e-01
  drive=     3.49613 grad=  5.9485e-02
  outGain=     0.15064 grad=  1.8801e+00
  bodyAsymmetry=    -0.05896 grad=  1.2583e-01
  bodyHarmonic=    -0.56009 grad= -9.9915e-03
  ampCurve=    -0.03384 grad=  1.0499e-03
epoch=120 loss=2.358810
  fStart=   246.63872 grad=  2.4630e-01
  fEnd=    47.10305 grad=  2.6856e-01
  pitchDecay=   -34.23384 grad= -2.1186e-01
  bodyAmp=     1.00000 grad= -6.0918e-02
  ampDecay=   -12.09908 grad= -5.8847e-03
  clickFreq=   514.52771 grad=  1.1183e-02
  clickAmp=     0.82020 grad= -2.1232e-02
  clickDecay=  -322.65640 grad= -6.5657e-03
  noiseCutoff=  4874.07617 grad=  3.0214e-01
  noiseAmp=     0.00553 grad=  7.1764e+01
  noiseDecay=   -12.18439 grad= -6.7426e-01
  drive=     3.49549 grad=  9.1200e-02
  outGain=     0.15149 grad=  2.8759e+00
  bodyAsymmetry=    -0.06328 grad= -4.5777e-01
  bodyHarmonic=    -0.57248 grad= -2.7310e-02
  ampCurve=    -0.06617 grad=  1.7015e-03
epoch=130 loss=2.314111
  fStart=   246.67329 grad= -8.7670e-01
  fEnd=    47.08607 grad= -1.3295e+00
  pitchDecay=   -34.22707 grad=  6.6823e-01
  bodyAmp=     1.00000 grad=  3.2076e-02
  ampDecay=   -12.03461 grad=  2.7405e-04
  clickFreq=   513.37683 grad= -2.9305e-02
  clickAmp=     0.83435 grad= -7.6433e-03
  clickDecay=  -335.24826 grad=  2.7632e-03
  noiseCutoff=  4991.96045 grad= -3.6136e-01
  noiseAmp=     0.00258 grad= -8.9898e+01
  noiseDecay=   -12.33320 grad=  4.7010e-01
  drive=     3.49002 grad= -5.8999e-02
  outGain=     0.14076 grad= -1.8842e+00
  bodyAsymmetry=    -0.06050 grad=  2.9955e-02
  bodyHarmonic=    -0.57752 grad=  1.4595e-02
  ampCurve=    -0.11720 grad=  8.2160e-04
epoch=140 loss=2.386576
  fStart=   246.63930 grad= -2.9022e-01
  fEnd=    47.09473 grad=  3.1582e-01
  pitchDecay=   -34.23423 grad=  2.1589e-01
  bodyAmp=     1.00000 grad=  3.8158e-02
  ampDecay=   -11.98221 grad=  4.0978e-04
  clickFreq=   515.47858 grad=  4.5703e-03
  clickAmp=     0.84649 grad=  5.2819e-03
  clickDecay=  -342.80771 grad=  5.7590e-03
  noiseCutoff=  5111.89160 grad= -4.4377e-01
  noiseAmp=     0.00202 grad= -1.6350e+02
  noiseDecay=   -12.43909 grad=  6.2047e-01
  drive=     3.48439 grad= -8.2506e-02
  outGain=     0.13775 grad= -2.7679e+00
  bodyAsymmetry=    -0.05892 grad=  2.6821e-01
  bodyHarmonic=    -0.57340 grad=  2.8628e-02
  ampCurve=    -0.18719 grad=  3.2496e-04
epoch=150 loss=2.308251
  fStart=   246.91348 grad=  1.8234e+00
  fEnd=    47.10531 grad=  2.6959e+00
  pitchDecay=   -34.21631 grad= -1.3382e+00
  bodyAmp=     1.00000 grad= -6.3468e-02
  ampDecay=   -11.93064 grad= -4.6738e-03
  clickFreq=   514.43793 grad=  9.4341e-03
  clickAmp=     0.85518 grad=  9.1602e-03
  clickDecay=  -343.47723 grad= -2.8213e-03
  noiseCutoff=  5244.30762 grad=  1.6878e-01
  noiseAmp=     0.00487 grad=  5.8584e+01
  noiseDecay=   -12.39905 grad= -4.3288e-01
  drive=     3.48188 grad=  6.5948e-02
  outGain=     0.14661 grad=  2.1465e+00
  bodyAsymmetry=    -0.06192 grad=  6.9182e-02
  bodyHarmonic=    -0.57607 grad= -1.2469e-02
  ampCurve=    -0.26080 grad=  1.6485e-03
epoch=160 loss=2.348202
  fStart=   246.87050 grad=  6.8526e-01
  fEnd=    47.09644 grad=  1.1965e+00
  pitchDecay=   -34.21682 grad= -4.6002e-01
  bodyAmp=     1.00000 grad= -6.9563e-02
  ampDecay=   -11.87756 grad= -5.9421e-03
  clickFreq=   516.14386 grad=  5.6076e-03
  clickAmp=     0.86200 grad= -1.7237e-02
  clickDecay=  -341.13400 grad= -5.3246e-03
  noiseCutoff=  5360.88086 grad=  3.0214e-01
  noiseAmp=     0.00540 grad=  7.4733e+01
  noiseDecay=   -12.44059 grad= -6.5646e-01
  drive=     3.47608 grad=  9.1838e-02
  outGain=     0.14727 grad=  2.9826e+00
  bodyAsymmetry=    -0.06533 grad= -3.8368e-01
  bodyHarmonic=    -0.58174 grad= -2.8203e-02
  ampCurve=    -0.33911 grad=  1.8556e-03
epoch=170 loss=2.293361
  fStart=   246.75610 grad= -6.0039e-01
  fEnd=    47.06054 grad= -1.7520e+00
  pitchDecay=   -34.21407 grad=  4.8920e-01
  bodyAmp=     1.00000 grad=  1.9585e-02
  ampDecay=   -11.81623 grad= -8.9077e-04
  clickFreq=   514.53851 grad= -2.6119e-02
  clickAmp=     0.87000 grad= -8.4628e-03
  clickDecay=  -347.77338 grad=  2.1248e-03
  noiseCutoff=  5456.33301 grad= -3.3828e-01
  noiseAmp=     0.00267 grad= -7.8964e+01
  noiseDecay=   -12.59645 grad=  4.5312e-01
  drive=     3.46735 grad= -5.7246e-02
  outGain=     0.13672 grad= -1.8511e+00
  bodyAsymmetry=    -0.06260 grad= -2.1582e-03
  bodyHarmonic=    -0.58072 grad=  1.4336e-02
  ampCurve=    -0.41721 grad=  6.4983e-04
epoch=180 loss=2.351518
  fStart=   246.97717 grad=  4.4091e+00
  fEnd=    47.10011 grad=  4.5678e+00
  pitchDecay=   -34.17315 grad= -3.3653e+00
  bodyAmp=     1.00000 grad=  3.0403e-02
  ampDecay=   -11.74778 grad=  1.2864e-04
  clickFreq=   517.13843 grad= -1.6880e-03
  clickAmp=     0.88136 grad=  5.3259e-03
  clickDecay=  -350.96777 grad=  5.2446e-03
  noiseCutoff=  5563.59961 grad= -4.2374e-01
  noiseAmp=     0.00216 grad= -1.4281e+02
  noiseDecay=   -12.62940 grad=  6.0269e-01
  drive=     3.46213 grad= -7.9088e-02
  outGain=     0.13340 grad= -2.7575e+00
  bodyAsymmetry=    -0.06060 grad=  2.5970e-01
  bodyHarmonic=    -0.58276 grad=  2.8500e-02
  ampCurve=    -0.48785 grad=  4.9999e-04
epoch=190 loss=2.295397
  fStart=   246.68611 grad= -2.5506e-01
  fEnd=    47.01251 grad= -5.4815e-01
  pitchDecay=   -34.20700 grad=  1.7831e-01
  bodyAmp=     1.00000 grad= -9.2795e-02
  ampDecay=   -11.67687 grad= -6.6873e-03
  clickFreq=   516.39941 grad=  2.8626e-02
  clickAmp=     0.89392 grad=  1.5306e-02
  clickDecay=  -351.69620 grad= -4.1753e-03
  noiseCutoff=  5686.25049 grad=  1.6003e-01
  noiseAmp=     0.00477 grad=  5.8297e+01
  noiseDecay=   -12.52523 grad= -3.9339e-01
  drive=     3.46073 grad=  5.7444e-02
  outGain=     0.14004 grad=  2.0892e+00
  bodyAsymmetry=    -0.06254 grad=  1.7932e-01
  bodyHarmonic=    -0.59325 grad= -1.1556e-02
  ampCurve=    -0.55645 grad=  1.3516e-03
epoch=200 loss=2.332217
  fStart=   247.07565 grad=  7.3171e-01
  fEnd=    47.09644 grad=  2.3929e+00
  pitchDecay=   -34.14653 grad= -5.3268e-01
  bodyAmp=     1.00000 grad= -8.5582e-02
  ampDecay=   -11.60021 grad= -7.0874e-03
  clickFreq=   517.39026 grad= -5.4553e-03
  clickAmp=     0.90470 grad= -2.0759e-02
  clickDecay=  -358.93558 grad= -3.0714e-03
  noiseCutoff=  5793.21143 grad=  2.7945e-01
  noiseAmp=     0.00524 grad=  7.5043e+01
  noiseDecay=   -12.50598 grad= -6.1445e-01
  drive=     3.45802 grad=  8.3620e-02
  outGain=     0.14004 grad=  2.9589e+00
  bodyAsymmetry=    -0.06741 grad= -3.6521e-01
  bodyHarmonic=    -0.59496 grad= -2.8278e-02
  ampCurve=    -0.62708 grad=  1.7127e-03
epoch=210 loss=2.274727
  fStart=   246.65471 grad= -1.8900e+00
  fEnd=    47.01572 grad= -1.8931e+00
  pitchDecay=   -34.19371 grad=  1.4413e+00
  bodyAmp=     1.00000 grad=  1.5524e-02
  ampDecay=   -11.52476 grad= -1.4915e-03
  clickFreq=   516.89191 grad= -2.2774e-02
  clickAmp=     0.91878 grad= -2.1588e-02
  clickDecay=  -361.72092 grad=  6.1607e-04
  noiseCutoff=  5881.24902 grad= -3.0790e-01
  noiseAmp=     0.00278 grad= -6.5955e+01
  noiseDecay=   -12.60906 grad=  4.1761e-01
  drive=     3.45214 grad= -5.4332e-02
  outGain=     0.13002 grad= -1.8537e+00
  bodyAsymmetry=    -0.06674 grad= -2.1594e-01
  bodyHarmonic=    -0.59464 grad=  1.4548e-02
  ampCurve=    -0.70670 grad=  7.1073e-04
epoch=220 loss=2.316650
  fStart=   246.93761 grad=  2.5576e+00
  fEnd=    47.05829 grad=  1.9962e+00
  pitchDecay=   -34.13782 grad= -1.8853e+00
  bodyAmp=     1.00000 grad=  2.1269e-02
  ampDecay=   -11.44739 grad=  4.9527e-04
  clickFreq=   517.06689 grad= -1.4064e-02
  clickAmp=     0.93385 grad=  3.0225e-03
  clickDecay=  -373.09357 grad=  5.7791e-03
  noiseCutoff=  5979.71338 grad= -3.9500e-01
  noiseAmp=     0.00233 grad= -1.2013e+02
  noiseDecay=   -12.60785 grad=  5.6356e-01
  drive=     3.44964 grad= -7.4210e-02
  outGain=     0.12670 grad= -2.7413e+00
  bodyAsymmetry=    -0.06299 grad=  2.3058e-01
  bodyHarmonic=    -0.60023 grad=  2.8650e-02
  ampCurve=    -0.78497 grad=  8.6177e-04
epoch=230 loss=2.281453
  fStart=   246.67482 grad= -7.5240e-01
  fEnd=    46.99713 grad= -9.9910e-01
  pitchDecay=   -34.15701 grad=  6.4600e-01
  bodyAmp=     1.00000 grad= -1.0829e-01
  ampDecay=   -11.37268 grad= -7.1143e-03
  clickFreq=   520.08588 grad=  4.8793e-02
  clickAmp=     0.95123 grad=  2.6099e-02
  clickDecay=  -371.11978 grad= -6.0303e-03
  noiseCutoff=  6092.43848 grad=  1.4244e-01
  noiseAmp=     0.00465 grad=  5.7387e+01
  noiseDecay=   -12.50032 grad= -3.6442e-01
  drive=     3.45040 grad=  5.3157e-02
  outGain=     0.13252 grad=  2.0269e+00
  bodyAsymmetry=    -0.06353 grad=  3.2571e-01
  bodyHarmonic=    -0.61068 grad= -6.9019e-03
  ampCurve=    -0.86423 grad=  1.4311e-03
epoch=240 loss=2.309425
  fStart=   246.69893 grad= -6.9090e-01
  fEnd=    46.97929 grad= -1.3916e+00
  pitchDecay=   -34.13931 grad=  6.5148e-01
  bodyAmp=     1.00000 grad= -1.1578e-01
  ampDecay=   -11.29433 grad= -8.3185e-03
  clickFreq=   517.63257 grad=  1.1254e-03
  clickAmp=     0.96230 grad=  3.2373e-03
  clickDecay=  -383.76425 grad= -3.3595e-03
  noiseCutoff=  6190.98975 grad=  2.4791e-01
  noiseAmp=     0.00507 grad=  7.2098e+01
  noiseDecay=   -12.47375 grad= -5.4538e-01
  drive=     3.44956 grad=  7.3223e-02
  outGain=     0.13179 grad=  2.7752e+00
  bodyAsymmetry=    -0.06735 grad=  1.9756e-02
  bodyHarmonic=    -0.61591 grad= -2.2844e-02
  ampCurve=    -0.94472 grad=  1.5476e-03
epoch=250 loss=2.256860
  fStart=   246.66953 grad= -6.8061e-01
  fEnd=    46.97376 grad= -1.3482e+00
  pitchDecay=   -34.12533 grad=  6.0416e-01
  bodyAmp=     1.00000 grad=  1.1962e-02
  ampDecay=   -11.21396 grad= -1.3274e-03
  clickFreq=   518.93994 grad= -3.1928e-02
  clickAmp=     0.97552 grad= -3.5393e-02
  clickDecay=  -388.92944 grad=  2.0661e-03
  noiseCutoff=  6274.15479 grad= -2.7903e-01
  noiseAmp=     0.00290 grad= -5.2826e+01
  noiseDecay=   -12.53396 grad=  3.6872e-01
  drive=     3.44693 grad= -5.1000e-02
  outGain=     0.12321 grad= -1.7851e+00
  bodyAsymmetry=    -0.07094 grad= -4.1438e-01
  bodyHarmonic=    -0.61965 grad=  1.3368e-03
  ampCurve=    -1.02634 grad=  1.1607e-03
epoch=260 loss=2.285578
  fStart=   246.58238 grad= -3.5454e-01
  fEnd=    46.98543 grad= -8.6976e-01
  pitchDecay=   -34.12060 grad=  3.8205e-01
  bodyAmp=     1.00000 grad=  1.4950e-02
  ampDecay=   -11.13878 grad= -8.1112e-05
  clickFreq=   518.31281 grad= -2.0062e-02
  clickAmp=     0.99090 grad= -1.6384e-02
  clickDecay=  -394.72281 grad=  3.4983e-03
  noiseCutoff=  6365.91211 grad= -3.5766e-01
  noiseAmp=     0.00252 grad= -9.6146e+01
  noiseDecay=   -12.52628 grad=  5.0633e-01
  drive=     3.44644 grad= -7.0591e-02
  outGain=     0.12033 grad= -2.6542e+00
  bodyAsymmetry=    -0.06908 grad= -9.5436e-02
  bodyHarmonic=    -0.62373 grad=  1.4530e-02
  ampCurve=    -1.11027 grad=  1.0538e-03
epoch=270 loss=2.266265
  fStart=   246.51279 grad= -4.3856e-01
  fEnd=    46.99671 grad= -4.4210e-01
  pitchDecay=   -34.12054 grad=  3.5474e-01
  bodyAmp=     1.00000 grad= -1.0911e-01
  ampDecay=   -11.06358 grad= -7.6763e-03
  clickFreq=   520.02515 grad=  1.8980e-02
  clickAmp=     1.00549 grad=  1.3757e-02
  clickDecay=  -401.65732 grad= -3.7748e-03
  noiseCutoff=  6467.44922 grad=  1.2049e-01
  noiseAmp=     0.00452 grad=  5.5259e+01
  noiseDecay=   -12.44051 grad= -3.2600e-01
  drive=     3.44889 grad=  4.4861e-02
  outGain=     0.12520 grad=  1.8676e+00
  bodyAsymmetry=    -0.06773 grad=  1.8619e-01
  bodyHarmonic=    -0.61426 grad= -1.1194e-02
  ampCurve=    -1.19360 grad=  1.4586e-03
epoch=280 loss=2.289407
  fStart=   246.59485 grad=  7.9227e-01
  fEnd=    46.99535 grad=  1.6415e+00
  pitchDecay=   -34.10119 grad= -5.8560e-01
  bodyAmp=     1.00000 grad= -1.1966e-01
  ampDecay=   -10.98426 grad= -8.1030e-03
  clickFreq=   520.20941 grad=  1.9954e-02
  clickAmp=     1.01760 grad=  1.1287e-02
  clickDecay=  -410.19614 grad= -2.5461e-03
  noiseCutoff=  6556.94141 grad=  2.1071e-01
  noiseAmp=     0.00488 grad=  6.9009e+01
  noiseDecay=   -12.41620 grad= -4.8486e-01
  drive=     3.44973 grad=  6.6166e-02
  outGain=     0.12483 grad=  2.6166e+00
  bodyAsymmetry=    -0.06905 grad=  1.4529e-01
  bodyHarmonic=    -0.60839 grad= -1.0551e-02
  ampCurve=    -1.27626 grad=  1.7059e-03
epoch=290 loss=2.241637
  fStart=   246.60425 grad= -3.1537e-01
  fEnd=    46.96613 grad= -6.4818e-01
  pitchDecay=   -34.08202 grad=  3.2684e-01
  bodyAmp=     1.00000 grad= -1.6353e-02
  ampDecay=   -10.90748 grad= -1.7028e-03
  clickFreq=   520.00208 grad= -1.0142e-02
  clickAmp=     1.02946 grad= -9.0037e-03
  clickDecay=  -413.13135 grad=  2.2638e-03
  noiseCutoff=  6632.92920 grad= -2.4949e-01
  noiseAmp=     0.00303 grad= -4.0613e+01
  noiseDecay=   -12.46243 grad=  3.2160e-01
  drive=     3.44833 grad= -4.3112e-02
  outGain=     0.11743 grad= -1.6172e+00
  bodyAsymmetry=    -0.07102 grad= -4.1001e-02
  bodyHarmonic=    -0.61636 grad=  1.0641e-02
  ampCurve=    -1.36207 grad=  1.4011e-03
epoch=300 loss=2.260299
  fStart=   246.57263 grad=  2.7538e-01
  fEnd=    46.96766 grad=  3.5778e-01
  pitchDecay=   -34.06588 grad= -1.5050e-01
  bodyAmp=     1.00000 grad=  4.4284e-05
  ampDecay=   -10.83421 grad= -5.1907e-04
  clickFreq=   520.60199 grad= -1.7616e-02
  clickAmp=     1.04109 grad= -1.4405e-02
  clickDecay=  -411.47302 grad=  6.2770e-03
  noiseCutoff=  6715.90527 grad= -3.1773e-01
  noiseAmp=     0.00271 grad= -7.4171e+01
  noiseDecay=   -12.45045 grad=  4.4598e-01
  drive=     3.44895 grad= -6.2637e-02
  outGain=     0.11498 grad= -2.4350e+00
  bodyAsymmetry=    -0.07172 grad= -6.1396e-02
  bodyHarmonic=    -0.62094 grad=  1.7163e-02
  ampCurve=    -1.44900 grad=  1.3851e-03
epoch=310 loss=2.251983
  fStart=   246.51361 grad= -2.0923e-01
  fEnd=    46.96457 grad= -2.6131e-01
  pitchDecay=   -34.05775 grad=  1.5250e-01
  bodyAmp=     1.00000 grad= -1.0605e-01
  ampDecay=   -10.76427 grad= -7.2262e-03
  clickFreq=   521.25580 grad=  1.0726e-02
  clickAmp=     1.05316 grad=  4.1118e-03
  clickDecay=  -406.37604 grad= -4.0009e-03
  noiseCutoff=  6806.78369 grad=  8.7345e-02
  noiseAmp=     0.00439 grad=  5.0656e+01
  noiseDecay=   -12.37615 grad= -2.7171e-01
  drive=     3.45185 grad=  3.5011e-02
  outGain=     0.11864 grad=  1.5978e+00
  bodyAsymmetry=    -0.07178 grad=  3.1445e-02
  bodyHarmonic=    -0.62188 grad= -9.8201e-03
  ampCurve=    -1.53520 grad=  1.6622e-03
epoch=320 loss=2.269277
  fStart=   246.51537 grad= -7.3926e-02
  fEnd=    46.96126 grad= -2.2795e-02
  pitchDecay=   -34.04828 grad=  6.5153e-02
  bodyAmp=     1.00000 grad= -1.2491e-01
  ampDecay=   -10.69400 grad= -8.3256e-03
  clickFreq=   521.39398 grad=  1.1368e-02
  clickAmp=     1.06296 grad=  4.7694e-03
  clickDecay=  -411.22958 grad= -4.4889e-03
  noiseCutoff=  6888.49805 grad=  1.6712e-01
  noiseAmp=     0.00468 grad=  6.3664e+01
  noiseDecay=   -12.34223 grad= -4.0760e-01
  drive=     3.45402 grad=  5.1570e-02
  outGain=     0.11812 grad=  2.2848e+00
  bodyAsymmetry=    -0.07234 grad=  2.7696e-02
  bodyHarmonic=    -0.62230 grad= -1.3102e-02
  ampCurve=    -1.61908 grad=  1.7553e-03
epoch=330 loss=2.229806
  fStart=   246.51302 grad=  3.9509e-01
  fEnd=    46.96005 grad=  5.0132e-01
  pitchDecay=   -34.04125 grad= -2.4590e-01
  bodyAmp=     1.00000 grad= -2.9821e-02
  ampDecay=   -10.62448 grad= -1.9215e-03
  clickFreq=   521.62476 grad= -9.8489e-03
  clickAmp=     1.07224 grad= -8.5370e-03
  clickDecay=  -415.70044 grad=  2.9329e-03
  noiseCutoff=  6958.65918 grad= -2.1996e-01
  noiseAmp=     0.00316 grad= -2.8730e+01
  noiseDecay=   -12.36224 grad=  2.6780e-01
  drive=     3.45501 grad= -3.7556e-02
  outGain=     0.11214 grad= -1.4342e+00
  bodyAsymmetry=    -0.07310 grad= -2.6054e-02
  bodyHarmonic=    -0.62445 grad=  1.1426e-02
  ampCurve=    -1.70192 grad=  1.6005e-03
epoch=340 loss=2.240301
  fStart=   246.47130 grad= -1.8900e-01
  fEnd=    46.95576 grad= -4.5762e-01
  pitchDecay=   -34.03888 grad=  2.1794e-01
  bodyAmp=     1.00000 grad= -1.8814e-02
  ampDecay=   -10.55975 grad= -8.6582e-04
  clickFreq=   521.77252 grad= -1.4406e-02
  clickAmp=     1.08191 grad= -9.7427e-03
  clickDecay=  -417.80850 grad=  3.4140e-03
  noiseCutoff=  7032.49854 grad= -2.7802e-01
  noiseAmp=     0.00291 grad= -5.3463e+01
  noiseDecay=   -12.34860 grad=  3.7202e-01
  drive=     3.45704 grad= -5.3420e-02
  outGain=     0.11015 grad= -2.1299e+00
  bodyAsymmetry=    -0.07347 grad= -2.6310e-02
  bodyHarmonic=    -0.62783 grad=  1.2730e-02
  ampCurve=    -1.78369 grad=  1.6044e-03
epoch=350 loss=2.240740
  fStart=   246.44168 grad= -5.9616e-01
  fEnd=    46.95608 grad= -8.4186e-01
  pitchDecay=   -34.03549 grad=  4.5931e-01
  bodyAmp=     1.00000 grad= -1.0587e-01
  ampDecay=   -10.49919 grad= -6.5258e-03
  clickFreq=   522.45093 grad=  8.8565e-03
  clickAmp=     1.09188 grad=  1.9336e-03
  clickDecay=  -419.43637 grad= -2.9878e-03
  noiseCutoff=  7111.06738 grad=  6.3671e-02
  noiseAmp=     0.00427 grad=  4.6999e+01
  noiseDecay=   -12.29481 grad= -2.3005e-01
  drive=     3.46032 grad=  2.7946e-02
  outGain=     0.11332 grad=  1.3924e+00
  bodyAsymmetry=    -0.07348 grad=  2.5073e-02
  bodyHarmonic=    -0.63189 grad= -9.1466e-03
  ampCurve=    -1.86297 grad=  1.8807e-03
epoch=360 loss=2.252114
  fStart=   246.44791 grad=  2.0800e-01
  fEnd=    46.96181 grad=  5.3322e-01
  pitchDecay=   -34.02956 grad= -1.9688e-01
  bodyAmp=     1.00000 grad= -1.2177e-01
  ampDecay=   -10.44134 grad= -7.7536e-03
  clickFreq=   523.02527 grad=  1.4673e-02
  clickAmp=     1.10042 grad=  2.5668e-03
  clickDecay=  -422.48462 grad= -3.4351e-03
  noiseCutoff=  7180.70117 grad=  1.2227e-01
  noiseAmp=     0.00449 grad=  5.7249e+01
  noiseDecay=   -12.27671 grad= -3.3017e-01
  drive=     3.46268 grad=  3.9870e-02
  outGain=     0.11268 grad=  1.9272e+00
  bodyAsymmetry=    -0.07396 grad=  2.0407e-02
  bodyHarmonic=    -0.63425 grad= -1.0833e-02
  ampCurve=    -1.94112 grad=  1.8673e-03
epoch=370 loss=2.221455
  fStart=   246.44498 grad=  9.2558e-01
  fEnd=    46.96324 grad=  1.2463e+00
  pitchDecay=   -34.02668 grad= -6.7190e-01
  bodyAmp=     1.00000 grad= -4.2872e-02
  ampDecay=   -10.38617 grad= -2.3061e-03
  clickFreq=   522.81451 grad= -9.9113e-03
  clickAmp=     1.10851 grad= -7.0983e-03
  clickDecay=  -422.55090 grad=  1.6289e-03
  noiseCutoff=  7241.07959 grad= -1.9189e-01
  noiseAmp=     0.00329 grad= -1.8268e+01
  noiseDecay=   -12.29273 grad=  2.1764e-01
  drive=     3.46412 grad= -3.1972e-02
  outGain=     0.10787 grad= -1.2373e+00
  bodyAsymmetry=    -0.07457 grad= -2.7811e-02
  bodyHarmonic=    -0.63373 grad=  1.1357e-02
  ampCurve=    -2.01736 grad=  1.7289e-03
epoch=380 loss=2.225580
  fStart=   246.42570 grad=  7.0245e-02
  fEnd=    46.95771 grad=  1.1833e-01
  pitchDecay=   -34.02619 grad= -9.7847e-04
  bodyAmp=     1.00000 grad= -3.2931e-02
  ampDecay=   -10.33484 grad= -1.2276e-03
  clickFreq=   522.85742 grad= -1.4995e-02
  clickAmp=     1.11608 grad= -7.3245e-03
  clickDecay=  -424.48071 grad=  2.1755e-03
  noiseCutoff=  7303.07275 grad= -2.3277e-01
  noiseAmp=     0.00309 grad= -3.4478e+01
  noiseDecay=   -12.28164 grad=  2.9377e-01
  drive=     3.46624 grad= -4.2605e-02
  outGain=     0.10675 grad= -1.7238e+00
  bodyAsymmetry=    -0.07493 grad= -2.7641e-02
  bodyHarmonic=    -0.63573 grad=  1.1323e-02
  ampCurve=    -2.08987 grad=  1.8459e-03
epoch=390 loss=2.211541
  fStart=   246.40244 grad= -5.5968e-01
  fEnd=    46.95415 grad= -7.1660e-01
  pitchDecay=   -34.02495 grad=  4.6622e-01
  bodyAmp=     1.00000 grad= -3.1631e-02
  ampDecay=   -10.29909 grad=  4.5268e-03
  clickFreq=   523.34753 grad=  6.8634e-03
  clickAmp=     1.12209 grad=  8.3913e-03
  clickDecay=  -423.02106 grad= -1.5577e-03
  noiseCutoff=  7388.54590 grad= -1.1609e-01
  noiseAmp=     0.00324 grad=  6.6321e+00
  noiseDecay=   -12.12936 grad=  7.5097e-02
  drive=     3.47154 grad= -2.0917e-04
  outGain=     0.11556 grad=  8.3130e-02
  bodyAsymmetry=    -0.07602 grad=  2.5004e-02
  bodyHarmonic=    -0.64241 grad= -4.5691e-03
  ampCurve=    -2.16528 grad=  4.2129e-03
epoch=400 loss=2.205856
  fStart=   246.40256 grad= -2.6265e-01
  fEnd=    46.95467 grad= -2.4039e-01
  pitchDecay=   -34.01893 grad=  2.3252e-01
  bodyAmp=     1.00000 grad= -4.7077e-03
  ampDecay=   -10.32512 grad=  8.4947e-03
  clickFreq=   522.32739 grad=  4.4689e-03
  clickAmp=     1.11375 grad=  1.5183e-02
  clickDecay=  -425.36758 grad= -3.3992e-03
  noiseCutoff=  7503.07373 grad= -1.4211e-01
  noiseAmp=     0.00284 grad= -6.7458e-01
  noiseDecay=   -11.83805 grad=  9.8708e-02
  drive=     3.47657 grad=  2.9592e-03
  outGain=     0.12120 grad=  1.0224e-01
  bodyAsymmetry=    -0.07612 grad=  2.1651e-02
  bodyHarmonic=    -0.64378 grad= -3.7337e-03
  ampCurve=    -2.28338 grad=  5.0500e-03
epoch=410 loss=2.204860
  fStart=   246.39856 grad=  7.7047e-01
  fEnd=    46.95546 grad=  7.7302e-01
  pitchDecay=   -34.01279 grad= -5.2295e-01
  bodyAmp=     1.00000 grad=  2.7588e-02
  ampDecay=   -10.38830 grad=  9.5585e-03
  clickFreq=   520.78247 grad= -5.5361e-03
  clickAmp=     1.09237 grad=  9.8075e-05
  clickDecay=  -438.02014 grad=  6.2381e-03
  noiseCutoff=  7618.79541 grad= -2.1920e-01
  noiseAmp=     0.00240 grad= -3.4471e+01
  noiseDecay=   -11.57607 grad=  2.1770e-01
  drive=     3.47801 grad= -1.5794e-02
  outGain=     0.12313 grad= -6.1078e-01
  bodyAsymmetry=    -0.07602 grad= -4.9500e-02
  bodyHarmonic=    -0.64108 grad=  1.1139e-03
  ampCurve=    -2.42116 grad=  4.8461e-03
epoch=420 loss=2.201598
  fStart=   246.35721 grad=  2.4059e-01
  fEnd=    46.95649 grad=  2.5664e-01
  pitchDecay=   -34.00919 grad= -1.2381e-01
  bodyAmp=     1.00000 grad= -5.9790e-02
  ampDecay=   -10.43955 grad= -5.2522e-03
  clickFreq=   519.78912 grad= -7.6560e-03
  clickAmp=     1.07845 grad=  3.6134e-04
  clickDecay=  -435.53568 grad=  2.7347e-03
  noiseCutoff=  7716.51758 grad= -6.6553e-02
  noiseAmp=     0.00297 grad=  2.6640e+01
  noiseDecay=   -11.42901 grad= -5.7427e-02
  drive=     3.47715 grad=  5.6362e-03
  outGain=     0.11628 grad=  2.7885e-01
  bodyAsymmetry=    -0.07267 grad=  3.1225e-02
  bodyHarmonic=    -0.63538 grad=  6.6771e-03
  ampCurve=    -2.53777 grad=  1.1186e-03
epoch=430 loss=2.195742
  fStart=   246.32784 grad=  1.2391e-01
  fEnd=    46.95766 grad=  3.2018e-01
  pitchDecay=   -34.00525 grad= -8.6480e-02
  bodyAmp=     1.00000 grad= -2.9018e-02
  ampDecay=   -10.44013 grad= -1.4849e-03
  clickFreq=   521.01550 grad= -1.2016e-02
  clickAmp=     1.07306 grad=  1.4549e-03
  clickDecay=  -425.52664 grad=  3.0401e-03
  noiseCutoff=  7799.11279 grad= -1.6101e-01
  noiseAmp=     0.00256 grad= -8.2474e+00
  noiseDecay=   -11.35698 grad=  1.0825e-01
  drive=     3.47757 grad= -1.3968e-02
  outGain=     0.11770 grad= -5.2253e-01
  bodyAsymmetry=    -0.07289 grad=  1.9545e-02
  bodyHarmonic=    -0.64400 grad=  9.6446e-03
  ampCurve=    -2.60145 grad=  1.7030e-03
epoch=440 loss=2.208979
  fStart=   246.32961 grad=  7.1047e-01
  fEnd=    46.95457 grad=  6.4518e-01
  pitchDecay=   -34.00081 grad= -4.8057e-01
  bodyAmp=     1.00000 grad=  4.3796e-02
  ampDecay=   -10.43888 grad=  9.8907e-03
  clickFreq=   521.54791 grad=  9.2187e-03
  clickAmp=     1.06566 grad=  4.9499e-03
  clickDecay=  -420.18283 grad= -7.4982e-04
  noiseCutoff=  7881.73535 grad= -2.8632e-01
  noiseAmp=     0.00196 grad= -8.1909e+01
  noiseDecay=   -11.27582 grad=  3.2784e-01
  drive=     3.47855 grad= -3.2130e-02
  outGain=     0.12557 grad= -1.2409e+00
  bodyAsymmetry=    -0.07441 grad= -7.5795e-02
  bodyHarmonic=    -0.65404 grad=  4.5925e-03
  ampCurve=    -2.65622 grad=  4.3463e-03
epoch=450 loss=2.189779
  fStart=   246.31726 grad=  2.5298e-01
  fEnd=    46.95445 grad=  4.4656e-01
  pitchDecay=   -33.99879 grad= -2.2362e-01
  bodyAmp=     0.99911 grad=  1.4372e-02
  ampDecay=   -10.47348 grad=  8.1580e-03
  clickFreq=   519.10156 grad=  2.4930e-03
  clickAmp=     1.05120 grad=  9.7196e-03
  clickDecay=  -423.02750 grad=  1.3119e-03
  noiseCutoff=  7979.09326 grad= -1.4133e-01
  noiseAmp=     0.00222 grad=  1.9765e+00
  noiseDecay=   -11.11333 grad=  5.3338e-02
  drive=     3.47999 grad=  8.3226e-03
  outGain=     0.13130 grad=  2.9804e-01
  bodyAsymmetry=    -0.07348 grad= -3.8463e-02
  bodyHarmonic=    -0.65415 grad= -7.1828e-03
  ampCurve=    -2.73247 grad=  4.5987e-03
epoch=460 loss=2.217181
  fStart=   246.31046 grad=  4.6243e-01
  fEnd=    46.95468 grad=  4.1510e-01
  pitchDecay=   -33.99808 grad= -3.2155e-01
  bodyAmp=     0.99449 grad=  3.7713e-02
  ampDecay=   -10.51622 grad=  6.1956e-03
  clickFreq=   518.14697 grad= -2.2481e-02
  clickAmp=     1.03541 grad=  3.4104e-03
  clickDecay=  -420.78574 grad=  4.9023e-03
  noiseCutoff=  8064.96826 grad= -3.2665e-01
  noiseAmp=     0.00170 grad= -1.2388e+02
  noiseDecay=   -11.00007 grad=  3.9225e-01
  drive=     3.47934 grad= -4.8736e-02
  outGain=     0.12633 grad= -1.8029e+00
  bodyAsymmetry=    -0.07188 grad=  1.7323e-02
  bodyHarmonic=    -0.64609 grad=  1.0399e-02
  ampCurve=    -2.80999 grad=  2.8056e-03
epoch=470 loss=2.186106
  fStart=   246.30423 grad=  4.1423e-01
  fEnd=    46.95583 grad=  5.2479e-01
  pitchDecay=   -33.99781 grad= -3.1735e-01
  bodyAmp=     0.99189 grad=  1.1450e-02
  ampDecay=   -10.54444 grad=  4.0438e-03
  clickFreq=   519.56165 grad=  4.4799e-03
  clickAmp=     1.02408 grad=  5.7027e-03
  clickDecay=  -412.12396 grad=  7.3814e-04
  noiseCutoff=  8153.01904 grad= -2.0159e-01
  noiseAmp=     0.00196 grad= -3.1184e+01
  noiseDecay=   -10.86428 grad=  1.4826e-01
  drive=     3.48078 grad= -1.2629e-02
  outGain=     0.12985 grad= -4.4545e-01
  bodyAsymmetry=    -0.07218 grad= -3.2495e-02
  bodyHarmonic=    -0.64236 grad=  1.4440e-03
  ampCurve=    -2.86715 grad=  2.7836e-03
epoch=480 loss=2.183273
  fStart=   246.31068 grad=  1.3581e-01
  fEnd=    46.95401 grad=  2.9082e-01
  pitchDecay=   -33.99762 grad= -1.4296e-01
  bodyAmp=     0.99169 grad= -1.2136e-02
  ampDecay=   -10.56419 grad=  1.9088e-03
  clickFreq=   519.05054 grad=  3.9613e-03
  clickAmp=     1.01351 grad=  7.3347e-03
  clickDecay=  -407.97879 grad=  9.3301e-05
  noiseCutoff=  8230.29688 grad= -1.0201e-01
  noiseAmp=     0.00212 grad=  2.2842e+01
  noiseDecay=   -10.76763 grad= -3.6088e-02
  drive=     3.48152 grad=  1.2618e-02
  outGain=     0.13211 grad=  4.7540e-01
  bodyAsymmetry=    -0.07162 grad= -3.2365e-02
  bodyHarmonic=    -0.63978 grad= -4.9771e-03
  ampCurve=    -2.91290 grad=  2.6189e-03
epoch=490 loss=2.180684
  fStart=   246.31926 grad=  3.5022e-02
  fEnd=    46.95121 grad= -2.8376e-02
  pitchDecay=   -33.99807 grad= -1.5074e-02
  bodyAmp=     0.99323 grad= -1.0075e-02
  ampDecay=   -10.57804 grad= -1.0031e-05
  clickFreq=   518.62823 grad= -1.0357e-02
  clickAmp=     1.00429 grad=  3.4051e-03
  clickDecay=  -405.10046 grad=  1.5657e-03
  noiseCutoff=  8294.24609 grad= -1.6334e-01
  noiseAmp=     0.00200 grad= -9.6315e+00
  noiseDecay=   -10.71787 grad=  7.3348e-02
  drive=     3.48115 grad= -7.4275e-03
  outGain=     0.12852 grad= -2.5311e-01
  bodyAsymmetry=    -0.07037 grad=  7.6028e-03
  bodyHarmonic=    -0.63754 grad=  3.5174e-03
  ampCurve=    -2.95071 grad=  1.7121e-03
epoch=500 loss=2.180424
  fStart=   246.32256 grad=  2.8803e-02
  fEnd=    46.95110 grad=  5.6796e-02
  pitchDecay=   -33.99839 grad= -3.1120e-02
  bodyAmp=     0.99894 grad= -2.4071e-02
  ampDecay=   -10.58064 grad= -2.3076e-03
  clickFreq=   519.52423 grad= -1.4426e-03
  clickAmp=     0.99925 grad=  4.8372e-04
  clickDecay=  -400.57684 grad=  1.6604e-03
  noiseCutoff=  8349.81738 grad= -1.0586e-01
  noiseAmp=     0.00214 grad=  1.9527e+01
  noiseDecay=   -10.68795 grad= -3.0089e-02
  drive=     3.48108 grad=  5.2357e-03
  outGain=     0.12728 grad=  1.8855e-01
  bodyAsymmetry=    -0.06982 grad= -6.6025e-03
  bodyHarmonic=    -0.63847 grad=  3.5255e-03
  ampCurve=    -2.97643 grad=  1.2427e-03
epoch=510 loss=2.178565
  fStart=   246.32114 grad= -2.1579e-02
  fEnd=    46.95141 grad= -1.0448e-01
  pitchDecay=   -33.99894 grad=  2.9727e-02
  bodyAmp=     1.00000 grad= -7.5369e-03
  ampDecay=   -10.57719 grad= -5.4273e-05
  clickFreq=   519.98077 grad=  2.6692e-03
  clickAmp=     0.99697 grad=  1.5723e-03
  clickDecay=  -395.63388 grad=  1.1234e-03
  noiseCutoff=  8398.91797 grad= -1.6503e-01
  noiseAmp=     0.00197 grad= -1.1163e+01
  noiseDecay=   -10.66854 grad=  7.5845e-02
  drive=     3.48119 grad= -8.0343e-03
  outGain=     0.12777 grad= -2.9441e-01
  bodyAsymmetry=    -0.06970 grad= -1.3969e-03
  bodyHarmonic=    -0.64226 grad=  3.8196e-03
  ampCurve=    -2.99460 grad=  1.6213e-03
epoch=520 loss=2.177204
  fStart=   246.32008 grad=  5.3299e-02
  fEnd=    46.95233 grad=  1.3743e-01
  pitchDecay=   -33.99918 grad= -6.1571e-02
  bodyAmp=     1.00000 grad= -8.3375e-03
  ampDecay=   -10.57526 grad=  1.1261e-03
  clickFreq=   519.84344 grad=  6.4581e-03
  clickAmp=     0.99495 grad=  3.2838e-03
  clickDecay=  -392.18420 grad=  5.0943e-04
  noiseCutoff=  8445.42285 grad= -1.3891e-01
  noiseAmp=     0.00198 grad=  3.0226e+00
  noiseDecay=   -10.64297 grad=  2.9894e-02
  drive=     3.48154 grad=  2.6116e-04
  outGain=     0.12989 grad=  3.4760e-02
  bodyAsymmetry=    -0.06975 grad= -1.7262e-02
  bodyHarmonic=    -0.64508 grad= -1.5602e-03
  ampCurve=    -3.01151 grad=  2.1285e-03
epoch=530 loss=2.176597
  fStart=   246.31598 grad= -1.0837e-01
  fEnd=    46.95317 grad= -9.1030e-02
  pitchDecay=   -33.99973 grad=  6.2088e-02
  bodyAmp=     1.00000 grad=  1.8158e-03
  ampDecay=   -10.57933 grad=  3.2062e-03
  clickFreq=   519.25977 grad=  6.3327e-03
  clickAmp=     0.99178 grad=  8.3843e-03
  clickDecay=  -390.00809 grad= -8.7481e-04
  noiseCutoff=  8492.29102 grad= -1.2988e-01
  noiseAmp=     0.00192 grad=  8.9471e+00
  noiseDecay=   -10.59993 grad=  8.9466e-03
  drive=     3.48220 grad=  7.8400e-03
  outGain=     0.13375 grad=  2.8155e-01
  bodyAsymmetry=    -0.06982 grad= -1.0333e-02
  bodyHarmonic=    -0.64616 grad= -3.0879e-03
  ampCurve=    -3.03062 grad=  2.7304e-03
epoch=540 loss=2.181718
  fStart=   246.31856 grad=  1.6680e-01
  fEnd=    46.95273 grad= -2.0856e-03
  pitchDecay=   -33.99995 grad= -9.0038e-02
  bodyAmp=     0.99943 grad=  2.9294e-02
  ampDecay=   -10.58731 grad=  5.1883e-03
  clickFreq=   518.59784 grad= -4.7426e-03
  clickAmp=     0.98702 grad=  3.5149e-03
  clickDecay=  -389.87625 grad=  2.4188e-03
  noiseCutoff=  8532.65430 grad= -2.3725e-01
  noiseAmp=     0.00168 grad= -6.1894e+01
  noiseDecay=   -10.57196 grad=  2.0252e-01
  drive=     3.48202 grad= -2.0470e-02
  outGain=     0.13239 grad= -7.4256e-01
  bodyAsymmetry=    -0.06941 grad= -1.0370e-02
  bodyHarmonic=    -0.64529 grad=  4.8276e-03
  ampCurve=    -3.05136 grad=  2.7064e-03
epoch=550 loss=2.175128
  fStart=   246.32056 grad=  1.5027e-01
  fEnd=    46.95322 grad=  1.7302e-01
  pitchDecay=   -33.99996 grad= -1.1432e-01
  bodyAmp=     0.99793 grad=  9.0884e-03
  ampDecay=   -10.59535 grad=  2.8377e-03
  clickFreq=   518.42847 grad= -5.5967e-03
  clickAmp=     0.98296 grad=  2.8756e-03
  clickDecay=  -388.70474 grad=  1.2794e-03
  noiseCutoff=  8570.83887 grad= -1.7497e-01
  noiseAmp=     0.00180 grad= -1.9098e+01
  noiseDecay=   -10.54081 grad=  9.0268e-02
  drive=     3.48200 grad= -6.4784e-03
  outGain=     0.13231 grad= -2.2782e-01
  bodyAsymmetry=    -0.06914 grad= -1.3889e-02
  bodyHarmonic=    -0.64477 grad=  5.5233e-04
  ampCurve=    -3.07030 grad=  2.3410e-03
epoch=560 loss=2.175138
  fStart=   246.31856 grad= -3.6669e-02
  fEnd=    46.95217 grad= -1.5348e-01
  pitchDecay=   -34.00050 grad=  4.3761e-02
  bodyAmp=     0.99773 grad=  4.8939e-03
  ampDecay=   -10.60081 grad=  1.7710e-03
  clickFreq=   518.66187 grad= -3.8885e-03
  clickAmp=     0.98004 grad=  2.8967e-03
  clickDecay=  -387.12860 grad=  1.8282e-03
  noiseCutoff=  8604.14648 grad= -1.8679e-01
  noiseAmp=     0.00178 grad= -2.7394e+01
  noiseDecay=   -10.52039 grad=  1.1312e-01
  drive=     3.48188 grad= -1.1767e-02
  outGain=     0.13140 grad= -3.9914e-01
  bodyAsymmetry=    -0.06884 grad=  1.2144e-02
  bodyHarmonic=    -0.64401 grad=  1.2745e-03
  ampCurve=    -3.08619 grad=  1.9359e-03
epoch=570 loss=2.173189
  fStart=   246.32208 grad=  8.6662e-02
  fEnd=    46.95302 grad=  1.2557e-01
  pitchDecay=   -34.00029 grad= -7.2258e-02
  bodyAmp=     0.99818 grad= -3.9949e-03
  ampDecay=   -10.60428 grad=  8.6974e-04
  clickFreq=   518.95129 grad= -1.0745e-04
  clickAmp=     0.97788 grad=  2.8633e-03
  clickDecay=  -385.19003 grad=  6.3809e-04
  noiseCutoff=  8635.73828 grad= -1.4022e-01
  noiseAmp=     0.00186 grad=  2.5953e+00
  noiseDecay=   -10.49861 grad=  2.4371e-02
  drive=     3.48202 grad=  1.0454e-03
  outGain=     0.13198 grad=  4.5637e-02
  bodyAsymmetry=    -0.06885 grad= -1.2483e-02
  bodyHarmonic=    -0.64343 grad= -1.1376e-03
  ampCurve=    -3.09932 grad=  1.8790e-03
epoch=580 loss=2.173362
  fStart=   246.32266 grad= -5.0935e-02
  fEnd=    46.95263 grad=  5.4144e-02
  pitchDecay=   -34.00051 grad=  7.7956e-03
  bodyAmp=     0.99889 grad= -1.2197e-02
  ampDecay=   -10.60680 grad= -9.8471e-05
  clickFreq=   519.01740 grad= -3.2732e-04
  clickAmp=     0.97597 grad=  2.9050e-03
  clickDecay=  -383.67825 grad=  3.4992e-04
  noiseCutoff=  8664.72656 grad= -1.1305e-01
  noiseAmp=     0.00191 grad=  1.7946e+01
  noiseDecay=   -10.48202 grad= -2.3602e-02
  drive=     3.48204 grad=  7.1489e-03
  outGain=     0.13191 grad=  2.6720e-01
  bodyAsymmetry=    -0.06869 grad= -1.3704e-02
  bodyHarmonic=    -0.64287 grad= -2.4095e-03
  ampCurve=    -3.11099 grad=  1.7142e-03
epoch=590 loss=2.172092
  fStart=   246.32349 grad= -2.9058e-02
  fEnd=    46.95242 grad= -7.4444e-02
  pitchDecay=   -34.00071 grad=  2.0323e-02
  bodyAmp=     0.99965 grad= -3.0322e-03
  ampDecay=   -10.60879 grad=  8.6274e-04
  clickFreq=   519.01019 grad=  1.0398e-03
  clickAmp=     0.97425 grad=  3.7813e-03
  clickDecay=  -382.32660 grad=  4.0487e-04
  noiseCutoff=  8692.66895 grad= -1.4433e-01
  noiseAmp=     0.00183 grad= -4.9877e-01
  noiseDecay=   -10.46595 grad=  3.2012e-02
  drive=     3.48209 grad= -7.4042e-05
  outGain=     0.13209 grad=  2.3362e-03
  bodyAsymmetry=    -0.06851 grad=  2.4958e-03
  bodyHarmonic=    -0.64251 grad= -5.4408e-04
  ampCurve=    -3.12168 grad=  1.8215e-03
epoch=599 loss=2.171786
  fStart=   246.32338 grad= -6.7563e-02
  fEnd=    46.95230 grad= -1.3857e-01
  pitchDecay=   -34.00094 grad=  5.5177e-02
  bodyAmp=     1.00000 grad= -2.1515e-03
  ampDecay=   -10.61047 grad=  9.0926e-04
  clickFreq=   518.97534 grad=  4.7541e-04
  clickAmp=     0.97263 grad=  3.1376e-03
  clickDecay=  -381.39307 grad=  5.6495e-04
  noiseCutoff=  8717.51562 grad= -1.4451e-01
  noiseAmp=     0.00182 grad= -5.0133e-01
  noiseDecay=   -10.45165 grad=  3.1122e-02
  drive=     3.48214 grad= -3.5884e-06
  outGain=     0.13231 grad=  3.8496e-03
  bodyAsymmetry=    -0.06845 grad= -7.0304e-03
  bodyHarmonic=    -0.64225 grad= -5.4707e-04
  ampCurve=    -3.13096 grad=  1.8278e-03
refine epoch=0 loss=2.171786
refine epoch=10 loss=2.171709
refine epoch=20 loss=2.171601
refine epoch=30 loss=2.171693
refine epoch=40 loss=2.171673
refine epoch=50 loss=2.171680
refine epoch=60 loss=2.171764
refine epoch=70 loss=2.171619
refine epoch=80 loss=2.171699
refine epoch=90 loss=2.171613
refine epoch=100 loss=2.171727
refine epoch=110 loss=2.171698
refine epoch=120 loss=2.171693
refine epoch=130 loss=2.171685
refine epoch=140 loss=2.171707
refine epoch=150 loss=2.171695
refine epoch=160 loss=2.171654
refine epoch=170 loss=2.171708
refine epoch=180 loss=2.171780
refine epoch=190 loss=2.171672
refine epoch=200 loss=2.171712
refine epoch=210 loss=2.171844
refine epoch=220 loss=2.171631
refine epoch=230 loss=2.171677
refine epoch=240 loss=2.171637
refine epoch=250 loss=2.171718
refine epoch=260 loss=2.171717
refine epoch=270 loss=2.171678
refine epoch=280 loss=2.171737
refine epoch=290 loss=2.171737
epoch=0 loss=3.914695
  fStart=   326.13583 grad= -9.0302e-01
  fEnd=    47.35925 grad= -3.0636e+00
  pitchDecay=   -66.69999 grad=  7.2490e-01
  bodyAmp=     0.52500 grad= -3.7330e-01
  ampDecay=   -14.00000 grad= -1.5741e-02
  clickFreq=   447.21362 grad=  1.3882e-01
  clickAmp=     0.60000 grad=  2.2788e-01
  clickDecay=  -346.41028 grad= -9.5719e-03
  noiseCutoff=  4242.64209 grad=  1.6284e+00
  noiseAmp=     0.02500 grad=  4.4394e+01
  noiseDecay=   -27.38613 grad= -2.1385e+00
  drive=     3.50000 grad=  3.0017e-01
  outGain=     0.55000 grad=  2.6887e+00
  bodyAsymmetry=     0.00000 grad=  1.2651e+00
  bodyHarmonic=     0.00000 grad=  1.1740e-02
  ampCurve=     0.00000 grad= -1.8312e-03
epoch=10 loss=3.236075
  fStart=   328.05975 grad= -1.2666e+00
  fEnd=    47.42050 grad= -2.3547e+00
  pitchDecay=   -66.28910 grad=  1.1502e+00
  bodyAmp=     0.59362 grad= -2.8269e-01
  ampDecay=   -13.71590 grad= -3.5643e-02
  clickFreq=   430.06003 grad=  3.9641e-02
  clickAmp=     0.42603 grad=  1.1233e-01
  clickDecay=  -401.08084 grad=  5.4311e-03
  noiseCutoff=  4002.97119 grad=  0.0000e+00
  noiseAmp=     0.00000 grad= -6.2863e+00
  noiseDecay=   -32.07419 grad=  0.0000e+00
  drive=     3.43424 grad= -3.4930e-02
  outGain=     0.30690 grad= -2.7392e-01
  bodyAsymmetry=    -0.05191 grad=  1.1793e+00
  bodyHarmonic=    -0.24809 grad=  1.2942e-01
  ampCurve=     0.00000 grad= -1.0418e-02
epoch=20 loss=2.676421
  fStart=   328.89426 grad=  3.5284e+00
  fEnd=    47.40394 grad=  5.6644e+00
  pitchDecay=   -66.06714 grad= -3.0401e+00
  bodyAmp=     0.72675 grad= -1.7461e-01
  ampDecay=   -13.41865 grad= -9.9353e-03
  clickFreq=   424.19482 grad=  2.2944e-02
  clickAmp=     0.34812 grad=  4.4679e-02
  clickDecay=  -395.82391 grad= -4.5683e-03
  noiseCutoff=  3965.00000 grad=  3.1559e-01
  noiseAmp=     0.01712 grad=  1.4518e+01
  noiseDecay=   -31.61443 grad= -1.1529e-01
  drive=     3.43238 grad=  3.9959e-02
  outGain=     0.30932 grad=  1.1359e+00
  bodyAsymmetry=    -0.05222 grad=  4.8885e-01
  bodyHarmonic=    -0.46909 grad= -1.6275e-02
  ampCurve=     0.00000 grad= -1.7360e-03
epoch=30 loss=2.562329
  fStart=   329.59589 grad=  1.1944e+00
  fEnd=    47.37423 grad=  2.6746e+00
  pitchDecay=   -65.91370 grad= -9.4704e-01
  bodyAmp=     0.86520 grad= -1.3345e-01
  ampDecay=   -13.18346 grad= -1.1706e-02
  clickFreq=   424.61029 grad= -1.7474e-02
  clickAmp=     0.34955 grad=  2.4480e-03
  clickDecay=  -418.47205 grad=  1.6170e-03
  noiseCutoff=  3914.15259 grad=  1.2378e-01
  noiseAmp=     0.01603 grad=  7.6994e+00
  noiseDecay=   -28.31991 grad=  1.2861e-01
  drive=     3.43205 grad=  2.5754e-03
  outGain=     0.22920 grad=  6.9779e-01
  bodyAsymmetry=    -0.03497 grad=  7.2824e-01
  bodyHarmonic=    -0.55015 grad= -3.5441e-02
  ampCurve=     0.00000 grad= -2.4915e-03
epoch=40 loss=2.467830
  fStart=   330.03308 grad= -9.6348e-02
  fEnd=    47.27375 grad=  1.2402e+00
  pitchDecay=   -65.83006 grad= -6.0532e-02
  bodyAmp=     1.00000 grad= -8.3251e-02
  ampDecay=   -12.97043 grad= -1.1118e-02
  clickFreq=   431.90033 grad= -8.4493e-03
  clickAmp=     0.43111 grad= -7.8965e-02
  clickDecay=  -427.91116 grad= -1.8829e-03
  noiseCutoff=  3916.70654 grad=  5.1400e-02
  noiseAmp=     0.01367 grad=  6.0400e+00
  noiseDecay=   -23.12280 grad=  1.7610e-01
  drive=     3.44985 grad= -1.0072e-02
  outGain=     0.18505 grad=  3.6495e-01
  bodyAsymmetry=    -0.04326 grad= -7.7759e-01
  bodyHarmonic=    -0.53776 grad= -4.1752e-02
  ampCurve=     0.00000 grad= -2.1588e-03
epoch=50 loss=2.385175
  fStart=   331.01434 grad= -2.9868e-01
  fEnd=    47.09914 grad= -1.6128e+00
  pitchDecay=   -65.66825 grad=  4.1220e-01
  bodyAmp=     1.00000 grad=  1.7439e-02
  ampDecay=   -12.78114 grad=  7.8248e-04
  clickFreq=   430.16565 grad= -2.1685e-03
  clickAmp=     0.53377 grad=  6.9867e-03
  clickDecay=  -447.39941 grad=  2.8482e-03
  noiseCutoff=  3970.52466 grad= -1.2860e-01
  noiseAmp=     0.00690 grad= -5.7986e+00
  noiseDecay=   -18.16222 grad=  3.1585e-01
  drive=     3.47786 grad= -5.4229e-03
  outGain=     0.18519 grad=  4.5474e-02
  bodyAsymmetry=    -0.04407 grad=  4.5553e-01
  bodyHarmonic=    -0.51201 grad=  3.9766e-02
  ampCurve=     0.00000 grad=  9.8324e-04
epoch=60 loss=2.338820
  fStart=   332.16714 grad= -1.1354e-01
  fEnd=    47.04309 grad=  1.1661e+00
  pitchDecay=   -65.42328 grad=  9.8874e-02
  bodyAmp=     1.00000 grad= -2.4373e-02
  ampDecay=   -12.64825 grad= -1.2122e-02
  clickFreq=   423.78622 grad= -3.0903e-02
  clickAmp=     0.61226 grad= -7.4258e-02
  clickDecay=  -446.68765 grad=  1.9031e-03
  noiseCutoff=  4072.43140 grad= -1.8533e-01
  noiseAmp=     0.00507 grad= -1.4428e+01
  noiseDecay=   -14.65617 grad=  2.7920e-01
  drive=     3.49866 grad= -4.0851e-02
  outGain=     0.15872 grad= -9.8751e-01
  bodyAsymmetry=    -0.05195 grad= -8.8019e-01
  bodyHarmonic=    -0.54909 grad=  1.9407e-02
  ampCurve=     0.00000 grad= -2.6670e-03
epoch=70 loss=2.359414
  fStart=   332.61887 grad=  7.2252e-01
  fEnd=    46.99845 grad=  1.7196e+00
  pitchDecay=   -65.29379 grad= -6.1337e-01
  bodyAmp=     1.00000 grad= -1.1482e-01
  ampDecay=   -12.47490 grad= -1.2209e-02
  clickFreq=   420.66858 grad=  5.1773e-02
  clickAmp=     0.69946 grad=  8.6773e-03
  clickDecay=  -413.85101 grad=  1.6152e-03
  noiseCutoff=  4166.43066 grad=  1.8603e-01
  noiseAmp=     0.00667 grad=  3.9449e+01
  noiseDecay=   -13.20352 grad= -4.2209e-01
  drive=     3.51314 grad=  4.3892e-02
  outGain=     0.15471 grad=  1.5274e+00
  bodyAsymmetry=    -0.04581 grad=  5.2107e-01
  bodyHarmonic=    -0.64207 grad=  1.1328e-02
  ampCurve=     0.00000 grad= -9.5922e-04
epoch=80 loss=2.311034
  fStart=   332.89783 grad= -9.1950e-01
  fEnd=    46.92512 grad= -1.4036e+00
  pitchDecay=   -65.22306 grad=  6.9464e-01
  bodyAmp=     1.00000 grad= -2.7096e-02
  ampDecay=   -12.26398 grad= -6.2662e-03
  clickFreq=   412.08426 grad= -9.4956e-03
  clickAmp=     0.79002 grad= -3.4536e-02
  clickDecay=  -358.66220 grad=  4.7508e-03
  noiseCutoff=  4237.21973 grad= -1.6599e-01
  noiseAmp=     0.00454 grad= -9.5049e+00
  noiseDecay=   -13.14307 grad=  1.6395e-01
  drive=     3.52342 grad= -2.7683e-02
  outGain=     0.14517 grad= -7.5515e-01
  bodyAsymmetry=    -0.05286 grad= -1.6456e-01
  bodyHarmonic=    -0.71498 grad= -5.5844e-04
  ampCurve=     0.00000 grad= -1.6105e-04
epoch=90 loss=2.315931
  fStart=   333.33081 grad=  9.6653e-01
  fEnd=    46.93144 grad=  2.9255e-01
  pitchDecay=   -65.17033 grad= -8.3854e-01
  bodyAmp=     1.00000 grad= -1.8179e-02
  ampDecay=   -12.10315 grad= -3.7748e-03
  clickFreq=   400.23068 grad= -2.7919e-03
  clickAmp=     0.87878 grad= -3.2668e-02
  clickDecay=  -315.57907 grad=  2.4859e-03
  noiseCutoff=  4331.61328 grad= -2.2678e-01
  noiseAmp=     0.00427 grad= -2.3730e+01
  noiseDecay=   -13.27893 grad=  2.8143e-01
  drive=     3.53115 grad= -4.2001e-02
  outGain=     0.13939 grad= -1.2127e+00
  bodyAsymmetry=    -0.05555 grad= -2.1923e-01
  bodyHarmonic=    -0.73509 grad= -3.2315e-03
  ampCurve=    -0.00260 grad=  5.8117e-04
epoch=100 loss=2.342041
  fStart=   332.66962 grad= -1.4082e+00
  fEnd=    46.84554 grad= -3.1792e+00
  pitchDecay=   -65.35603 grad=  1.0996e+00
  bodyAmp=     1.00000 grad= -7.2315e-02
  ampDecay=   -11.99774 grad= -3.5260e-03
  clickFreq=   398.54718 grad=  5.4022e-02
  clickAmp=     0.95778 grad=  2.5080e-03
  clickDecay=  -301.75494 grad= -6.5472e-04
  noiseCutoff=  4467.69873 grad=  1.5286e-01
  noiseAmp=     0.00634 grad=  3.8670e+01
  noiseDecay=   -13.12108 grad= -3.7954e-01
  drive=     3.54206 grad=  4.9426e-02
  outGain=     0.14497 grad=  1.7431e+00
  bodyAsymmetry=    -0.05690 grad=  2.1581e-01
  bodyHarmonic=    -0.73587 grad= -1.8852e-04
  ampCurve=    -0.05488 grad=  2.2328e-03
epoch=110 loss=2.299673
  fStart=   333.48853 grad=  5.8638e-01
  fEnd=    46.95432 grad=  2.2307e+00
  pitchDecay=   -65.19995 grad= -6.1814e-01
  bodyAmp=     1.00000 grad= -4.6952e-02
  ampDecay=   -11.91088 grad= -4.2429e-03
  clickFreq=   379.10791 grad= -3.1242e-02
  clickAmp=     1.03253 grad= -1.6789e-02
  clickDecay=  -260.28076 grad=  1.9376e-03
  noiseCutoff=  4597.71338 grad= -1.7862e-01
  noiseAmp=     0.00447 grad= -1.1551e+01
  noiseDecay=   -13.13184 grad=  1.9237e-01
  drive=     3.54865 grad= -3.2662e-02
  outGain=     0.13292 grad= -8.4665e-01
  bodyAsymmetry=    -0.05797 grad=  8.1977e-03
  bodyHarmonic=    -0.75252 grad=  4.1623e-03
  ampCurve=    -0.14938 grad=  9.0097e-04
epoch=120 loss=2.298774
  fStart=   332.62982 grad= -2.0301e+00
  fEnd=    46.86789 grad= -6.0580e+00
  pitchDecay=   -65.37918 grad=  1.6441e+00
  bodyAmp=     1.00000 grad= -4.6156e-02
  ampDecay=   -11.80233 grad= -5.7401e-03
  clickFreq=   391.16074 grad=  7.5159e-02
  clickAmp=     1.10389 grad= -2.5036e-02
  clickDecay=  -237.83739 grad= -8.3772e-04
  noiseCutoff=  4733.67285 grad= -2.0964e-01
  noiseAmp=     0.00428 grad= -1.8699e+01
  noiseDecay=   -13.12891 grad=  2.4867e-01
  drive=     3.56138 grad= -4.3181e-02
  outGain=     0.12845 grad= -1.2068e+00
  bodyAsymmetry=    -0.06496 grad= -2.5932e-01
  bodyHarmonic=    -0.75259 grad=  5.8915e-03
  ampCurve=    -0.23881 grad=  4.6576e-04
epoch=130 loss=2.322793
  fStart=   333.15381 grad=  9.9019e-01
  fEnd=    46.96431 grad=  1.1606e+00
  pitchDecay=   -65.28280 grad= -8.0255e-01
  bodyAmp=     1.00000 grad= -1.1169e-01
  ampDecay=   -11.67352 grad= -6.9527e-03
  clickFreq=   384.39902 grad= -6.7058e-02
  clickAmp=     1.16419 grad=  5.0713e-03
  clickDecay=  -238.13243 grad=  2.2219e-03
  noiseCutoff=  4879.55029 grad=  1.5069e-01
  noiseAmp=     0.00627 grad=  3.9998e+01
  noiseDecay=   -13.07543 grad= -3.6784e-01
  drive=     3.57740 grad=  4.0491e-02
  outGain=     0.13174 grad=  1.8131e+00
  bodyAsymmetry=    -0.06275 grad=  2.3507e-01
  bodyHarmonic=    -0.76570 grad= -8.7411e-03
  ampCurve=    -0.32111 grad=  1.7498e-03
epoch=140 loss=2.283794
  fStart=   332.61966 grad= -6.3529e-01
  fEnd=    46.91566 grad= -2.0805e+00
  pitchDecay=   -65.39365 grad=  3.9697e-01
  bodyAmp=     1.00000 grad= -6.7302e-02
  ampDecay=   -11.54110 grad= -5.4928e-03
  clickFreq=   389.38947 grad=  5.2226e-02
  clickAmp=     1.20000 grad= -7.7779e-03
  clickDecay=  -231.22931 grad= -1.0852e-03
  noiseCutoff=  5015.33789 grad= -1.6874e-01
  noiseAmp=     0.00450 grad= -8.6449e+00
  noiseDecay=   -13.12833 grad=  1.8204e-01
  drive=     3.59189 grad= -3.2157e-02
  outGain=     0.12239 grad= -8.6978e-01
  bodyAsymmetry=    -0.06636 grad=  4.4843e-02
  bodyHarmonic=    -0.77207 grad=  9.7316e-03
  ampCurve=    -0.41805 grad=  1.0685e-03
epoch=150 loss=2.283870
  fStart=   332.93353 grad= -2.9483e+00
  fEnd=    46.91849 grad= -1.4688e+00
  pitchDecay=   -65.36266 grad=  2.3057e+00
  bodyAmp=     1.00000 grad= -4.6189e-02
  ampDecay=   -11.40665 grad= -4.1289e-03
  clickFreq=   389.14429 grad= -8.5806e-03
  clickAmp=     1.20000 grad= -2.9595e-02
  clickDecay=  -241.21927 grad=  5.5468e-03
  noiseCutoff=  5158.22314 grad= -2.0204e-01
  noiseAmp=     0.00432 grad= -1.6686e+01
  noiseDecay=   -13.14919 grad=  2.4389e-01
  drive=     3.60805 grad= -4.2628e-02
  outGain=     0.11837 grad= -1.3029e+00
  bodyAsymmetry=    -0.06790 grad= -2.4697e-01
  bodyHarmonic=    -0.77919 grad=  4.7283e-03
  ampCurve=    -0.52790 grad=  1.3894e-03
epoch=160 loss=2.312393
  fStart=   333.59302 grad= -4.2498e-03
  fEnd=    46.91228 grad= -1.6743e+00
  pitchDecay=   -65.26185 grad=  7.7975e-03
  bodyAmp=     1.00000 grad= -1.2747e-01
  ampDecay=   -11.28094 grad= -6.3590e-03
  clickFreq=   388.15982 grad= -1.3975e-02
  clickAmp=     1.20000 grad= -2.6067e-03
  clickDecay=  -232.31493 grad= -3.8659e-03
  noiseCutoff=  5308.13525 grad=  1.4361e-01
  noiseAmp=     0.00620 grad=  4.0823e+01
  noiseDecay=   -13.11270 grad= -3.5773e-01
  drive=     3.62771 grad=  3.3740e-02
  outGain=     0.12218 grad=  1.8361e+00
  bodyAsymmetry=    -0.06539 grad=  1.4297e-01
  bodyHarmonic=    -0.77316 grad= -1.7543e-02
  ampCurve=    -0.65843 grad=  2.2061e-03
epoch=170 loss=2.273523
  fStart=   333.56772 grad=  6.2227e-01
  fEnd=    46.94399 grad=  1.5675e+00
  pitchDecay=   -65.31739 grad= -7.3576e-01
  bodyAmp=     1.00000 grad= -6.7700e-02
  ampDecay=   -11.16194 grad= -3.4264e-03
  clickFreq=   388.89514 grad=  3.9702e-02
  clickAmp=     1.20000 grad= -1.5007e-02
  clickDecay=  -229.06673 grad=  3.4776e-03
  noiseCutoff=  5441.52295 grad= -1.6015e-01
  noiseAmp=     0.00453 grad= -6.8252e+00
  noiseDecay=   -13.19957 grad=  1.7626e-01
  drive=     3.64681 grad= -3.1985e-02
  outGain=     0.11454 grad= -9.0849e-01
  bodyAsymmetry=    -0.06582 grad=  3.2683e-02
  bodyHarmonic=    -0.75138 grad=  8.3454e-03
  ampCurve=    -0.80649 grad=  1.9265e-03
epoch=180 loss=2.272756
  fStart=   333.55499 grad=  4.4487e-01
  fEnd=    46.95797 grad=  1.5947e+00
  pitchDecay=   -65.40955 grad= -5.5420e-01
  bodyAmp=     1.00000 grad= -6.3223e-02
  ampDecay=   -11.05122 grad= -3.3730e-03
  clickFreq=   386.98648 grad=  1.7348e-02
  clickAmp=     1.20000 grad= -1.4484e-02
  clickDecay=  -207.86975 grad=  4.0093e-03
  noiseCutoff=  5577.29980 grad= -1.9024e-01
  noiseAmp=     0.00437 grad= -1.3771e+01
  noiseDecay=   -13.25187 grad=  2.3540e-01
  drive=     3.66581 grad= -3.8414e-02
  outGain=     0.11143 grad= -1.2766e+00
  bodyAsymmetry=    -0.06508 grad=  1.0941e-02
  bodyHarmonic=    -0.75270 grad=  1.8084e-02
  ampCurve=    -0.96859 grad=  1.8160e-03
epoch=190 loss=2.302640
  fStart=   333.73096 grad=  7.5185e-01
  fEnd=    46.97702 grad=  1.5272e+00
  pitchDecay=   -65.46384 grad= -7.3261e-01
  bodyAmp=     1.00000 grad= -1.3121e-01
  ampDecay=   -10.94329 grad= -6.1513e-03
  clickFreq=   386.92725 grad= -2.9637e-03
  clickAmp=     1.20000 grad= -6.9649e-03
  clickDecay=  -197.35339 grad= -1.1042e-02
  noiseCutoff=  5720.12988 grad=  1.3725e-01
  noiseAmp=     0.00612 grad=  4.1787e+01
  noiseDecay=   -13.21787 grad= -3.4266e-01
  drive=     3.68537 grad=  3.1513e-02
  outGain=     0.11540 grad=  1.9008e+00
  bodyAsymmetry=    -0.06592 grad=  6.4291e-03
  bodyHarmonic=    -0.76427 grad= -1.7474e-02
  ampCurve=    -1.13563 grad=  2.5238e-03
epoch=200 loss=2.264185
  fStart=   333.84778 grad=  2.1027e-01
  fEnd=    46.97680 grad=  6.2412e-01
  pitchDecay=   -65.50938 grad= -3.2837e-01
  bodyAmp=     1.00000 grad= -7.0223e-02
  ampDecay=   -10.83415 grad= -3.3957e-03
  clickFreq=   387.59183 grad=  4.7774e-02
  clickAmp=     1.20000 grad= -2.1258e-02
  clickDecay=  -212.49008 grad=  5.2662e-03
  noiseCutoff=  5846.28125 grad= -1.5550e-01
  noiseAmp=     0.00457 grad= -4.8117e+00
  noiseDecay=   -13.28878 grad=  1.7559e-01
  drive=     3.70257 grad= -3.1801e-02
  outGain=     0.10797 grad= -9.9122e-01
  bodyAsymmetry=    -0.06517 grad= -6.4903e-02
  bodyHarmonic=    -0.76541 grad=  8.9879e-03
  ampCurve=    -1.30372 grad=  1.9884e-03
epoch=210 loss=2.262933
  fStart=   333.97610 grad= -5.6328e-01
  fEnd=    46.96877 grad= -1.6093e+00
  pitchDecay=   -65.54497 grad=  3.7097e-01
  bodyAmp=     1.00000 grad= -6.5114e-02
  ampDecay=   -10.72812 grad= -3.0048e-03
  clickFreq=   387.16275 grad=  2.1303e-02
  clickAmp=     1.20000 grad= -2.3738e-02
  clickDecay=  -207.92795 grad=  4.3983e-03
  noiseCutoff=  5974.50342 grad= -1.7812e-01
  noiseAmp=     0.00443 grad= -1.0220e+01
  noiseDecay=   -13.32401 grad=  2.2048e-01
  drive=     3.71972 grad= -3.7336e-02
  outGain=     0.10597 grad= -1.2792e+00
  bodyAsymmetry=    -0.06491 grad= -8.3366e-02
  bodyHarmonic=    -0.77640 grad=  1.0437e-02
  ampCurve=    -1.47178 grad=  1.9600e-03
epoch=220 loss=2.292801
  fStart=   333.97946 grad=  1.7664e+00
  fEnd=    47.00076 grad=  4.9385e+00
  pitchDecay=   -65.59152 grad= -1.5278e+00
  bodyAmp=     1.00000 grad= -1.4219e-01
  ampDecay=   -10.62954 grad= -6.5691e-03
  clickFreq=   386.79498 grad= -1.8072e-02
  clickAmp=     1.20000 grad= -6.3188e-03
  clickDecay=  -203.28357 grad= -7.8209e-03
  noiseCutoff=  6106.98730 grad=  1.3167e-01
  noiseAmp=     0.00603 grad=  4.2072e+01
  noiseDecay=   -13.29760 grad= -3.2333e-01
  drive=     3.73784 grad=  2.7833e-02
  outGain=     0.10943 grad=  1.8979e+00
  bodyAsymmetry=    -0.06353 grad=  1.0108e-01
  bodyHarmonic=    -0.78226 grad= -1.5491e-02
  ampCurve=    -1.64564 grad=  2.5042e-03
epoch=230 loss=2.256370
  fStart=   333.92661 grad= -7.1182e-01
  fEnd=    46.98400 grad=  2.4760e-01
  pitchDecay=   -65.64841 grad=  3.5540e-01
  bodyAmp=     1.00000 grad= -8.3378e-02
  ampDecay=   -10.52909 grad= -2.9618e-03
  clickFreq=   385.81482 grad=  7.9717e-03
  clickAmp=     1.20000 grad= -1.4395e-02
  clickDecay=  -192.79237 grad=  1.0495e-03
  noiseCutoff=  6221.64307 grad= -1.3943e-01
  noiseAmp=     0.00462 grad= -1.1639e+00
  noiseDecay=   -13.36587 grad=  1.6130e-01
  drive=     3.75473 grad= -2.8238e-02
  outGain=     0.10346 grad= -8.8020e-01
  bodyAsymmetry=    -0.06227 grad=  8.8746e-02
  bodyHarmonic=    -0.77652 grad=  5.0932e-03
  ampCurve=    -1.81790 grad=  2.2533e-03
epoch=240 loss=2.255368
  fStart=   334.03854 grad= -1.4679e-01
  fEnd=    46.98509 grad= -9.0618e-03
  pitchDecay=   -65.69131 grad= -9.2742e-02
  bodyAmp=     1.00000 grad= -8.8413e-02
  ampDecay=   -10.43152 grad= -3.6394e-03
  clickFreq=   386.31686 grad=  1.6130e-02
  clickAmp=     1.20000 grad= -2.0835e-02
  clickDecay=  -188.51790 grad=  3.4023e-03
  noiseCutoff=  6337.97412 grad= -1.6504e-01
  noiseAmp=     0.00449 grad= -6.7682e+00
  noiseDecay=   -13.38424 grad=  2.0841e-01
  drive=     3.77273 grad= -3.8122e-02
  outGain=     0.10109 grad= -1.2668e+00
  bodyAsymmetry=    -0.06359 grad=  9.5130e-03
  bodyHarmonic=    -0.75282 grad= -5.3675e-04
  ampCurve=    -1.98945 grad=  2.0342e-03
epoch=250 loss=2.242909
  fStart=   334.13031 grad= -1.3210e+01
  fEnd=    47.00125 grad= -9.6808e+00
  pitchDecay=   -65.72555 grad=  1.1093e+01
  bodyAmp=     1.00000 grad= -3.9087e-03
  ampDecay=   -10.37482 grad=  1.3251e-02
  clickFreq=   385.78024 grad=  2.8129e-02
  clickAmp=     1.20000 grad=  1.5245e-03
  clickDecay=  -183.35146 grad= -2.8191e-03
  noiseCutoff=  6533.48389 grad= -7.1345e-02
  noiseAmp=     0.00374 grad=  2.0906e+01
  noiseDecay=   -12.84508 grad= -9.7015e-03
  drive=     3.79852 grad=  2.0036e-02
  outGain=     0.12474 grad=  1.0634e+00
  bodyAsymmetry=    -0.06803 grad= -1.0917e-02
  bodyHarmonic=    -0.74959 grad= -4.4984e-03
  ampCurve=    -2.18035 grad=  7.1120e-03
epoch=260 loss=2.291669
  fStart=   334.25348 grad= -2.3101e-01
  fEnd=    46.97732 grad= -1.1647e+00
  pitchDecay=   -65.73072 grad=  8.8113e-02
  bodyAmp=     1.00000 grad=  1.4201e-02
  ampDecay=   -10.52080 grad=  7.9026e-03
  clickFreq=   386.02130 grad=  1.1816e-02
  clickAmp=     1.20000 grad= -1.0580e-02
  clickDecay=  -186.33298 grad=  8.3042e-03
  noiseCutoff=  6847.82910 grad= -4.0241e-01
  noiseAmp=     0.00198 grad= -1.4466e+02
  noiseDecay=   -11.85436 grad=  5.5158e-01
  drive=     3.81203 grad= -7.4891e-02
  outGain=     0.11140 grad= -3.1464e+00
  bodyAsymmetry=    -0.06443 grad=  1.4015e-01
  bodyHarmonic=    -0.76865 grad=  3.0111e-02
  ampCurve=    -2.50145 grad=  3.6013e-03
epoch=270 loss=2.225317
  fStart=   334.32730 grad=  6.2708e-01
  fEnd=    46.98833 grad=  1.4914e+00
  pitchDecay=   -65.73906 grad= -6.3953e-01
  bodyAmp=     1.00000 grad= -1.2365e-01
  ampDecay=   -10.58224 grad= -1.0954e-02
  clickFreq=   386.18460 grad=  1.1755e-02
  clickAmp=     1.20000 grad= -1.3590e-03
  clickDecay=  -189.89792 grad= -8.9608e-04
  noiseCutoff=  7056.65723 grad= -3.8461e-02
  noiseAmp=     0.00359 grad=  3.3279e+01
  noiseDecay=   -11.84154 grad= -1.2832e-01
  drive=     3.81607 grad= -1.5607e-03
  outGain=     0.10851 grad=  3.8967e-01
  bodyAsymmetry=    -0.06257 grad=  2.2419e-01
  bodyHarmonic=    -0.77305 grad=  4.5795e-03
  ampCurve=    -2.73228 grad= -2.1965e-04
epoch=280 loss=2.227959
  fStart=   334.38867 grad=  9.2937e-01
  fEnd=    46.99523 grad=  1.6426e+00
  pitchDecay=   -65.76565 grad= -8.7054e-01
  bodyAmp=     1.00000 grad=  1.0627e-02
  ampDecay=   -10.56732 grad=  1.1752e-02
  clickFreq=   385.48770 grad= -6.4991e-02
  clickAmp=     1.20000 grad=  5.6986e-03
  clickDecay=  -189.49965 grad= -8.3408e-03
  noiseCutoff=  7295.33887 grad=  8.6678e-03
  noiseAmp=     0.00285 grad=  6.1092e+01
  noiseDecay=   -11.76675 grad= -2.2169e-01
  drive=     3.82675 grad=  4.9999e-02
  outGain=     0.13702 grad=  1.9670e+00
  bodyAsymmetry=    -0.06913 grad= -1.9872e-01
  bodyHarmonic=    -0.78966 grad= -1.2053e-02
  ampCurve=    -2.87327 grad=  6.3759e-03
epoch=290 loss=2.260849
  fStart=   334.57657 grad=  9.8712e-01
  fEnd=    46.97069 grad=  1.1537e-01
  pitchDecay=   -65.76348 grad= -8.1006e-01
  bodyAmp=     0.99795 grad= -9.8711e-02
  ampDecay=   -10.69783 grad= -3.6645e-03
  clickFreq=   386.01837 grad=  1.5647e-02
  clickAmp=     1.19568 grad=  6.9949e-03
  clickDecay=  -193.75647 grad= -7.5803e-03
  noiseCutoff=  7619.31152 grad=  2.0796e-01
  noiseAmp=     0.00318 grad=  1.1698e+02
  noiseDecay=   -11.28528 grad= -5.9587e-01
  drive=     3.82736 grad=  7.3737e-02
  outGain=     0.13030 grad=  3.1766e+00
  bodyAsymmetry=    -0.06716 grad= -4.9375e-02
  bodyHarmonic=    -0.81639 grad= -2.5442e-02
  ampCurve=    -3.10859 grad=  2.6369e-03
epoch=300 loss=2.224258
  fStart=   334.41101 grad= -2.6234e+00
  fEnd=    46.98916 grad= -2.4104e+00
  pitchDecay=   -65.81936 grad=  1.9461e+00
  bodyAmp=     1.00000 grad= -3.2505e-02
  ampDecay=   -10.76392 grad= -2.5643e-03
  clickFreq=   385.74936 grad= -6.2716e-03
  clickAmp=     1.19381 grad= -1.0423e-02
  clickDecay=  -195.21355 grad=  6.3110e-03
  noiseCutoff=  7912.93066 grad= -3.4652e-01
  noiseAmp=     0.00160 grad= -1.3961e+02
  noiseDecay=   -11.04037 grad=  4.2224e-01
  drive=     3.82901 grad= -7.0238e-02
  outGain=     0.12177 grad= -2.2817e+00
  bodyAsymmetry=    -0.06549 grad=  4.5373e-02
  bodyHarmonic=    -0.83281 grad= -3.5052e-03
  ampCurve=    -3.27350 grad=  1.9942e-04
epoch=310 loss=2.214474
  fStart=   334.39395 grad= -9.3183e-01
  fEnd=    47.00202 grad= -2.3574e+00
  pitchDecay=   -65.83694 grad=  7.1418e-01
  bodyAmp=     1.00000 grad=  2.7783e-02
  ampDecay=   -10.76112 grad=  5.9733e-03
  clickFreq=   385.71347 grad= -4.2295e-03
  clickAmp=     1.19985 grad= -5.8051e-03
  clickDecay=  -185.36993 grad=  3.9185e-03
  noiseCutoff=  8275.76562 grad= -3.5387e-01
  noiseAmp=     0.00135 grad= -1.7104e+02
  noiseDecay=   -10.52789 grad=  4.0607e-01
  drive=     3.84712 grad= -5.4637e-02
  outGain=     0.12711 grad= -1.8751e+00
  bodyAsymmetry=    -0.06635 grad= -1.1690e-01
  bodyHarmonic=    -0.86826 grad=  8.4378e-03
  ampCurve=    -3.35500 grad=  2.3870e-03
epoch=320 loss=2.244970
  fStart=   334.54227 grad= -1.1582e+00
  fEnd=    46.99133 grad= -1.1774e+00
  pitchDecay=   -65.84457 grad=  7.7998e-01
  bodyAmp=     1.00000 grad= -1.0956e-01
  ampDecay=   -10.77598 grad= -5.7582e-03
  clickFreq=   382.50076 grad= -1.0138e-01
  clickAmp=     1.19994 grad=  2.0409e-02
  clickDecay=  -175.64337 grad= -1.9656e-02
  noiseCutoff=  8603.03809 grad=  2.2575e-01
  noiseAmp=     0.00237 grad=  1.7151e+02
  noiseDecay=   -10.28750 grad= -6.7865e-01
  drive=     3.85729 grad=  8.3182e-02
  outGain=     0.13321 grad=  3.4433e+00
  bodyAsymmetry=    -0.06458 grad=  1.3949e-01
  bodyHarmonic=    -0.88501 grad= -2.8920e-02
  ampCurve=    -3.44634 grad=  1.7109e-03
epoch=330 loss=2.177750
  fStart=   334.82523 grad= -1.6559e+00
  fEnd=    46.97382 grad= -2.4659e+00
  pitchDecay=   -65.83075 grad=  1.3130e+00
  bodyAmp=     1.00000 grad=  1.4230e-02
  ampDecay=   -10.79107 grad=  3.9586e-03
  clickFreq=   387.58981 grad=  6.9517e-02
  clickAmp=     1.18851 grad=  4.7334e-04
  clickDecay=  -185.63910 grad=  4.5055e-03
  noiseCutoff=  8834.71289 grad= -2.7224e-01
  noiseAmp=     0.00142 grad= -9.6237e+01
  noiseDecay=   -10.46968 grad=  2.5959e-01
  drive=     3.85413 grad= -3.1537e-02
  outGain=     0.13033 grad= -1.0135e+00
  bodyAsymmetry=    -0.06604 grad= -2.8405e-02
  bodyHarmonic=    -0.86294 grad=  1.0753e-02
  ampCurve=    -3.54154 grad=  1.8968e-03
epoch=340 loss=2.186455
  fStart=   334.89148 grad= -5.9627e-01
  fEnd=    46.97258 grad= -1.2199e+00
  pitchDecay=   -65.83948 grad=  3.1976e-01
  bodyAmp=     1.00000 grad=  2.1168e-02
  ampDecay=   -10.79108 grad=  2.1814e-03
  clickFreq=   387.58981 grad=  2.1899e-01
  clickAmp=     1.17539 grad= -8.5430e-03
  clickDecay=  -190.29195 grad=  1.5385e-02
  noiseCutoff=  9046.37891 grad= -3.0928e-01
  noiseAmp=     0.00134 grad= -1.4050e+02
  noiseDecay=   -10.65428 grad=  3.5512e-01
  drive=     3.85004 grad= -4.5951e-02
  outGain=     0.12995 grad= -1.5123e+00
  bodyAsymmetry=    -0.06578 grad= -9.6316e-02
  bodyHarmonic=    -0.85151 grad=  1.9444e-02
  ampCurve=    -3.61586 grad=  1.0789e-03
epoch=350 loss=2.211936
  fStart=   334.83224 grad=  6.0238e-01
  fEnd=    46.99449 grad=  1.0911e+00
  pitchDecay=   -65.86331 grad= -4.8967e-01
  bodyAmp=     1.00000 grad= -1.0237e-01
  ampDecay=   -10.77465 grad= -7.6369e-03
  clickFreq=   385.95413 grad=  1.4503e-02
  clickAmp=     1.16763 grad=  1.1020e-02
  clickDecay=  -188.05687 grad= -8.0661e-03
  noiseCutoff=  9258.92090 grad=  1.7258e-01
  noiseAmp=     0.00224 grad=  1.5018e+02
  noiseDecay=   -10.71540 grad= -5.1528e-01
  drive=     3.84915 grad=  6.4302e-02
  outGain=     0.13290 grad=  2.7585e+00
  bodyAsymmetry=    -0.06464 grad=  4.0414e-02
  bodyHarmonic=    -0.85863 grad= -2.4560e-02
  ampCurve=    -3.66683 grad=  7.0095e-04
epoch=360 loss=2.165072
  fStart=   334.75610 grad= -3.7386e-01
  fEnd=    47.00116 grad= -2.7390e-01
  pitchDecay=   -65.88480 grad=  2.5547e-01
  bodyAmp=     1.00000 grad= -2.9742e-03
  ampDecay=   -10.74921 grad=  3.2553e-04
  clickFreq=   385.81189 grad= -3.3349e-02
  clickAmp=     1.16142 grad= -2.7577e-03
  clickDecay=  -187.81070 grad=  2.6872e-03
  noiseCutoff=  9439.39355 grad= -2.3757e-01
  noiseAmp=     0.00146 grad= -7.7361e+01
  noiseDecay=   -10.79563 grad=  2.4809e-01
  drive=     3.84710 grad= -3.0914e-02
  outGain=     0.13003 grad= -9.0432e-01
  bodyAsymmetry=    -0.06447 grad= -1.5715e-02
  bodyHarmonic=    -0.85724 grad=  9.1881e-03
  ampCurve=    -3.70740 grad=  9.4685e-04
epoch=370 loss=2.169366
  fStart=   334.73373 grad= -1.1079e-01
  fEnd=    47.00468 grad=  1.5563e-01
  pitchDecay=   -65.89780 grad= -6.6664e-02
  bodyAmp=     1.00000 grad= -4.7626e-04
  ampDecay=   -10.71872 grad=  1.7524e-04
  clickFreq=   388.62079 grad=  6.3421e-02
  clickAmp=     1.15509 grad= -4.1738e-03
  clickDecay=  -191.18318 grad=  8.9640e-04
  noiseCutoff=  9607.95117 grad= -2.6462e-01
  noiseAmp=     0.00140 grad= -1.0633e+02
  noiseDecay=   -10.83417 grad=  3.0861e-01
  drive=     3.84599 grad= -4.0080e-02
  outGain=     0.12841 grad= -1.2874e+00
  bodyAsymmetry=    -0.06472 grad= -4.1766e-02
  bodyHarmonic=    -0.85496 grad=  1.4758e-02
  ampCurve=    -3.73993 grad=  7.6024e-04
epoch=380 loss=2.192378
  fStart=   334.84836 grad=  1.3506e+00
  fEnd=    46.99950 grad=  2.0277e+00
  pitchDecay=   -65.89347 grad= -1.2055e+00
  bodyAmp=     1.00000 grad= -1.0023e-01
  ampDecay=   -10.68219 grad= -8.7470e-03
  clickFreq=   388.67862 grad=  7.9224e-02
  clickAmp=     1.15500 grad=  4.8481e-03
  clickDecay=  -197.54839 grad= -6.5462e-04
  noiseCutoff=  9770.95996 grad=  1.3886e-01
  noiseAmp=     0.00215 grad=  1.3572e+02
  noiseDecay=   -10.82113 grad= -4.1936e-01
  drive=     3.84686 grad=  5.1279e-02
  outGain=     0.12932 grad=  2.3282e+00
  bodyAsymmetry=    -0.06358 grad=  1.2613e-01
  bodyHarmonic=    -0.85873 grad= -1.2285e-02
  ampCurve=    -3.76343 grad=  2.0723e-04
epoch=390 loss=2.155968
  fStart=   334.93652 grad= -2.5631e-01
  fEnd=    46.98925 grad=  1.9412e-01
  pitchDecay=   -65.89055 grad=  1.8694e-01
  bodyAmp=     1.00000 grad= -1.8121e-02
  ampDecay=   -10.63904 grad= -1.6521e-03
  clickFreq=   387.35443 grad= -2.4068e-02
  clickAmp=     1.16417 grad= -7.7055e-03
  clickDecay=  -196.98982 grad=  6.9457e-03
  noiseCutoff=  9910.45410 grad= -2.0535e-01
  noiseAmp=     0.00150 grad= -5.7898e+01
  noiseDecay=   -10.83881 grad=  2.1521e-01
  drive=     3.84776 grad= -2.9675e-02
  outGain=     0.12595 grad= -8.6262e-01
  bodyAsymmetry=    -0.06385 grad=  4.9147e-02
  bodyHarmonic=    -0.86482 grad=  8.4189e-03
  ampCurve=    -3.78073 grad=  6.3250e-04
epoch=400 loss=2.157721
  fStart=   335.00711 grad= -3.6159e-03
  fEnd=    46.97906 grad= -1.9661e-01
  pitchDecay=   -65.88552 grad= -3.7358e-02
  bodyAmp=     1.00000 grad= -1.9913e-02
  ampDecay=   -10.59521 grad= -2.0148e-03
  clickFreq=   388.00644 grad=  1.7585e-02
  clickAmp=     1.17794 grad= -7.4503e-03
  clickDecay=  -193.08577 grad=  1.6158e-03
  noiseCutoff= 10042.42480 grad= -2.2677e-01
  noiseAmp=     0.00146 grad= -7.9065e+01
  noiseDecay=   -10.83243 grad=  2.6099e-01
  drive=     3.84986 grad= -3.7441e-02
  outGain=     0.12389 grad= -1.1754e+00
  bodyAsymmetry=    -0.06496 grad= -3.1611e-02
  bodyHarmonic=    -0.86485 grad=  9.7474e-03
  ampCurve=    -3.79604 grad=  4.5351e-04
epoch=410 loss=2.174654
  fStart=   335.01334 grad=  1.5517e-01
  fEnd=    46.98293 grad=  3.2357e-01
  pitchDecay=   -65.89356 grad= -1.9451e-01
  bodyAmp=     1.00000 grad= -9.7222e-02
  ampDecay=   -10.55056 grad= -8.6123e-03
  clickFreq=   387.96719 grad=  1.5553e-02
  clickAmp=     1.18928 grad= -1.3743e-03
  clickDecay=  -193.28871 grad= -4.3114e-03
  noiseCutoff= 10170.84570 grad=  9.5230e-02
  noiseAmp=     0.00206 grad=  1.1711e+02
  noiseDecay=   -10.79535 grad= -3.2632e-01
  drive=     3.85330 grad=  3.7087e-02
  outGain=     0.12395 grad=  1.8819e+00
  bodyAsymmetry=    -0.06529 grad= -5.4832e-03
  bodyHarmonic=    -0.86290 grad= -1.5587e-02
  ampCurve=    -3.80825 grad=  2.2242e-04
epoch=420 loss=2.149121
  fStart=   335.03650 grad= -2.7060e-02
  fEnd=    46.98265 grad=  3.6200e-02
  pitchDecay=   -65.89856 grad= -2.8965e-03
  bodyAmp=     1.00000 grad= -3.9414e-02
  ampDecay=   -10.50459 grad= -3.3616e-03
  clickFreq=   387.83051 grad= -5.6182e-03
  clickAmp=     1.19972 grad= -7.7088e-03
  clickDecay=  -195.53375 grad=  3.2584e-04
  noiseCutoff= 10283.50586 grad= -1.8193e-01
  noiseAmp=     0.00155 grad= -4.3222e+01
  noiseDecay=   -10.77870 grad=  1.8131e-01
  drive=     3.85652 grad= -2.9963e-02
  outGain=     0.12073 grad= -8.5325e-01
  bodyAsymmetry=    -0.06565 grad= -5.7567e-03
  bodyHarmonic=    -0.86126 grad=  5.1998e-03
  ampCurve=    -3.81836 grad=  4.8868e-04
epoch=430 loss=2.149117
  fStart=   335.07135 grad= -2.6995e-01
  fEnd=    46.98019 grad= -3.2023e-01
  pitchDecay=   -65.90163 grad=  1.7013e-01
  bodyAmp=     1.00000 grad= -3.7440e-02
  ampDecay=   -10.46066 grad= -2.8676e-03
  clickFreq=   387.79037 grad=  8.0668e-04
  clickAmp=     1.20000 grad= -1.0290e-02
  clickDecay=  -196.14607 grad=  2.9589e-03
  noiseCutoff= 10390.39648 grad= -1.9414e-01
  noiseAmp=     0.00152 grad= -5.5119e+01
  noiseDecay=   -10.75010 grad=  2.0712e-01
  drive=     3.86062 grad= -3.4532e-02
  outGain=     0.11939 grad= -1.0551e+00
  bodyAsymmetry=    -0.06555 grad= -6.6226e-03
  bodyHarmonic=    -0.85915 grad=  6.6648e-03
  ampCurve=    -3.82889 grad=  6.7106e-04
epoch=440 loss=2.162774
  fStart=   335.10104 grad=  1.6067e-01
  fEnd=    46.98010 grad=  1.9765e-01
  pitchDecay=   -65.90578 grad= -1.5734e-01
  bodyAmp=     1.00000 grad= -9.3821e-02
  ampDecay=   -10.42164 grad= -7.1132e-03
  clickFreq=   387.93076 grad= -6.4949e-03
  clickAmp=     1.20000 grad= -5.4083e-03
  clickDecay=  -194.64452 grad= -2.0903e-03
  noiseCutoff= 10490.25098 grad=  6.4750e-02
  noiseAmp=     0.00199 grad=  1.0267e+02
  noiseDecay=   -10.71826 grad= -2.6494e-01
  drive=     3.86507 grad=  2.6822e-02
  outGain=     0.11984 grad=  1.5381e+00
  bodyAsymmetry=    -0.06547 grad=  1.0209e-02
  bodyHarmonic=    -0.85696 grad= -1.0480e-02
  ampCurve=    -3.84258 grad=  8.1846e-04
epoch=450 loss=2.143699
  fStart=   335.11975 grad= -2.4925e-02
  fEnd=    46.98030 grad=  6.9561e-02
  pitchDecay=   -65.91087 grad= -1.7033e-02
  bodyAmp=     1.00000 grad= -4.8821e-02
  ampDecay=   -10.38700 grad= -2.7958e-03
  clickFreq=   387.97775 grad=  3.6916e-03
  clickAmp=     1.20000 grad= -9.1385e-03
  clickDecay=  -194.31326 grad=  6.0134e-05
  noiseCutoff= 10574.87598 grad= -1.5271e-01
  noiseAmp=     0.00159 grad= -2.4312e+01
  noiseDecay=   -10.71307 grad=  1.3603e-01
  drive=     3.86875 grad= -2.5421e-02
  outGain=     0.11765 grad= -6.8233e-01
  bodyAsymmetry=    -0.06541 grad=  6.0847e-03
  bodyHarmonic=    -0.85414 grad=  4.3985e-03
  ampCurve=    -3.85942 grad=  1.0488e-03
epoch=460 loss=2.143635
  fStart=   335.14197 grad= -7.3323e-02
  fEnd=    46.97976 grad= -1.3869e-01
  pitchDecay=   -65.91396 grad=  2.7841e-02
  bodyAmp=     1.00000 grad= -4.9235e-02
  ampDecay=   -10.35668 grad= -2.5281e-03
  clickFreq=   388.02621 grad= -2.4751e-03
  clickAmp=     1.20000 grad= -9.3909e-03
  clickDecay=  -193.90805 grad= -1.5047e-04
  noiseCutoff= 10653.37500 grad= -1.6313e-01
  noiseAmp=     0.00156 grad= -3.3442e+01
  noiseDecay=   -10.70262 grad=  1.5780e-01
  drive=     3.87247 grad= -2.9127e-02
  outGain=     0.11664 grad= -8.3938e-01
  bodyAsymmetry=    -0.06533 grad=  7.9039e-03
  bodyHarmonic=    -0.85392 grad=  6.0057e-03
  ampCurve=    -3.87782 grad=  1.1344e-03
epoch=470 loss=2.153946
  fStart=   335.15634 grad=  1.1360e-01
  fEnd=    46.98023 grad=  1.6612e-01
  pitchDecay=   -65.91682 grad= -1.1170e-01
  bodyAmp=     1.00000 grad= -9.1324e-02
  ampDecay=   -10.33031 grad= -6.6691e-03
  clickFreq=   388.06488 grad=  9.8058e-03
  clickAmp=     1.20000 grad= -8.0665e-03
  clickDecay=  -193.83714 grad= -6.8443e-04
  noiseCutoff= 10725.72461 grad=  3.5523e-02
  noiseAmp=     0.00192 grad=  8.6936e+01
  noiseDecay=   -10.68729 grad= -2.0379e-01
  drive=     3.87622 grad=  1.6993e-02
  outGain=     0.11705 grad=  1.1511e+00
  bodyAsymmetry=    -0.06527 grad=  1.1816e-03
  bodyHarmonic=    -0.85497 grad= -6.0355e-03
  ampCurve=    -3.89720 grad=  9.3412e-04
epoch=480 loss=2.140668
  fStart=   335.16690 grad=  1.7252e-03
  fEnd=    46.97982 grad=  2.5555e-02
  pitchDecay=   -65.91914 grad= -2.8518e-02
  bodyAmp=     1.00000 grad= -5.6809e-02
  ampDecay=   -10.30666 grad= -2.5533e-03
  clickFreq=   388.09079 grad=  4.3096e-05
  clickAmp=     1.20000 grad= -9.5133e-03
  clickDecay=  -193.78178 grad= -1.1607e-03
  noiseCutoff= 10787.00586 grad= -1.2786e-01
  noiseAmp=     0.00162 grad= -9.8264e+00
  noiseDecay=   -10.68642 grad=  1.0087e-01
  drive=     3.87934 grad= -2.1689e-02
  outGain=     0.11567 grad= -5.1862e-01
  bodyAsymmetry=    -0.06515 grad=  3.5849e-03
  bodyHarmonic=    -0.85595 grad=  2.5119e-03
  ampCurve=    -3.91662 grad=  1.3661e-03
epoch=490 loss=2.140464
  fStart=   335.17249 grad= -1.3932e-01
  fEnd=    46.97956 grad= -2.6950e-01
  pitchDecay=   -65.92150 grad=  9.1190e-02
  bodyAmp=     1.00000 grad= -5.5396e-02
  ampDecay=   -10.28588 grad= -2.4005e-03
  clickFreq=   388.14001 grad=  2.5446e-03
  clickAmp=     1.20000 grad= -9.9457e-03
  clickDecay=  -193.68221 grad= -4.5342e-04
  noiseCutoff= 10842.87598 grad= -1.3427e-01
  noiseAmp=     0.00160 grad= -1.5379e+01
  noiseDecay=   -10.68257 grad=  1.1473e-01
  drive=     3.88233 grad= -2.3697e-02
  outGain=     0.11506 grad= -6.1420e-01
  bodyAsymmetry=    -0.06508 grad=  8.8519e-03
  bodyHarmonic=    -0.85698 grad=  3.8668e-03
  ampCurve=    -3.93544 grad=  1.3824e-03
epoch=500 loss=2.147987
  fStart=   335.17664 grad= -2.6096e-02
  fEnd=    46.98049 grad=  1.0314e-02
  pitchDecay=   -65.92352 grad=  1.5976e-02
  bodyAmp=     1.00000 grad= -8.5982e-02
  ampDecay=   -10.26750 grad= -5.9087e-03
  clickFreq=   388.17703 grad=  4.8210e-03
  clickAmp=     1.20000 grad= -9.3967e-03
  clickDecay=  -193.55174 grad=  3.8892e-04
  noiseCutoff= 10893.87109 grad=  9.1339e-03
  noiseAmp=     0.00186 grad=  7.1895e+01
  noiseDecay=   -10.67564 grad= -1.4719e-01
  drive=     3.88519 grad=  9.4630e-03
  outGain=     0.11522 grad=  8.4008e-01
  bodyAsymmetry=    -0.06503 grad= -4.3050e-04
  bodyHarmonic=    -0.85813 grad= -3.3793e-03
  ampCurve=    -3.95319 grad=  1.0525e-03
epoch=510 loss=2.138168
  fStart=   335.18640 grad=  1.2394e-02
  fEnd=    46.97976 grad=  3.2310e-02
  pitchDecay=   -65.92420 grad= -4.5742e-02
  bodyAmp=     1.00000 grad= -5.2180e-02
  ampDecay=   -10.25206 grad= -5.4273e-04
  clickFreq=   388.16797 grad=  1.3617e-02
  clickAmp=     1.20000 grad= -7.2319e-03
  clickDecay=  -193.56042 grad= -1.2269e-03
  noiseCutoff= 10942.95605 grad= -9.4073e-02
  noiseAmp=     0.00163 grad=  1.2245e+01
  noiseDecay=   -10.65758 grad=  4.4282e-02
  drive=     3.88811 grad= -1.0531e-02
  outGain=     0.11725 grad= -3.9079e-02
  bodyAsymmetry=    -0.06519 grad=  2.1622e-02
  bodyHarmonic=    -0.85941 grad= -6.3739e-04
  ampCurve=    -3.97020 grad=  2.0805e-03
epoch=520 loss=2.137237
  fStart=   335.19135 grad= -6.7847e-02
  fEnd=    46.97955 grad= -1.2913e-01
  pitchDecay=   -65.92653 grad=  2.5990e-02
  bodyAmp=     1.00000 grad= -3.0540e-02
  ampDecay=   -10.24827 grad=  3.5197e-03
  clickFreq=   388.10617 grad=  6.4286e-03
  clickAmp=     1.20000 grad= -4.4078e-03
  clickDecay=  -194.06631 grad= -1.0233e-03
  noiseCutoff= 10998.99512 grad= -8.0746e-02
  noiseAmp=     0.00156 grad=  2.2133e+01
  noiseDecay=   -10.60182 grad=  1.6696e-02
  drive=     3.89119 grad= -3.2779e-04
  outGain=     0.12195 grad=  3.3686e-01
  bodyAsymmetry=    -0.06590 grad= -2.6060e-03
  bodyHarmonic=    -0.86029 grad= -1.6766e-03
  ampCurve=    -3.99328 grad=  3.3623e-03
epoch=530 loss=2.137762
  fStart=   335.19678 grad= -9.9640e-02
  fEnd=    46.98120 grad=  2.9227e-02
  pitchDecay=   -65.92892 grad=  2.4818e-02
  bodyAmp=     1.00000 grad= -3.7625e-03
  ampDecay=   -10.25664 grad=  6.1800e-03
  clickFreq=   388.05435 grad= -9.6899e-03
  clickAmp=     1.20000 grad= -5.8415e-03
  clickDecay=  -194.47336 grad=  1.0907e-03
  noiseCutoff= 11053.41211 grad= -1.6920e-01
  noiseAmp=     0.00138 grad= -4.6757e+01
  noiseDecay=   -10.54166 grad=  1.7171e-01
  drive=     3.89319 grad= -1.9369e-02
  outGain=     0.12257 grad= -4.8043e-01
  bodyAsymmetry=    -0.06616 grad= -2.3973e-02
  bodyHarmonic=    -0.86073 grad=  4.5838e-03
  ampCurve=    -4.02377 grad=  3.6527e-03
epoch=540 loss=2.135951
  fStart=   335.20493 grad= -1.5420e-01
  fEnd=    46.98077 grad= -8.9962e-02
  pitchDecay=   -65.93096 grad=  7.9308e-02
  bodyAmp=     1.00000 grad= -1.2718e-02
  ampDecay=   -10.26855 grad=  4.4799e-03
  clickFreq=   388.06119 grad= -5.9658e-03
  clickAmp=     1.20000 grad= -5.7331e-03
  clickDecay=  -194.54922 grad=  1.4265e-03
  noiseCutoff= 11104.51855 grad= -1.5849e-01
  noiseAmp=     0.00139 grad= -3.8792e+01
  noiseDecay=   -10.48425 grad=  1.5225e-01
  drive=     3.89466 grad= -1.8867e-02
  outGain=     0.12170 grad= -4.5222e-01
  bodyAsymmetry=    -0.06588 grad=  9.1694e-04
  bodyHarmonic=    -0.86147 grad=  4.6710e-03
  ampCurve=    -4.05420 grad=  3.1392e-03
epoch=550 loss=2.133476
  fStart=   335.21277 grad= -9.7172e-02
  fEnd=    46.98024 grad= -8.4882e-02
  pitchDecay=   -65.93272 grad=  4.2378e-02
  bodyAmp=     1.00000 grad= -2.7875e-02
  ampDecay=   -10.27829 grad=  2.4581e-03
  clickFreq=   388.09729 grad= -6.4028e-04
  clickAmp=     1.20000 grad= -5.0869e-03
  clickDecay=  -194.36766 grad=  2.7171e-04
  noiseCutoff= 11152.12695 grad= -1.1118e-01
  noiseAmp=     0.00145 grad=  3.0168e-01
  noiseDecay=   -10.43054 grad=  6.2374e-02
  drive=     3.89616 grad= -8.6087e-03
  outGain=     0.12177 grad= -4.7812e-03
  bodyAsymmetry=    -0.06581 grad=  1.3111e-03
  bodyHarmonic=    -0.86250 grad=  8.0754e-04
  ampCurve=    -4.07997 grad=  2.7629e-03
epoch=560 loss=2.133482
  fStart=   335.22269 grad=  1.2240e-02
  fEnd=    46.98028 grad=  2.2025e-02
  pitchDecay=   -65.93373 grad= -4.7823e-02
  bodyAmp=     1.00000 grad= -3.4823e-02
  ampDecay=   -10.28586 grad=  1.7494e-03
  clickFreq=   388.11984 grad= -7.2420e-06
  clickAmp=     1.20000 grad= -4.3379e-03
  clickDecay=  -194.13545 grad= -1.3081e-04
  noiseCutoff= 11196.46973 grad= -7.3615e-02
  noiseAmp=     0.00148 grad=  2.7680e+01
  noiseDecay=   -10.38073 grad= -5.5840e-03
  drive=     3.89768 grad=  2.6717e-04
  outGain=     0.12256 grad=  3.6844e-01
  bodyAsymmetry=    -0.06598 grad= -3.8024e-04
  bodyHarmonic=    -0.86352 grad= -1.5598e-03
  ampCurve=    -4.10176 grad=  2.6964e-03
epoch=570 loss=2.131928
  fStart=   335.23132 grad=  3.2745e-01
  fEnd=    46.98002 grad=  2.8646e-01
  pitchDecay=   -65.93492 grad= -3.2295e-01
  bodyAmp=     1.00000 grad= -2.8479e-02
  ampDecay=   -10.29233 grad=  2.2584e-03
  clickFreq=   388.14337 grad= -1.6318e-04
  clickAmp=     1.20000 grad= -4.3750e-03
  clickDecay=  -193.99239 grad=  3.4733e-04
  noiseCutoff= 11236.12207 grad= -1.1058e-01
  noiseAmp=     0.00141 grad=  2.5000e-01
  noiseDecay=   -10.34092 grad=  5.7784e-02
  drive=     3.89894 grad= -8.5601e-03
  outGain=     0.12241 grad=  3.9224e-03
  bodyAsymmetry=    -0.06599 grad= -3.8350e-04
  bodyHarmonic=    -0.86416 grad=  5.6951e-04
  ampCurve=    -4.12116 grad=  2.6533e-03
epoch=580 loss=2.132198
  fStart=   335.23450 grad= -2.6866e-01
  fEnd=    46.97943 grad= -3.7491e-01
  pitchDecay=   -65.93713 grad=  1.7554e-01
  bodyAmp=     1.00000 grad= -1.8084e-02
  ampDecay=   -10.29824 grad=  3.4899e-03
  clickFreq=   388.16595 grad=  2.4515e-03
  clickAmp=     1.20000 grad= -2.7795e-03
  clickDecay=  -193.86311 grad=  2.9856e-04
  noiseCutoff= 11274.85059 grad= -1.4484e-01
  noiseAmp=     0.00134 grad= -2.9139e+01
  noiseDecay=   -10.30024 grad=  1.1933e-01
  drive=     3.90028 grad= -1.5475e-02
  outGain=     0.12305 grad= -2.9477e-01
  bodyAsymmetry=    -0.06604 grad=  6.5333e-03
  bodyHarmonic=    -0.86491 grad=  2.9783e-03
  ampCurve=    -4.13881 grad=  2.8102e-03
epoch=590 loss=2.131678
  fStart=   335.24121 grad= -4.6446e-02
  fEnd=    46.97992 grad= -3.7283e-02
  pitchDecay=   -65.93867 grad=  4.7867e-03
  bodyAmp=     1.00000 grad= -4.1703e-02
  ampDecay=   -10.30333 grad=  2.5914e-04
  clickFreq=   388.15170 grad=  7.5955e-05
  clickAmp=     1.20000 grad= -4.2007e-03
  clickDecay=  -193.90842 grad= -4.4852e-04
  noiseCutoff= 11309.60254 grad= -6.9523e-02
  noiseAmp=     0.00145 grad=  3.0826e+01
  noiseDecay=   -10.27035 grad= -1.7371e-02
  drive=     3.90130 grad= -4.9073e-04
  outGain=     0.12215 grad=  3.4665e-01
  bodyAsymmetry=    -0.06596 grad= -7.9075e-04
  bodyHarmonic=    -0.86498 grad= -1.9929e-03
  ampCurve=    -4.15519 grad=  2.2297e-03
epoch=599 loss=2.130409
  fStart=   335.24921 grad= -7.0537e-02
  fEnd=    46.98012 grad=  4.6000e-02
  pitchDecay=   -65.93948 grad=  1.7258e-02
  bodyAmp=     1.00000 grad= -3.6629e-02
  ampDecay=   -10.30602 grad=  3.7670e-05
  clickFreq=   388.18039 grad= -5.9081e-03
  clickAmp=     1.20000 grad= -6.3869e-03
  clickDecay=  -193.98203 grad=  1.1910e-04
  noiseCutoff= 11337.71191 grad= -1.1738e-01
  noiseAmp=     0.00139 grad= -6.6127e+00
  noiseDecay=   -10.25338 grad=  6.9368e-02
  drive=     3.90206 grad= -1.3708e-02
  outGain=     0.12047 grad= -2.0064e-01
  bodyAsymmetry=    -0.06572 grad= -3.0173e-05
  bodyHarmonic=    -0.86484 grad=  1.8820e-03
  ampCurve=    -4.16830 grad=  1.8802e-03
refine epoch=0 loss=2.130409
refine epoch=10 loss=2.130639
refine epoch=20 loss=2.130513
refine epoch=30 loss=2.130546
refine epoch=40 loss=2.130564
refine epoch=50 loss=2.130543
refine epoch=60 loss=2.130529
refine epoch=70 loss=2.130568
refine epoch=80 loss=2.130517
refine epoch=90 loss=2.130396
refine epoch=100 loss=2.130572
refine epoch=110 loss=2.130541
refine epoch=120 loss=2.130418
refine epoch=130 loss=2.130533
refine epoch=140 loss=2.130552
refine epoch=150 loss=2.130456
refine epoch=160 loss=2.130508
refine epoch=170 loss=2.130491
refine epoch=180 loss=2.130548
refine epoch=190 loss=2.130552
refine epoch=200 loss=2.130440
refine epoch=210 loss=2.130411
refine epoch=220 loss=2.130378
refine epoch=230 loss=2.130399
refine epoch=240 loss=2.130412
refine epoch=250 loss=2.130500
refine epoch=260 loss=2.130492
refine epoch=270 loss=2.130492
refine epoch=280 loss=2.130492
refine epoch=290 loss=2.130492
epoch=0 loss=3.875832
  fStart=   244.90578 grad= -3.3610e-01
  fEnd=    47.35925 grad= -1.8643e-01
  pitchDecay=   -31.00250 grad=  9.9089e-02
  bodyAmp=     0.48422 grad=  1.9861e-02
  ampDecay=   -24.46040 grad= -3.0526e-02
  clickFreq=   814.71661 grad= -5.5116e-02
  clickAmp=     0.31132 grad=  4.5447e-02
  clickDecay=  -253.88960 grad= -1.7000e-02
  noiseCutoff= 11380.40430 grad=  4.5079e-01
  noiseAmp=     0.01358 grad=  2.5099e+01
  noiseDecay=   -81.84522 grad= -4.5209e-01
  drive=     2.35161 grad=  1.5503e-01
  outGain=     0.78850 grad=  6.2470e-01
  bodyAsymmetry=    -0.39663 grad= -5.7129e-01
  bodyHarmonic=     0.16379 grad= -7.4731e-02
  ampCurve=    -0.89431 grad= -7.3053e-03
epoch=10 loss=3.434940
  fStart=   244.92365 grad=  5.7215e-02
  fEnd=    47.45848 grad=  3.6329e-02
  pitchDecay=   -31.04173 grad=  6.3375e-03
  bodyAmp=     0.28778 grad= -6.0161e-01
  ampDecay=   -24.16166 grad= -2.6687e-02
  clickFreq=   825.83295 grad=  6.7572e-02
  clickAmp=     0.36796 grad=  4.7537e-01
  clickDecay=  -248.22548 grad=  5.7421e-03
  noiseCutoff= 10884.71191 grad= -1.1801e-01
  noiseAmp=     0.00199 grad= -5.5201e+01
  noiseDecay=   -89.35874 grad=  3.1100e-01
  drive=     2.29889 grad= -4.7021e-02
  outGain=     0.60450 grad= -1.7819e-01
  bodyAsymmetry=    -0.10588 grad=  8.0339e-01
  bodyHarmonic=     0.45740 grad= -1.5825e-02
  ampCurve=    -0.59637 grad= -6.3063e-03
epoch=20 loss=3.246030
  fStart=   245.70200 grad=  3.6170e-01
  fEnd=    47.67043 grad=  1.6281e-01
  pitchDecay=   -30.93512 grad= -2.5156e-01
  bodyAmp=     0.50790 grad= -1.5862e-01
  ampDecay=   -23.86444 grad= -3.0634e-02
  clickFreq=   801.83820 grad=  3.5080e-02
  clickAmp=     0.18624 grad= -6.2914e-02
  clickDecay=  -218.92519 grad= -6.8616e-03
  noiseCutoff= 10736.91016 grad=  1.5809e-01
  noiseAmp=     0.00524 grad=  1.8554e+01
  noiseDecay=   -76.54616 grad=  7.9573e-02
  drive=     2.32000 grad=  2.1535e-03
  outGain=     0.61062 grad=  1.3359e-01
  bodyAsymmetry=    -0.08523 grad= -1.1362e+00
  bodyHarmonic=     0.65977 grad= -1.6801e-02
  ampCurve=    -0.29862 grad= -7.7023e-03
epoch=30 loss=3.134022
  fStart=   245.63570 grad=  2.8584e-01
  fEnd=    47.76772 grad= -4.6332e-01
  pitchDecay=   -30.91905 grad= -8.9296e-02
  bodyAmp=     0.67477 grad= -5.1367e-02
  ampDecay=   -23.56034 grad= -3.1713e-02
  clickFreq=   793.94739 grad=  1.3109e-03
  clickAmp=     0.03767 grad= -1.4329e-01
  clickDecay=  -218.32013 grad=  9.4249e-05
  noiseCutoff= 10708.49219 grad=  9.4910e-02
  noiseAmp=     0.00342 grad=  2.0825e+01
  noiseDecay=   -59.54867 grad=  1.3368e-01
  drive=     2.36755 grad=  1.3137e-02
  outGain=     0.67746 grad=  1.5533e-01
  bodyAsymmetry=    -0.05532 grad= -2.0358e+00
  bodyHarmonic=     0.73463 grad= -4.7049e-03
  ampCurve=     0.00000 grad= -8.6670e-03
epoch=40 loss=3.334149
  fStart=   245.11655 grad=  7.1479e-02
  fEnd=    47.92887 grad=  1.3430e-01
  pitchDecay=   -30.93677 grad= -1.6835e-01
  bodyAmp=     0.76525 grad=  1.0275e-01
  ampDecay=   -23.25295 grad= -2.9815e-02
  clickFreq=   786.32397 grad=  0.0000e+00
  clickAmp=     0.00000 grad= -2.2607e-01
  clickDecay=  -219.43217 grad=  0.0000e+00
  noiseCutoff= 10565.44141 grad= -1.8060e-01
  noiseAmp=     0.00035 grad= -4.7520e+02
  noiseDecay=   -46.97449 grad=  3.0787e-01
  drive=     2.38662 grad= -3.6340e-02
  outGain=     0.65134 grad= -1.9578e-01
  bodyAsymmetry=    -0.05643 grad= -2.7417e+00
  bodyHarmonic=     0.65478 grad= -2.3328e-02
  ampCurve=     0.00000 grad= -8.9161e-03
epoch=50 loss=2.967863
  fStart=   244.69637 grad=  2.4658e-02
  fEnd=    48.09553 grad= -5.0395e-01
  pitchDecay=   -30.96749 grad=  9.9995e-02
  bodyAmp=     0.82321 grad= -4.4793e-02
  ampDecay=   -22.94580 grad= -3.1246e-02
  clickFreq=   783.43359 grad=  0.0000e+00
  clickAmp=     0.00000 grad=  1.3161e-01
  clickDecay=  -220.08711 grad=  0.0000e+00
  noiseCutoff= 10314.20898 grad= -9.2278e-02
  noiseAmp=     0.00176 grad= -3.4305e+01
  noiseDecay=   -38.41457 grad=  3.6509e-01
  drive=     2.38278 grad= -4.0885e-02
  outGain=     0.55664 grad= -1.2713e-01
  bodyAsymmetry=    -0.03089 grad=  8.9104e-01
  bodyHarmonic=     0.54431 grad=  3.0222e-02
  ampCurve=     0.00000 grad= -8.9228e-03
epoch=60 loss=3.039496
  fStart=   244.23801 grad= -1.9771e-01
  fEnd=    48.22212 grad= -1.9874e-02
  pitchDecay=   -31.01179 grad=  9.1375e-02
  bodyAmp=     0.91875 grad= -2.0137e-01
  ampDecay=   -22.63828 grad= -3.6078e-02
  clickFreq=   782.33234 grad=  0.0000e+00
  clickAmp=     0.00000 grad=  1.1038e-01
  clickDecay=  -220.33786 grad=  0.0000e+00
  noiseCutoff= 10048.24902 grad=  4.5324e-01
  noiseAmp=     0.00466 grad=  8.3349e+01
  noiseDecay=   -31.78203 grad= -2.6581e-01
  drive=     2.39429 grad=  8.5101e-02
  outGain=     0.49233 grad=  7.9647e-01
  bodyAsymmetry=    -0.02923 grad=  6.8926e-01
  bodyHarmonic=     0.43614 grad=  2.4089e-02
  ampCurve=     0.00000 grad= -9.1012e-03
epoch=70 loss=2.868907
  fStart=   244.26712 grad= -1.2193e-01
  fEnd=    48.25213 grad= -5.5076e-02
  pitchDecay=   -31.03175 grad=  1.7402e-02
  bodyAmp=     1.00000 grad= -1.7365e-01
  ampDecay=   -22.33043 grad= -3.5429e-02
  clickFreq=   781.92023 grad=  0.0000e+00
  clickAmp=     0.00000 grad= -1.1137e-01
  clickDecay=  -220.43065 grad=  0.0000e+00
  noiseCutoff=  9734.12891 grad=  2.4027e-01
  noiseAmp=     0.00327 grad=  7.1470e+01
  noiseDecay=   -26.89037 grad=  2.4699e-02
  drive=     2.41081 grad=  2.4856e-02
  outGain=     0.42695 grad=  4.6528e-01
  bodyAsymmetry=    -0.03096 grad= -7.9182e-01
  bodyHarmonic=     0.37897 grad= -1.5472e-02
  ampCurve=     0.00000 grad= -9.1361e-03
epoch=80 loss=3.126182
  fStart=   244.43701 grad=  6.8494e-01
  fEnd=    48.31470 grad=  3.9137e-01
  pitchDecay=   -31.04018 grad= -4.6479e-01
  bodyAmp=     1.00000 grad= -4.1331e-02
  ampDecay=   -22.02379 grad= -2.9758e-02
  clickFreq=   782.14392 grad= -5.6934e-03
  clickAmp=     0.02389 grad= -4.4470e-02
  clickDecay=  -220.35962 grad= -2.6676e-04
  noiseCutoff=  9397.89551 grad= -2.9172e-01
  noiseAmp=     0.00042 grad= -6.5292e+02
  noiseDecay=   -23.28480 grad=  4.9618e-01
  drive=     2.42614 grad= -1.3116e-01
  outGain=     0.36496 grad= -1.0209e+00
  bodyAsymmetry=    -0.03079 grad=  9.3915e-02
  bodyHarmonic=     0.39384 grad= -2.7888e-02
  ampCurve=     0.00000 grad= -9.0045e-03
epoch=90 loss=2.712062
  fStart=   244.29321 grad= -4.6191e-01
  fEnd=    48.37533 grad= -6.5497e-01
  pitchDecay=   -31.08212 grad=  3.0520e-01
  bodyAmp=     1.00000 grad= -9.7142e-02
  ampDecay=   -21.72117 grad= -3.2561e-02
  clickFreq=   782.87451 grad=  8.7778e-03
  clickAmp=     0.06577 grad= -2.2575e-02
  clickDecay=  -221.56665 grad= -4.6483e-04
  noiseCutoff=  9091.34375 grad= -1.2682e-01
  noiseAmp=     0.00179 grad= -3.6247e+01
  noiseDecay=   -20.55101 grad=  4.6124e-01
  drive=     2.44237 grad= -6.6919e-02
  outGain=     0.33733 grad= -3.7775e-01
  bodyAsymmetry=    -0.03558 grad=  7.7565e-02
  bodyHarmonic=     0.47235 grad= -7.5281e-03
  ampCurve=     0.00000 grad= -9.0520e-03
epoch=100 loss=2.909972
  fStart=   244.31628 grad= -3.2550e-01
  fEnd=    48.42723 grad= -3.8122e-01
  pitchDecay=   -31.11861 grad=  2.7705e-01
  bodyAmp=     1.00000 grad= -2.2350e-01
  ampDecay=   -21.42311 grad= -3.7644e-02
  clickFreq=   781.29108 grad= -1.0206e-02
  clickAmp=     0.10580 grad= -4.2345e-02
  clickDecay=  -226.10738 grad=  8.1948e-06
  noiseCutoff=  8799.41406 grad=  6.6928e-01
  noiseAmp=     0.00457 grad=  1.3679e+02
  noiseDecay=   -18.55984 grad= -6.5719e-01
  drive=     2.45376 grad=  1.6160e-01
  outGain=     0.31692 grad=  1.8604e+00
  bodyAsymmetry=    -0.04177 grad= -2.9049e-01
  bodyHarmonic=     0.56274 grad= -6.0136e-03
  ampCurve=     0.00000 grad= -9.1859e-03
epoch=110 loss=2.700029
  fStart=   244.54520 grad= -3.6744e-01
  fEnd=    48.43356 grad= -5.1858e-02
  pitchDecay=   -31.13249 grad=  1.0593e-01
  bodyAmp=     1.00000 grad= -1.5817e-01
  ampDecay=   -21.12969 grad= -3.5405e-02
  clickFreq=   794.11743 grad=  2.5193e-02
  clickAmp=     0.14497 grad= -3.3993e-02
  clickDecay=  -231.76369 grad= -6.9340e-04
  noiseCutoff=  8488.20215 grad=  2.7340e-01
  noiseAmp=     0.00323 grad=  9.4005e+01
  noiseDecay=   -17.41038 grad= -9.5438e-02
  drive=     2.45513 grad=  5.7319e-02
  outGain=     0.28494 grad=  8.9084e-01
  bodyAsymmetry=    -0.04569 grad= -1.4524e-01
  bodyHarmonic=     0.63006 grad= -1.4180e-04
  ampCurve=     0.00000 grad= -9.1546e-03
epoch=120 loss=2.999958
  fStart=   244.81984 grad=  2.1872e-02
  fEnd=    48.36555 grad=  6.9556e-02
  pitchDecay=   -31.17128 grad= -4.4364e-02
  bodyAmp=     1.00000 grad= -4.9297e-02
  ampDecay=   -20.84233 grad= -2.9930e-02
  clickFreq=   818.32275 grad= -6.8611e-02
  clickAmp=     0.18050 grad= -1.8147e-02
  clickDecay=  -242.61644 grad=  2.9725e-03
  noiseCutoff=  8221.21191 grad= -3.6301e-01
  noiseAmp=     0.00053 grad= -6.4502e+02
  noiseDecay=   -16.50899 grad=  6.0658e-01
  drive=     2.45490 grad= -1.6154e-01
  outGain=     0.25502 grad= -1.7410e+00
  bodyAsymmetry=    -0.04796 grad=  1.5483e-01
  bodyHarmonic=     0.67188 grad= -1.6157e-02
  ampCurve=     0.00000 grad= -9.1247e-03
epoch=130 loss=2.599952
  fStart=   244.92786 grad= -3.0913e-01
  fEnd=    48.34964 grad= -3.9767e-01
  pitchDecay=   -31.17667 grad=  2.2233e-01
  bodyAmp=     1.00000 grad= -7.1854e-02
  ampDecay=   -20.56218 grad= -3.1866e-02
  clickFreq=   859.88177 grad=  8.5812e-02
  clickAmp=     0.21229 grad= -1.5425e-02
  clickDecay=  -241.94881 grad=  2.4900e-03
  noiseCutoff=  8039.44238 grad= -2.0831e-01
  noiseAmp=     0.00183 grad= -6.4661e+01
  noiseDecay=   -15.55024 grad=  4.9626e-01
  drive=     2.46060 grad= -7.8591e-02
  outGain=     0.24667 grad= -7.6304e-01
  bodyAsymmetry=    -0.05320 grad=  3.2852e-02
  bodyHarmonic=     0.70530 grad=  1.2963e-03
  ampCurve=     0.00000 grad= -9.1378e-03
epoch=140 loss=2.790698
  fStart=   244.76207 grad= -4.1381e-01
  fEnd=    48.37829 grad= -5.7614e-01
  pitchDecay=   -31.15855 grad=  3.3574e-01
  bodyAmp=     1.00000 grad= -2.0057e-01
  ampDecay=   -20.28844 grad= -3.7416e-02
  clickFreq=   826.85034 grad= -7.8298e-02
  clickAmp=     0.24141 grad= -4.9031e-03
  clickDecay=  -225.61691 grad= -2.1102e-03
  noiseCutoff=  7900.92627 grad=  6.4313e-01
  noiseAmp=     0.00444 grad=  1.4671e+02
  noiseDecay=   -14.71234 grad= -7.9439e-01
  drive=     2.46688 grad=  1.8205e-01
  outGain=     0.24505 grad=  2.4812e+00
  bodyAsymmetry=    -0.05590 grad= -2.5794e-02
  bodyHarmonic=     0.72694 grad=  1.9941e-03
  ampCurve=     0.00000 grad= -9.3260e-03
epoch=150 loss=2.602722
  fStart=   244.48772 grad= -5.6389e-01
  fEnd=    48.43834 grad= -3.2600e-01
  pitchDecay=   -31.16026 grad=  3.1199e-01
  bodyAmp=     1.00000 grad= -1.4289e-01
  ampDecay=   -20.01962 grad= -3.5201e-02
  clickFreq=   845.66052 grad=  1.7797e-02
  clickAmp=     0.26745 grad= -1.9532e-02
  clickDecay=  -214.51764 grad=  1.7679e-03
  noiseCutoff=  7747.08154 grad=  2.3645e-01
  noiseAmp=     0.00318 grad=  9.5313e+01
  noiseDecay=   -14.30890 grad= -1.7730e-01
  drive=     2.46764 grad=  6.2988e-02
  outGain=     0.23112 grad=  1.0610e+00
  bodyAsymmetry=    -0.05950 grad= -7.9172e-02
  bodyHarmonic=     0.75122 grad=  1.9384e-03
  ampCurve=     0.00000 grad= -9.3333e-03
epoch=160 loss=2.876119
  fStart=   244.54741 grad= -3.9838e-01
  fEnd=    48.43621 grad= -3.3215e-01
  pitchDecay=   -31.16797 grad=  1.7252e-01
  bodyAmp=     1.00000 grad= -5.3664e-02
  ampDecay=   -19.75665 grad= -2.9951e-02
  clickFreq=   834.67004 grad=  1.2434e-01
  clickAmp=     0.28961 grad=  1.4362e-02
  clickDecay=  -198.26125 grad=  4.0251e-04
  noiseCutoff=  7613.07959 grad= -4.1302e-01
  noiseAmp=     0.00068 grad= -5.6298e+02
  noiseDecay=   -14.03588 grad=  6.7687e-01
  drive=     2.46744 grad= -1.7514e-01
  outGain=     0.21495 grad= -2.2532e+00
  bodyAsymmetry=    -0.05844 grad=  3.3215e-01
  bodyHarmonic=     0.77153 grad= -9.3538e-03
  ampCurve=     0.00000 grad= -9.3524e-03
epoch=170 loss=2.536242
  fStart=   244.63441 grad= -4.9586e-01
  fEnd=    48.44795 grad= -7.9484e-01
  pitchDecay=   -31.18428 grad=  3.5261e-01
  bodyAmp=     1.00000 grad= -7.0578e-02
  ampDecay=   -19.50062 grad= -3.2012e-02
  clickFreq=   846.28296 grad=  3.4242e-02
  clickAmp=     0.29973 grad= -5.5449e-03
  clickDecay=  -204.49641 grad=  4.8686e-03
  noiseCutoff=  7534.10693 grad= -2.2575e-01
  noiseAmp=     0.00188 grad= -6.5538e+01
  noiseDecay=   -13.64035 grad=  4.5752e-01
  drive=     2.47207 grad= -7.9116e-02
  outGain=     0.21503 grad= -9.2399e-01
  bodyAsymmetry=    -0.06160 grad=  4.0035e-02
  bodyHarmonic=     0.79193 grad=  2.2902e-03
  ampCurve=     0.00000 grad= -9.4080e-03
epoch=180 loss=2.715500
  fStart=   244.69624 grad= -2.2183e-01
  fEnd=    48.45978 grad= -4.9070e-01
  pitchDecay=   -31.20491 grad=  2.2807e-01
  bodyAmp=     1.00000 grad= -1.8232e-01
  ampDecay=   -19.25113 grad= -3.7455e-02
  clickFreq=   841.02832 grad= -1.1893e-01
  clickAmp=     0.30945 grad=  1.3315e-02
  clickDecay=  -185.89156 grad= -2.0247e-03
  noiseCutoff=  7478.84863 grad=  6.0101e-01
  noiseAmp=     0.00427 grad=  1.5031e+02
  noiseDecay=   -13.26542 grad= -8.4528e-01
  drive=     2.47661 grad=  1.8745e-01
  outGain=     0.22037 grad=  2.7193e+00
  bodyAsymmetry=    -0.06261 grad=  2.7850e-02
  bodyHarmonic=     0.79052 grad=  8.9577e-03
  ampCurve=     0.00000 grad= -9.6197e-03
epoch=190 loss=2.547934
  fStart=   244.73802 grad= -7.8630e-01
  fEnd=    48.47973 grad= -2.3447e-01
  pitchDecay=   -31.22383 grad=  4.4305e-01
  bodyAmp=     1.00000 grad= -1.4027e-01
  ampDecay=   -19.00698 grad= -3.6027e-02
  clickFreq=   848.38599 grad=  8.3225e-02
  clickAmp=     0.31774 grad=  1.4106e-03
  clickDecay=  -164.65082 grad=  1.3268e-03
  noiseCutoff=  7402.92041 grad=  2.0265e-01
  noiseAmp=     0.00313 grad=  9.3633e+01
  noiseDecay=   -13.15465 grad= -2.1472e-01
  drive=     2.47541 grad=  6.1763e-02
  outGain=     0.21305 grad=  1.0921e+00
  bodyAsymmetry=    -0.06365 grad=  6.5387e-02
  bodyHarmonic=     0.77338 grad=  6.2117e-03
  ampCurve=     0.00000 grad= -9.7069e-03
epoch=200 loss=2.751269
  fStart=   244.71527 grad= -1.0083e+00
  fEnd=    48.50021 grad= -1.0313e+00
  pitchDecay=   -31.20867 grad=  6.5302e-01
  bodyAmp=     1.00000 grad= -3.9214e-02
  ampDecay=   -18.76778 grad= -3.0433e-02
  clickFreq=   849.69653 grad=  9.2546e-02
  clickAmp=     0.32577 grad= -3.1840e-02
  clickDecay=  -150.00002 grad=  9.0050e-03
  noiseCutoff=  7337.59473 grad= -4.3716e-01
  noiseAmp=     0.00086 grad= -4.5589e+02
  noiseDecay=   -13.08602 grad=  7.0897e-01
  drive=     2.47431 grad= -1.7776e-01
  outGain=     0.20193 grad= -2.4665e+00
  bodyAsymmetry=    -0.06426 grad= -6.0391e-02
  bodyHarmonic=     0.75734 grad= -1.0197e-02
  ampCurve=     0.00000 grad= -9.7075e-03
epoch=210 loss=2.492457
  fStart=   244.98135 grad= -1.4385e+00
  fEnd=    48.47328 grad= -9.6238e-01
  pitchDecay=   -31.16164 grad=  9.6491e-01
  bodyAmp=     1.00000 grad= -7.7736e-02
  ampDecay=   -18.53491 grad= -3.2858e-02
  clickFreq=   850.75586 grad=  2.2199e-01
  clickAmp=     0.33582 grad=  1.6287e-02
  clickDecay=  -150.00002 grad=  6.3268e-03
  noiseCutoff=  7313.12988 grad= -2.1948e-01
  noiseAmp=     0.00195 grad= -5.5954e+01
  noiseDecay=   -12.86339 grad=  4.0478e-01
  drive=     2.47874 grad= -7.3068e-02
  outGain=     0.20317 grad= -9.1306e-01
  bodyAsymmetry=    -0.06281 grad=  2.4133e-01
  bodyHarmonic=     0.75116 grad=  5.1094e-03
  ampCurve=     0.00000 grad= -9.7589e-03
epoch=220 loss=2.647222
  fStart=   244.58566 grad=  1.9105e-01
  fEnd=    48.43633 grad=  5.1393e-01
  pitchDecay=   -31.16974 grad= -1.0631e-01
  bodyAmp=     1.00000 grad= -1.7902e-01
  ampDecay=   -18.30815 grad= -3.8350e-02
  clickFreq=   843.03668 grad= -2.1146e-01
  clickAmp=     0.34373 grad=  2.7271e-04
  clickDecay=  -150.00002 grad= -2.5845e-03
  noiseCutoff=  7304.85596 grad=  5.3178e-01
  noiseAmp=     0.00409 grad=  1.4689e+02
  noiseDecay=   -12.62114 grad= -8.0375e-01
  drive=     2.48458 grad=  1.6952e-01
  outGain=     0.20784 grad=  2.6303e+00
  bodyAsymmetry=    -0.06599 grad= -6.4280e-02
  bodyHarmonic=     0.75102 grad=  3.4433e-03
  ampCurve=     0.00000 grad= -9.9540e-03
epoch=230 loss=2.503480
  fStart=   244.63908 grad= -1.1433e-01
  fEnd=    48.42397 grad= -5.7603e-01
  pitchDecay=   -31.14652 grad=  2.1587e-01
  bodyAmp=     1.00000 grad= -1.3165e-01
  ampDecay=   -18.08695 grad= -3.6284e-02
  clickFreq=   845.96143 grad= -1.0356e-01
  clickAmp=     0.35123 grad= -1.8410e-02
  clickDecay=  -150.00002 grad= -1.6686e-03
  noiseCutoff=  7278.12598 grad=  1.6328e-01
  noiseAmp=     0.00306 grad=  8.8953e+01
  noiseDecay=   -12.55702 grad= -2.1725e-01
  drive=     2.48658 grad=  5.3874e-02
  outGain=     0.20128 grad=  1.0062e+00
  bodyAsymmetry=    -0.06743 grad= -1.9605e-01
  bodyHarmonic=     0.75076 grad= -1.6791e-03
  ampCurve=     0.00000 grad= -9.9625e-03
epoch=240 loss=2.639980
  fStart=   244.95740 grad=  1.0114e+00
  fEnd=    48.45986 grad=  1.4429e+00
  pitchDecay=   -31.14039 grad= -9.4812e-01
  bodyAmp=     1.00000 grad= -4.4106e-02
  ampDecay=   -17.87274 grad= -3.0970e-02
  clickFreq=   850.26599 grad=  1.2567e-01
  clickAmp=     0.35883 grad= -1.4147e-02
  clickDecay=  -150.00002 grad=  1.1292e-02
  noiseCutoff=  7257.34668 grad= -4.4119e-01
  noiseAmp=     0.00105 grad= -3.5540e+02
  noiseDecay=   -12.51348 grad=  7.0438e-01
  drive=     2.48819 grad= -1.7041e-01
  outGain=     0.19154 grad= -2.5095e+00
  bodyAsymmetry=    -0.06576 grad=  9.8893e-02
  bodyHarmonic=     0.74820 grad= -6.2858e-03
  ampCurve=     0.00000 grad= -9.9372e-03
epoch=250 loss=2.453966
  fStart=   244.84529 grad=  3.4493e-01
  fEnd=    48.44185 grad=  7.2198e-01
  pitchDecay=   -31.16995 grad= -3.9450e-01
  bodyAmp=     1.00000 grad= -8.6988e-02
  ampDecay=   -17.66623 grad= -3.3497e-02
  clickFreq=   851.61346 grad=  1.2527e-01
  clickAmp=     0.36813 grad=  1.3270e-02
  clickDecay=  -150.00002 grad=  2.8152e-03
  noiseCutoff=  7266.84180 grad= -2.0661e-01
  noiseAmp=     0.00202 grad= -4.3328e+01
  noiseDecay=   -12.34524 grad=  3.4766e-01
  drive=     2.49382 grad= -6.7950e-02
  outGain=     0.19266 grad= -8.7187e-01
  bodyAsymmetry=    -0.06634 grad=  1.6114e-01
  bodyHarmonic=     0.74984 grad=  1.4427e-03
  ampCurve=     0.00000 grad= -9.9716e-03
epoch=260 loss=2.583643
  fStart=   244.88557 grad= -1.3513e+00
  fEnd=    48.44307 grad= -1.5179e+00
  pitchDecay=   -31.18454 grad=  9.1779e-01
  bodyAmp=     1.00000 grad= -1.7899e-01
  ampDecay=   -17.46728 grad= -3.8981e-02
  clickFreq=   848.15906 grad=  1.7567e-02
  clickAmp=     0.37646 grad=  1.5841e-02
  clickDecay=  -150.00002 grad= -3.1259e-03
  noiseCutoff=  7285.25098 grad=  4.5707e-01
  noiseAmp=     0.00388 grad=  1.4078e+02
  noiseDecay=   -12.17140 grad= -7.3523e-01
  drive=     2.49993 grad=  1.4922e-01
  outGain=     0.19627 grad=  2.4952e+00
  bodyAsymmetry=    -0.06822 grad=  5.7525e-02
  bodyHarmonic=     0.74938 grad=  5.3377e-03
  ampCurve=     0.00000 grad= -1.0235e-02
epoch=270 loss=2.465967
  fStart=   245.06548 grad=  3.3428e-01
  fEnd=    48.47808 grad=  2.5146e-01
  pitchDecay=   -31.15488 grad= -1.4994e-02
  bodyAmp=     1.00000 grad= -1.2302e-01
  ampDecay=   -17.27488 grad= -3.6811e-02
  clickFreq=   849.23962 grad= -2.4205e-02
  clickAmp=     0.38321 grad= -3.0326e-02
  clickDecay=  -150.00002 grad= -1.8820e-03
  noiseCutoff=  7287.14062 grad=  1.2885e-01
  noiseAmp=     0.00299 grad=  8.3432e+01
  noiseDecay=   -12.13211 grad= -2.0727e-01
  drive=     2.50267 grad=  4.5723e-02
  outGain=     0.19049 grad=  9.1452e-01
  bodyAsymmetry=    -0.07093 grad= -3.0226e-01
  bodyHarmonic=     0.74144 grad= -1.8202e-03
  ampCurve=     0.00000 grad= -1.0244e-02
epoch=280 loss=2.542893
  fStart=   244.79370 grad=  9.3315e-02
  fEnd=    48.44750 grad=  5.8468e-01
  pitchDecay=   -31.19033 grad= -2.5203e-01
  bodyAmp=     1.00000 grad= -3.9281e-02
  ampDecay=   -17.08947 grad= -3.1498e-02
  clickFreq=   844.07648 grad= -1.8487e-01
  clickAmp=     0.38961 grad= -2.6189e-02
  clickDecay=  -150.00002 grad=  6.1864e-03
  noiseCutoff=  7291.68018 grad= -4.1644e-01
  noiseAmp=     0.00127 grad= -2.6425e+02
  noiseDecay=   -12.11071 grad=  6.5992e-01
  drive=     2.50536 grad= -1.5341e-01
  outGain=     0.18279 grad= -2.4177e+00
  bodyAsymmetry=    -0.06956 grad= -7.0954e-02
  bodyHarmonic=     0.74054 grad= -4.9234e-03
  ampCurve=     0.00000 grad= -1.0125e-02
epoch=290 loss=2.420834
  fStart=   244.97679 grad= -2.8165e-02
  fEnd=    48.42939 grad= -1.1021e-01
  pitchDecay=   -31.19868 grad= -3.2379e-02
  bodyAmp=     1.00000 grad= -9.0532e-02
  ampDecay=   -16.91222 grad= -3.4189e-02
  clickFreq=   847.76892 grad=  7.9393e-02
  clickAmp=     0.39669 grad=  1.5798e-02
  clickDecay=  -150.00002 grad=  9.0225e-04
  noiseCutoff=  7317.23193 grad= -1.8909e-01
  noiseAmp=     0.00209 grad= -2.9772e+01
  noiseDecay=   -12.00125 grad=  2.8906e-01
  drive=     2.51052 grad= -5.8364e-02
  outGain=     0.18399 grad= -7.9169e-01
  bodyAsymmetry=    -0.06806 grad=  1.9368e-01
  bodyHarmonic=     0.74166 grad=  3.4373e-03
  ampCurve=     0.00000 grad= -1.0215e-02
epoch=300 loss=2.525822
  fStart=   245.01266 grad= -1.0611e-01
  fEnd=    48.43630 grad= -3.4955e-02
  pitchDecay=   -31.21273 grad=  5.5303e-02
  bodyAmp=     1.00000 grad= -1.7640e-01
  ampDecay=   -16.74261 grad= -3.9407e-02
  clickFreq=   847.09125 grad= -5.4349e-02
  clickAmp=     0.40166 grad=  3.0151e-02
  clickDecay=  -150.66280 grad= -5.6284e-03
  noiseCutoff=  7347.87451 grad=  3.7865e-01
  noiseAmp=     0.00366 grad=  1.3264e+02
  noiseDecay=   -11.89100 grad= -6.4531e-01
  drive=     2.51578 grad=  1.2782e-01
  outGain=     0.18713 grad=  2.2803e+00
  bodyAsymmetry=    -0.06887 grad=  1.6930e-01
  bodyHarmonic=     0.74016 grad=  6.1529e-03
  ampCurve=     0.00000 grad= -1.0450e-02
epoch=310 loss=2.432271
  fStart=   245.02843 grad=  2.2543e-01
  fEnd=    48.44431 grad=  1.4446e-01
  pitchDecay=   -31.22451 grad= -1.2024e-01
  bodyAmp=     1.00000 grad= -1.3437e-01
  ampDecay=   -16.58000 grad= -3.7365e-02
  clickFreq=   847.10742 grad=  9.3468e-03
  clickAmp=     0.40492 grad= -2.3440e-03
  clickDecay=  -152.11978 grad= -2.4039e-03
  noiseCutoff=  7364.96436 grad=  9.7973e-02
  noiseAmp=     0.00291 grad=  7.8417e+01
  noiseDecay=   -11.87757 grad= -1.9112e-01
  drive=     2.51863 grad=  3.6853e-02
  outGain=     0.18266 grad=  8.2072e-01
  bodyAsymmetry=    -0.07079 grad= -2.5152e-02
  bodyHarmonic=     0.73515 grad=  9.2214e-04
  ampCurve=     0.00000 grad= -1.0431e-02
epoch=320 loss=2.467384
  fStart=   245.05542 grad= -1.0877e-01
  fEnd=    48.44344 grad= -1.7950e-01
  pitchDecay=   -31.23241 grad=  2.2823e-02
  bodyAmp=     1.00000 grad= -4.8641e-02
  ampDecay=   -16.42484 grad= -3.2321e-02
  clickFreq=   846.86591 grad= -4.0064e-02
  clickAmp=     0.40897 grad= -3.2306e-02
  clickDecay=  -153.70213 grad=  4.6386e-03
  noiseCutoff=  7382.93213 grad= -3.7529e-01
  noiseAmp=     0.00148 grad= -1.8517e+02
  noiseDecay=   -11.87661 grad=  5.7944e-01
  drive=     2.52129 grad= -1.3355e-01
  outGain=     0.17677 grad= -2.1646e+00
  bodyAsymmetry=    -0.07183 grad= -1.5367e-01
  bodyHarmonic=     0.73126 grad= -4.7711e-03
  ampCurve=     0.00000 grad= -1.0275e-02
epoch=330 loss=2.393677
  fStart=   245.06477 grad=  8.8839e-02
  fEnd=    48.44762 grad= -2.1799e-02
  pitchDecay=   -31.23771 grad= -5.0349e-02
  bodyAmp=     1.00000 grad= -9.0018e-02
  ampDecay=   -16.27792 grad= -3.4977e-02
  clickFreq=   846.55701 grad=  1.0496e-02
  clickAmp=     0.41433 grad= -8.1360e-03
  clickDecay=  -154.37126 grad=  3.6012e-04
  noiseCutoff=  7415.26416 grad= -1.6644e-01
  noiseAmp=     0.00217 grad= -1.5506e+01
  noiseDecay=   -11.81009 grad=  2.2996e-01
  drive=     2.52572 grad= -5.0281e-02
  outGain=     0.17817 grad= -6.9932e-01
  bodyAsymmetry=    -0.07138 grad= -2.0284e-02
  bodyHarmonic=     0.72726 grad=  7.4587e-04
  ampCurve=     0.00000 grad= -1.0402e-02
epoch=340 loss=2.474643
  fStart=   245.04747 grad= -1.6858e-01
  fEnd=    48.45277 grad=  7.4512e-02
  pitchDecay=   -31.24137 grad=  8.9738e-02
  bodyAmp=     1.00000 grad= -1.6994e-01
  ampDecay=   -16.13873 grad= -3.9500e-02
  clickFreq=   846.58527 grad=  6.5281e-03
  clickAmp=     0.41944 grad=  1.3263e-02
  clickDecay=  -155.40903 grad= -4.0692e-03
  noiseCutoff=  7449.54199 grad=  3.0017e-01
  noiseAmp=     0.00345 grad=  1.2289e+02
  noiseDecay=   -11.74373 grad= -5.4447e-01
  drive=     2.53010 grad=  1.0246e-01
  outGain=     0.18082 grad=  1.9611e+00
  bodyAsymmetry=    -0.07129 grad=  5.8281e-02
  bodyHarmonic=     0.72155 grad=  3.3876e-03
  ampCurve=     0.00000 grad= -1.0578e-02
epoch=350 loss=2.404568
  fStart=   245.04362 grad=  3.7728e-01
  fEnd=    48.45567 grad=  8.4284e-01
  pitchDecay=   -31.24206 grad= -3.3556e-01
  bodyAmp=     1.00000 grad= -1.3173e-01
  ampDecay=   -16.00684 grad= -3.7424e-02
  clickFreq=   847.01813 grad=  6.2777e-02
  clickAmp=     0.42365 grad= -3.5398e-03
  clickDecay=  -156.64062 grad=  3.7520e-04
  noiseCutoff=  7473.00244 grad=  6.9115e-02
  noiseAmp=     0.00283 grad=  7.2338e+01
  noiseDecay=   -11.74334 grad= -1.6448e-01
  drive=     2.53273 grad=  2.8334e-02
  outGain=     0.17722 grad=  6.9299e-01
  bodyAsymmetry=    -0.07200 grad= -8.5040e-03
  bodyHarmonic=     0.71393 grad=  2.3972e-03
  ampCurve=     0.00000 grad= -1.0509e-02
epoch=360 loss=2.412243
  fStart=   245.03743 grad= -3.0557e-01
  fEnd=    48.45136 grad= -3.3367e-01
  pitchDecay=   -31.24413 grad=  1.5321e-01
  bodyAmp=     1.00000 grad= -6.0489e-02
  ampDecay=   -15.88269 grad= -3.3008e-02
  clickFreq=   847.06177 grad=  4.1851e-02
  clickAmp=     0.42793 grad= -1.7982e-02
  clickDecay=  -156.32298 grad=  3.2479e-03
  noiseCutoff=  7496.37207 grad= -3.2251e-01
  noiseAmp=     0.00170 grad= -1.2266e+02
  noiseDecay=   -11.74844 grad=  4.8101e-01
  drive=     2.53510 grad= -1.0898e-01
  outGain=     0.17276 grad= -1.8027e+00
  bodyAsymmetry=    -0.07248 grad= -5.7733e-02
  bodyHarmonic=     0.70404 grad= -1.8504e-03
  ampCurve=     0.00000 grad= -1.0360e-02
epoch=370 loss=2.372871
  fStart=   245.05695 grad=  6.8566e-02
  fEnd=    48.45395 grad= -7.4709e-02
  pitchDecay=   -31.24352 grad= -4.9356e-02
  bodyAmp=     1.00000 grad= -9.8244e-02
  ampDecay=   -15.76657 grad= -3.5356e-02
  clickFreq=   846.32452 grad=  2.3220e-02
  clickAmp=     0.43229 grad= -2.0165e-03
  clickDecay=  -157.07338 grad=  3.4228e-04
  noiseCutoff=  7528.92090 grad= -1.4479e-01
  noiseAmp=     0.00224 grad= -3.0169e+00
  noiseDecay=   -11.70754 grad=  1.7866e-01
  drive=     2.53865 grad= -4.1708e-02
  outGain=     0.17396 grad= -5.6269e-01
  bodyAsymmetry=    -0.07216 grad=  3.1081e-02
  bodyHarmonic=     0.69557 grad=  1.8705e-03
  ampCurve=     0.00000 grad= -1.0450e-02
epoch=380 loss=2.388445
  fStart=   245.02797 grad=  3.1286e-01
  fEnd=    48.49399 grad=  5.1191e-01
  pitchDecay=   -31.24269 grad= -2.5849e-01
  bodyAmp=     1.00000 grad= -1.3151e-01
  ampDecay=   -15.65790 grad= -3.7596e-02
  clickFreq=   846.05017 grad=  5.4117e-02
  clickAmp=     0.43641 grad=  6.8849e-03
  clickDecay=  -158.21907 grad= -1.0083e-03
  noiseCutoff=  7562.45459 grad=  6.1871e-02
  noiseAmp=     0.00277 grad=  7.2514e+01
  noiseDecay=   -11.66177 grad= -1.6547e-01
  drive=     2.54223 grad=  2.8550e-02
  outGain=     0.17633 grad=  6.9371e-01
  bodyAsymmetry=    -0.07226 grad=  5.2270e-02
  bodyHarmonic=     0.68610 grad=  4.5682e-03
  ampCurve=     0.00000 grad= -1.0610e-02
epoch=390 loss=2.357540
  fStart=   244.94583 grad= -5.2852e-01
  fEnd=    48.49273 grad= -4.3960e-01
  pitchDecay=   -31.25269 grad=  3.4686e-01
  bodyAmp=     1.00000 grad= -5.3104e-02
  ampDecay=   -15.55795 grad= -3.3274e-02
  clickFreq=   845.54401 grad= -2.4230e-02
  clickAmp=     0.43659 grad=  2.0783e-02
  clickDecay=  -158.29332 grad= -6.1378e-04
  noiseCutoff=  7623.19971 grad= -2.1792e-01
  noiseAmp=     0.00174 grad= -4.8936e+01
  noiseDecay=   -11.48067 grad=  2.8795e-01
  drive=     2.54842 grad= -5.0668e-02
  outGain=     0.19319 grad= -7.1711e-01
  bodyAsymmetry=    -0.07377 grad=  1.6857e-02
  bodyHarmonic=     0.66508 grad=  1.2312e-02
  ampCurve=     0.00000 grad= -1.0408e-02
epoch=400 loss=2.343757
  fStart=   245.02235 grad=  1.4173e+00
  fEnd=    48.50013 grad=  2.0287e+00
  pitchDecay=   -31.25301 grad= -1.1590e+00
  bodyAmp=     1.00000 grad= -3.8632e-02
  ampDecay=   -15.46776 grad= -3.2408e-02
  clickFreq=   846.10260 grad= -3.4663e-03
  clickAmp=     0.42249 grad=  2.4495e-02
  clickDecay=  -160.48375 grad= -3.9784e-04
  noiseCutoff=  7698.99365 grad= -2.0854e-01
  noiseAmp=     0.00157 grad= -4.3910e+01
  noiseDecay=   -11.24872 grad=  2.5023e-01
  drive=     2.55364 grad= -3.8048e-02
  outGain=     0.20949 grad= -4.7641e-01
  bodyAsymmetry=    -0.07271 grad= -7.0101e-02
  bodyHarmonic=     0.60612 grad=  1.4443e-02
  ampCurve=     0.00000 grad= -1.0276e-02
epoch=410 loss=2.360437
  fStart=   245.00974 grad= -1.5564e-01
  fEnd=    48.50365 grad= -1.4998e-01
  pitchDecay=   -31.26394 grad=  7.3533e-02
  bodyAmp=     1.00000 grad= -1.0293e-01
  ampDecay=   -15.38545 grad= -3.6342e-02
  clickFreq=   845.30695 grad=  5.1215e-03
  clickAmp=     0.39913 grad=  1.9979e-02
  clickDecay=  -163.18684 grad= -2.9181e-04
  noiseCutoff=  7765.11475 grad=  7.4795e-02
  noiseAmp=     0.00213 grad=  1.0776e+02
  noiseDecay=   -11.09480 grad= -2.4095e-01
  drive=     2.55550 grad=  5.2670e-02
  outGain=     0.21009 grad=  9.2776e-01
  bodyAsymmetry=    -0.06887 grad= -2.2412e-02
  bodyHarmonic=     0.53138 grad=  7.0184e-03
  ampCurve=     0.00000 grad= -1.0574e-02
epoch=420 loss=2.329411
  fStart=   245.02948 grad= -4.7125e-01
  fEnd=    48.50123 grad= -6.3833e-01
  pitchDecay=   -31.26841 grad=  3.1312e-01
  bodyAmp=     1.00000 grad= -6.8997e-02
  ampDecay=   -15.30868 grad= -3.4106e-02
  clickFreq=   845.05023 grad=  8.1001e-03
  clickAmp=     0.38118 grad=  2.3708e-03
  clickDecay=  -161.88626 grad=  2.1911e-03
  noiseCutoff=  7820.77979 grad= -1.7653e-01
  noiseAmp=     0.00160 grad= -2.1314e+01
  noiseDecay=   -11.00640 grad=  1.8388e-01
  drive=     2.55646 grad= -3.9988e-02
  outGain=     0.20545 grad= -4.6071e-01
  bodyAsymmetry=    -0.06578 grad= -5.2554e-03
  bodyHarmonic=     0.48164 grad= -7.3298e-04
  ampCurve=     0.00000 grad= -1.0599e-02
epoch=430 loss=2.325544
  fStart=   245.07318 grad=  2.7982e-01
  fEnd=    48.50200 grad=  3.3805e-01
  pitchDecay=   -31.26853 grad= -2.4845e-01
  bodyAmp=     1.00000 grad= -7.0356e-02
  ampDecay=   -15.23719 grad= -3.4062e-02
  clickFreq=   844.84113 grad= -8.7003e-04
  clickAmp=     0.37171 grad= -5.6164e-05
  clickDecay=  -160.34714 grad=  6.5134e-05
  noiseCutoff=  7873.97461 grad= -1.8395e-01
  noiseAmp=     0.00157 grad= -2.6257e+01
  noiseDecay=   -10.93260 grad=  1.9028e-01
  drive=     2.55834 grad= -4.3571e-02
  outGain=     0.20502 grad= -5.1306e-01
  bodyAsymmetry=    -0.06444 grad= -7.2290e-03
  bodyHarmonic=     0.46397 grad= -2.9293e-03
  ampCurve=     0.00000 grad= -1.0611e-02
epoch=440 loss=2.343871
  fStart=   245.07506 grad= -3.4818e-01
  fEnd=    48.49952 grad= -4.2426e-01
  pitchDecay=   -31.27233 grad=  2.1899e-01
  bodyAmp=     1.00000 grad= -1.1159e-01
  ampDecay=   -15.17117 grad= -3.6649e-02
  clickFreq=   845.29565 grad=  3.6851e-03
  clickAmp=     0.36755 grad=  3.1615e-03
  clickDecay=  -160.15274 grad= -1.2721e-03
  noiseCutoff=  7922.21094 grad=  5.6261e-02
  noiseAmp=     0.00203 grad=  1.0339e+02
  noiseDecay=   -10.88139 grad= -2.2151e-01
  drive=     2.56036 grad=  3.9003e-02
  outGain=     0.20525 grad=  7.5347e-01
  bodyAsymmetry=    -0.06395 grad=  1.1200e-03
  bodyHarmonic=     0.46349 grad= -5.7176e-04
  ampCurve=     0.00000 grad= -1.0698e-02
epoch=450 loss=2.344404
  fStart=   245.08020 grad= -6.0449e-02
  fEnd=    48.50190 grad= -2.6844e-01
  pitchDecay=   -31.27593 grad=  3.8818e-02
  bodyAmp=     1.00000 grad= -3.4550e-02
  ampDecay=   -15.11087 grad= -3.1638e-02
  clickFreq=   844.76178 grad=  1.6147e-02
  clickAmp=     0.36653 grad= -1.1699e-03
  clickDecay=  -159.42677 grad=  2.8483e-03
  noiseCutoff=  7968.02148 grad= -3.1889e-01
  noiseAmp=     0.00122 grad= -1.6249e+02
  noiseDecay=   -10.83569 grad=  4.1596e-01
  drive=     2.56256 grad= -9.1043e-02
  outGain=     0.20635 grad= -1.2786e+00
  bodyAsymmetry=    -0.06391 grad=  2.3301e-02
  bodyHarmonic=     0.46715 grad=  1.7583e-03
  ampCurve=     0.00000 grad= -1.0441e-02
epoch=460 loss=2.313519
  fStart=   245.08382 grad= -4.6949e-02
  fEnd=    48.50596 grad= -1.3681e-01
  pitchDecay=   -31.27921 grad= -1.1732e-03
  bodyAmp=     1.00000 grad= -7.1621e-02
  ampDecay=   -15.05698 grad= -3.3796e-02
  clickFreq=   845.32227 grad=  1.8609e-02
  clickAmp=     0.36487 grad=  8.0874e-03
  clickDecay=  -158.38815 grad= -1.5254e-04
  noiseCutoff=  8021.67480 grad= -8.8648e-02
  noiseAmp=     0.00162 grad=  3.9320e+01
  noiseDecay=   -10.74652 grad=  1.2378e-02
  drive=     2.56583 grad= -1.8666e-03
  outGain=     0.21292 grad=  9.3583e-02
  bodyAsymmetry=    -0.06425 grad= -4.3964e-03
  bodyHarmonic=     0.46316 grad=  4.6368e-03
  ampCurve=     0.00000 grad= -1.0390e-02
epoch=470 loss=2.321933
  fStart=   245.08334 grad= -1.1164e-01
  fEnd=    48.50660 grad= -3.5177e-01
  pitchDecay=   -31.28236 grad=  7.3078e-02
  bodyAmp=     1.00000 grad= -1.9955e-02
  ampDecay=   -15.00913 grad= -3.0362e-02
  clickFreq=   845.24048 grad=  1.9466e-02
  clickAmp=     0.36058 grad=  1.0763e-02
  clickDecay=  -158.12894 grad=  7.1653e-04
  noiseCutoff=  8076.37451 grad= -2.8492e-01
  noiseAmp=     0.00117 grad= -1.3263e+02
  noiseDecay=   -10.64998 grad=  3.4374e-01
  drive=     2.56871 grad= -6.6785e-02
  outGain=     0.22048 grad= -8.7067e-01
  bodyAsymmetry=    -0.06418 grad= -3.1363e-02
  bodyHarmonic=     0.44922 grad=  7.1437e-03
  ampCurve=     0.00000 grad= -1.0151e-02
epoch=480 loss=2.381437
  fStart=   245.09282 grad=  2.2616e-01
  fEnd=    48.50786 grad=  6.3246e-01
  pitchDecay=   -31.28399 grad= -2.4183e-01
  bodyAmp=     1.00000 grad=  5.9722e-03
  ampDecay=   -14.96683 grad= -2.8271e-02
  clickFreq=   845.36987 grad=  1.3621e-03
  clickAmp=     0.35333 grad=  1.1363e-02
  clickDecay=  -158.53897 grad=  2.8244e-03
  noiseCutoff=  8126.57129 grad= -4.0376e-01
  noiseAmp=     0.00086 grad= -3.5583e+02
  noiseDecay=   -10.56914 grad=  5.5049e-01
  drive=     2.57075 grad= -1.1553e-01
  outGain=     0.22528 grad= -1.5390e+00
  bodyAsymmetry=    -0.06321 grad=  7.6849e-03
  bodyHarmonic=     0.42800 grad=  5.4009e-03
  ampCurve=     0.00000 grad= -1.0040e-02
epoch=490 loss=2.301870
  fStart=   245.10637 grad=  2.5735e-01
  fEnd=    48.50758 grad=  6.3459e-01
  pitchDecay=   -31.28560 grad= -2.0501e-01
  bodyAmp=     1.00000 grad= -5.1886e-02
  ampDecay=   -14.92997 grad= -3.2106e-02
  clickFreq=   845.06232 grad= -3.4106e-03
  clickAmp=     0.34487 grad=  2.1002e-02
  clickDecay=  -158.31522 grad= -1.1594e-03
  noiseCutoff=  8186.68555 grad= -7.1746e-02
  noiseAmp=     0.00142 grad=  6.1928e+01
  noiseDecay=   -10.43609 grad= -4.3525e-02
  drive=     2.57426 grad=  1.6937e-02
  outGain=     0.23300 grad=  3.2572e-01
  bodyAsymmetry=    -0.06240 grad= -2.8365e-02
  bodyHarmonic=     0.40661 grad=  8.0728e-03
  ampCurve=     0.00000 grad= -1.0091e-02
epoch=500 loss=2.294011
  fStart=   245.09912 grad= -4.5169e-01
  fEnd=    48.50698 grad= -7.4995e-01
  pitchDecay=   -31.28765 grad=  3.3589e-01
  bodyAmp=     1.00000 grad= -3.2108e-02
  ampDecay=   -14.89720 grad= -3.0765e-02
  clickFreq=   844.73724 grad=  1.3279e-03
  clickAmp=     0.33558 grad=  2.1104e-02
  clickDecay=  -158.35289 grad= -2.5286e-04
  noiseCutoff=  8239.32812 grad= -1.4234e-01
  noiseAmp=     0.00125 grad=  1.0142e+01
  noiseDecay=   -10.33546 grad=  7.0273e-02
  drive=     2.57646 grad= -4.7830e-03
  outGain=     0.23821 grad=  1.4390e-02
  bodyAsymmetry=    -0.06126 grad= -2.2484e-02
  bodyHarmonic=     0.38423 grad=  7.6691e-03
  ampCurve=     0.00000 grad= -1.0013e-02
epoch=510 loss=2.295934
  fStart=   245.10953 grad=  3.7785e-01
  fEnd=    48.50868 grad=  7.2187e-01
  pitchDecay=   -31.28714 grad= -2.8109e-01
  bodyAmp=     1.00000 grad= -4.2804e-02
  ampDecay=   -14.86821 grad= -3.1237e-02
  clickFreq=   844.59705 grad= -9.5456e-03
  clickAmp=     0.32659 grad=  2.0770e-02
  clickDecay=  -158.22668 grad=  5.0264e-05
  noiseCutoff=  8287.06738 grad= -6.6592e-02
  noiseAmp=     0.00133 grad=  7.2040e+01
  noiseDecay=   -10.25266 grad= -6.6022e-02
  drive=     2.57802 grad=  2.3064e-02
  outGain=     0.24189 grad=  3.7740e-01
  bodyAsymmetry=    -0.06012 grad= -4.3503e-03
  bodyHarmonic=     0.36405 grad=  7.2716e-03
  ampCurve=     0.00000 grad= -9.9511e-03
epoch=520 loss=2.292416
  fStart=   245.10497 grad= -2.5676e-01
  fEnd=    48.50718 grad= -5.7038e-01
  pitchDecay=   -31.28799 grad=  2.0774e-01
  bodyAmp=     1.00000 grad= -4.1117e-02
  ampDecay=   -14.84238 grad= -3.1176e-02
  clickFreq=   844.44562 grad= -3.7463e-03
  clickAmp=     0.31899 grad=  1.5079e-02
  clickDecay=  -158.01648 grad= -1.4431e-04
  noiseCutoff=  8327.16211 grad= -7.8922e-02
  noiseAmp=     0.00129 grad=  6.3959e+01
  noiseDecay=   -10.19715 grad= -4.7451e-02
  drive=     2.57881 grad=  1.7811e-02
  outGain=     0.24272 grad=  3.0963e-01
  bodyAsymmetry=    -0.05911 grad= -9.0408e-03
  bodyHarmonic=     0.34925 grad=  2.8395e-03
  ampCurve=     0.00000 grad= -9.9954e-03
epoch=530 loss=2.291227
  fStart=   245.10240 grad=  2.7020e-01
  fEnd=    48.50867 grad=  5.8958e-01
  pitchDecay=   -31.28802 grad= -2.0516e-01
  bodyAmp=     1.00000 grad= -1.6266e-02
  ampDecay=   -14.81925 grad= -2.9351e-02
  clickFreq=   844.38483 grad=  1.4592e-03
  clickAmp=     0.31318 grad=  1.2862e-02
  clickDecay=  -158.02589 grad= -1.7515e-04
  noiseCutoff=  8362.16113 grad= -2.3007e-01
  noiseAmp=     0.00105 grad= -8.1434e+01
  noiseDecay=   -10.15596 grad=  2.1123e-01
  drive=     2.57933 grad= -3.8009e-02
  outGain=     0.24260 grad= -4.1487e-01
  bodyAsymmetry=    -0.05839 grad= -5.8408e-04
  bodyHarmonic=     0.34150 grad= -1.6410e-04
  ampCurve=     0.00000 grad= -9.9137e-03
epoch=540 loss=2.285280
  fStart=   245.09586 grad= -3.1027e-01
  fEnd=    48.50879 grad= -5.8162e-01
  pitchDecay=   -31.28837 grad=  2.0263e-01
  bodyAmp=     1.00000 grad= -3.4887e-02
  ampDecay=   -14.79853 grad= -3.0284e-02
  clickFreq=   844.72998 grad= -1.1394e-02
  clickAmp=     0.30828 grad=  1.8980e-02
  clickDecay=  -158.44405 grad= -1.0267e-03
  noiseCutoff=  8394.54590 grad= -1.4207e-01
  noiseAmp=     0.00117 grad=  1.1393e+01
  noiseDecay=   -10.11807 grad=  5.7571e-02
  drive=     2.57991 grad= -6.0983e-03
  outGain=     0.24296 grad=  4.1990e-03
  bodyAsymmetry=    -0.05776 grad= -6.8027e-03
  bodyHarmonic=     0.33896 grad= -1.3173e-03
  ampCurve=     0.00000 grad= -9.9358e-03
epoch=550 loss=2.283895
  fStart=   245.10310 grad= -2.1686e-01
  fEnd=    48.50826 grad= -4.8311e-01
  pitchDecay=   -31.28835 grad=  1.1766e-01
  bodyAmp=     1.00000 grad= -3.1902e-02
  ampDecay=   -14.77988 grad= -2.9940e-02
  clickFreq=   845.35370 grad=  2.1959e-02
  clickAmp=     0.30329 grad=  1.0719e-02
  clickDecay=  -158.91226 grad=  1.9992e-03
  noiseCutoff=  8424.15430 grad= -1.5226e-01
  noiseAmp=     0.00114 grad=  1.7637e+00
  noiseDecay=   -10.08479 grad=  7.3095e-02
  drive=     2.58049 grad= -1.0322e-02
  outGain=     0.24341 grad= -4.5727e-02
  bodyAsymmetry=    -0.05736 grad= -1.4870e-02
  bodyHarmonic=     0.33944 grad= -7.2618e-04
  ampCurve=     0.00000 grad= -9.8790e-03
epoch=560 loss=2.282504
  fStart=   245.11281 grad= -8.1702e-02
  fEnd=    48.50790 grad= -3.9947e-01
  pitchDecay=   -31.28909 grad=  5.0715e-02
  bodyAmp=     1.00000 grad= -3.0160e-02
  ampDecay=   -14.76300 grad= -2.9753e-02
  clickFreq=   844.91364 grad= -5.1087e-03
  clickAmp=     0.29944 grad=  9.1447e-03
  clickDecay=  -158.29529 grad=  2.0050e-03
  noiseCutoff=  8451.64355 grad= -1.4996e-01
  noiseAmp=     0.00113 grad=  4.5408e+00
  noiseDecay=   -10.05423 grad=  6.6688e-02
  drive=     2.58109 grad= -8.6274e-03
  outGain=     0.24405 grad= -2.9718e-02
  bodyAsymmetry=    -0.05700 grad= -1.5852e-02
  bodyHarmonic=     0.34022 grad=  2.3828e-04
  ampCurve=     0.00000 grad= -9.8252e-03
epoch=570 loss=2.294447
  fStart=   245.11163 grad= -1.4000e-01
  fEnd=    48.50869 grad= -4.8709e-01
  pitchDecay=   -31.29063 grad=  1.0757e-01
  bodyAmp=     1.00000 grad= -3.0643e-03
  ampDecay=   -14.74760 grad= -2.7694e-02
  clickFreq=   844.97009 grad=  2.2260e-03
  clickAmp=     0.29647 grad=  8.2476e-03
  clickDecay=  -157.25310 grad=  1.4687e-03
  noiseCutoff=  8477.53125 grad= -2.8067e-01
  noiseAmp=     0.00094 grad= -1.5546e+02
  noiseDecay=   -10.02522 grad=  2.9129e-01
  drive=     2.58168 grad= -5.6714e-02
  outGain=     0.24482 grad= -6.6150e-01
  bodyAsymmetry=    -0.05662 grad= -2.1557e-03
  bodyHarmonic=     0.33986 grad=  1.1209e-03
  ampCurve=     0.00000 grad= -9.6843e-03
epoch=580 loss=2.283072
  fStart=   245.11444 grad=  1.4208e-01
  fEnd=    48.50919 grad=  5.8358e-01
  pitchDecay=   -31.29144 grad= -1.7834e-01
  bodyAmp=     1.00000 grad= -1.7773e-02
  ampDecay=   -14.73329 grad= -2.8609e-02
  clickFreq=   845.40253 grad=  3.2512e-02
  clickAmp=     0.29373 grad=  5.3591e-03
  clickDecay=  -156.53258 grad=  1.7221e-03
  noiseCutoff=  8501.26172 grad= -2.1603e-01
  noiseAmp=     0.00102 grad= -6.8529e+01
  noiseDecay=   -10.00145 grad=  1.7807e-01
  drive=     2.58213 grad= -3.3448e-02
  outGain=     0.24520 grad= -3.4404e-01
  bodyAsymmetry=    -0.05643 grad= -1.7856e-02
  bodyHarmonic=     0.33815 grad= -3.6366e-04
  ampCurve=     0.00000 grad= -9.7050e-03
epoch=590 loss=2.280076
  fStart=   245.12473 grad= -2.1417e-01
  fEnd=    48.50810 grad= -4.7847e-01
  pitchDecay=   -31.29196 grad=  1.3279e-01
  bodyAmp=     1.00000 grad= -3.5047e-02
  ampDecay=   -14.71960 grad= -2.9778e-02
  clickFreq=   845.27515 grad= -1.1419e-02
  clickAmp=     0.29143 grad=  8.7123e-03
  clickDecay=  -155.99274 grad=  2.8943e-04
  noiseCutoff=  8522.36719 grad= -1.2030e-01
  noiseAmp=     0.00115 grad=  3.3492e+01
  noiseDecay=    -9.98683 grad=  9.4595e-03
  drive=     2.58232 grad=  2.3635e-03
  outGain=     0.24443 grad=  1.0983e-01
  bodyAsymmetry=    -0.05602 grad=  3.8115e-04
  bodyHarmonic=     0.33704 grad=  4.2270e-04
  ampCurve=     0.00000 grad= -9.7503e-03
epoch=599 loss=2.279268
  fStart=   245.13150 grad= -1.1094e-01
  fEnd=    48.50824 grad= -4.1247e-01
  pitchDecay=   -31.29254 grad=  7.0511e-02
  bodyAmp=     1.00000 grad= -2.4504e-02
  ampDecay=   -14.70758 grad= -2.8989e-02
  clickFreq=   845.24170 grad=  6.3443e-03
  clickAmp=     0.28971 grad=  5.9158e-03
  clickDecay=  -155.61377 grad=  9.3632e-04
  noiseCutoff=  8541.97656 grad= -1.8958e-01
  noiseAmp=     0.00106 grad= -3.5973e+01
  noiseDecay=    -9.97062 grad=  1.2719e-01
  drive=     2.58262 grad= -2.3531e-02
  outGain=     0.24430 grad= -2.1846e-01
  bodyAsymmetry=    -0.05580 grad=  8.8249e-03
  bodyHarmonic=     0.33681 grad= -5.1432e-04
  ampCurve=     0.00000 grad= -9.7229e-03
refine epoch=0 loss=2.279052
refine epoch=10 loss=2.279094
refine epoch=20 loss=2.279098
refine epoch=30 loss=2.279130
refine epoch=40 loss=2.278855
refine epoch=50 loss=2.278877
refine epoch=60 loss=2.279070
refine epoch=70 loss=2.279058
refine epoch=80 loss=2.279131
refine epoch=90 loss=2.279463
refine epoch=100 loss=2.279296
refine epoch=110 loss=2.279287
refine epoch=120 loss=2.278864
refine epoch=130 loss=2.279214
refine epoch=140 loss=2.278982
refine epoch=150 loss=2.279482
refine epoch=160 loss=2.279482
refine epoch=170 loss=2.279381
refine epoch=180 loss=2.279397
refine epoch=190 loss=2.279429
refine epoch=200 loss=2.279358
refine epoch=210 loss=2.279316
refine epoch=220 loss=2.279295
refine epoch=230 loss=2.279367
refine epoch=240 loss=2.279398
refine epoch=250 loss=2.279280
refine epoch=260 loss=2.279246
refine epoch=270 loss=2.279407
refine epoch=280 loss=2.279189
refine epoch=290 loss=2.279359
refine_start=0
refine_pass=0 learned_mrstft=0.038380 improvement=65.74%
refine_pass=1 learned_mrstft=0.037798 improvement=66.26%
refine_pass=2 learned_mrstft=0.037699 improvement=66.35%
refine_pass=3 learned_mrstft=0.037526 improvement=66.50%
refine_pass=4 learned_mrstft=0.037295 improvement=66.71%
refine_pass=5 learned_mrstft=0.037190 improvement=66.80%
refine_start=1
refine_pass=0 learned_mrstft=0.039586 improvement=64.66%
refine_pass=1 learned_mrstft=0.038968 improvement=65.21%
refine_pass=2 learned_mrstft=0.038848 improvement=65.32%
refine_pass=3 learned_mrstft=0.038745 improvement=65.41%
refine_pass=4 learned_mrstft=0.038554 improvement=65.58%
refine_pass=5 learned_mrstft=0.038338 improvement=65.78%
refined_initial_mrstft=0.112018 refined_learned_mrstft=0.037190 improvement=66.80% pass=false
initial_mrstft=0.112018 learned_mrstft=0.037191 improvement=66.80% pass=false
rung3 pass=false improvement=66.80%
