warning: 'dgen': Invalid Exclude '/Users/alecresende/code/swift/dgen/Examples/TrainKick808/renders': File not found.
warning: 'dgen': found 3 file(s) which are unhandled; explicitly declare them as resources or exclude from the target
    /Users/alecresende/code/swift/dgen/Examples/DDSPE2E/scripts/analyze_smoothing_probe.py
    /Users/alecresende/code/swift/dgen/Examples/DDSPE2E/scripts/plot_controls.py
    /Users/alecresende/code/swift/dgen/Examples/DDSPE2E/scripts/run_best_low_loss_abc.sh
warning: 'dgen': found 1 file(s) which are unhandled; explicitly declare them as resources or exclude from the target
    /Users/alecresende/code/swift/dgen/Examples/TrainKick808/kick_perceptual_score.py
warning: 'dgen': found 1 file(s) which are unhandled; explicitly declare them as resources or exclude from the target
    /Users/alecresende/code/swift/dgen/Examples/SynthID/HANDOFF_909.md
warning: 'dgen': found 1 file(s) which are unhandled; explicitly declare them as resources or exclude from the target
    /Users/alecresende/code/swift/dgen/Sources/DGenLisp/README.md
warning: 'dgen': found 3 file(s) which are unhandled; explicitly declare them as resources or exclude from the target
    /Users/alecresende/code/swift/dgen/Sources/DGen/biquad_c.wav
    /Users/alecresende/code/swift/dgen/Sources/DGen/biquad_metal.wav
    /Users/alecresende/code/swift/dgen/Sources/DGen/TrainingKernels.metal
warning: 'dgen': found 1 file(s) which are unhandled; explicitly declare them as resources or exclude from the target
    /Users/alecresende/code/swift/dgen/Sources/DGenLazy/SPEC.md
[0/1] Planning build
Building for debugging...
[0/3] Write swift-version--58304C5D6DBC2206.txt
Build of product 'SynthID' complete! (0.70s)
fit length: 32768 -> 22528 frames
rung3 prepared sourceRate=44100 targetRate=44100 onset=0.000091s sourceFrames=21416 outputFrames=22528 cropped=false padded=true
epoch=0 loss=3.902072
  fStart=   267.32437 grad= -1.1465e+00
  fEnd=    47.35925 grad= -1.0901e+00
  pitchDecay=   -46.00000 grad=  7.9925e-01
  bodyAmp=     0.52500 grad= -3.0482e-01
  ampDecay=   -14.00000 grad= -1.3086e-02
  clickFreq=   447.21362 grad=  1.5748e-01
  clickAmp=     0.60000 grad=  2.4053e-01
  clickDecay=  -346.41028 grad= -1.0505e-02
  noiseCutoff=  4242.64209 grad=  1.6099e+00
  noiseAmp=     0.02500 grad=  4.4249e+01
  noiseDecay=   -27.38613 grad= -2.1431e+00
  drive=     3.50000 grad=  3.1158e-01
  outGain=     0.55000 grad=  2.7006e+00
  bodyAsymmetry=     0.00000 grad=  1.3596e+00
  bodyHarmonic=     0.00000 grad=  2.5494e-02
  ampCurve=     0.00000 grad= -1.6773e-03
epoch=10 loss=3.231521
  fStart=   267.34515 grad= -6.7835e-01
  fEnd=    47.24054 grad= -3.0102e-01
  pitchDecay=   -46.02160 grad=  6.1346e-01
  bodyAmp=     0.58512 grad= -2.9721e-01
  ampDecay=   -13.71816 grad= -3.7056e-02
  clickFreq=   419.39517 grad=  2.2938e-02
  clickAmp=     0.44499 grad=  1.0049e-01
  clickDecay=  -393.46262 grad=  1.1161e-02
  noiseCutoff=  4001.52466 grad=  0.0000e+00
  noiseAmp=     0.00000 grad=  8.8658e-01
  noiseDecay=   -32.10037 grad=  0.0000e+00
  drive=     3.43537 grad= -3.7605e-02
  outGain=     0.30761 grad= -3.0574e-01
  bodyAsymmetry=    -0.04442 grad=  1.2161e+00
  bodyHarmonic=    -0.25672 grad=  1.4580e-01
  ampCurve=     0.00000 grad= -1.0789e-02
epoch=20 loss=2.864954
  fStart=   268.08313 grad=  7.5108e-01
  fEnd=    47.16157 grad=  1.4271e+00
  pitchDecay=   -45.87518 grad= -6.7763e-01
  bodyAmp=     0.75907 grad=  2.3299e-01
  ampDecay=   -13.41413 grad=  7.9455e-03
  clickFreq=   420.36920 grad= -4.2538e-02
  clickAmp=     0.38679 grad= -6.6345e-02
  clickDecay=  -331.83295 grad= -7.1882e-03
  noiseCutoff=  3935.28491 grad= -2.9285e-01
  noiseAmp=     0.00185 grad= -1.1142e+02
  noiseDecay=   -33.49406 grad=  4.1260e-01
  drive=     3.43616 grad= -1.6079e-02
  outGain=     0.31493 grad= -2.7468e-01
  bodyAsymmetry=    -0.05849 grad= -1.2584e+00
  bodyHarmonic=    -0.50814 grad= -2.0939e-02
  ampCurve=     0.00000 grad=  1.4207e-03
epoch=30 loss=2.616995
  fStart=   268.47037 grad=  1.2081e+00
  fEnd=    47.07812 grad=  2.7085e+00
  pitchDecay=   -45.77234 grad= -7.9253e-01
  bodyAmp=     0.79071 grad= -1.1934e-01
  ampDecay=   -13.29357 grad= -2.2350e-02
  clickFreq=   432.84851 grad= -1.2688e-02
  clickAmp=     0.36847 grad= -4.0573e-02
  clickDecay=  -325.24518 grad=  7.3234e-03
  noiseCutoff=  3921.91333 grad= -2.1545e-01
  noiseAmp=     0.00772 grad= -1.6800e+01
  noiseDecay=   -30.73629 grad=  4.7733e-01
  drive=     3.42939 grad= -6.9681e-02
  outGain=     0.21947 grad= -1.0703e+00
  bodyAsymmetry=    -0.04824 grad=  1.1379e+00
  bodyHarmonic=    -0.57803 grad= -7.3816e-04
  ampCurve=     0.00000 grad= -7.3495e-03
epoch=40 loss=2.512922
  fStart=   269.06848 grad= -2.6313e+00
  fEnd=    47.07659 grad=  7.5226e-01
  pitchDecay=   -45.63964 grad=  2.0256e+00
  bodyAmp=     0.89311 grad=  2.0342e-02
  ampDecay=   -13.11294 grad= -5.5545e-03
  clickFreq=   449.87625 grad=  8.1412e-03
  clickAmp=     0.45550 grad=  2.2537e-02
  clickDecay=  -341.78024 grad=  4.6979e-03
  noiseCutoff=  3948.68335 grad= -2.1833e-01
  noiseAmp=     0.00678 grad= -1.8374e+01
  noiseDecay=   -24.86851 grad=  5.0073e-01
  drive=     3.44661 grad= -2.7908e-02
  outGain=     0.21639 grad= -3.8323e-01
  bodyAsymmetry=    -0.03549 grad=  8.8407e-01
  bodyHarmonic=    -0.51708 grad=  1.8515e-02
  ampCurve=     0.00000 grad= -2.3039e-03
epoch=50 loss=2.387194
  fStart=   269.46652 grad=  1.0968e+00
  fEnd=    46.95244 grad=  8.9563e-01
  pitchDecay=   -45.58086 grad= -9.1024e-01
  bodyAmp=     0.95933 grad= -8.7614e-02
  ampDecay=   -12.96662 grad= -1.7482e-02
  clickFreq=   468.97946 grad=  3.3612e-02
  clickAmp=     0.54441 grad=  6.5182e-03
  clickDecay=  -342.25989 grad=  2.8181e-03
  noiseCutoff=  4037.07642 grad= -5.8929e-02
  noiseAmp=     0.00779 grad=  1.4427e+00
  noiseDecay=   -18.95495 grad=  2.6650e-01
  drive=     3.46610 grad= -1.9982e-02
  outGain=     0.18158 grad= -3.1420e-02
  bodyAsymmetry=    -0.04243 grad=  6.0921e-01
  bodyHarmonic=    -0.46598 grad=  2.3532e-02
  ampCurve=     0.00000 grad= -4.8142e-03
epoch=60 loss=2.356847
  fStart=   269.61600 grad= -1.0904e-01
  fEnd=    46.86716 grad= -6.7649e-01
  pitchDecay=   -45.54250 grad=  6.2381e-02
  bodyAmp=     1.00000 grad= -4.2445e-02
  ampDecay=   -12.76691 grad= -8.5118e-03
  clickFreq=   472.20874 grad= -3.1141e-03
  clickAmp=     0.62704 grad= -4.5607e-02
  clickDecay=  -323.95477 grad= -2.4223e-03
  noiseCutoff=  4144.48779 grad=  1.6415e-01
  noiseAmp=     0.00690 grad=  3.2835e+01
  noiseDecay=   -14.83745 grad= -2.6364e-01
  drive=     3.49125 grad=  4.4505e-02
  outGain=     0.17740 grad=  1.4712e+00
  bodyAsymmetry=    -0.05302 grad= -6.5981e-01
  bodyHarmonic=    -0.47892 grad= -9.3716e-03
  ampCurve=     0.00000 grad= -6.8666e-04
epoch=70 loss=2.305949
  fStart=   270.15250 grad=  4.2876e-01
  fEnd=    46.88971 grad=  1.6290e+00
  pitchDecay=   -45.43343 grad= -4.9101e-01
  bodyAmp=     1.00000 grad= -5.4153e-02
  ampDecay=   -12.56946 grad= -1.3234e-02
  clickFreq=   468.61664 grad= -3.4955e-02
  clickAmp=     0.69151 grad=  1.0637e-02
  clickDecay=  -329.20981 grad= -5.6752e-03
  noiseCutoff=  4245.52002 grad= -2.1324e-01
  noiseAmp=     0.00383 grad= -2.3547e+01
  noiseDecay=   -12.96172 grad=  2.5154e-01
  drive=     3.50456 grad= -3.9106e-02
  outGain=     0.15311 grad= -1.0884e+00
  bodyAsymmetry=    -0.04913 grad=  2.9805e-01
  bodyHarmonic=    -0.52791 grad=  2.6069e-02
  ampCurve=     0.00000 grad= -3.1536e-03
epoch=80 loss=2.300838
  fStart=   270.05255 grad= -1.3473e+00
  fEnd=    46.84604 grad= -1.4148e+00
  pitchDecay=   -45.45404 grad=  9.4868e-01
  bodyAmp=     1.00000 grad=  2.1115e-03
  ampDecay=   -12.37995 grad= -4.7353e-03
  clickFreq=   473.64072 grad=  8.6086e-03
  clickAmp=     0.73271 grad= -1.8020e-02
  clickDecay=  -355.33167 grad=  2.3343e-04
  noiseCutoff=  4372.21973 grad= -2.5290e-01
  noiseAmp=     0.00326 grad= -3.7703e+01
  noiseDecay=   -12.31779 grad=  2.7740e-01
  drive=     3.51376 grad= -3.8134e-02
  outGain=     0.15082 grad= -1.2028e+00
  bodyAsymmetry=    -0.05337 grad= -4.8182e-02
  bodyHarmonic=    -0.58619 grad=  2.5099e-02
  ampCurve=     0.00000 grad= -4.3149e-04
epoch=90 loss=2.332307
  fStart=   270.06647 grad= -4.4661e+00
  fEnd=    46.87749 grad= -9.8366e+00
  pitchDecay=   -45.44855 grad=  3.7027e+00
  bodyAmp=     1.00000 grad= -7.2022e-02
  ampDecay=   -12.24916 grad= -4.5888e-03
  clickFreq=   473.83609 grad=  5.9547e-03
  clickAmp=     0.77381 grad= -3.2830e-03
  clickDecay=  -369.89633 grad= -2.0554e-03
  noiseCutoff=  4515.81689 grad=  1.8415e-01
  noiseAmp=     0.00527 grad=  5.3988e+01
  noiseDecay=   -12.28158 grad= -4.7192e-01
  drive=     3.51640 grad=  5.9718e-02
  outGain=     0.15555 grad=  1.9161e+00
  bodyAsymmetry=    -0.05487 grad=  6.8773e-02
  bodyHarmonic=    -0.62268 grad= -2.3887e-02
  ampCurve=     0.00000 grad=  1.3688e-03
epoch=100 loss=2.289026
  fStart=   270.36359 grad=  7.6530e-01
  fEnd=    46.88093 grad= -2.9287e-01
  pitchDecay=   -45.40713 grad= -5.2810e-01
  bodyAmp=     1.00000 grad= -1.4897e-02
  ampDecay=   -12.15768 grad= -2.6165e-03
  clickFreq=   472.16708 grad= -1.2587e-02
  clickAmp=     0.81753 grad= -8.1938e-03
  clickDecay=  -373.40875 grad=  3.6818e-04
  noiseCutoff=  4670.31689 grad= -2.2763e-01
  noiseAmp=     0.00332 grad= -2.9443e+01
  noiseDecay=   -12.39807 grad=  2.4344e-01
  drive=     3.51852 grad= -3.3923e-02
  outGain=     0.14612 grad= -1.0182e+00
  bodyAsymmetry=    -0.05678 grad=  3.0355e-02
  bodyHarmonic=    -0.61801 grad=  5.3782e-03
  ampCurve=    -0.02091 grad=  9.3147e-04
epoch=110 loss=2.289977
  fStart=   270.17053 grad= -3.4697e+00
  fEnd=    46.84914 grad= -1.6625e+00
  pitchDecay=   -45.44279 grad=  1.8417e+00
  bodyAmp=     1.00000 grad=  2.0569e-03
  ampDecay=   -12.09418 grad= -2.7498e-03
  clickFreq=   474.14462 grad= -1.5837e-03
  clickAmp=     0.85069 grad= -1.8616e-02
  clickDecay=  -373.10068 grad=  5.8806e-04
  noiseCutoff=  4837.32227 grad= -2.6178e-01
  noiseAmp=     0.00311 grad= -4.3440e+01
  noiseDecay=   -12.46216 grad=  3.1456e-01
  drive=     3.51807 grad= -4.2345e-02
  outGain=     0.14383 grad= -1.3545e+00
  bodyAsymmetry=    -0.06019 grad= -2.3003e-01
  bodyHarmonic=    -0.62153 grad=  8.4444e-03
  ampCurve=    -0.08709 grad=  6.2165e-04
epoch=120 loss=2.323865
  fStart=   270.07355 grad=  2.2255e-01
  fEnd=    46.83244 grad= -6.1513e-01
  pitchDecay=   -45.46603 grad= -5.7273e-02
  bodyAmp=     1.00000 grad= -8.3862e-02
  ampDecay=   -12.03473 grad= -4.9176e-03
  clickFreq=   474.73804 grad=  1.3900e-02
  clickAmp=     0.87253 grad=  1.1472e-02
  clickDecay=  -378.41150 grad= -1.2982e-03
  noiseCutoff=  5009.07568 grad=  1.9844e-01
  noiseAmp=     0.00515 grad=  5.8901e+01
  noiseDecay=   -12.46819 grad= -4.8136e-01
  drive=     3.51666 grad=  6.5237e-02
  outGain=     0.14936 grad=  2.0986e+00
  bodyAsymmetry=    -0.05944 grad=  1.5647e-01
  bodyHarmonic=    -0.62764 grad= -1.1656e-02
  ampCurve=    -0.16833 grad=  1.8311e-03
epoch=130 loss=2.273209
  fStart=   269.83142 grad=  2.6479e-01
  fEnd=    46.88562 grad=  9.9049e-01
  pitchDecay=   -45.50279 grad= -2.4046e-01
  bodyAmp=     1.00000 grad= -2.4043e-02
  ampDecay=   -11.96300 grad= -4.0593e-03
  clickFreq=   473.90863 grad=  2.8922e-03
  clickAmp=     0.88392 grad= -5.7141e-03
  clickDecay=  -383.97546 grad=  6.3181e-04
  noiseCutoff=  5155.86768 grad= -2.0611e-01
  noiseAmp=     0.00333 grad= -2.4134e+01
  noiseDecay=   -12.62197 grad=  2.3402e-01
  drive=     3.51228 grad= -3.1164e-02
  outGain=     0.14150 grad= -9.5332e-01
  bodyAsymmetry=    -0.06078 grad= -3.6991e-02
  bodyHarmonic=    -0.62871 grad=  1.0270e-02
  ampCurve=    -0.25051 grad=  6.1983e-04
epoch=140 loss=2.277728
  fStart=   270.15121 grad=  1.2689e+00
  fEnd=    46.88018 grad=  2.1144e-01
  pitchDecay=   -45.44877 grad= -6.0982e-01
  bodyAmp=     1.00000 grad= -1.5834e-02
  ampDecay=   -11.88326 grad= -3.0883e-03
  clickFreq=   473.36682 grad= -1.4668e-02
  clickAmp=     0.89184 grad= -1.3113e-02
  clickDecay=  -389.11569 grad=  6.8429e-04
  noiseCutoff=  5301.45215 grad= -2.4328e-01
  noiseAmp=     0.00315 grad= -3.8201e+01
  noiseDecay=   -12.71606 grad=  3.0905e-01
  drive=     3.50933 grad= -4.2124e-02
  outGain=     0.13879 grad= -1.3550e+00
  bodyAsymmetry=    -0.06140 grad= -1.1359e-01
  bodyHarmonic=    -0.63048 grad=  7.6047e-03
  ampCurve=    -0.33279 grad=  8.7681e-04
epoch=150 loss=2.314617
  fStart=   270.14362 grad= -4.0791e+00
  fEnd=    46.85609 grad= -7.1506e+00
  pitchDecay=   -45.45239 grad=  3.6083e+00
  bodyAmp=     1.00000 grad= -1.0246e-01
  ampDecay=   -11.80089 grad= -5.8969e-03
  clickFreq=   473.87656 grad=  8.3820e-03
  clickAmp=     0.90127 grad=  1.5993e-02
  clickDecay=  -393.74323 grad= -1.2037e-03
  noiseCutoff=  5454.03369 grad=  1.9123e-01
  noiseAmp=     0.00508 grad=  5.9413e+01
  noiseDecay=   -12.69177 grad= -4.5213e-01
  drive=     3.50924 grad=  6.0891e-02
  outGain=     0.14382 grad=  2.0739e+00
  bodyAsymmetry=    -0.05942 grad=  2.5646e-01
  bodyHarmonic=    -0.62967 grad= -1.0425e-02
  ampCurve=    -0.42152 grad=  1.7361e-03
epoch=160 loss=2.264273
  fStart=   270.15857 grad= -7.7456e-01
  fEnd=    46.81532 grad= -1.9717e+00
  pitchDecay=   -45.44944 grad=  7.2734e-01
  bodyAmp=     1.00000 grad= -2.7421e-02
  ampDecay=   -11.71390 grad= -3.3933e-03
  clickFreq=   473.91293 grad= -8.9822e-03
  clickAmp=     0.90997 grad= -1.3177e-02
  clickDecay=  -393.34219 grad=  2.1970e-04
  noiseCutoff=  5583.43066 grad= -1.8941e-01
  noiseAmp=     0.00337 grad= -1.9665e+01
  noiseDecay=   -12.79638 grad=  2.2775e-01
  drive=     3.50614 grad= -3.0116e-02
  outGain=     0.13618 grad= -9.7278e-01
  bodyAsymmetry=    -0.06232 grad= -1.2661e-01
  bodyHarmonic=    -0.63262 grad=  8.1776e-03
  ampCurve=    -0.51613 grad=  1.1086e-03
epoch=170 loss=2.267596
  fStart=   270.12054 grad= -7.6119e-01
  fEnd=    46.80631 grad= -5.0710e-01
  pitchDecay=   -45.45358 grad=  5.7983e-01
  bodyAmp=     1.00000 grad= -2.3691e-02
  ampDecay=   -11.62744 grad= -2.9136e-03
  clickFreq=   475.15948 grad=  2.1396e-03
  clickAmp=     0.92309 grad= -1.1885e-02
  clickDecay=  -392.80743 grad=  1.2723e-03
  noiseCutoff=  5712.94971 grad= -2.2257e-01
  noiseAmp=     0.00320 grad= -3.2116e+01
  noiseDecay=   -12.85163 grad=  2.9323e-01
  drive=     3.50431 grad= -3.9216e-02
  outGain=     0.13382 grad= -1.3282e+00
  bodyAsymmetry=    -0.06261 grad= -8.8928e-02
  bodyHarmonic=    -0.63531 grad=  1.1961e-02
  ampCurve=    -0.61812 grad=  1.1834e-03
epoch=180 loss=2.306239
  fStart=   270.51022 grad=  5.7242e-01
  fEnd=    46.84590 grad=  9.2072e-01
  pitchDecay=   -45.39330 grad= -4.9919e-01
  bodyAmp=     1.00000 grad= -1.1085e-01
  ampDecay=   -11.53845 grad= -6.3168e-03
  clickFreq=   477.06494 grad=  2.4790e-02
  clickAmp=     0.93790 grad=  1.1334e-02
  clickDecay=  -392.64603 grad= -6.5847e-04
  noiseCutoff=  5849.95117 grad=  1.8404e-01
  noiseAmp=     0.00500 grad=  5.9370e+01
  noiseDecay=   -12.81381 grad= -4.2539e-01
  drive=     3.50527 grad=  5.6120e-02
  outGain=     0.13806 grad=  2.0224e+00
  bodyAsymmetry=    -0.06182 grad=  1.8127e-01
  bodyHarmonic=    -0.63816 grad= -1.4690e-02
  ampCurve=    -0.72552 grad=  1.9770e-03
epoch=190 loss=2.256220
  fStart=   270.79916 grad=  1.7005e+00
  fEnd=    46.78786 grad=  3.8588e+00
  pitchDecay=   -45.35940 grad= -1.4694e+00
  bodyAmp=     1.00000 grad= -3.5284e-02
  ampDecay=   -11.43962 grad= -3.1745e-03
  clickFreq=   477.28064 grad=  3.0161e-03
  clickAmp=     0.94811 grad= -9.9414e-03
  clickDecay=  -396.86050 grad=  9.0935e-04
  noiseCutoff=  5967.44238 grad= -1.7539e-01
  noiseAmp=     0.00341 grad= -1.4812e+01
  noiseDecay=   -12.89507 grad=  2.1294e-01
  drive=     3.50478 grad= -2.7153e-02
  outGain=     0.13131 grad= -9.4220e-01
  bodyAsymmetry=    -0.06414 grad= -9.2549e-02
  bodyHarmonic=    -0.63555 grad=  1.2854e-02
  ampCurve=    -0.83465 grad=  1.4625e-03
epoch=200 loss=2.257792
  fStart=   270.72003 grad= -4.1573e-01
  fEnd=    46.79469 grad= -1.0040e+00
  pitchDecay=   -45.39670 grad=  2.1011e-01
  bodyAmp=     1.00000 grad= -4.1827e-02
  ampDecay=   -11.34770 grad= -3.2465e-03
  clickFreq=   476.66040 grad= -3.3406e-03
  clickAmp=     0.95951 grad= -7.5983e-03
  clickDecay=  -399.99030 grad=  1.2500e-03
  noiseCutoff=  6086.48584 grad= -2.0835e-01
  noiseAmp=     0.00326 grad= -2.6333e+01
  noiseDecay=   -12.93455 grad=  2.7737e-01
  drive=     3.50431 grad= -3.8487e-02
  outGain=     0.12891 grad= -1.2986e+00
  bodyAsymmetry=    -0.06383 grad= -3.6503e-02
  bodyHarmonic=    -0.64531 grad=  1.0252e-02
  ampCurve=    -0.95368 grad=  1.3886e-03
epoch=210 loss=2.295270
  fStart=   270.84384 grad=  4.6771e-01
  fEnd=    46.81061 grad=  1.6709e+00
  pitchDecay=   -45.42379 grad= -4.4058e-01
  bodyAmp=     1.00000 grad= -1.1301e-01
  ampDecay=   -11.25774 grad= -5.6395e-03
  clickFreq=   477.49255 grad=  1.6942e-02
  clickAmp=     0.97206 grad=  5.9563e-03
  clickDecay=  -403.00677 grad= -4.5819e-04
  noiseCutoff=  6213.29443 grad=  1.7024e-01
  noiseAmp=     0.00492 grad=  5.8852e+01
  noiseDecay=   -12.88570 grad= -3.9793e-01
  drive=     3.50672 grad=  5.1930e-02
  outGain=     0.13250 grad=  1.9719e+00
  bodyAsymmetry=    -0.06352 grad=  1.1111e-01
  bodyHarmonic=    -0.64769 grad= -1.2156e-02
  ampCurve=    -1.07757 grad=  2.3824e-03
epoch=220 loss=2.248834
  fStart=   270.94397 grad= -4.9045e-01
  fEnd=    46.79736 grad= -1.1723e+00
  pitchDecay=   -45.45447 grad=  2.6791e-01
  bodyAmp=     1.00000 grad= -5.1029e-02
  ampDecay=   -11.16726 grad= -3.3580e-03
  clickFreq=   477.71780 grad=  6.4688e-04
  clickAmp=     0.98343 grad= -5.7576e-03
  clickDecay=  -404.62903 grad=  6.2790e-04
  noiseCutoff=  6321.88623 grad= -1.6211e-01
  noiseAmp=     0.00345 grad= -1.0990e+01
  noiseDecay=   -12.93381 grad=  2.0150e-01
  drive=     3.50708 grad= -2.6979e-02
  outGain=     0.12610 grad= -9.3942e-01
  bodyAsymmetry=    -0.06489 grad= -3.1166e-02
  bodyHarmonic=    -0.64819 grad=  7.6934e-03
  ampCurve=    -1.20464 grad=  1.6142e-03
epoch=230 loss=2.250589
  fStart=   270.95663 grad= -3.2900e-01
  fEnd=    46.79795 grad= -1.5481e-01
  pitchDecay=   -45.50134 grad=  9.5687e-02
  bodyAmp=     1.00000 grad= -5.0486e-02
  ampDecay=   -11.07894 grad= -2.9675e-03
  clickFreq=   477.34119 grad= -8.5666e-03
  clickAmp=     0.99449 grad= -7.3850e-03
  clickDecay=  -408.97919 grad=  4.5194e-04
  noiseCutoff=  6431.70703 grad= -1.9179e-01
  noiseAmp=     0.00332 grad= -2.1034e+01
  noiseDecay=   -12.94666 grad=  2.5943e-01
  drive=     3.50820 grad= -3.6379e-02
  outGain=     0.12374 grad= -1.2765e+00
  bodyAsymmetry=    -0.06530 grad= -4.9186e-02
  bodyHarmonic=    -0.65387 grad=  1.0982e-02
  ampCurve=    -1.33321 grad=  1.6613e-03
epoch=240 loss=2.285378
  fStart=   271.27722 grad=  2.7994e+00
  fEnd=    46.80561 grad=  5.7021e+00
  pitchDecay=   -45.50411 grad= -2.3731e+00
  bodyAmp=     1.00000 grad= -1.1157e-01
  ampDecay=   -10.99328 grad= -5.9606e-03
  clickFreq=   478.03021 grad=  2.4760e-02
  clickAmp=     1.00543 grad=  2.8056e-03
  clickDecay=  -417.37421 grad= -1.1286e-03
  noiseCutoff=  6547.56201 grad=  1.5438e-01
  noiseAmp=     0.00482 grad=  5.7323e+01
  noiseDecay=   -12.89096 grad= -3.6629e-01
  drive=     3.51160 grad=  4.7787e-02
  outGain=     0.12698 grad=  1.8264e+00
  bodyAsymmetry=    -0.06518 grad=  5.9077e-02
  bodyHarmonic=    -0.65999 grad= -8.0625e-03
  ampCurve=    -1.46375 grad=  2.3110e-03
epoch=250 loss=2.243877
  fStart=   271.39911 grad=  2.9335e-01
  fEnd=    46.81779 grad= -4.1572e-01
  pitchDecay=   -45.53147 grad= -3.2572e-01
  bodyAmp=     1.00000 grad= -5.3472e-02
  ampDecay=   -10.90558 grad= -3.2388e-03
  clickFreq=   476.42136 grad=  9.7781e-05
  clickAmp=     1.01550 grad= -5.5057e-03
  clickDecay=  -437.55649 grad=  6.9271e-04
  noiseCutoff=  6645.76367 grad= -1.4762e-01
  noiseAmp=     0.00350 grad= -6.7324e+00
  noiseDecay=   -12.93135 grad=  1.8304e-01
  drive=     3.51212 grad= -2.3525e-02
  outGain=     0.12146 grad= -8.9407e-01
  bodyAsymmetry=    -0.06522 grad= -1.8788e-02
  bodyHarmonic=    -0.67350 grad=  9.8546e-03
  ampCurve=    -1.59136 grad=  1.7293e-03
epoch=260 loss=2.246084
  fStart=   271.02588 grad= -1.0928e+00
  fEnd=    46.77657 grad= -2.4417e+00
  pitchDecay=   -45.63143 grad=  8.4646e-01
  bodyAmp=     1.00000 grad= -4.5634e-02
  ampDecay=   -10.82087 grad= -3.2677e-03
  clickFreq=   475.87918 grad= -1.0271e-02
  clickAmp=     1.02965 grad= -7.1960e-03
  clickDecay=  -440.89285 grad=  5.2913e-04
  noiseCutoff=  6744.39014 grad= -1.7748e-01
  noiseAmp=     0.00338 grad= -1.6829e+01
  noiseDecay=   -12.94139 grad=  2.4058e-01
  drive=     3.51276 grad= -3.1308e-02
  outGain=     0.11914 grad= -1.2574e+00
  bodyAsymmetry=    -0.06556 grad= -1.2638e-02
  bodyHarmonic=    -0.68895 grad=  1.5523e-02
  ampCurve=    -1.71789 grad=  1.5377e-03
epoch=270 loss=2.277181
  fStart=   271.30338 grad=  1.4342e+00
  fEnd=    46.86926 grad=  4.4976e+00
  pitchDecay=   -45.61363 grad= -1.3620e+00
  bodyAmp=     1.00000 grad= -1.1779e-01
  ampDecay=   -10.73550 grad= -5.4317e-03
  clickFreq=   478.30884 grad=  1.7312e-02
  clickAmp=     1.04770 grad=  3.5716e-03
  clickDecay=  -438.36240 grad= -1.4016e-03
  noiseCutoff=  6847.22852 grad=  1.4222e-01
  noiseAmp=     0.00473 grad=  5.6234e+01
  noiseDecay=   -12.88655 grad= -3.3546e-01
  drive=     3.51478 grad=  4.3206e-02
  outGain=     0.12226 grad=  1.7939e+00
  bodyAsymmetry=    -0.06611 grad=  7.6914e-02
  bodyHarmonic=    -0.70535 grad= -1.5857e-02
  ampCurve=    -1.83882 grad=  2.6545e-03
epoch=280 loss=2.239621
  fStart=   270.95261 grad= -1.2520e-01
  fEnd=    46.83874 grad= -1.0405e+00
  pitchDecay=   -45.70654 grad=  1.5933e-01
  bodyAmp=     1.00000 grad= -6.0869e-02
  ampDecay=   -10.65597 grad= -3.6711e-03
  clickFreq=   477.64697 grad= -5.5024e-03
  clickAmp=     1.06316 grad= -6.7297e-03
  clickDecay=  -447.25223 grad= -2.0784e-04
  noiseCutoff=  6933.17627 grad= -1.3636e-01
  noiseAmp=     0.00355 grad= -4.1623e+00
  noiseDecay=   -12.91213 grad=  1.7259e-01
  drive=     3.51507 grad= -2.3556e-02
  outGain=     0.11691 grad= -8.8674e-01
  bodyAsymmetry=    -0.06718 grad= -1.7769e-02
  bodyHarmonic=    -0.70501 grad=  6.6906e-03
  ampCurve=    -1.96546 grad=  1.7701e-03
epoch=290 loss=2.238436
  fStart=   271.18683 grad= -3.3061e-01
  fEnd=    46.88403 grad=  1.1919e-02
  pitchDecay=   -45.68355 grad=  2.0832e-01
  bodyAmp=     1.00000 grad= -5.4861e-02
  ampDecay=   -10.57423 grad= -2.6113e-03
  clickFreq=   477.82919 grad= -5.8494e-03
  clickAmp=     1.07966 grad= -7.0907e-03
  clickDecay=  -457.30823 grad=  8.0851e-04
  noiseCutoff=  7019.94141 grad= -1.5562e-01
  noiseAmp=     0.00345 grad= -1.0050e+01
  noiseDecay=   -12.89901 grad=  2.0723e-01
  drive=     3.51632 grad= -2.7640e-02
  outGain=     0.11546 grad= -1.0899e+00
  bodyAsymmetry=    -0.06802 grad= -2.7612e-02
  bodyHarmonic=    -0.70816 grad=  8.0946e-03
  ampCurve=    -2.08576 grad=  2.0241e-03
epoch=300 loss=2.266642
  fStart=   271.14261 grad= -1.2515e+00
  fEnd=    46.88587 grad= -2.4819e+00
  pitchDecay=   -45.70466 grad=  9.8597e-01
  bodyAmp=     1.00000 grad= -1.1666e-01
  ampDecay=   -10.49955 grad= -6.8992e-03
  clickFreq=   478.43726 grad=  5.5212e-03
  clickAmp=     1.09327 grad=  2.8042e-03
  clickDecay=  -459.82260 grad= -1.1238e-03
  noiseCutoff=  7109.50098 grad=  1.1998e-01
  noiseAmp=     0.00463 grad=  5.2639e+01
  noiseDecay=   -12.85615 grad= -2.8688e-01
  drive=     3.51775 grad=  3.6997e-02
  outGain=     0.11738 grad=  1.5730e+00
  bodyAsymmetry=    -0.06788 grad=  7.8979e-02
  bodyHarmonic=    -0.71243 grad= -8.2882e-03
  ampCurve=    -2.20671 grad=  2.0951e-03
epoch=310 loss=2.235967
  fStart=   271.17624 grad=  4.5242e-01
  fEnd=    46.85755 grad=  1.3705e+00
  pitchDecay=   -45.70618 grad= -4.6134e-01
  bodyAmp=     1.00000 grad= -2.1355e-02
  ampDecay=   -10.42848 grad=  2.7375e-03
  clickFreq=   478.48175 grad=  2.2412e-03
  clickAmp=     1.10473 grad= -3.9873e-04
  clickDecay=  -461.65576 grad= -1.2335e-06
  noiseCutoff=  7199.16650 grad= -2.0367e-01
  noiseAmp=     0.00308 grad= -2.7217e+01
  noiseDecay=   -12.79573 grad=  2.8395e-01
  drive=     3.51917 grad= -2.9991e-02
  outGain=     0.11690 grad= -1.2913e+00
  bodyAsymmetry=    -0.06921 grad= -2.6193e-02
  bodyHarmonic=    -0.72024 grad=  9.4741e-03
  ampCurve=    -2.32495 grad=  3.3151e-03
epoch=320 loss=2.224818
  fStart=   271.21423 grad= -2.5731e-01
  fEnd=    46.85439 grad= -1.9423e-01
  pitchDecay=   -45.71201 grad=  1.3139e-01
  bodyAmp=     1.00000 grad=  3.8231e-02
  ampDecay=   -10.42763 grad=  1.0723e-02
  clickFreq=   476.00015 grad= -1.9709e-02
  clickAmp=     1.09564 grad= -1.6732e-02
  clickDecay=  -476.36343 grad= -6.3085e-04
  noiseCutoff=  7358.02148 grad= -2.0958e-01
  noiseAmp=     0.00262 grad= -3.1548e+01
  noiseDecay=   -12.37391 grad=  2.6293e-01
  drive=     3.52272 grad= -1.7830e-02
  outGain=     0.12692 grad= -7.4806e-01
  bodyAsymmetry=    -0.07270 grad= -3.2988e-01
  bodyHarmonic=    -0.73202 grad= -3.1934e-04
  ampCurve=    -2.48660 grad=  5.4020e-03
epoch=330 loss=2.238223
  fStart=   271.24179 grad=  1.1918e-01
  fEnd=    46.85706 grad=  9.4887e-02
  pitchDecay=   -45.72473 grad= -1.4785e-01
  bodyAmp=     1.00000 grad= -8.2562e-02
  ampDecay=   -10.49486 grad= -3.3009e-03
  clickFreq=   475.67252 grad=  6.3437e-03
  clickAmp=     1.08202 grad=  1.6335e-03
  clickDecay=  -493.22873 grad=  5.5758e-04
  noiseCutoff=  7528.92090 grad=  8.1895e-02
  noiseAmp=     0.00351 grad=  6.2848e+01
  noiseDecay=   -12.00959 grad= -2.7924e-01
  drive=     3.51959 grad=  3.9794e-02
  outGain=     0.12523 grad=  1.5447e+00
  bodyAsymmetry=    -0.06864 grad=  5.5305e-03
  bodyHarmonic=    -0.72799 grad= -1.2590e-02
  ampCurve=    -2.68733 grad=  2.7039e-03
epoch=340 loss=2.209397
  fStart=   271.29095 grad= -6.1980e-02
  fEnd=    46.85777 grad=  7.4665e-02
  pitchDecay=   -45.73693 grad= -7.1155e-02
  bodyAmp=     1.00000 grad= -3.7485e-02
  ampDecay=   -10.51488 grad= -1.9810e-03
  clickFreq=   473.23413 grad=  1.8822e-03
  clickAmp=     1.07550 grad= -5.4628e-03
  clickDecay=  -493.25296 grad=  6.0226e-04
  noiseCutoff=  7686.08203 grad= -1.6500e-01
  noiseAmp=     0.00259 grad= -1.1864e+01
  noiseDecay=   -11.81318 grad=  1.5289e-01
  drive=     3.51812 grad= -2.1062e-02
  outGain=     0.12222 grad= -7.9208e-01
  bodyAsymmetry=    -0.06806 grad= -3.8619e-02
  bodyHarmonic=    -0.72535 grad=  6.7089e-03
  ampCurve=    -2.83472 grad=  1.7888e-03
epoch=350 loss=2.208702
  fStart=   271.35770 grad=  1.7261e-01
  fEnd=    46.85903 grad=  5.7536e-01
  pitchDecay=   -45.75114 grad= -2.5670e-01
  bodyAmp=     1.00000 grad= -3.7397e-02
  ampDecay=   -10.48503 grad= -3.5447e-03
  clickFreq=   472.41660 grad=  2.3092e-03
  clickAmp=     1.07798 grad= -7.7151e-03
  clickDecay=  -489.67542 grad=  9.6267e-04
  noiseCutoff=  7819.16113 grad= -1.8447e-01
  noiseAmp=     0.00251 grad= -2.1326e+01
  noiseDecay=   -11.79015 grad=  1.9034e-01
  drive=     3.51736 grad= -2.8216e-02
  outGain=     0.12053 grad= -1.1005e+00
  bodyAsymmetry=    -0.06788 grad= -4.8666e-02
  bodyHarmonic=    -0.72815 grad=  1.1671e-02
  ampCurve=    -2.93109 grad=  1.2176e-03
epoch=360 loss=2.231865
  fStart=   271.43484 grad= -3.0041e-01
  fEnd=    46.85616 grad= -6.7421e-01
  pitchDecay=   -45.76529 grad=  1.5826e-01
  bodyAmp=     1.00000 grad= -1.0489e-01
  ampDecay=   -10.42802 grad= -7.9565e-03
  clickFreq=   472.44116 grad= -3.7929e-03
  clickAmp=     1.08526 grad= -7.2059e-04
  clickDecay=  -491.56476 grad= -1.4001e-03
  noiseCutoff=  7940.48535 grad=  9.4907e-02
  noiseAmp=     0.00336 grad=  6.9889e+01
  noiseDecay=   -11.81897 grad= -3.0518e-01
  drive=     3.51780 grad=  3.6717e-02
  outGain=     0.12224 grad=  1.5041e+00
  bodyAsymmetry=    -0.06768 grad=  1.0739e-02
  bodyHarmonic=    -0.73622 grad= -1.2111e-02
  ampCurve=    -2.99780 grad=  1.3175e-03
epoch=370 loss=2.203630
  fStart=   271.51160 grad=  6.7530e-03
  fEnd=    46.85685 grad=  2.5630e-01
  pitchDecay=   -45.77787 grad= -1.2907e-01
  bodyAmp=     1.00000 grad= -4.5111e-02
  ampDecay=   -10.36561 grad= -2.2829e-03
  clickFreq=   472.36749 grad= -6.0841e-03
  clickAmp=     1.09310 grad= -2.6231e-03
  clickDecay=  -496.35699 grad= -6.6341e-04
  noiseCutoff=  8046.13086 grad= -1.4496e-01
  noiseAmp=     0.00262 grad= -5.0273e+00
  noiseDecay=   -11.88608 grad=  1.3259e-01
  drive=     3.51809 grad= -1.7382e-02
  outGain=     0.11989 grad= -6.7769e-01
  bodyAsymmetry=    -0.06802 grad= -1.3831e-02
  bodyHarmonic=    -0.73566 grad=  3.7088e-03
  ampCurve=    -3.05638 grad=  1.8443e-03
epoch=380 loss=2.203453
  fStart=   271.59125 grad= -1.5299e-01
  fEnd=    46.85495 grad= -3.6235e-02
  pitchDecay=   -45.79049 grad= -3.7033e-03
  bodyAmp=     1.00000 grad= -4.0827e-02
  ampDecay=   -10.31198 grad= -2.0354e-03
  clickFreq=   472.43304 grad= -4.1488e-03
  clickAmp=     1.09957 grad= -3.7343e-03
  clickDecay=  -499.97049 grad=  2.2991e-04
  noiseCutoff=  8148.72021 grad= -1.6393e-01
  noiseAmp=     0.00257 grad= -1.3828e+01
  noiseDecay=   -11.91968 grad=  1.7344e-01
  drive=     3.51851 grad= -2.2860e-02
  outGain=     0.11848 grad= -9.2609e-01
  bodyAsymmetry=    -0.06823 grad= -4.4573e-02
  bodyHarmonic=    -0.73435 grad=  7.3745e-03
  ampCurve=    -3.11716 grad=  1.8355e-03
epoch=390 loss=2.221802
  fStart=   271.66455 grad= -2.1687e-01
  fEnd=    46.85401 grad= -4.2904e-01
  pitchDecay=   -45.80485 grad=  6.7987e-02
  bodyAmp=     1.00000 grad= -9.9635e-02
  ampDecay=   -10.26532 grad= -6.3217e-03
  clickFreq=   472.57678 grad=  3.1079e-04
  clickAmp=     1.10395 grad=  2.6737e-03
  clickDecay=  -501.94431 grad= -1.0823e-03
  noiseCutoff=  8250.13086 grad=  7.0222e-02
  noiseAmp=     0.00327 grad=  6.2916e+01
  noiseDecay=   -11.91431 grad= -2.4157e-01
  drive=     3.51923 grad=  3.0943e-02
  outGain=     0.11989 grad=  1.2837e+00
  bodyAsymmetry=    -0.06785 grad=  5.2652e-02
  bodyHarmonic=    -0.73664 grad= -7.7218e-03
  ampCurve=    -3.17808 grad=  1.7453e-03
epoch=400 loss=2.198919
  fStart=   271.73709 grad= -2.2762e-01
  fEnd=    46.85379 grad= -3.6619e-01
  pitchDecay=   -45.81839 grad=  9.3301e-02
  bodyAmp=     1.00000 grad= -4.2399e-02
  ampDecay=   -10.22722 grad=  2.0101e-03
  clickFreq=   472.37314 grad=  2.4911e-03
  clickAmp=     1.10496 grad=  9.7390e-03
  clickDecay=  -504.36511 grad= -9.4977e-04
  noiseCutoff=  8351.75293 grad= -6.6125e-02
  noiseAmp=     0.00269 grad=  2.5980e+01
  noiseDecay=   -11.87026 grad= -4.2480e-03
  drive=     3.52020 grad=  1.0848e-02
  outGain=     0.12404 grad=  3.6098e-01
  bodyAsymmetry=    -0.06809 grad=  1.6163e-02
  bodyHarmonic=    -0.73977 grad= -5.3989e-03
  ampCurve=    -3.24002 grad=  3.5175e-03
epoch=410 loss=2.192249
  fStart=   271.78412 grad= -3.0182e-01
  fEnd=    46.85464 grad= -4.1453e-01
  pitchDecay=   -45.83032 grad=  1.6989e-01
  bodyAmp=     1.00000 grad=  1.0738e-03
  ampDecay=   -10.23657 grad=  7.0336e-03
  clickFreq=   470.57462 grad= -1.1763e-03
  clickAmp=     1.09093 grad=  8.9970e-03
  clickDecay=  -509.77853 grad=  2.2319e-04
  noiseCutoff=  8479.88477 grad= -1.6568e-01
  noiseAmp=     0.00223 grad= -1.5508e+01
  noiseDecay=   -11.69000 grad=  1.6070e-01
  drive=     3.52000 grad= -6.7100e-03
  outGain=     0.12767 grad= -3.6509e-01
  bodyAsymmetry=    -0.06789 grad=  1.6855e-02
  bodyHarmonic=    -0.73930 grad=  3.2749e-03
  ampCurve=    -3.33028 grad=  4.3095e-03
epoch=420 loss=2.190241
  fStart=   271.83664 grad=  2.5649e-01
  fEnd=    46.85435 grad=  3.9422e-01
  pitchDecay=   -45.83878 grad= -3.0224e-01
  bodyAmp=     1.00000 grad= -4.0449e-02
  ampDecay=   -10.27178 grad=  7.0032e-04
  clickFreq=   469.77713 grad= -5.4237e-03
  clickAmp=     1.07448 grad=  2.6002e-03
  clickDecay=  -508.20798 grad=  5.3949e-04
  noiseCutoff=  8616.52930 grad= -6.0189e-02
  noiseAmp=     0.00242 grad=  3.1865e+01
  noiseDecay=   -11.47987 grad= -3.3517e-02
  drive=     3.51864 grad=  1.1238e-02
  outGain=     0.12685 grad=  4.2480e-01
  bodyAsymmetry=    -0.06737 grad=  4.9712e-03
  bodyHarmonic=    -0.73740 grad= -4.2030e-03
  ampCurve=    -3.43041 grad=  2.9508e-03
epoch=430 loss=2.184004
  fStart=   271.86450 grad=  1.1781e-02
  fEnd=    46.85661 grad=  2.0074e-01
  pitchDecay=   -45.85054 grad= -1.0867e-01
  bodyAmp=     1.00000 grad= -2.8618e-02
  ampDecay=   -10.29349 grad=  3.2664e-04
  clickFreq=   470.54813 grad= -1.4139e-03
  clickAmp=     1.06629 grad= -1.6806e-03
  clickDecay=  -501.34964 grad=  1.0482e-03
  noiseCutoff=  8741.27539 grad= -1.3787e-01
  noiseAmp=     0.00217 grad= -1.9023e+00
  noiseDecay=   -11.33033 grad=  9.4142e-02
  drive=     3.51778 grad= -9.8165e-03
  outGain=     0.12548 grad= -3.7754e-01
  bodyAsymmetry=    -0.06705 grad= -1.1107e-02
  bodyHarmonic=    -0.73513 grad=  1.9622e-03
  ampCurve=    -3.51178 grad=  2.3963e-03
epoch=440 loss=2.180324
  fStart=   271.90921 grad=  4.5545e-03
  fEnd=    46.85603 grad=  3.0443e-02
  pitchDecay=   -45.85933 grad= -9.4508e-02
  bodyAmp=     1.00000 grad= -4.9212e-03
  ampDecay=   -10.29830 grad=  4.0218e-03
  clickFreq=   472.00140 grad=  4.8738e-03
  clickAmp=     1.06403 grad=  5.8275e-03
  clickDecay=  -492.88971 grad=  7.3664e-04
  noiseCutoff=  8859.23145 grad= -1.5399e-01
  noiseAmp=     0.00198 grad= -1.0656e+01
  noiseDecay=   -11.20941 grad=  1.1671e-01
  drive=     3.51847 grad= -5.6447e-03
  outGain=     0.13015 grad= -2.6319e-01
  bodyAsymmetry=    -0.06734 grad=  2.1591e-02
  bodyHarmonic=    -0.73529 grad=  4.4549e-03
  ampCurve=    -3.57277 grad=  3.2382e-03
epoch=450 loss=2.208966
  fStart=   271.93839 grad= -1.4692e-01
  fEnd=    46.85725 grad=  1.3609e-01
  pitchDecay=   -45.86822 grad= -3.5789e-02
  bodyAmp=     1.00000 grad= -5.5811e-02
  ampDecay=   -10.31682 grad=  7.2584e-04
  clickFreq=   472.07837 grad=  1.0431e-02
  clickAmp=     1.05666 grad=  1.1567e-02
  clickDecay=  -489.85852 grad=  4.6389e-04
  noiseCutoff=  8990.16602 grad=  1.0470e-01
  noiseAmp=     0.00240 grad=  1.0698e+02
  noiseDecay=   -11.02467 grad= -3.6620e-01
  drive=     3.51988 grad=  6.0515e-02
  outGain=     0.13665 grad=  2.0878e+00
  bodyAsymmetry=    -0.06749 grad=  2.0511e-02
  bodyHarmonic=    -0.73885 grad= -1.7328e-02
  ampCurve=    -3.63505 grad=  3.5067e-03
epoch=460 loss=2.177451
  fStart=   271.96512 grad= -9.3949e-02
  fEnd=    46.85802 grad= -3.3094e-02
  pitchDecay=   -45.87676 grad= -3.6165e-02
  bodyAmp=     1.00000 grad= -2.5515e-02
  ampDecay=   -10.34502 grad=  1.7613e-03
  clickFreq=   471.16510 grad=  6.6044e-03
  clickAmp=     1.04401 grad=  5.5783e-03
  clickDecay=  -490.87564 grad=  1.5177e-03
  noiseCutoff=  9095.10742 grad= -5.6962e-02
  noiseAmp=     0.00201 grad=  4.2073e+01
  noiseDecay=   -10.94505 grad= -7.1722e-02
  drive=     3.51729 grad=  1.8499e-02
  outGain=     0.13426 grad=  6.5305e-01
  bodyAsymmetry=    -0.06678 grad=  1.8222e-02
  bodyHarmonic=    -0.73600 grad= -4.1045e-03
  ampCurve=    -3.69980 grad=  2.9462e-03
epoch=470 loss=2.182546
  fStart=   271.98727 grad= -1.3431e-01
  fEnd=    46.85927 grad= -7.1273e-02
  pitchDecay=   -45.88502 grad=  3.1762e-03
  bodyAmp=     1.00000 grad= -3.8516e-02
  ampDecay=   -10.37163 grad=  9.2014e-05
  clickFreq=   470.73529 grad=  6.1479e-04
  clickAmp=     1.03445 grad=  4.4546e-03
  clickDecay=  -488.85910 grad=  1.0210e-03
  noiseCutoff=  9207.90918 grad=  3.2948e-03
  noiseAmp=     0.00206 grad=  7.4065e+01
  noiseDecay=   -10.81608 grad= -1.9110e-01
  drive=     3.51690 grad=  3.3797e-02
  outGain=     0.13579 grad=  1.1768e+00
  bodyAsymmetry=    -0.06669 grad= -2.7044e-03
  bodyHarmonic=    -0.73534 grad= -8.0380e-03
  ampCurve=    -3.75598 grad=  2.6418e-03
epoch=480 loss=2.171224
  fStart=   272.01453 grad=  1.7307e-01
  fEnd=    46.85987 grad=  1.6103e-01
  pitchDecay=   -45.89206 grad= -2.0616e-01
  bodyAmp=     1.00000 grad= -9.5097e-03
  ampDecay=   -10.38659 grad=  7.7036e-04
  clickFreq=   470.97733 grad= -2.8972e-03
  clickAmp=     1.02852 grad=  2.1603e-03
  clickDecay=  -485.31250 grad= -1.7043e-04
  noiseCutoff=  9293.22656 grad= -1.7835e-01
  noiseAmp=     0.00169 grad= -2.9975e+01
  noiseDecay=   -10.78385 grad=  1.4361e-01
  drive=     3.51486 grad= -1.6519e-02
  outGain=     0.13223 grad= -5.7759e-01
  bodyAsymmetry=    -0.06581 grad=  1.5973e-02
  bodyHarmonic=    -0.73243 grad=  4.2704e-03
  ampCurve=    -3.80039 grad=  1.8900e-03
epoch=490 loss=2.167530
  fStart=   272.03619 grad=  1.2205e-01
  fEnd=    46.86069 grad=  2.5910e-01
  pitchDecay=   -45.89817 grad= -1.7713e-01
  bodyAmp=     1.00000 grad= -5.1755e-03
  ampDecay=   -10.39323 grad=  2.4977e-03
  clickFreq=   471.21341 grad= -6.3810e-03
  clickAmp=     1.02487 grad=  3.9291e-03
  clickDecay=  -481.80585 grad= -2.9660e-05
  noiseCutoff=  9384.21973 grad= -1.3177e-01
  noiseAmp=     0.00171 grad=  9.1535e-01
  noiseDecay=   -10.70431 grad=  5.5581e-02
  drive=     3.51535 grad=  1.1750e-04
  outGain=     0.13608 grad= -1.8953e-04
  bodyAsymmetry=    -0.06635 grad= -1.5512e-02
  bodyHarmonic=    -0.73310 grad=  3.3295e-04
  ampCurve=    -3.83329 grad=  2.5938e-03
epoch=500 loss=2.165854
  fStart=   272.05798 grad=  1.8041e-01
  fEnd=    46.86047 grad=  1.6739e-01
  pitchDecay=   -45.90302 grad= -2.1188e-01
  bodyAmp=     1.00000 grad=  9.6674e-04
  ampDecay=   -10.40482 grad=  3.4325e-03
  clickFreq=   471.41119 grad= -1.2769e-03
  clickAmp=     1.02026 grad=  5.4402e-03
  clickDecay=  -479.13770 grad= -2.0293e-04
  noiseCutoff=  9470.89062 grad= -1.3994e-01
  noiseAmp=     0.00163 grad= -4.8955e+00
  noiseDecay=   -10.62288 grad=  6.7274e-02
  drive=     3.51552 grad= -4.1922e-04
  outGain=     0.13779 grad= -1.9062e-02
  bodyAsymmetry=    -0.06633 grad= -1.2467e-02
  bodyHarmonic=    -0.73399 grad= -7.3213e-05
  ampCurve=    -3.86607 grad=  2.7812e-03
epoch=510 loss=2.164637
  fStart=   272.06900 grad= -5.5991e-02
  fEnd=    46.86151 grad= -2.0027e-02
  pitchDecay=   -45.90836 grad= -2.6805e-02
  bodyAmp=     1.00000 grad= -5.1066e-04
  ampDecay=   -10.41737 grad=  2.2536e-03
  clickFreq=   471.49100 grad=  1.4332e-03
  clickAmp=     1.01519 grad=  2.6015e-03
  clickDecay=  -477.67499 grad=  7.6521e-04
  noiseCutoff=  9548.01172 grad= -1.5754e-01
  noiseAmp=     0.00159 grad= -1.8070e+01
  noiseDecay=   -10.56076 grad=  9.8816e-02
  drive=     3.51510 grad= -7.5445e-03
  outGain=     0.13642 grad= -2.6544e-01
  bodyAsymmetry=    -0.06584 grad= -4.6405e-03
  bodyHarmonic=    -0.73374 grad=  2.4753e-03
  ampCurve=    -3.89661 grad=  2.2695e-03
epoch=520 loss=2.166018
  fStart=   272.08368 grad= -1.5943e-02
  fEnd=    46.86199 grad=  1.0312e-01
  pitchDecay=   -45.91229 grad= -7.7811e-02
  bodyAmp=     1.00000 grad= -3.0397e-02
  ampDecay=   -10.42462 grad= -1.2387e-03
  clickFreq=   471.66302 grad=  2.3224e-03
  clickAmp=     1.01167 grad=  2.4992e-03
  clickDecay=  -475.69043 grad=  8.5274e-04
  noiseCutoff=  9617.60449 grad= -6.6239e-02
  noiseAmp=     0.00175 grad=  4.4647e+01
  noiseDecay=   -10.50902 grad= -8.0134e-02
  drive=     3.51506 grad=  1.4278e-02
  outGain=     0.13630 grad=  5.1699e-01
  bodyAsymmetry=    -0.06548 grad=  4.2085e-03
  bodyHarmonic=    -0.73400 grad= -2.5044e-03
  ampCurve=    -3.92051 grad=  1.7246e-03
epoch=530 loss=2.161778
  fStart=   272.09366 grad=  7.6806e-02
  fEnd=    46.86259 grad=  2.8820e-02
  pitchDecay=   -45.91609 grad= -1.0914e-01
  bodyAmp=     1.00000 grad= -2.7109e-03
  ampDecay=   -10.42905 grad=  2.0628e-03
  clickFreq=   471.69699 grad= -1.0489e-03
  clickAmp=     1.00892 grad=  3.4320e-03
  clickDecay=  -473.72134 grad= -9.9510e-05
  noiseCutoff=  9681.14648 grad= -1.4390e-01
  noiseAmp=     0.00155 grad= -9.1723e+00
  noiseDecay=   -10.46261 grad=  7.0581e-02
  drive=     3.51530 grad= -3.8396e-03
  outGain=     0.13742 grad= -1.3533e-01
  bodyAsymmetry=    -0.06562 grad= -1.2367e-02
  bodyHarmonic=    -0.73470 grad=  8.6597e-04
  ampCurve=    -3.93987 grad=  2.2107e-03
epoch=540 loss=2.163429
  fStart=   272.09988 grad=  2.5853e-02
  fEnd=    46.86345 grad= -1.1469e-02
  pitchDecay=   -45.91944 grad= -6.6518e-02
  bodyAmp=     1.00000 grad=  6.9138e-03
  ampDecay=   -10.43264 grad=  2.4151e-03
  clickFreq=   471.81531 grad= -1.6927e-04
  clickAmp=     1.00646 grad=  2.9078e-03
  clickDecay=  -472.56778 grad=  2.3638e-04
  noiseCutoff=  9735.09473 grad= -1.9326e-01
  noiseAmp=     0.00146 grad= -4.7992e+01
  noiseDecay=   -10.43694 grad=  1.5733e-01
  drive=     3.51501 grad= -1.7163e-02
  outGain=     0.13637 grad= -6.2881e-01
  bodyAsymmetry=    -0.06528 grad=  9.7786e-03
  bodyHarmonic=    -0.73456 grad=  4.4569e-03
  ampCurve=    -3.95700 grad=  1.9949e-03
epoch=550 loss=2.160319
  fStart=   272.10910 grad=  1.0550e-02
  fEnd=    46.86353 grad= -2.2327e-02
  pitchDecay=   -45.92174 grad= -4.6834e-02
  bodyAmp=     1.00000 grad= -5.7503e-03
  ampDecay=   -10.43534 grad=  8.7705e-04
  clickFreq=   471.86096 grad= -2.4460e-03
  clickAmp=     1.00431 grad=  1.5644e-03
  clickDecay=  -471.34106 grad=  1.7933e-04
  noiseCutoff=  9785.24609 grad= -1.5144e-01
  noiseAmp=     0.00152 grad= -1.6077e+01
  noiseDecay=   -10.41009 grad=  8.4978e-02
  drive=     3.51496 grad= -8.1505e-03
  outGain=     0.13643 grad= -2.9388e-01
  bodyAsymmetry=    -0.06526 grad= -1.1654e-02
  bodyHarmonic=    -0.73473 grad=  1.5074e-03
  ampCurve=    -3.97172 grad=  1.7478e-03
epoch=560 loss=2.161155
  fStart=   272.11533 grad= -1.3981e-02
  fEnd=    46.86384 grad= -5.1393e-02
  pitchDecay=   -45.92379 grad= -2.7685e-02
  bodyAmp=     1.00000 grad=  3.5624e-04
  ampDecay=   -10.43599 grad=  1.2510e-03
  clickFreq=   472.01556 grad=  1.2014e-03
  clickAmp=     1.00275 grad=  2.7381e-03
  clickDecay=  -470.25427 grad=  2.4340e-04
  noiseCutoff=  9829.50488 grad= -1.8123e-01
  noiseAmp=     0.00146 grad= -4.0031e+01
  noiseDecay=   -10.39211 grad=  1.3707e-01
  drive=     3.51487 grad= -1.5744e-02
  outGain=     0.13615 grad= -5.6740e-01
  bodyAsymmetry=    -0.06499 grad=  1.2280e-02
  bodyHarmonic=    -0.73471 grad=  3.6847e-03
  ampCurve=    -3.98381 grad=  1.6705e-03
epoch=570 loss=2.170372
  fStart=   272.12234 grad= -8.4713e-02
  fEnd=    46.86386 grad= -8.5876e-02
  pitchDecay=   -45.92537 grad=  3.2603e-02
  bodyAmp=     1.00000 grad=  2.6610e-02
  ampDecay=   -10.43627 grad=  4.1806e-03
  clickFreq=   472.03967 grad=  8.0189e-04
  clickAmp=     1.00118 grad=  1.5556e-03
  clickDecay=  -469.26086 grad=  1.2061e-04
  noiseCutoff=  9871.91113 grad= -2.5233e-01
  noiseAmp=     0.00131 grad= -1.0964e+02
  noiseDecay=   -10.37054 grad=  2.7010e-01
  drive=     3.51499 grad= -3.2776e-02
  outGain=     0.13689 grad= -1.1781e+00
  bodyAsymmetry=    -0.06519 grad= -2.1220e-02
  bodyHarmonic=    -0.73503 grad=  7.5185e-03
  ampCurve=    -3.99447 grad=  2.1233e-03
epoch=580 loss=2.157800
  fStart=   272.12985 grad= -1.0976e-01
  fEnd=    46.86349 grad= -1.7872e-01
  pitchDecay=   -45.92668 grad=  4.5994e-02
  bodyAmp=     1.00000 grad=  6.1514e-03
  ampDecay=   -10.43936 grad=  3.2083e-03
  clickFreq=   471.97913 grad=  2.5919e-03
  clickAmp=     0.99931 grad=  5.2199e-03
  clickDecay=  -468.81580 grad=  2.1898e-04
  noiseCutoff=  9917.52637 grad= -1.4521e-01
  noiseAmp=     0.00147 grad= -1.0264e+01
  noiseDecay=   -10.32765 grad=  6.5933e-02
  drive=     3.51564 grad= -1.0447e-03
  outGain=     0.13973 grad= -7.4030e-02
  bodyAsymmetry=    -0.06528 grad= -7.1269e-03
  bodyHarmonic=    -0.73583 grad= -3.7090e-04
  ampCurve=    -4.00580 grad=  2.4113e-03
epoch=590 loss=2.158434
  fStart=   272.13531 grad= -4.4857e-03
  fEnd=    46.86390 grad= -6.0685e-03
  pitchDecay=   -45.92821 grad= -4.4805e-02
  bodyAmp=     0.99995 grad=  1.4282e-02
  ampDecay=   -10.44423 grad=  4.0285e-03
  clickFreq=   471.83240 grad=  5.3045e-05
  clickAmp=     0.99679 grad=  5.7797e-03
  clickDecay=  -468.57016 grad= -2.6902e-04
  noiseCutoff=  9958.78320 grad= -1.7262e-01
  noiseAmp=     0.00139 grad= -3.6110e+01
  noiseDecay=   -10.29789 grad=  1.2113e-01
  drive=     3.51563 grad= -8.6070e-03
  outGain=     0.14007 grad= -3.3564e-01
  bodyAsymmetry=    -0.06513 grad= -3.1421e-03
  bodyHarmonic=    -0.73560 grad=  1.2770e-03
  ampCurve=    -4.01815 grad=  2.4706e-03
epoch=599 loss=2.156315
  fStart=   272.13895 grad=  4.2133e-02
  fEnd=    46.86422 grad=  1.3363e-01
  pitchDecay=   -45.92972 grad= -9.6016e-02
  bodyAmp=     0.99907 grad=  1.2765e-03
  ampDecay=   -10.45022 grad=  2.9338e-03
  clickFreq=   471.71002 grad=  1.9999e-03
  clickAmp=     0.99413 grad=  5.6092e-03
  clickDecay=  -468.62512 grad=  4.5940e-04
  noiseCutoff=  9997.76953 grad= -1.2178e-01
  noiseAmp=     0.00146 grad=  8.0068e+00
  noiseDecay=   -10.26167 grad=  1.8790e-02
  drive=     3.51580 grad=  5.2815e-03
  outGain=     0.14137 grad=  1.5242e-01
  bodyAsymmetry=    -0.06511 grad= -7.2394e-03
  bodyHarmonic=    -0.73545 grad= -2.5665e-03
  ampCurve=    -4.02986 grad=  2.4285e-03
refine epoch=0 loss=2.156315
refine epoch=10 loss=2.156335
refine epoch=20 loss=2.156303
refine epoch=30 loss=2.156229
refine epoch=40 loss=2.156327
refine epoch=50 loss=2.156334
refine epoch=60 loss=2.156330
refine epoch=70 loss=2.156349
refine epoch=80 loss=2.156247
refine epoch=90 loss=2.156356
refine epoch=100 loss=2.156241
refine epoch=110 loss=2.156315
refine epoch=120 loss=2.156310
refine epoch=130 loss=2.156272
refine epoch=140 loss=2.156325
refine epoch=150 loss=2.156314
refine epoch=160 loss=2.156290
refine epoch=170 loss=2.156405
refine epoch=180 loss=2.156349
refine epoch=190 loss=2.156345
refine epoch=200 loss=2.156358
refine epoch=210 loss=2.156322
refine epoch=220 loss=2.156243
refine epoch=230 loss=2.156391
refine epoch=240 loss=2.156240
refine epoch=250 loss=2.156321
refine epoch=260 loss=2.156334
refine epoch=270 loss=2.156348
refine epoch=280 loss=2.156348
refine epoch=290 loss=2.156348
epoch=0 loss=3.932807
  fStart=   283.36386 grad=  4.3707e-01
  fEnd=    47.35925 grad=  6.7023e-01
  pitchDecay=   -52.90000 grad= -4.2076e-01
  bodyAmp=     0.52500 grad= -3.6811e-01
  ampDecay=   -14.00000 grad= -1.5959e-02
  clickFreq=   447.21362 grad=  1.4557e-01
  clickAmp=     0.60000 grad=  2.3523e-01
  clickDecay=  -346.41028 grad= -1.1371e-02
  noiseCutoff=  4242.64209 grad=  1.6131e+00
  noiseAmp=     0.02500 grad=  4.4171e+01
  noiseDecay=   -27.38613 grad= -2.1392e+00
  drive=     3.50000 grad=  3.0062e-01
  outGain=     0.55000 grad=  2.6757e+00
  bodyAsymmetry=     0.00000 grad=  1.3483e+00
  bodyHarmonic=     0.00000 grad=  2.2999e-02
  ampCurve=     0.00000 grad= -2.0760e-03
epoch=10 loss=2.656164
  fStart=   280.78598 grad=  5.8321e+00
  fEnd=    46.92427 grad=  1.1724e+01
  pitchDecay=   -53.39021 grad= -4.6759e+00
  bodyAmp=     0.59165 grad= -9.5117e-02
  ampDecay=   -13.71130 grad= -2.9714e-02
  clickFreq=   414.20715 grad=  5.6796e-02
  clickAmp=     0.44023 grad=  1.1653e-01
  clickDecay=  -393.68915 grad= -1.0004e-03
  noiseCutoff=  4006.87842 grad= -2.2144e-01
  noiseAmp=     0.00478 grad= -2.9313e+01
  noiseDecay=   -31.95224 grad=  4.5907e-01
  drive=     3.43539 grad= -4.2257e-02
  outGain=     0.31187 grad= -4.6484e-01
  bodyAsymmetry=    -0.04432 grad=  1.2996e+00
  bodyHarmonic=    -0.25156 grad=  1.1785e-01
  ampCurve=     0.00000 grad= -9.9732e-03
epoch=20 loss=2.567225
  fStart=   280.44653 grad= -1.8671e+00
  fEnd=    46.87185 grad= -4.8932e+00
  pitchDecay=   -53.45966 grad=  1.6201e+00
  bodyAmp=     0.72292 grad= -3.0204e-02
  ampDecay=   -13.39661 grad= -1.9643e-02
  clickFreq=   399.50024 grad= -6.7033e-02
  clickAmp=     0.37150 grad= -1.1677e-01
  clickDecay=  -413.19122 grad= -1.7758e-03
  noiseCutoff=  3978.48071 grad= -2.0335e-02
  noiseAmp=     0.00972 grad=  2.0228e+00
  noiseDecay=   -29.26133 grad=  2.9598e-01
  drive=     3.43161 grad= -1.3273e-02
  outGain=     0.26302 grad=  1.5515e-01
  bodyAsymmetry=    -0.06675 grad= -1.2672e+00
  bodyHarmonic=    -0.46437 grad= -2.4787e-02
  ampCurve=     0.00000 grad= -6.1504e-03
epoch=30 loss=2.479666
  fStart=   281.20981 grad=  2.8642e+00
  fEnd=    47.04357 grad=  3.6951e+00
  pitchDecay=   -53.31189 grad= -2.1640e+00
  bodyAmp=     0.86662 grad= -3.4193e-02
  ampDecay=   -13.13814 grad= -8.8947e-03
  clickFreq=   411.78864 grad= -5.9305e-02
  clickAmp=     0.42702 grad= -1.2084e-01
  clickDecay=  -464.88516 grad=  3.1943e-04
  noiseCutoff=  4015.17920 grad=  4.6425e-03
  noiseAmp=     0.00949 grad=  4.9683e+00
  noiseDecay=   -23.87233 grad=  2.5717e-01
  drive=     3.44802 grad= -9.8836e-03
  outGain=     0.22624 grad=  2.9003e-01
  bodyAsymmetry=    -0.04381 grad= -1.2242e+00
  bodyHarmonic=    -0.53472 grad= -3.9394e-02
  ampCurve=     0.00000 grad= -2.1765e-03
epoch=40 loss=2.384634
  fStart=   280.31897 grad= -1.5592e+00
  fEnd=    46.87878 grad= -5.0840e+00
  pitchDecay=   -53.48725 grad=  1.5738e+00
  bodyAmp=     0.98190 grad= -6.0936e-02
  ampDecay=   -12.93610 grad= -1.2693e-02
  clickFreq=   433.12042 grad= -3.5588e-02
  clickAmp=     0.52408 grad= -5.2240e-02
  clickDecay=  -505.19675 grad=  2.3834e-03
  noiseCutoff=  4085.43945 grad= -1.3671e-01
  noiseAmp=     0.00711 grad= -7.6116e+00
  noiseDecay=   -18.81434 grad=  3.6667e-01
  drive=     3.46890 grad= -4.0743e-02
  outGain=     0.17450 grad= -6.3936e-01
  bodyAsymmetry=    -0.04136 grad= -6.9198e-02
  bodyHarmonic=    -0.55331 grad= -7.6240e-03
  ampCurve=     0.00000 grad= -3.1410e-03
epoch=50 loss=2.318199
  fStart=   280.76697 grad=  6.4878e-02
  fEnd=    46.94315 grad= -2.3763e+00
  pitchDecay=   -53.38023 grad=  2.4287e-01
  bodyAmp=     1.00000 grad= -6.0521e-03
  ampDecay=   -12.75626 grad= -2.1139e-04
  clickFreq=   455.56186 grad=  2.8078e-02
  clickAmp=     0.63046 grad=  3.3799e-02
  clickDecay=  -469.27631 grad=  1.1319e-03
  noiseCutoff=  4195.62598 grad= -8.8290e-02
  noiseAmp=     0.00508 grad=  2.0357e+00
  noiseDecay=   -14.98279 grad=  1.5098e-01
  drive=     3.49527 grad=  7.3233e-03
  outGain=     0.18034 grad=  3.7169e-01
  bodyAsymmetry=    -0.04430 grad=  7.2882e-01
  bodyHarmonic=    -0.55929 grad=  1.9050e-02
  ampCurve=     0.00000 grad=  8.4300e-04
epoch=60 loss=2.318126
  fStart=   280.78400 grad=  7.8555e+00
  fEnd=    46.93845 grad=  1.3990e+00
  pitchDecay=   -53.32640 grad= -6.0162e+00
  bodyAmp=     0.97507 grad=  7.7268e-02
  ampDecay=   -12.70831 grad=  1.6214e-03
  clickFreq=   455.80304 grad= -2.5990e-02
  clickAmp=     0.68911 grad= -4.9249e-02
  clickDecay=  -397.41916 grad=  1.4159e-03
  noiseCutoff=  4427.23145 grad= -3.2270e-01
  noiseAmp=     0.00232 grad= -8.1135e+01
  noiseDecay=   -12.09694 grad=  3.8306e-01
  drive=     3.51250 grad= -4.1766e-02
  outGain=     0.17700 grad= -9.8622e-01
  bodyAsymmetry=    -0.05550 grad= -7.6565e-01
  bodyHarmonic=    -0.59386 grad=  5.8600e-03
  ampCurve=    -0.01662 grad=  5.0065e-04
epoch=70 loss=2.296757
  fStart=   281.00031 grad=  3.0465e+00
  fEnd=    46.98584 grad=  4.3957e+00
  pitchDecay=   -53.25714 grad= -2.4249e+00
  bodyAmp=     0.88475 grad= -3.4443e-02
  ampDecay=   -12.71758 grad= -7.2991e-03
  clickFreq=   450.68292 grad= -1.7638e-02
  clickAmp=     0.71499 grad=  2.7466e-02
  clickDecay=  -349.19562 grad= -3.6357e-03
  noiseCutoff=  4748.71631 grad=  4.6163e-02
  noiseAmp=     0.00270 grad=  6.8709e+01
  noiseDecay=   -10.43594 grad= -3.6037e-01
  drive=     3.51982 grad=  4.9662e-02
  outGain=     0.18353 grad=  1.1341e+00
  bodyAsymmetry=    -0.05286 grad=  3.4316e-01
  bodyHarmonic=    -0.65587 grad=  4.6984e-03
  ampCurve=    -0.05878 grad= -1.0719e-03
epoch=80 loss=2.291460
  fStart=   280.32886 grad= -9.3652e-01
  fEnd=    46.88760 grad= -3.0175e+00
  pitchDecay=   -53.36660 grad=  9.4338e-01
  bodyAmp=     0.88033 grad=  1.2085e-02
  ampDecay=   -12.62377 grad= -5.4435e-03
  clickFreq=   459.87326 grad= -2.8468e-02
  clickAmp=     0.70944 grad= -2.7513e-02
  clickDecay=  -358.81613 grad=  3.8236e-04
  noiseCutoff=  5047.30371 grad= -3.2920e-01
  noiseAmp=     0.00152 grad= -1.2361e+02
  noiseDecay=   -10.18496 grad=  2.9012e-01
  drive=     3.52109 grad= -5.5796e-02
  outGain=     0.17589 grad= -1.3279e+00
  bodyAsymmetry=    -0.05666 grad= -2.2884e-01
  bodyHarmonic=    -0.68426 grad=  1.5041e-03
  ampCurve=    -0.00431 grad= -1.2667e-03
epoch=90 loss=2.274275
  fStart=   280.36108 grad=  1.1552e-01
  fEnd=    46.94081 grad= -1.5919e+00
  pitchDecay=   -53.32689 grad=  2.1347e-01
  bodyAmp=     0.90080 grad= -2.0490e-02
  ampDecay=   -12.50639 grad= -3.1164e-03
  clickFreq=   463.78317 grad= -2.9693e-03
  clickAmp=     0.73062 grad=  5.3274e-03
  clickDecay=  -350.63739 grad= -3.5715e-03
  noiseCutoff=  5362.65479 grad=  3.6371e-02
  noiseAmp=     0.00241 grad=  7.9792e+01
  noiseDecay=   -10.33116 grad= -3.6008e-01
  drive=     3.52655 grad=  5.0384e-02
  outGain=     0.17935 grad=  1.2633e+00
  bodyAsymmetry=    -0.05600 grad=  9.8506e-02
  bodyHarmonic=    -0.69371 grad= -8.4620e-03
  ampCurve=     0.00000 grad=  7.1930e-04
epoch=100 loss=2.270912
  fStart=   280.10507 grad=  5.7278e-01
  fEnd=    46.97546 grad= -2.3872e-01
  pitchDecay=   -53.31387 grad= -3.5111e-01
  bodyAmp=     0.89142 grad=  3.3481e-02
  ampDecay=   -12.44697 grad= -2.7387e-04
  clickFreq=   466.11285 grad=  1.9578e-02
  clickAmp=     0.74633 grad= -5.3578e-03
  clickDecay=  -355.28848 grad=  9.8357e-04
  noiseCutoff=  5694.56982 grad= -3.3398e-01
  noiseAmp=     0.00143 grad= -1.3605e+02
  noiseDecay=   -10.53307 grad=  3.3276e-01
  drive=     3.52619 grad= -4.8003e-02
  outGain=     0.17508 grad= -1.1968e+00
  bodyAsymmetry=    -0.05825 grad= -2.8646e-02
  bodyHarmonic=    -0.67983 grad=  8.3404e-03
  ampCurve=    -0.01543 grad=  5.3524e-04
epoch=110 loss=2.261309
  fStart=   279.70599 grad=  1.0490e+00
  fEnd=    47.01545 grad=  1.4539e+00
  pitchDecay=   -53.31935 grad= -7.4893e-01
  bodyAmp=     0.88663 grad= -4.9302e-02
  ampDecay=   -12.40443 grad= -4.1053e-03
  clickFreq=   461.55121 grad= -4.3045e-03
  clickAmp=     0.75489 grad=  2.5867e-03
  clickDecay=  -366.57999 grad= -6.6627e-04
  noiseCutoff=  6034.69922 grad=  7.1465e-02
  noiseAmp=     0.00236 grad=  9.6517e+01
  noiseDecay=   -10.68077 grad= -3.8055e-01
  drive=     3.52447 grad=  5.2848e-02
  outGain=     0.17874 grad=  1.4381e+00
  bodyAsymmetry=    -0.05860 grad=  4.3605e-02
  bodyHarmonic=    -0.66711 grad= -1.0095e-02
  ampCurve=    -0.06029 grad=  9.8141e-04
epoch=120 loss=2.248489
  fStart=   279.47855 grad= -4.5644e-01
  fEnd=    47.00324 grad= -8.7508e-01
  pitchDecay=   -53.28984 grad=  4.9951e-01
  bodyAmp=     0.90649 grad=  3.8017e-02
  ampDecay=   -12.36515 grad=  3.0299e-03
  clickFreq=   459.09393 grad=  3.4770e-03
  clickAmp=     0.76115 grad= -2.5198e-03
  clickDecay=  -369.74326 grad=  1.6110e-03
  noiseCutoff=  6350.79492 grad= -3.1295e-01
  noiseAmp=     0.00144 grad= -1.2257e+02
  noiseDecay=   -10.92183 grad=  3.3005e-01
  drive=     3.51846 grad= -4.0821e-02
  outGain=     0.17514 grad= -9.8010e-01
  bodyAsymmetry=    -0.05816 grad= -3.5945e-02
  bodyHarmonic=    -0.65960 grad=  1.1680e-02
  ampCurve=    -0.12674 grad=  1.6829e-03
epoch=130 loss=2.248343
  fStart=   279.51227 grad= -1.1889e+00
  fEnd=    47.00035 grad= -1.6023e+00
  pitchDecay=   -53.20786 grad=  1.1603e+00
  bodyAmp=     0.91564 grad= -4.3779e-02
  ampDecay=   -12.35579 grad= -2.4699e-03
  clickFreq=   457.56320 grad= -9.2217e-03
  clickAmp=     0.76127 grad=  1.6836e-03
  clickDecay=  -369.93884 grad= -6.3693e-04
  noiseCutoff=  6664.58252 grad=  8.3971e-02
  noiseAmp=     0.00234 grad=  1.0111e+02
  noiseDecay=   -11.08786 grad= -3.5686e-01
  drive=     3.50853 grad=  5.6462e-02
  outGain=     0.17747 grad=  1.5488e+00
  bodyAsymmetry=    -0.05756 grad=  1.3911e-02
  bodyHarmonic=    -0.66028 grad= -8.2991e-03
  ampCurve=    -0.23053 grad=  1.4697e-03
epoch=140 loss=2.230933
  fStart=   279.48761 grad=  1.4327e+00
  fEnd=    47.00088 grad=  2.7013e+00
  pitchDecay=   -53.13266 grad= -9.3599e-01
  bodyAmp=     0.93229 grad=  3.4315e-02
  ampDecay=   -12.34264 grad=  2.2945e-03
  clickFreq=   458.99368 grad=  3.2985e-03
  clickAmp=     0.76245 grad= -3.0678e-03
  clickDecay=  -364.70502 grad=  2.0163e-03
  noiseCutoff=  6957.97559 grad= -3.0120e-01
  noiseAmp=     0.00145 grad= -1.1351e+02
  noiseDecay=   -11.25266 grad=  3.3689e-01
  drive=     3.49498 grad= -3.8682e-02
  outGain=     0.17345 grad= -9.4959e-01
  bodyAsymmetry=    -0.05679 grad= -1.1947e-02
  bodyHarmonic=    -0.66986 grad=  7.8321e-03
  ampCurve=    -0.33590 grad=  1.4317e-03
epoch=150 loss=2.238264
  fStart=   279.25369 grad=  1.5356e+00
  fEnd=    47.00600 grad=  3.2149e+00
  pitchDecay=   -53.09977 grad= -1.0183e+00
  bodyAmp=     0.95127 grad= -5.1455e-02
  ampDecay=   -12.32293 grad= -3.6528e-03
  clickFreq=   458.31351 grad= -1.4139e-02
  clickAmp=     0.76753 grad=  2.0339e-03
  clickDecay=  -356.50168 grad= -2.8039e-03
  noiseCutoff=  7246.25342 grad=  1.0013e-01
  noiseAmp=     0.00233 grad=  1.0782e+02
  noiseDecay=   -11.32579 grad= -3.5170e-01
  drive=     3.48107 grad=  5.8416e-02
  outGain=     0.17421 grad=  1.6302e+00
  bodyAsymmetry=    -0.05581 grad=  3.4202e-02
  bodyHarmonic=    -0.67748 grad= -1.0411e-02
  ampCurve=    -0.43507 grad=  1.2513e-03
epoch=160 loss=2.217690
  fStart=   279.01117 grad=  7.6606e-01
  fEnd=    47.01488 grad=  1.6061e+00
  pitchDecay=   -53.06133 grad= -4.5359e-01
  bodyAmp=     0.97350 grad=  3.5987e-02
  ampDecay=   -12.29799 grad=  2.1877e-03
  clickFreq=   457.79193 grad=  4.8526e-04
  clickAmp=     0.77428 grad= -7.4476e-03
  clickDecay=  -360.74649 grad=  5.0172e-04
  noiseCutoff=  7513.94385 grad= -2.8978e-01
  noiseAmp=     0.00147 grad= -1.0767e+02
  noiseDecay=   -11.41648 grad=  3.4250e-01
  drive=     3.46403 grad= -3.7247e-02
  outGain=     0.16869 grad= -9.7668e-01
  bodyAsymmetry=    -0.05530 grad= -6.4785e-02
  bodyHarmonic=    -0.68566 grad=  7.7542e-03
  ampCurve=    -0.53130 grad=  1.3459e-03
epoch=170 loss=2.227881
  fStart=   278.51019 grad= -1.1771e+00
  fEnd=    46.93745 grad= -2.1614e+00
  pitchDecay=   -53.07203 grad=  1.0730e+00
  bodyAmp=     1.00000 grad= -6.0365e-02
  ampDecay=   -12.26725 grad= -4.8521e-03
  clickFreq=   457.19180 grad=  3.7427e-04
  clickAmp=     0.78640 grad= -3.9419e-04
  clickDecay=  -361.43454 grad= -5.4129e-04
  noiseCutoff=  7782.09912 grad=  1.0361e-01
  noiseAmp=     0.00231 grad=  1.0962e+02
  noiseDecay=   -11.42722 grad= -3.4212e-01
  drive=     3.44866 grad=  5.5718e-02
  outGain=     0.16927 grad=  1.6613e+00
  bodyAsymmetry=    -0.05403 grad=  4.6524e-02
  bodyHarmonic=    -0.70071 grad= -7.1004e-03
  ampCurve=    -0.62549 grad=  9.6602e-04
epoch=180 loss=2.205073
  fStart=   278.47818 grad= -7.6410e-01
  fEnd=    46.93361 grad= -1.3858e+00
  pitchDecay=   -53.02832 grad=  7.6231e-01
  bodyAmp=     1.00000 grad=  9.5851e-03
  ampDecay=   -12.21780 grad= -5.4459e-04
  clickFreq=   458.86829 grad=  4.0020e-03
  clickAmp=     0.80143 grad= -6.9420e-03
  clickDecay=  -361.09293 grad=  8.7688e-05
  noiseCutoff=  8029.25928 grad= -2.7459e-01
  noiseAmp=     0.00149 grad= -9.7151e+01
  noiseDecay=   -11.48562 grad=  3.3162e-01
  drive=     3.43423 grad= -4.0977e-02
  outGain=     0.16389 grad= -9.7890e-01
  bodyAsymmetry=    -0.05495 grad= -3.3107e-02
  bodyHarmonic=    -0.71209 grad=  5.7829e-03
  ampCurve=    -0.70847 grad=  6.8550e-04
epoch=190 loss=2.220026
  fStart=   278.36679 grad= -8.6656e-02
  fEnd=    46.94525 grad= -4.2396e-02
  pitchDecay=   -52.98901 grad=  2.4282e-01
  bodyAmp=     1.00000 grad= -7.7783e-02
  ampDecay=   -12.14193 grad= -6.9534e-03
  clickFreq=   458.74927 grad=  4.9175e-03
  clickAmp=     0.81746 grad= -1.1450e-03
  clickDecay=  -369.74820 grad= -1.5454e-03
  noiseCutoff=  8270.17969 grad=  1.1922e-01
  noiseAmp=     0.00229 grad=  1.1456e+02
  noiseDecay=   -11.49732 grad= -3.3890e-01
  drive=     3.42400 grad=  5.3496e-02
  outGain=     0.16491 grad=  1.6494e+00
  bodyAsymmetry=    -0.05564 grad=  1.8084e-02
  bodyHarmonic=    -0.70826 grad= -8.5854e-03
  ampCurve=    -0.77136 grad=  5.8269e-04
epoch=200 loss=2.194107
  fStart=   278.26193 grad=  2.7517e-01
  fEnd=    46.93395 grad=  2.2903e-01
  pitchDecay=   -52.92844 grad= -5.1054e-02
  bodyAmp=     1.00000 grad=  4.1902e-03
  ampDecay=   -12.05389 grad= -2.6492e-04
  clickFreq=   457.65924 grad= -1.4968e-04
  clickAmp=     0.83397 grad= -5.1817e-03
  clickDecay=  -378.59271 grad=  6.4365e-04
  noiseCutoff=  8481.84180 grad= -2.5932e-01
  noiseAmp=     0.00151 grad= -8.7371e+01
  noiseDecay=   -11.57137 grad=  3.2088e-01
  drive=     3.41307 grad= -3.8720e-02
  outGain=     0.16077 grad= -9.6207e-01
  bodyAsymmetry=    -0.05631 grad= -9.2859e-03
  bodyHarmonic=    -0.70433 grad=  1.1650e-02
  ampCurve=    -0.83204 grad=  1.0234e-03
epoch=210 loss=2.212531
  fStart=   278.05783 grad=  3.4357e-01
  fEnd=    46.93221 grad=  4.4461e-01
  pitchDecay=   -52.87507 grad= -1.1262e-01
  bodyAmp=     1.00000 grad= -8.1157e-02
  ampDecay=   -11.97151 grad= -6.1930e-03
  clickFreq=   456.87363 grad=  1.3669e-03
  clickAmp=     0.85102 grad= -2.4769e-03
  clickDecay=  -381.76550 grad= -2.5138e-04
  noiseCutoff=  8689.50195 grad=  1.1876e-01
  noiseAmp=     0.00226 grad=  1.1311e+02
  noiseDecay=   -11.58708 grad= -3.1245e-01
  drive=     3.40356 grad=  5.0782e-02
  outGain=     0.16141 grad=  1.6106e+00
  bodyAsymmetry=    -0.05686 grad=  1.5403e-02
  bodyHarmonic=    -0.70857 grad= -1.0466e-02
  ampCurve=    -0.90521 grad=  1.0225e-03
epoch=220 loss=2.186212
  fStart=   277.92407 grad= -3.7842e-02
  fEnd=    46.92176 grad= -3.4581e-02
  pitchDecay=   -52.82526 grad=  1.0233e-01
  bodyAmp=     1.00000 grad= -8.2153e-03
  ampDecay=   -11.88960 grad= -5.5394e-04
  clickFreq=   456.48950 grad= -1.9974e-03
  clickAmp=     0.86827 grad= -3.3688e-03
  clickDecay=  -381.17343 grad=  4.3953e-04
  noiseCutoff=  8873.67383 grad= -2.4210e-01
  noiseAmp=     0.00153 grad= -7.8296e+01
  noiseDecay=   -11.62272 grad=  3.0995e-01
  drive=     3.39384 grad= -3.8657e-02
  outGain=     0.15690 grad= -9.7606e-01
  bodyAsymmetry=    -0.05761 grad= -1.1488e-02
  bodyHarmonic=    -0.70753 grad=  1.0098e-02
  ampCurve=    -0.98804 grad=  1.1578e-03
epoch=230 loss=2.205834
  fStart=   277.82935 grad= -1.6139e+00
  fEnd=    46.91299 grad= -9.0915e-01
  pitchDecay=   -52.78917 grad=  8.8816e-01
  bodyAmp=     1.00000 grad= -9.2369e-02
  ampDecay=   -11.80744 grad= -6.4421e-03
  clickFreq=   456.25925 grad=  8.0268e-04
  clickAmp=     0.87901 grad=  2.2094e-04
  clickDecay=  -387.20300 grad= -8.1849e-04
  noiseCutoff=  9054.72559 grad=  1.1872e-01
  noiseAmp=     0.00224 grad=  1.1243e+02
  noiseDecay=   -11.59824 grad= -2.9468e-01
  drive=     3.38653 grad=  4.7194e-02
  outGain=     0.15733 grad=  1.5357e+00
  bodyAsymmetry=    -0.05787 grad= -8.7168e-03
  bodyHarmonic=    -0.70983 grad= -8.2870e-03
  ampCurve=    -1.07508 grad=  1.1029e-03
epoch=240 loss=2.179051
  fStart=   277.55432 grad= -3.2279e-01
  fEnd=    46.93452 grad= -6.6408e-01
  pitchDecay=   -52.78522 grad=  4.3190e-01
  bodyAmp=     1.00000 grad= -1.6529e-02
  ampDecay=   -11.72395 grad= -9.3126e-04
  clickFreq=   455.58923 grad=  1.2888e-02
  clickAmp=     0.89138 grad= -6.9898e-03
  clickDecay=  -385.51434 grad=  2.3249e-03
  noiseCutoff=  9212.00195 grad= -2.2075e-01
  noiseAmp=     0.00156 grad= -6.7143e+01
  noiseDecay=   -11.61092 grad=  2.8998e-01
  drive=     3.37919 grad= -3.7667e-02
  outGain=     0.15286 grad= -9.5398e-01
  bodyAsymmetry=    -0.05826 grad= -9.6729e-03
  bodyHarmonic=    -0.71523 grad=  7.5786e-03
  ampCurve=    -1.16670 grad=  1.2552e-03
epoch=250 loss=2.198629
  fStart=   277.35162 grad= -8.5048e-02
  fEnd=    46.93967 grad= -1.1031e-01
  pitchDecay=   -52.74357 grad=  2.5641e-01
  bodyAmp=     1.00000 grad= -9.3506e-02
  ampDecay=   -11.64084 grad= -6.3723e-03
  clickFreq=   452.44769 grad= -5.2241e-03
  clickAmp=     0.90686 grad= -4.0286e-03
  clickDecay=  -384.50589 grad= -1.3648e-03
  noiseCutoff=  9367.40039 grad=  1.1102e-01
  noiseAmp=     0.00222 grad=  1.0923e+02
  noiseDecay=   -11.57658 grad= -2.7327e-01
  drive=     3.37446 grad=  4.2993e-02
  outGain=     0.15283 grad=  1.4369e+00
  bodyAsymmetry=    -0.05905 grad= -2.8252e-02
  bodyHarmonic=    -0.71526 grad= -9.5415e-03
  ampCurve=    -1.26174 grad=  1.2472e-03
epoch=260 loss=2.173121
  fStart=   277.24359 grad=  3.2269e-01
  fEnd=    46.92810 grad=  2.0624e-01
  pitchDecay=   -52.68095 grad= -8.1547e-02
  bodyAmp=     1.00000 grad= -2.6664e-02
  ampDecay=   -11.55579 grad= -1.0886e-03
  clickFreq=   454.11676 grad= -3.9020e-03
  clickAmp=     0.92046 grad= -3.9387e-03
  clickDecay=  -390.32138 grad=  4.5729e-04
  noiseCutoff=  9503.25391 grad= -2.0517e-01
  noiseAmp=     0.00158 grad= -5.8247e+01
  noiseDecay=   -11.57630 grad=  2.7298e-01
  drive=     3.36937 grad= -3.6319e-02
  outGain=     0.14905 grad= -9.5663e-01
  bodyAsymmetry=    -0.05924 grad= -1.0793e-02
  bodyHarmonic=    -0.71738 grad=  8.5965e-03
  ampCurve=    -1.35827 grad=  1.4148e-03
epoch=270 loss=2.192312
  fStart=   277.03558 grad= -7.2269e-02
  fEnd=    46.92739 grad= -1.1729e-01
  pitchDecay=   -52.63630 grad=  1.8016e-01
  bodyAmp=     1.00000 grad= -1.0045e-01
  ampDecay=   -11.47336 grad= -6.2149e-03
  clickFreq=   453.77194 grad=  1.2439e-03
  clickAmp=     0.93287 grad= -1.7608e-03
  clickDecay=  -396.89630 grad= -9.0117e-04
  noiseCutoff=  9636.84863 grad=  1.0545e-01
  noiseAmp=     0.00219 grad=  1.0626e+02
  noiseDecay=   -11.54642 grad= -2.5432e-01
  drive=     3.36624 grad=  3.8897e-02
  outGain=     0.14906 grad=  1.3664e+00
  bodyAsymmetry=    -0.05955 grad=  2.5791e-02
  bodyHarmonic=    -0.71683 grad= -8.7515e-03
  ampCurve=    -1.45856 grad=  1.3843e-03
epoch=280 loss=2.168736
  fStart=   276.91052 grad=  2.0843e-01
  fEnd=    46.92373 grad=  1.8882e-01
  pitchDecay=   -52.59225 grad= -5.0849e-02
  bodyAmp=     1.00000 grad= -3.2290e-02
  ampDecay=   -11.38971 grad= -1.2231e-03
  clickFreq=   453.80460 grad= -2.7338e-03
  clickAmp=     0.94714 grad= -3.8898e-03
  clickDecay=  -400.52737 grad=  1.4959e-04
  noiseCutoff=  9755.69922 grad= -1.9155e-01
  noiseAmp=     0.00161 grad= -5.0817e+01
  noiseDecay=   -11.54008 grad=  2.5658e-01
  drive=     3.36365 grad= -3.4951e-02
  outGain=     0.14538 grad= -9.4494e-01
  bodyAsymmetry=    -0.06029 grad= -8.1306e-03
  bodyHarmonic=    -0.71642 grad=  1.0850e-02
  ampCurve=    -1.56017 grad=  1.5697e-03
epoch=290 loss=2.186430
  fStart=   276.78656 grad=  2.2918e-01
  fEnd=    46.92025 grad=  2.1161e-01
  pitchDecay=   -52.55742 grad= -9.1731e-02
  bodyAmp=     1.00000 grad= -1.0705e-01
  ampDecay=   -11.30867 grad= -6.6016e-03
  clickFreq=   453.51062 grad= -3.5544e-05
  clickAmp=     0.95931 grad= -2.6954e-03
  clickDecay=  -406.83206 grad= -1.4202e-03
  noiseCutoff=  9876.74219 grad=  9.4875e-02
  noiseAmp=     0.00217 grad=  1.0187e+02
  noiseDecay=   -11.49725 grad= -2.3139e-01
  drive=     3.36283 grad=  3.3088e-02
  outGain=     0.14514 grad=  1.2512e+00
  bodyAsymmetry=    -0.06077 grad= -7.9431e-03
  bodyHarmonic=    -0.72067 grad= -1.0496e-02
  ampCurve=    -1.66357 grad=  1.4412e-03
epoch=300 loss=2.164736
  fStart=   276.68008 grad= -1.0207e-01
  fEnd=    46.91835 grad= -1.8517e-01
  pitchDecay=   -52.53139 grad=  1.5231e-01
  bodyAmp=     1.00000 grad= -3.9465e-02
  ampDecay=   -11.22696 grad= -1.6054e-03
  clickFreq=   453.11658 grad= -1.4678e-03
  clickAmp=     0.97201 grad= -6.0670e-03
  clickDecay=  -411.26059 grad=  7.1919e-04
  noiseCutoff=  9985.48730 grad= -1.7507e-01
  noiseAmp=     0.00163 grad= -4.2498e+01
  noiseDecay=   -11.47494 grad=  2.3643e-01
  drive=     3.36253 grad= -3.4097e-02
  outGain=     0.14146 grad= -9.4144e-01
  bodyAsymmetry=    -0.06120 grad= -3.1127e-02
  bodyHarmonic=    -0.72236 grad=  8.3540e-03
  ampCurve=    -1.76585 grad=  1.5946e-03
epoch=310 loss=2.180867
  fStart=   276.60501 grad=  1.1247e-01
  fEnd=    46.91673 grad=  1.5028e-01
  pitchDecay=   -52.50954 grad= -3.3435e-02
  bodyAmp=     1.00000 grad= -1.0936e-01
  ampDecay=   -11.14722 grad= -6.6314e-03
  clickFreq=   452.60977 grad=  2.2107e-03
  clickAmp=     0.98355 grad= -1.5805e-03
  clickDecay=  -417.34915 grad= -1.3714e-03
  noiseCutoff= 10094.52539 grad=  8.3458e-02
  noiseAmp=     0.00214 grad=  9.6726e+01
  noiseDecay=   -11.42664 grad= -2.0997e-01
  drive=     3.36389 grad=  2.8660e-02
  outGain=     0.14099 grad=  1.1262e+00
  bodyAsymmetry=    -0.06132 grad=  1.0313e-02
  bodyHarmonic=    -0.72461 grad= -7.2792e-03
  ampCurve=    -1.86622 grad=  1.4529e-03
epoch=320 loss=2.161658
  fStart=   276.54105 grad= -2.9523e-01
  fEnd=    46.91454 grad= -6.0154e-01
  pitchDecay=   -52.49361 grad=  2.8508e-01
  bodyAmp=     1.00000 grad= -4.7519e-02
  ampDecay=   -11.06706 grad= -1.9519e-03
  clickFreq=   451.92181 grad=  3.6283e-04
  clickAmp=     0.99522 grad= -5.4374e-03
  clickDecay=  -423.83615 grad=  3.6239e-04
  noiseCutoff= 10192.76074 grad= -1.6178e-01
  noiseAmp=     0.00166 grad= -3.5074e+01
  noiseDecay=   -11.39943 grad=  2.1634e-01
  drive=     3.36560 grad= -3.2977e-02
  outGain=     0.13750 grad= -9.4556e-01
  bodyAsymmetry=    -0.06170 grad= -1.1708e-02
  bodyHarmonic=    -0.73012 grad=  9.7851e-03
  ampCurve=    -1.96339 grad=  1.6678e-03
epoch=330 loss=2.175845
  fStart=   276.50241 grad=  2.3311e+00
  fEnd=    46.91739 grad=  3.0276e+00
  pitchDecay=   -52.48096 grad= -1.8887e+00
  bodyAmp=     1.00000 grad= -1.0842e-01
  ampDecay=   -10.98887 grad= -6.7627e-03
  clickFreq=   450.87057 grad=  1.3475e-03
  clickAmp=     1.00781 grad= -3.1666e-03
  clickDecay=  -432.21390 grad= -1.6912e-03
  noiseCutoff= 10292.16895 grad=  7.0575e-02
  noiseAmp=     0.00212 grad=  9.0665e+01
  noiseDecay=   -11.35107 grad= -1.8641e-01
  drive=     3.36870 grad=  2.3891e-02
  outGain=     0.13697 grad=  9.7964e-01
  bodyAsymmetry=    -0.06178 grad= -1.9387e-03
  bodyHarmonic=    -0.73837 grad= -7.2431e-03
  ampCurve=    -2.05829 grad=  1.4916e-03
epoch=340 loss=2.158752
  fStart=   276.45218 grad=  5.3956e-01
  fEnd=    46.92343 grad=  8.8709e-01
  pitchDecay=   -52.48290 grad= -4.3146e-01
  bodyAmp=     1.00000 grad= -5.0678e-02
  ampDecay=   -10.91260 grad= -2.0198e-03
  clickFreq=   450.37122 grad= -1.2760e-03
  clickAmp=     1.02207 grad= -5.8183e-03
  clickDecay=  -441.19864 grad= -3.0338e-04
  noiseCutoff= 10382.53125 grad= -1.4819e-01
  noiseAmp=     0.00168 grad= -2.6843e+01
  noiseDecay=   -11.32087 grad=  1.9456e-01
  drive=     3.37166 grad= -3.0170e-02
  outGain=     0.13408 grad= -9.0802e-01
  bodyAsymmetry=    -0.06213 grad= -1.2401e-03
  bodyHarmonic=    -0.74554 grad=  9.0607e-03
  ampCurve=    -2.15174 grad=  1.8110e-03
epoch=350 loss=2.171729
  fStart=   276.46417 grad=  6.0418e-02
  fEnd=    46.91617 grad=  1.5097e-01
  pitchDecay=   -52.47603 grad= -1.7664e-02
  bodyAmp=     1.00000 grad= -1.0803e-01
  ampDecay=   -10.84189 grad= -6.6136e-03
  clickFreq=   450.56281 grad= -2.5980e-04
  clickAmp=     1.03746 grad= -2.1917e-03
  clickDecay=  -449.51752 grad= -1.8474e-03
  noiseCutoff= 10471.73926 grad=  6.2651e-02
  noiseAmp=     0.00209 grad=  8.6944e+01
  noiseDecay=   -11.28112 grad= -1.7035e-01
  drive=     3.37498 grad=  2.1268e-02
  outGain=     0.13372 grad=  8.9268e-01
  bodyAsymmetry=    -0.06263 grad=  1.7229e-02
  bodyHarmonic=    -0.75338 grad= -5.5983e-03
  ampCurve=    -2.24530 grad=  1.6000e-03
epoch=360 loss=2.156100
  fStart=   276.44165 grad= -2.6776e-02
  fEnd=    46.91529 grad= -2.9280e-02
  pitchDecay=   -52.47208 grad=  4.1276e-02
  bodyAmp=     1.00000 grad= -5.3119e-02
  ampDecay=   -10.77431 grad= -1.8990e-03
  clickFreq=   450.87228 grad=  3.2320e-03
  clickAmp=     1.05134 grad= -5.5726e-03
  clickDecay=  -457.44913 grad=  6.5258e-04
  noiseCutoff= 10551.67578 grad= -1.3508e-01
  noiseAmp=     0.00170 grad= -1.8965e+01
  noiseDecay=   -11.25992 grad=  1.7378e-01
  drive=     3.37778 grad= -2.7027e-02
  outGain=     0.13137 grad= -8.2451e-01
  bodyAsymmetry=    -0.06329 grad= -1.2488e-02
  bodyHarmonic=    -0.76088 grad=  7.3398e-03
  ampCurve=    -2.33701 grad=  1.9905e-03
epoch=370 loss=2.167973
  fStart=   276.41660 grad= -4.4745e-02
  fEnd=    46.91801 grad=  2.0080e-02
  pitchDecay=   -52.46980 grad=  4.8535e-02
  bodyAmp=     1.00000 grad= -1.0609e-01
  ampDecay=   -10.71156 grad= -6.2359e-03
  clickFreq=   450.15244 grad=  7.6096e-04
  clickAmp=     1.06397 grad= -3.3660e-03
  clickDecay=  -464.36142 grad= -1.3663e-03
  noiseCutoff= 10629.88086 grad=  5.2586e-02
  noiseAmp=     0.00207 grad=  8.2004e+01
  noiseDecay=   -11.23021 grad= -1.5136e-01
  drive=     3.38087 grad=  1.7784e-02
  outGain=     0.13105 grad=  7.9461e-01
  bodyAsymmetry=    -0.06369 grad=  8.1848e-04
  bodyHarmonic=    -0.76492 grad= -7.3830e-03
  ampCurve=    -2.42678 grad=  1.7356e-03
epoch=380 loss=2.154080
  fStart=   276.41858 grad=  1.5777e-01
  fEnd=    46.91563 grad=  2.1058e-01
  pitchDecay=   -52.46496 grad= -1.1446e-01
  bodyAmp=     1.00000 grad= -5.9166e-02
  ampDecay=   -10.65218 grad= -2.0108e-03
  clickFreq=   449.14020 grad=  2.4329e-03
  clickAmp=     1.07559 grad= -4.5999e-03
  clickDecay=  -471.24420 grad= -8.3185e-05
  noiseCutoff= 10698.71289 grad= -1.2018e-01
  noiseAmp=     0.00173 grad= -1.0704e+01
  noiseDecay=   -11.21664 grad=  1.5147e-01
  drive=     3.38366 grad= -2.4412e-02
  outGain=     0.12932 grad= -7.4075e-01
  bodyAsymmetry=    -0.06410 grad= -4.0764e-03
  bodyHarmonic=    -0.76428 grad=  6.0790e-03
  ampCurve=    -2.51381 grad=  2.1217e-03
epoch=390 loss=2.164766
  fStart=   276.39658 grad= -4.9149e-03
  fEnd=    46.91650 grad= -1.7595e-03
  pitchDecay=   -52.46320 grad=  2.6791e-02
  bodyAmp=     1.00000 grad= -1.0331e-01
  ampDecay=   -10.59850 grad= -5.7282e-03
  clickFreq=   448.15506 grad=  3.0000e-03
  clickAmp=     1.08662 grad= -2.7452e-03
  clickDecay=  -477.03082 grad= -8.3554e-04
  noiseCutoff= 10764.29492 grad=  4.4565e-02
  noiseAmp=     0.00205 grad=  7.7477e+01
  noiseDecay=   -11.19699 grad= -1.3378e-01
  drive=     3.38656 grad=  1.5464e-02
  outGain=     0.12918 grad=  7.1140e-01
  bodyAsymmetry=    -0.06444 grad=  1.3117e-02
  bodyHarmonic=    -0.76542 grad= -4.5863e-03
  ampCurve=    -2.59907 grad=  1.8868e-03
epoch=400 loss=2.152600
  fStart=   276.38351 grad= -3.9742e-03
  fEnd=    46.91605 grad= -8.2254e-03
  pitchDecay=   -52.46011 grad=  2.1164e-02
  bodyAmp=     1.00000 grad= -6.3423e-02
  ampDecay=   -10.54883 grad= -2.0067e-03
  clickFreq=   447.24222 grad= -2.7310e-03
  clickAmp=     1.09650 grad= -4.3965e-03
  clickDecay=  -481.64667 grad= -8.3072e-05
  noiseCutoff= 10821.28613 grad= -1.0608e-01
  noiseAmp=     0.00175 grad= -3.3931e+00
  noiseDecay=   -11.18930 grad=  1.3088e-01
  drive=     3.38908 grad= -2.1887e-02
  outGain=     0.12777 grad= -6.4894e-01
  bodyAsymmetry=    -0.06482 grad= -1.0472e-02
  bodyHarmonic=    -0.76725 grad=  5.3803e-03
  ampCurve=    -2.68102 grad=  2.2203e-03
epoch=410 loss=2.151292
  fStart=   276.37469 grad= -5.6009e-03
  fEnd=    46.91578 grad= -9.2887e-03
  pitchDecay=   -52.45654 grad=  2.1775e-02
  bodyAmp=     1.00000 grad= -5.9409e-02
  ampDecay=   -10.50435 grad= -9.8022e-04
  clickFreq=   447.02112 grad= -1.7122e-03
  clickAmp=     1.10491 grad= -1.9364e-03
  clickDecay=  -486.15628 grad=  1.5720e-04
  noiseCutoff= 10876.74316 grad= -9.7575e-02
  noiseAmp=     0.00175 grad=  2.1602e+00
  noiseDecay=   -11.16999 grad=  1.1514e-01
  drive=     3.39183 grad= -1.7032e-02
  outGain=     0.12825 grad= -5.0302e-01
  bodyAsymmetry=    -0.06512 grad=  1.2219e-02
  bodyHarmonic=    -0.76931 grad=  5.3463e-03
  ampCurve=    -2.75939 grad=  2.5623e-03
epoch=420 loss=2.172236
  fStart=   276.38431 grad= -2.5342e-01
  fEnd=    46.91238 grad= -4.8051e-01
  pitchDecay=   -52.45220 grad=  2.3256e-01
  bodyAmp=     1.00000 grad= -6.9738e-02
  ampDecay=   -10.50107 grad=  2.4781e-03
  clickFreq=   446.57010 grad=  3.8103e-03
  clickAmp=     1.10735 grad=  4.9996e-03
  clickDecay=  -488.56897 grad= -1.3764e-04
  noiseCutoff= 10992.16797 grad=  1.2257e-01
  noiseAmp=     0.00191 grad=  1.2959e+02
  noiseDecay=   -10.95083 grad= -2.9389e-01
  drive=     3.39806 grad=  5.4131e-02
  outGain=     0.14078 grad=  1.8454e+00
  bodyAsymmetry=    -0.06702 grad= -2.6023e-02
  bodyHarmonic=    -0.78150 grad= -1.3189e-02
  ampCurve=    -2.85627 grad=  4.4426e-03
epoch=430 loss=2.142457
  fStart=   276.36401 grad= -1.9450e-01
  fEnd=    46.91478 grad= -2.2100e-01
  pitchDecay=   -52.45226 grad=  1.8545e-01
  bodyAmp=     1.00000 grad= -3.1005e-02
  ampDecay=   -10.53381 grad=  3.9150e-03
  clickFreq=   445.48709 grad=  1.3512e-03
  clickAmp=     1.10236 grad=  2.5771e-03
  clickDecay=  -487.27863 grad=  8.5592e-04
  noiseCutoff= 11067.21875 grad= -9.2656e-02
  noiseAmp=     0.00154 grad=  7.5016e+00
  noiseDecay=   -10.88540 grad=  8.9486e-02
  drive=     3.39604 grad= -4.8814e-03
  outGain=     0.13758 grad= -9.0251e-02
  bodyAsymmetry=    -0.06608 grad= -5.0083e-04
  bodyHarmonic=    -0.78380 grad=  2.5971e-03
  ampCurve=    -2.97374 grad=  3.7075e-03
epoch=440 loss=2.138870
  fStart=   276.35623 grad=  1.1485e-01
  fEnd=    46.91510 grad=  1.5100e-01
  pitchDecay=   -52.44978 grad= -7.2927e-02
  bodyAmp=     1.00000 grad= -7.3249e-03
  ampDecay=   -10.57756 grad=  6.1905e-03
  clickFreq=   444.61215 grad= -2.3055e-03
  clickAmp=     1.09528 grad=  3.8151e-03
  clickDecay=  -483.14182 grad=  4.3760e-04
  noiseCutoff= 11179.97363 grad= -1.3073e-01
  noiseAmp=     0.00138 grad= -1.9443e+01
  noiseDecay=   -10.70293 grad=  1.3857e-01
  drive=     3.39713 grad= -8.8344e-03
  outGain=     0.14194 grad= -2.4667e-01
  bodyAsymmetry=    -0.06615 grad= -3.1785e-02
  bodyHarmonic=    -0.79195 grad=  4.7319e-03
  ampCurve=    -3.08204 grad=  3.9627e-03
epoch=450 loss=2.136615
  fStart=   276.33884 grad= -1.2274e-02
  fEnd=    46.91555 grad= -1.2729e-01
  pitchDecay=   -52.44804 grad=  4.1474e-02
  bodyAmp=     1.00000 grad=  7.2333e-03
  ampDecay=   -10.62383 grad=  6.7304e-03
  clickFreq=   444.37964 grad= -6.3709e-03
  clickAmp=     1.08586 grad=  6.9729e-04
  clickDecay=  -480.38242 grad=  1.8926e-03
  noiseCutoff= 11291.24902 grad= -1.5310e-01
  noiseAmp=     0.00128 grad= -4.0047e+01
  noiseDecay=   -10.53724 grad=  1.6588e-01
  drive=     3.39743 grad= -1.2778e-02
  outGain=     0.14400 grad= -4.0502e-01
  bodyAsymmetry=    -0.06592 grad= -6.8124e-02
  bodyHarmonic=    -0.79913 grad=  6.6985e-03
  ampCurve=    -3.17879 grad=  3.8365e-03
epoch=460 loss=2.143464
  fStart=   276.30444 grad=  1.4830e-01
  fEnd=    46.92074 grad= -1.9413e-03
  pitchDecay=   -52.44851 grad= -5.4482e-02
  bodyAmp=     1.00000 grad= -5.5566e-02
  ampDecay=   -10.66144 grad= -3.5266e-04
  clickFreq=   444.66833 grad=  9.5515e-04
  clickAmp=     1.07800 grad=  5.7326e-03
  clickDecay=  -475.07590 grad= -6.5426e-04
  noiseCutoff= 11391.56738 grad=  3.0323e-02
  noiseAmp=     0.00152 grad=  9.9112e+01
  noiseDecay=   -10.41149 grad= -1.5668e-01
  drive=     3.39711 grad=  2.9910e-02
  outGain=     0.14377 grad=  9.8184e-01
  bodyAsymmetry=    -0.06487 grad=  1.2787e-02
  bodyHarmonic=    -0.80564 grad= -7.2877e-03
  ampCurve=    -3.25817 grad=  2.5059e-03
epoch=470 loss=2.141814
  fStart=   276.27219 grad=  8.1459e-02
  fEnd=    46.92392 grad=  3.6642e-02
  pitchDecay=   -52.44794 grad=  1.4542e-03
  bodyAmp=     1.00000 grad= -5.1601e-02
  ampDecay=   -10.68553 grad=  4.1897e-04
  clickFreq=   445.11700 grad=  8.0888e-03
  clickAmp=     1.07174 grad=  1.0395e-02
  clickDecay=  -471.02380 grad= -1.5076e-03
  noiseCutoff= 11490.97852 grad=  3.4106e-02
  noiseAmp=     0.00146 grad=  1.0678e+02
  noiseDecay=   -10.28867 grad= -1.7096e-01
  drive=     3.39802 grad=  3.3970e-02
  outGain=     0.14650 grad=  1.0741e+00
  bodyAsymmetry=    -0.06455 grad=  4.4686e-02
  bodyHarmonic=    -0.81046 grad= -6.5521e-03
  ampCurve=    -3.31820 grad=  2.6687e-03
epoch=480 loss=2.138413
  fStart=   276.25439 grad=  7.6420e-02
  fEnd=    46.92513 grad=  9.9960e-02
  pitchDecay=   -52.44479 grad= -1.8398e-02
  bodyAmp=     1.00000 grad= -4.9895e-02
  ampDecay=   -10.70548 grad=  2.0188e-04
  clickFreq=   445.15414 grad=  7.7747e-03
  clickAmp=     1.06480 grad=  9.5758e-03
  clickDecay=  -469.07898 grad= -4.3839e-04
  noiseCutoff= 11579.27051 grad=  2.5745e-02
  noiseAmp=     0.00140 grad=  1.0464e+02
  noiseDecay=   -10.19706 grad= -1.6064e-01
  drive=     3.39828 grad=  3.1523e-02
  outGain=     0.14761 grad=  1.0097e+00
  bodyAsymmetry=    -0.06404 grad=  5.1777e-02
  bodyHarmonic=    -0.81270 grad= -8.5056e-03
  ampCurve=    -3.36910 grad=  2.4660e-03
epoch=490 loss=2.136057
  fStart=   276.24268 grad=  8.2764e-02
  fEnd=    46.92464 grad=  8.2372e-02
  pitchDecay=   -52.44177 grad= -1.4801e-02
  bodyAmp=     1.00000 grad= -5.0815e-02
  ampDecay=   -10.72189 grad= -8.4039e-04
  clickFreq=   445.17154 grad=  2.4013e-03
  clickAmp=     1.05848 grad=  7.7062e-03
  clickDecay=  -464.86786 grad= -1.4908e-03
  noiseCutoff= 11657.33984 grad=  1.9631e-02
  noiseAmp=     0.00138 grad=  1.0062e+02
  noiseDecay=   -10.12960 grad= -1.5004e-01
  drive=     3.39818 grad=  2.8165e-02
  outGain=     0.14700 grad=  9.0396e-01
  bodyAsymmetry=    -0.06394 grad=  2.8253e-02
  bodyHarmonic=    -0.81188 grad= -6.3992e-03
  ampCurve=    -3.41248 grad=  2.1105e-03
epoch=500 loss=2.194937
  fStart=   276.23871 grad=  1.6922e-01
  fEnd=    46.92378 grad=  1.9099e-01
  pitchDecay=   -52.43826 grad= -7.8762e-02
  bodyAmp=     1.00000 grad= -1.0676e-01
  ampDecay=   -10.73673 grad= -5.9083e-03
  clickFreq=   445.34906 grad=  1.2156e-03
  clickAmp=     1.05262 grad=  8.0417e-03
  clickDecay=  -462.69861 grad= -2.8768e-03
  noiseCutoff= 11746.17090 grad=  2.6699e-01
  noiseAmp=     0.00165 grad=  2.4942e+02
  noiseDecay=   -10.02079 grad= -5.9822e-01
  drive=     3.40013 grad=  9.2090e-02
  outGain=     0.14950 grad=  2.8329e+00
  bodyAsymmetry=    -0.06413 grad= -1.8959e-02
  bodyHarmonic=    -0.81393 grad= -2.4300e-02
  ampCurve=    -3.44869 grad=  1.6584e-03
epoch=510 loss=2.131312
  fStart=   276.23251 grad=  1.3224e-01
  fEnd=    46.92349 grad=  2.1954e-01
  pitchDecay=   -52.43568 grad= -8.8696e-02
  bodyAmp=     1.00000 grad= -4.7838e-02
  ampDecay=   -10.74187 grad= -2.1702e-03
  clickFreq=   445.39536 grad= -2.0986e-03
  clickAmp=     1.04720 grad=  1.9044e-03
  clickDecay=  -462.27631 grad=  1.4327e-03
  noiseCutoff= 11780.35254 grad= -2.8718e-03
  noiseAmp=     0.00132 grad=  8.5031e+01
  noiseDecay=   -10.05963 grad= -1.1045e-01
  drive=     3.39756 grad=  1.9543e-02
  outGain=     0.14651 grad=  6.5756e-01
  bodyAsymmetry=    -0.06351 grad=  5.8860e-03
  bodyHarmonic=    -0.80937 grad= -3.6305e-03
  ampCurve=    -3.47788 grad=  1.5064e-03
epoch=520 loss=2.132427
  fStart=   276.22397 grad=  8.2259e-02
  fEnd=    46.92321 grad=  1.1672e-01
  pitchDecay=   -52.43437 grad= -2.9805e-02
  bodyAmp=     1.00000 grad= -5.2996e-02
  ampDecay=   -10.74320 grad= -2.5528e-03
  clickFreq=   445.77887 grad=  3.0024e-04
  clickAmp=     1.04447 grad=  4.5637e-03
  clickDecay=  -457.59268 grad= -5.9580e-04
  noiseCutoff= 11826.80957 grad=  1.0040e-02
  noiseAmp=     0.00133 grad=  9.5648e+01
  noiseDecay=   -10.04809 grad= -1.3438e-01
  drive=     3.39709 grad=  2.3243e-02
  outGain=     0.14679 grad=  7.6375e-01
  bodyAsymmetry=    -0.06342 grad=  1.3662e-02
  bodyHarmonic=    -0.80914 grad= -5.0029e-03
  ampCurve=    -3.49988 grad=  1.4219e-03
epoch=530 loss=2.124696
  fStart=   276.21619 grad=  4.7705e-02
  fEnd=    46.92351 grad=  1.4425e-02
  pitchDecay=   -52.43291 grad=  3.4961e-03
  bodyAmp=     1.00000 grad= -2.2865e-03
  ampDecay=   -10.74635 grad=  3.8720e-03
  clickFreq=   446.01636 grad=  1.7618e-03
  clickAmp=     1.04137 grad=  8.1869e-03
  clickDecay=  -455.65506 grad= -2.8361e-04
  noiseCutoff= 11887.14746 grad= -1.3879e-01
  noiseAmp=     0.00109 grad= -3.7866e+01
  noiseDecay=    -9.98437 grad=  1.2257e-01
  drive=     3.39851 grad= -1.0291e-02
  outGain=     0.15035 grad= -2.7565e-01
  bodyAsymmetry=    -0.06359 grad=  1.4392e-02
  bodyHarmonic=    -0.81176 grad=  1.7266e-03
  ampCurve=    -3.51911 grad=  2.5762e-03
epoch=540 loss=2.128311
  fStart=   276.20764 grad=  6.6213e-02
  fEnd=    46.92385 grad=  3.7862e-02
  pitchDecay=   -52.43141 grad= -2.3124e-02
  bodyAmp=     1.00000 grad=  1.8372e-02
  ampDecay=   -10.75444 grad=  5.7467e-03
  clickFreq=   445.89941 grad=  6.4484e-04
  clickAmp=     1.03675 grad=  5.3387e-03
  clickDecay=  -455.20963 grad=  1.5266e-03
  noiseCutoff= 11941.85840 grad= -1.9157e-01
  noiseAmp=     0.00100 grad= -1.0265e+02
  noiseDecay=    -9.92879 grad=  2.0966e-01
  drive=     3.39925 grad= -2.3177e-02
  outGain=     0.15160 grad= -6.6670e-01
  bodyAsymmetry=    -0.06357 grad= -1.2404e-02
  bodyHarmonic=    -0.81251 grad=  5.4334e-03
  ampCurve=    -3.54028 grad=  2.8275e-03
epoch=550 loss=2.122641
  fStart=   276.20053 grad=  7.0614e-03
  fEnd=    46.92331 grad= -5.2179e-02
  pitchDecay=   -52.43022 grad=  2.7660e-02
  bodyAmp=     1.00000 grad= -1.5097e-02
  ampDecay=   -10.76484 grad=  2.4006e-03
  clickFreq=   445.71445 grad= -1.1028e-03
  clickAmp=     1.03234 grad=  5.1578e-03
  clickDecay=  -453.15308 grad=  1.2141e-03
  noiseCutoff= 11991.44434 grad= -7.4979e-02
  noiseAmp=     0.00113 grad=  2.8516e+01
  noiseDecay=    -9.88117 grad=  3.6537e-03
  drive=     3.39962 grad=  6.5914e-03
  outGain=     0.15196 grad=  2.5023e-01
  bodyAsymmetry=    -0.06326 grad= -9.7294e-03
  bodyHarmonic=    -0.81242 grad= -2.7887e-03
  ampCurve=    -3.56141 grad=  2.4080e-03
epoch=560 loss=2.125113
  fStart=   276.19421 grad=  5.1110e-03
  fEnd=    46.92330 grad= -1.5111e-02
  pitchDecay=   -52.42893 grad=  2.7843e-02
  bodyAmp=     1.00000 grad=  1.0889e-02
  ampDecay=   -10.77382 grad=  4.4927e-03
  clickFreq=   445.72061 grad= -2.7834e-04
  clickAmp=     1.02852 grad=  6.0029e-03
  clickDecay=  -450.41415 grad=  1.0156e-03
  noiseCutoff= 12034.94531 grad= -1.7535e-01
  noiseAmp=     0.00100 grad= -8.5892e+01
  noiseDecay=    -9.84474 grad=  1.8130e-01
  drive=     3.39973 grad= -2.0262e-02
  outGain=     0.15135 grad= -5.8072e-01
  bodyAsymmetry=    -0.06295 grad=  6.8890e-03
  bodyHarmonic=    -0.81188 grad=  4.9302e-03
  ampCurve=    -3.58019 grad=  2.4496e-03
epoch=570 loss=2.147018
  fStart=   276.19077 grad= -8.9014e-02
  fEnd=    46.92333 grad= -6.0145e-02
  pitchDecay=   -52.42747 grad=  6.6146e-02
  bodyAmp=     1.00000 grad=  3.6415e-02
  ampDecay=   -10.78079 grad=  6.1813e-03
  clickFreq=   445.84073 grad= -1.3628e-03
  clickAmp=     1.02494 grad=  3.8130e-03
  clickDecay=  -448.52426 grad=  7.6678e-04
  noiseCutoff= 12072.73047 grad= -2.8158e-01
  noiseAmp=     0.00086 grad= -2.4565e+02
  noiseDecay=    -9.81946 grad=  3.6372e-01
  drive=     3.39964 grad= -5.0407e-02
  outGain=     0.15045 grad= -1.5010e+00
  bodyAsymmetry=    -0.06284 grad= -1.3343e-02
  bodyHarmonic=    -0.81117 grad=  1.1495e-02
  ampCurve=    -3.59641 grad=  2.3304e-03
epoch=580 loss=2.120998
  fStart=   276.18945 grad= -6.7797e-02
  fEnd=    46.92256 grad= -1.7911e-01
  pitchDecay=   -52.42641 grad=  7.7827e-02
  bodyAmp=     1.00000 grad=  1.4591e-03
  ampDecay=   -10.78783 grad=  3.3030e-03
  clickFreq=   445.98361 grad= -3.2617e-04
  clickAmp=     1.02177 grad=  4.7877e-03
  clickDecay=  -447.33820 grad=  6.9756e-04
  noiseCutoff= 12117.52051 grad= -1.3612e-01
  noiseAmp=     0.00102 grad= -3.7868e+01
  noiseDecay=    -9.77087 grad=  1.0736e-01
  drive=     3.40057 grad= -9.5242e-03
  outGain=     0.15233 grad= -2.4285e-01
  bodyAsymmetry=    -0.06276 grad= -9.6354e-03
  bodyHarmonic=    -0.81199 grad=  1.5269e-03
  ampCurve=    -3.61076 grad=  2.2688e-03
epoch=590 loss=2.119735
  fStart=   276.18866 grad=  4.8103e-02
  fEnd=    46.92286 grad=  6.8480e-02
  pitchDecay=   -52.42523 grad= -1.4484e-02
  bodyAmp=     1.00000 grad= -8.2842e-03
  ampDecay=   -10.79448 grad=  2.5146e-03
  clickFreq=   446.02295 grad=  1.4249e-03
  clickAmp=     1.01871 grad=  5.6288e-03
  clickDecay=  -446.28015 grad=  1.5000e-04
  noiseCutoff= 12158.31250 grad= -9.4377e-02
  noiseAmp=     0.00105 grad=  8.9847e+00
  noiseDecay=    -9.73139 grad=  3.0199e-02
  drive=     3.40117 grad=  2.0344e-03
  outGain=     0.15355 grad=  1.1373e-01
  bodyAsymmetry=    -0.06264 grad= -3.5851e-03
  bodyHarmonic=    -0.81222 grad= -2.1494e-03
  ampCurve=    -3.62450 grad=  2.2219e-03
epoch=599 loss=2.119518
  fStart=   276.18604 grad=  4.0256e-02
  fEnd=    46.92278 grad=  8.0519e-02
  pitchDecay=   -52.42451 grad= -1.2318e-02
  bodyAmp=     1.00000 grad= -1.1392e-02
  ampDecay=   -10.80049 grad=  1.9036e-03
  clickFreq=   445.94638 grad= -3.2986e-04
  clickAmp=     1.01590 grad=  4.7296e-03
  clickDecay=  -445.57379 grad=  4.9919e-04
  noiseCutoff= 12192.20605 grad= -8.0934e-02
  noiseAmp=     0.00106 grad=  2.3257e+01
  noiseDecay=    -9.70381 grad=  5.6536e-03
  drive=     3.40140 grad=  5.3275e-03
  outGain=     0.15359 grad=  2.1187e-01
  bodyAsymmetry=    -0.06254 grad= -8.4491e-03
  bodyHarmonic=    -0.81169 grad= -2.1399e-03
  ampCurve=    -3.63680 grad=  2.0733e-03
refine epoch=0 loss=2.119504
refine epoch=10 loss=2.119534
refine epoch=20 loss=2.119590
refine epoch=30 loss=2.119604
refine epoch=40 loss=2.119626
refine epoch=50 loss=2.119581
refine epoch=60 loss=2.119556
refine epoch=70 loss=2.119518
refine epoch=80 loss=2.119555
refine epoch=90 loss=2.119605
refine epoch=100 loss=2.119587
refine epoch=110 loss=2.119616
refine epoch=120 loss=2.119570
refine epoch=130 loss=2.119614
refine epoch=140 loss=2.119577
refine epoch=150 loss=2.119632
refine epoch=160 loss=2.119482
refine epoch=170 loss=2.119608
refine epoch=180 loss=2.119556
refine epoch=190 loss=2.119529
refine epoch=200 loss=2.119587
refine epoch=210 loss=2.119557
refine epoch=220 loss=2.119614
refine epoch=230 loss=2.119541
refine epoch=240 loss=2.119642
refine epoch=250 loss=2.119544
refine epoch=260 loss=2.119629
refine epoch=270 loss=2.119585
refine epoch=280 loss=2.119629
refine epoch=290 loss=2.119629
epoch=0 loss=3.897253
  fStart=   251.28493 grad= -2.1176e+00
  fEnd=    47.35925 grad= -2.9242e+00
  pitchDecay=   -39.10000 grad=  1.7195e+00
  bodyAmp=     0.52500 grad= -3.6842e-01
  ampDecay=   -14.00000 grad= -1.5499e-02
  clickFreq=   447.21362 grad=  1.3375e-01
  clickAmp=     0.60000 grad=  2.4460e-01
  clickDecay=  -346.41028 grad= -1.4320e-02
  noiseCutoff=  4242.64209 grad=  1.6237e+00
  noiseAmp=     0.02500 grad=  4.4335e+01
  noiseDecay=   -27.38613 grad= -2.1464e+00
  drive=     3.50000 grad=  3.0334e-01
  outGain=     0.55000 grad=  2.6750e+00
  bodyAsymmetry=     0.00000 grad=  1.3562e+00
  bodyHarmonic=     0.00000 grad=  3.4452e-02
  ampCurve=     0.00000 grad= -2.2391e-03
epoch=10 loss=3.228504
  fStart=   252.19940 grad=  8.7602e-01
  fEnd=    47.38286 grad=  2.5623e+00
  pitchDecay=   -38.94405 grad= -6.4303e-01
  bodyAmp=     0.59297 grad= -2.9158e-01
  ampDecay=   -13.71910 grad= -3.5741e-02
  clickFreq=   433.72144 grad=  6.2260e-02
  clickAmp=     0.45520 grad=  1.0608e-01
  clickDecay=  -356.92676 grad=  1.4055e-02
  noiseCutoff=  4001.98633 grad= -8.5803e-04
  noiseAmp=     0.00001 grad= -1.1211e+02
  noiseDecay=   -32.08855 grad=  7.7504e-04
  drive=     3.43514 grad= -3.6464e-02
  outGain=     0.30739 grad= -2.8800e-01
  bodyAsymmetry=    -0.04419 grad=  1.2198e+00
  bodyHarmonic=    -0.26622 grad=  1.3831e-01
  ampCurve=     0.00000 grad= -1.0243e-02
epoch=20 loss=2.651815
  fStart=   252.55946 grad=  1.7475e+00
  fEnd=    47.36033 grad=  4.5983e+00
  pitchDecay=   -38.87718 grad= -1.2605e+00
  bodyAmp=     0.72974 grad=  5.4211e-02
  ampDecay=   -13.40930 grad= -1.7499e-02
  clickFreq=   433.86914 grad= -2.8916e-02
  clickAmp=     0.38226 grad= -1.1811e-01
  clickDecay=  -337.63428 grad= -5.3513e-03
  noiseCutoff=  3952.94092 grad= -2.5594e-01
  noiseAmp=     0.00516 grad= -3.2335e+01
  noiseDecay=   -30.71674 grad=  4.9766e-01
  drive=     3.42983 grad= -5.0307e-02
  outGain=     0.25993 grad= -6.8802e-01
  bodyAsymmetry=    -0.06589 grad= -1.1382e+00
  bodyHarmonic=    -0.48052 grad= -3.2742e-02
  ampCurve=     0.00000 grad= -6.1883e-03
epoch=30 loss=2.570813
  fStart=   252.07292 grad= -8.8349e-01
  fEnd=    47.22334 grad= -2.1169e+00
  pitchDecay=   -38.94432 grad=  8.0974e-01
  bodyAmp=     0.83023 grad=  5.8323e-02
  ampDecay=   -13.16676 grad= -7.7316e-03
  clickFreq=   442.48465 grad= -7.9016e-02
  clickAmp=     0.41443 grad= -1.3589e-01
  clickDecay=  -376.50330 grad= -2.8925e-04
  noiseCutoff=  3980.06689 grad= -2.7217e-01
  noiseAmp=     0.00503 grad= -3.4878e+01
  noiseDecay=   -25.62268 grad=  5.4158e-01
  drive=     3.44040 grad= -5.3302e-02
  outGain=     0.23498 grad= -7.9029e-01
  bodyAsymmetry=    -0.04409 grad= -1.2216e+00
  bodyHarmonic=    -0.50905 grad= -4.5113e-02
  ampCurve=     0.00000 grad= -3.2499e-03
epoch=40 loss=2.492775
  fStart=   252.77718 grad= -1.7059e-02
  fEnd=    47.30338 grad= -9.9170e-01
  pitchDecay=   -38.84120 grad=  8.4681e-02
  bodyAmp=     0.91095 grad= -3.9317e-02
  ampDecay=   -12.99527 grad= -1.7537e-02
  clickFreq=   461.03101 grad= -2.8804e-02
  clickAmp=     0.47942 grad= -3.3747e-02
  clickDecay=  -423.13098 grad=  4.4157e-03
  noiseCutoff=  4029.26074 grad= -3.0740e-01
  noiseAmp=     0.00501 grad= -4.0633e+01
  noiseDecay=   -20.65236 grad=  5.9431e-01
  drive=     3.45387 grad= -7.4004e-02
  outGain=     0.18310 grad= -1.5616e+00
  bodyAsymmetry=    -0.03879 grad=  3.5604e-01
  bodyHarmonic=    -0.43803 grad=  3.4898e-02
  ampCurve=     0.00000 grad= -5.8634e-03
epoch=50 loss=2.356045
  fStart=   252.30742 grad= -4.4631e-02
  fEnd=    47.23502 grad= -2.6520e-01
  pitchDecay=   -38.90338 grad=  2.1069e-01
  bodyAmp=     0.99595 grad=  3.3947e-02
  ampDecay=   -12.81993 grad=  7.9942e-03
  clickFreq=   488.30322 grad=  1.6450e-03
  clickAmp=     0.56403 grad=  3.6274e-02
  clickDecay=  -434.91348 grad=  3.1659e-03
  noiseCutoff=  4141.39844 grad= -1.1891e-01
  noiseAmp=     0.00494 grad= -5.5759e+00
  noiseDecay=   -16.27313 grad=  2.6088e-01
  drive=     3.48162 grad=  7.6752e-03
  outGain=     0.20285 grad=  4.1613e-01
  bodyAsymmetry=    -0.04547 grad=  6.1668e-01
  bodyHarmonic=    -0.43324 grad=  2.3463e-02
  ampCurve=     0.00000 grad=  3.3616e-03
epoch=60 loss=2.395475
  fStart=   252.02713 grad= -2.3792e+00
  fEnd=    47.24464 grad= -4.7016e+00
  pitchDecay=   -38.91261 grad=  1.8171e+00
  bodyAmp=     1.00000 grad= -1.2672e-01
  ampDecay=   -12.74486 grad= -2.0628e-02
  clickFreq=   500.93146 grad= -1.4086e-02
  clickAmp=     0.61773 grad= -6.1461e-02
  clickDecay=  -408.02646 grad=  1.1303e-03
  noiseCutoff=  4223.14453 grad=  3.1187e-01
  noiseAmp=     0.00769 grad=  4.5643e+01
  noiseDecay=   -14.10825 grad= -5.3670e-01
  drive=     3.48207 grad=  5.3568e-02
  outGain=     0.16554 grad=  1.9721e+00
  bodyAsymmetry=    -0.05229 grad= -5.5125e-01
  bodyHarmonic=    -0.47628 grad= -2.0987e-02
  ampCurve=     0.00000 grad= -3.6458e-03
epoch=70 loss=2.328768
  fStart=   252.09924 grad=  1.5194e-01
  fEnd=    47.27783 grad= -1.0609e+00
  pitchDecay=   -38.86059 grad=  1.0625e-01
  bodyAmp=     1.00000 grad= -8.1006e-02
  ampDecay=   -12.51797 grad= -1.9134e-02
  clickFreq=   508.70718 grad= -1.8316e-02
  clickAmp=     0.70553 grad= -6.5562e-02
  clickDecay=  -334.84500 grad=  5.0816e-03
  noiseCutoff=  4275.30615 grad=  1.0328e-01
  noiseAmp=     0.00619 grad=  3.0103e+01
  noiseDecay=   -13.34835 grad= -2.3869e-01
  drive=     3.49381 grad=  1.6885e-02
  outGain=     0.14843 grad=  8.1231e-01
  bodyAsymmetry=    -0.05652 grad= -5.3472e-01
  bodyHarmonic=    -0.53968 grad= -8.6280e-03
  ampCurve=     0.00000 grad= -3.6574e-03
epoch=80 loss=2.379137
  fStart=   251.72926 grad= -7.4664e-01
  fEnd=    47.26506 grad= -2.9858e-02
  pitchDecay=   -38.87654 grad=  5.8456e-01
  bodyAmp=     1.00000 grad= -2.5504e-02
  ampDecay=   -12.25022 grad= -1.0682e-02
  clickFreq=   500.55371 grad= -8.3261e-02
  clickAmp=     0.79752 grad= -2.0113e-02
  clickDecay=  -276.87540 grad=  1.5265e-03
  noiseCutoff=  4305.07959 grad= -3.8184e-01
  noiseAmp=     0.00326 grad= -8.0800e+01
  noiseDecay=   -13.40453 grad=  5.6021e-01
  drive=     3.50369 grad= -8.7083e-02
  outGain=     0.13289 grad= -2.7845e+00
  bodyAsymmetry=    -0.05636 grad=  6.0359e-02
  bodyHarmonic=    -0.57709 grad=  2.6284e-03
  ampCurve=     0.00000 grad= -2.7911e-03
epoch=90 loss=2.304786
  fStart=   251.89389 grad= -4.4836e-01
  fEnd=    47.21771 grad= -2.2721e+00
  pitchDecay=   -38.83742 grad=  6.2841e-01
  bodyAmp=     1.00000 grad= -3.8635e-02
  ampDecay=   -12.02775 grad= -5.5780e-03
  clickFreq=   508.61621 grad=  9.6081e-02
  clickAmp=     0.86380 grad=  2.6265e-02
  clickDecay=  -256.00671 grad=  2.9294e-03
  noiseCutoff=  4365.31592 grad= -1.9034e-01
  noiseAmp=     0.00464 grad= -1.6191e+01
  noiseDecay=   -13.36872 grad=  2.4905e-01
  drive=     3.51553 grad= -2.5923e-02
  outGain=     0.13502 grad= -8.2141e-01
  bodyAsymmetry=    -0.05661 grad=  5.2341e-01
  bodyHarmonic=    -0.55323 grad=  1.2786e-02
  ampCurve=     0.00000 grad= -7.2225e-05
epoch=100 loss=2.372410
  fStart=   251.94542 grad=  5.9641e-02
  fEnd=    47.19530 grad=  1.1240e-01
  pitchDecay=   -38.77942 grad= -9.8017e-03
  bodyAmp=     1.00000 grad= -1.1353e-01
  ampDecay=   -11.87107 grad= -5.2967e-03
  clickFreq=   504.55203 grad=  1.4941e-01
  clickAmp=     0.89945 grad=  4.0114e-02
  clickDecay=  -238.99094 grad= -7.8486e-03
  noiseCutoff=  4451.19336 grad=  2.9799e-01
  noiseAmp=     0.00746 grad=  4.8622e+01
  noiseDecay=   -13.16815 grad= -5.9038e-01
  drive=     3.52334 grad=  8.0950e-02
  outGain=     0.14164 grad=  2.7937e+00
  bodyAsymmetry=    -0.06197 grad=  3.5033e-01
  bodyHarmonic=    -0.52996 grad= -1.9267e-02
  ampCurve=    -0.00023 grad=  2.2451e-03
epoch=110 loss=2.307963
  fStart=   251.87839 grad=  2.7178e+00
  fEnd=    47.22337 grad=  2.7147e+00
  pitchDecay=   -38.72955 grad= -2.0197e+00
  bodyAmp=     1.00000 grad= -3.2139e-02
  ampDecay=   -11.75973 grad= -5.2454e-03
  clickFreq=   501.69043 grad= -6.2221e-02
  clickAmp=     0.90580 grad= -4.0429e-02
  clickDecay=  -245.76385 grad= -3.1299e-03
  noiseCutoff=  4526.03955 grad=  5.2083e-02
  noiseAmp=     0.00611 grad=  2.4621e+01
  noiseDecay=   -13.14933 grad= -1.7358e-01
  drive=     3.52189 grad=  2.3157e-02
  outGain=     0.13251 grad=  8.8736e-01
  bodyAsymmetry=    -0.06872 grad= -6.3682e-01
  bodyHarmonic=    -0.52700 grad= -1.1884e-02
  ampCurve=    -0.03434 grad=  1.4859e-03
epoch=120 loss=2.364767
  fStart=   251.40849 grad= -2.2641e+00
  fEnd=    47.20908 grad= -4.9063e+00
  pitchDecay=   -38.75053 grad=  1.8446e+00
  bodyAmp=     1.00000 grad=  3.5947e-02
  ampDecay=   -11.66592 grad= -2.2504e-03
  clickFreq=   500.73849 grad= -1.1525e-01
  clickAmp=     0.91263 grad= -5.9009e-02
  clickDecay=  -251.42265 grad=  6.8071e-03
  noiseCutoff=  4600.63867 grad= -3.7646e-01
  noiseAmp=     0.00337 grad= -7.7437e+01
  noiseDecay=   -13.18862 grad=  5.5068e-01
  drive=     3.51869 grad= -7.9336e-02
  outGain=     0.12083 grad= -3.0110e+00
  bodyAsymmetry=    -0.06796 grad= -6.2515e-01
  bodyHarmonic=    -0.54316 grad=  1.0981e-02
  ampCurve=    -0.10317 grad=  3.2017e-04
epoch=130 loss=2.292638
  fStart=   251.41078 grad=  7.0087e-01
  fEnd=    47.25910 grad=  1.8103e+00
  pitchDecay=   -38.71021 grad= -5.0149e-01
  bodyAmp=     1.00000 grad= -4.3104e-02
  ampDecay=   -11.58041 grad= -3.8118e-03
  clickFreq=   503.64655 grad=  2.8570e-02
  clickAmp=     0.93000 grad=  9.7424e-03
  clickDecay=  -253.07532 grad=  1.7026e-03
  noiseCutoff=  4691.55273 grad= -1.7812e-01
  noiseAmp=     0.00468 grad= -1.2887e+01
  noiseDecay=   -13.10415 grad=  2.1457e-01
  drive=     3.52060 grad= -2.6816e-02
  outGain=     0.12342 grad= -9.6333e-01
  bodyAsymmetry=    -0.06183 grad=  2.4930e-01
  bodyHarmonic=    -0.55064 grad=  1.3629e-02
  ampCurve=    -0.19046 grad=  1.0351e-03
epoch=140 loss=2.362475
  fStart=   251.27008 grad= -6.8320e-01
  fEnd=    47.27463 grad= -2.0849e+00
  pitchDecay=   -38.69970 grad=  5.5307e-01
  bodyAmp=     1.00000 grad= -1.2460e-01
  ampDecay=   -11.49431 grad= -6.2453e-03
  clickFreq=   502.89755 grad=  4.8020e-02
  clickAmp=     0.94733 grad=  3.4939e-02
  clickDecay=  -252.34676 grad= -5.4738e-03
  noiseCutoff=  4783.52393 grad=  2.8605e-01
  noiseAmp=     0.00732 grad=  4.9615e+01
  noiseDecay=   -13.01746 grad= -5.8551e-01
  drive=     3.52390 grad=  7.7070e-02
  outGain=     0.13112 grad=  2.8685e+00
  bodyAsymmetry=    -0.06130 grad=  4.4821e-01
  bodyHarmonic=    -0.55432 grad= -1.4647e-02
  ampCurve=    -0.28647 grad=  2.3090e-03
epoch=150 loss=2.299732
  fStart=   251.12862 grad= -4.0140e-01
  fEnd=    47.28998 grad= -8.4021e-01
  pitchDecay=   -38.70364 grad=  3.1523e-01
  bodyAmp=     1.00000 grad= -7.2219e-02
  ampDecay=   -11.40910 grad= -4.9167e-03
  clickFreq=   503.85193 grad= -7.3544e-04
  clickAmp=     0.95848 grad= -5.2721e-03
  clickDecay=  -253.30193 grad=  2.1648e-04
  noiseCutoff=  4854.32373 grad=  5.3538e-02
  noiseAmp=     0.00605 grad=  2.5816e+01
  noiseDecay=   -13.11513 grad= -1.7709e-01
  drive=     3.52315 grad=  2.2428e-02
  outGain=     0.12512 grad=  9.8337e-01
  bodyAsymmetry=    -0.06713 grad= -2.5394e-02
  bodyHarmonic=    -0.55248 grad= -5.4981e-03
  ampCurve=    -0.39436 grad=  1.9001e-03
epoch=160 loss=2.342897
  fStart=   251.10550 grad= -2.2618e-01
  fEnd=    47.29213 grad= -1.0928e-01
  pitchDecay=   -38.69638 grad=  1.6235e-01
  bodyAmp=     1.00000 grad=  2.6945e-02
  ampDecay=   -11.32463 grad= -1.5795e-03
  clickFreq=   502.85391 grad= -4.0334e-02
  clickAmp=     0.96867 grad= -4.7726e-02
  clickDecay=  -256.86169 grad=  9.8774e-03
  noiseCutoff=  4923.33008 grad= -3.5505e-01
  noiseAmp=     0.00353 grad= -6.8265e+01
  noiseDecay=   -13.21456 grad=  5.2669e-01
  drive=     3.52261 grad= -7.3832e-02
  outGain=     0.11513 grad= -2.9904e+00
  bodyAsymmetry=    -0.06998 grad= -4.8950e-01
  bodyHarmonic=    -0.55186 grad=  1.7332e-02
  ampCurve=    -0.50975 grad=  7.4076e-04
epoch=170 loss=2.283823
  fStart=   251.12669 grad=  1.1455e-01
  fEnd=    47.28686 grad=  1.5518e-01
  pitchDecay=   -38.68679 grad= -7.4597e-02
  bodyAmp=     1.00000 grad= -4.7005e-02
  ampDecay=   -11.24244 grad= -2.9966e-03
  clickFreq=   503.23364 grad=  1.7083e-02
  clickAmp=     0.98569 grad=  3.8388e-03
  clickDecay=  -249.02560 grad= -1.4024e-03
  noiseCutoff=  5010.51855 grad= -1.6413e-01
  noiseAmp=     0.00474 grad= -9.6864e+00
  noiseDecay=   -13.14493 grad=  1.9845e-01
  drive=     3.52608 grad= -2.5279e-02
  outGain=     0.11799 grad= -9.0936e-01
  bodyAsymmetry=    -0.06633 grad=  9.3227e-02
  bodyHarmonic=    -0.56185 grad=  8.4066e-03
  ampCurve=    -0.62727 grad=  1.5031e-03
epoch=180 loss=2.347604
  fStart=   251.10323 grad= -5.9405e-02
  fEnd=    47.28584 grad= -3.9209e-01
  pitchDecay=   -38.68618 grad=  7.6380e-02
  bodyAmp=     1.00000 grad= -1.3320e-01
  ampDecay=   -11.16070 grad= -6.7308e-03
  clickFreq=   503.71786 grad=  7.5565e-02
  clickAmp=     0.99706 grad=  2.8881e-02
  clickDecay=  -253.29987 grad= -6.2389e-03
  noiseCutoff=  5099.41211 grad=  2.6053e-01
  noiseAmp=     0.00715 grad=  4.8670e+01
  noiseDecay=   -13.05575 grad= -5.4197e-01
  drive=     3.53039 grad=  6.9000e-02
  outGain=     0.12408 grad=  2.7864e+00
  bodyAsymmetry=    -0.06505 grad=  3.1026e-01
  bodyHarmonic=    -0.56435 grad= -1.5759e-02
  ampCurve=    -0.74803 grad=  2.3098e-03
epoch=190 loss=2.292811
  fStart=   251.09126 grad=  3.2220e-01
  fEnd=    47.28947 grad=  2.5726e-01
  pitchDecay=   -38.68534 grad= -2.2124e-01
  bodyAmp=     1.00000 grad= -8.1884e-02
  ampDecay=   -11.07684 grad= -4.8430e-03
  clickFreq=   503.63718 grad=  6.3363e-04
  clickAmp=     1.00166 grad=  4.7661e-05
  clickDecay=  -259.18060 grad= -1.4790e-03
  noiseCutoff=  5169.38232 grad=  4.8512e-02
  noiseAmp=     0.00599 grad=  2.6166e+01
  noiseDecay=   -13.11941 grad= -1.6893e-01
  drive=     3.53113 grad=  2.1237e-02
  outGain=     0.11892 grad=  9.8740e-01
  bodyAsymmetry=    -0.06838 grad= -2.0949e-03
  bodyHarmonic=    -0.56795 grad= -5.2002e-03
  ampCurve=    -0.87221 grad=  2.0126e-03
epoch=200 loss=2.321511
  fStart=   251.05258 grad= -2.7663e-01
  fEnd=    47.29052 grad= -3.6232e-01
  pitchDecay=   -38.68460 grad=  2.6080e-01
  bodyAmp=     1.00000 grad=  5.3447e-03
  ampDecay=   -10.99404 grad= -9.3566e-04
  clickFreq=   503.75439 grad= -9.2409e-02
  clickAmp=     1.00430 grad= -3.0283e-02
  clickDecay=  -266.02530 grad=  3.7905e-03
  noiseCutoff=  5236.14160 grad= -3.3315e-01
  noiseAmp=     0.00371 grad= -5.8601e+01
  noiseDecay=   -13.20273 grad=  4.9304e-01
  drive=     3.53116 grad= -6.8638e-02
  outGain=     0.11000 grad= -2.9178e+00
  bodyAsymmetry=    -0.07013 grad= -2.9286e-01
  bodyHarmonic=    -0.57680 grad=  1.9169e-02
  ampCurve=    -0.99925 grad=  1.1517e-03
epoch=210 loss=2.276533
  fStart=   251.03929 grad=  3.1951e-01
  fEnd=    47.29292 grad=  5.6046e-01
  pitchDecay=   -38.67925 grad= -2.5299e-01
  bodyAmp=     1.00000 grad= -4.9840e-02
  ampDecay=   -10.91313 grad= -2.7958e-03
  clickFreq=   505.50253 grad=  1.1211e-02
  clickAmp=     1.01291 grad= -4.0776e-03
  clickDecay=  -272.43198 grad=  6.2827e-04
  noiseCutoff=  5318.89844 grad= -1.5157e-01
  noiseAmp=     0.00480 grad= -6.7695e+00
  noiseDecay=   -13.14453 grad=  1.8163e-01
  drive=     3.53515 grad= -2.4468e-02
  outGain=     0.11256 grad= -9.0676e-01
  bodyAsymmetry=    -0.06809 grad=  7.7576e-04
  bodyHarmonic=    -0.58745 grad=  7.0875e-03
  ampCurve=    -1.12535 grad=  1.7158e-03
epoch=220 loss=2.332915
  fStart=   251.00722 grad= -2.2046e-01
  fEnd=    47.29050 grad= -3.0107e-01
  pitchDecay=   -38.67718 grad=  1.5909e-01
  bodyAmp=     1.00000 grad= -1.3281e-01
  ampDecay=   -10.83429 grad= -6.7841e-03
  clickFreq=   505.99448 grad=  6.0466e-02
  clickAmp=     1.02499 grad=  1.7801e-02
  clickDecay=  -273.54077 grad= -4.5071e-03
  noiseCutoff=  5401.75684 grad=  2.2979e-01
  noiseAmp=     0.00696 grad=  4.6817e+01
  noiseDecay=   -13.07314 grad= -4.8706e-01
  drive=     3.53980 grad=  5.9662e-02
  outGain=     0.11793 grad=  2.6307e+00
  bodyAsymmetry=    -0.06714 grad=  1.9095e-01
  bodyHarmonic=    -0.59562 grad= -1.5714e-02
  ampCurve=    -1.25372 grad=  2.3427e-03
epoch=230 loss=2.285512
  fStart=   250.99333 grad=  2.5765e-01
  fEnd=    47.29369 grad=  3.5852e-01
  pitchDecay=   -38.67438 grad= -2.2645e-01
  bodyAmp=     1.00000 grad= -9.2494e-02
  ampDecay=   -10.75392 grad= -5.2756e-03
  clickFreq=   505.15555 grad=  1.1853e-02
  clickAmp=     1.03469 grad=  1.4074e-04
  clickDecay=  -275.90186 grad= -9.8986e-04
  noiseCutoff=  5467.33398 grad=  4.0808e-02
  noiseAmp=     0.00592 grad=  2.5816e+01
  noiseDecay=   -13.12237 grad= -1.5098e-01
  drive=     3.54180 grad=  1.7113e-02
  outGain=     0.11306 grad=  9.3455e-01
  bodyAsymmetry=    -0.06904 grad=  1.4710e-02
  bodyHarmonic=    -0.59941 grad= -6.0239e-03
  ampCurve=    -1.38320 grad=  1.9584e-03
epoch=240 loss=2.302344
  fStart=   250.96341 grad= -2.0625e-01
  fEnd=    47.29446 grad= -1.8133e-01
  pitchDecay=   -38.67561 grad=  1.8441e-01
  bodyAmp=     1.00000 grad= -1.1612e-02
  ampDecay=   -10.67302 grad= -7.3384e-04
  clickFreq=   505.05777 grad= -4.3921e-02
  clickAmp=     1.04337 grad= -1.9504e-02
  clickDecay=  -280.44330 grad=  2.5713e-03
  noiseCutoff=  5530.16699 grad= -2.9901e-01
  noiseAmp=     0.00391 grad= -4.7073e+01
  noiseDecay=   -13.17914 grad=  4.4291e-01
  drive=     3.54379 grad= -6.0956e-02
  outGain=     0.10555 grad= -2.6955e+00
  bodyAsymmetry=    -0.07057 grad= -1.5518e-01
  bodyHarmonic=    -0.60469 grad=  1.8319e-02
  ampCurve=    -1.51074 grad=  1.4271e-03
epoch=250 loss=2.270030
  fStart=   250.95216 grad= -7.0546e-03
  fEnd=    47.29514 grad=  2.2672e-02
  pitchDecay=   -38.67408 grad=  1.1623e-02
  bodyAmp=     1.00000 grad= -5.5569e-02
  ampDecay=   -10.59629 grad= -2.6083e-03
  clickFreq=   505.59509 grad=  4.6765e-03
  clickAmp=     1.05446 grad= -4.7914e-03
  clickDecay=  -284.17087 grad=  3.4805e-04
  noiseCutoff=  5605.63672 grad= -1.3868e-01
  noiseAmp=     0.00488 grad= -3.8788e+00
  noiseDecay=   -13.13022 grad=  1.6377e-01
  drive=     3.54841 grad= -2.2415e-02
  outGain=     0.10782 grad= -8.5634e-01
  bodyAsymmetry=    -0.06974 grad= -2.1756e-03
  bodyHarmonic=    -0.61397 grad=  6.4200e-03
  ampCurve=    -1.63666 grad=  1.8984e-03
epoch=260 loss=2.317903
  fStart=   250.94295 grad= -1.8819e-01
  fEnd=    47.29356 grad= -2.5787e-01
  pitchDecay=   -38.67138 grad=  1.0662e-01
  bodyAmp=     1.00000 grad= -1.3248e-01
  ampDecay=   -10.52273 grad= -6.7996e-03
  clickFreq=   506.16220 grad=  3.6973e-02
  clickAmp=     1.06560 grad=  1.0400e-02
  clickDecay=  -288.59952 grad= -3.0932e-03
  noiseCutoff=  5681.26367 grad=  1.9789e-01
  noiseAmp=     0.00675 grad=  4.4869e+01
  noiseDecay=   -13.07194 grad= -4.3435e-01
  drive=     3.55323 grad=  5.1052e-02
  outGain=     0.11243 grad=  2.4464e+00
  bodyAsymmetry=    -0.06947 grad=  1.1202e-01
  bodyHarmonic=    -0.62011 grad= -1.7257e-02
  ampCurve=    -1.76256 grad=  2.3154e-03
epoch=270 loss=2.278757
  fStart=   250.93303 grad=  2.1498e-01
  fEnd=    47.29605 grad=  2.4989e-01
  pitchDecay=   -38.66959 grad= -1.5239e-01
  bodyAmp=     1.00000 grad= -9.2352e-02
  ampDecay=   -10.44966 grad= -4.9099e-03
  clickFreq=   506.00293 grad=  7.2479e-03
  clickAmp=     1.07494 grad= -9.3648e-04
  clickDecay=  -295.71042 grad= -1.2467e-03
  noiseCutoff=  5742.25488 grad=  2.9404e-02
  noiseAmp=     0.00585 grad=  2.5027e+01
  noiseDecay=   -13.11305 grad= -1.3296e-01
  drive=     3.55564 grad=  1.4926e-02
  outGain=     0.10822 grad=  8.4737e-01
  bodyAsymmetry=    -0.07077 grad=  1.2792e-02
  bodyHarmonic=    -0.62037 grad= -4.4508e-03
  ampCurve=    -1.88811 grad=  2.0476e-03
epoch=280 loss=2.285537
  fStart=   250.91005 grad= -1.3630e-01
  fEnd=    47.29647 grad= -4.8873e-02
  pitchDecay=   -38.67020 grad=  1.0774e-01
  bodyAmp=     1.00000 grad= -2.9481e-02
  ampDecay=   -10.37803 grad= -1.0143e-03
  clickFreq=   506.35220 grad= -2.7471e-02
  clickAmp=     1.08457 grad= -1.2663e-02
  clickDecay=  -305.25153 grad= -6.0764e-04
  noiseCutoff=  5800.69141 grad= -2.6416e-01
  noiseAmp=     0.00412 grad= -3.5975e+01
  noiseDecay=   -13.16019 grad=  3.8731e-01
  drive=     3.55786 grad= -5.3853e-02
  outGain=     0.10212 grad= -2.4110e+00
  bodyAsymmetry=    -0.07188 grad= -8.1022e-02
  bodyHarmonic=    -0.61941 grad=  1.3071e-02
  ampCurve=    -2.01056 grad=  1.5941e-03
epoch=290 loss=2.264423
  fStart=   250.90382 grad=  9.9276e-02
  fEnd=    47.29789 grad=  2.5469e-01
  pitchDecay=   -38.66849 grad= -8.8752e-02
  bodyAmp=     1.00000 grad= -6.3152e-02
  ampDecay=   -10.30990 grad= -2.6795e-03
  clickFreq=   506.65530 grad= -2.8881e-02
  clickAmp=     1.09457 grad= -5.0587e-03
  clickDecay=  -326.01346 grad= -1.1503e-03
  noiseCutoff=  5868.66504 grad= -1.2391e-01
  noiseAmp=     0.00495 grad= -6.1064e-01
  noiseDecay=   -13.12360 grad=  1.4155e-01
  drive=     3.56221 grad= -2.0131e-02
  outGain=     0.10417 grad= -7.5664e-01
  bodyAsymmetry=    -0.07168 grad=  4.4598e-03
  bodyHarmonic=    -0.61969 grad=  4.9211e-03
  ampCurve=    -2.12863 grad=  1.9572e-03
epoch=300 loss=2.275088
  fStart=   250.93147 grad=  3.0895e-01
  fEnd=    47.29405 grad=  2.2105e-01
  pitchDecay=   -38.66493 grad= -1.7665e-01
  bodyAmp=     1.00000 grad= -5.4663e-02
  ampDecay=   -10.26782 grad=  4.3582e-03
  clickFreq=   510.54602 grad= -3.8010e-03
  clickAmp=     1.10326 grad=  1.7260e-02
  clickDecay=  -345.46558 grad= -5.3340e-03
  noiseCutoff=  5977.23291 grad=  5.8542e-02
  noiseAmp=     0.00516 grad=  3.5836e+01
  noiseDecay=   -12.80217 grad= -2.1755e-01
  drive=     3.57184 grad=  4.1754e-02
  outGain=     0.11768 grad=  1.7297e+00
  bodyAsymmetry=    -0.07381 grad=  6.1148e-02
  bodyHarmonic=    -0.63030 grad= -9.5129e-03
  ampCurve=    -2.25612 grad=  4.7993e-03
epoch=310 loss=2.254046
  fStart=   250.84653 grad=  1.4526e-01
  fEnd=    47.29921 grad=  3.8508e-01
  pitchDecay=   -38.65625 grad= -8.0926e-02
  bodyAmp=     1.00000 grad=  2.8562e-03
  ampDecay=   -10.33966 grad=  9.9873e-03
  clickFreq=   514.47888 grad=  4.2466e-02
  clickAmp=     1.08756 grad=  1.4111e-02
  clickDecay=  -362.51382 grad= -1.2405e-03
  noiseCutoff=  6136.22412 grad= -2.4956e-02
  noiseAmp=     0.00394 grad=  2.9019e+01
  noiseDecay=   -12.24668 grad= -1.1379e-01
  drive=     3.57774 grad=  3.7047e-02
  outGain=     0.12627 grad=  1.3343e+00
  bodyAsymmetry=    -0.07563 grad= -4.7501e-02
  bodyHarmonic=    -0.64467 grad= -1.3314e-02
  ampCurve=    -2.46284 grad=  5.8119e-03
epoch=320 loss=2.288413
  fStart=   250.81363 grad= -7.5100e-02
  fEnd=    47.29191 grad= -2.0374e-03
  pitchDecay=   -38.63766 grad=  1.5682e-01
  bodyAmp=     0.99966 grad=  5.3947e-02
  ampDecay=   -10.46979 grad=  7.6268e-03
  clickFreq=   511.22910 grad= -2.8874e-02
  clickAmp=     1.05374 grad= -1.1495e-02
  clickDecay=  -376.56595 grad=  4.4680e-03
  noiseCutoff=  6278.84131 grad= -3.6282e-01
  noiseAmp=     0.00236 grad= -1.0534e+02
  noiseDecay=   -11.96008 grad=  4.8981e-01
  drive=     3.57130 grad= -5.7790e-02
  outGain=     0.11788 grad= -2.4866e+00
  bodyAsymmetry=    -0.07342 grad= -1.8131e-01
  bodyHarmonic=    -0.63352 grad=  2.0611e-02
  ampCurve=    -2.70168 grad=  3.2143e-03
epoch=330 loss=2.235812
  fStart=   250.79486 grad=  1.7371e-01
  fEnd=    47.28422 grad=  2.2280e-01
  pitchDecay=   -38.61648 grad= -6.9831e-02
  bodyAmp=     1.00000 grad= -2.0974e-02
  ampDecay=   -10.54017 grad= -2.2764e-03
  clickFreq=   511.36954 grad= -1.2997e-02
  clickAmp=     1.03227 grad= -4.7743e-03
  clickDecay=  -375.62122 grad=  3.4418e-03
  noiseCutoff=  6425.04346 grad= -2.0038e-01
  noiseAmp=     0.00299 grad= -2.1579e+01
  noiseDecay=   -11.74325 grad=  1.8231e-01
  drive=     3.56895 grad= -2.5351e-02
  outGain=     0.11804 grad= -1.0076e+00
  bodyAsymmetry=    -0.07063 grad= -2.6762e-02
  bodyHarmonic=    -0.64118 grad=  9.9770e-03
  ampCurve=    -2.87032 grad=  1.0736e-03
epoch=340 loss=2.280124
  fStart=   250.73663 grad= -2.1720e-01
  fEnd=    47.27997 grad= -5.7438e-01
  pitchDecay=   -38.60262 grad=  1.9857e-01
  bodyAmp=     1.00000 grad= -1.0650e-01
  ampDecay=   -10.53353 grad= -8.0566e-03
  clickFreq=   512.67303 grad=  1.3013e-02
  clickAmp=     1.02547 grad=  8.4224e-03
  clickDecay=  -369.97272 grad= -3.2108e-03
  noiseCutoff=  6557.83594 grad=  1.7385e-01
  noiseAmp=     0.00426 grad=  7.4522e+01
  noiseDecay=   -11.65037 grad= -5.0717e-01
  drive=     3.57000 grad=  6.1542e-02
  outGain=     0.12271 grad=  2.5205e+00
  bodyAsymmetry=    -0.06979 grad=  4.6268e-02
  bodyHarmonic=    -0.64964 grad= -1.9729e-02
  ampCurve=    -2.96181 grad=  1.1045e-03
epoch=350 loss=2.237276
  fStart=   250.67363 grad=  2.7032e-02
  fEnd=    47.28205 grad= -1.0839e-01
  pitchDecay=   -38.59178 grad=  2.2222e-02
  bodyAmp=     1.00000 grad= -7.3205e-02
  ampDecay=   -10.48988 grad= -6.6398e-03
  clickFreq=   512.54181 grad=  5.3895e-03
  clickAmp=     1.02329 grad= -1.3622e-03
  clickDecay=  -370.00430 grad=  4.7833e-04
  noiseCutoff=  6660.05225 grad= -1.3467e-02
  noiseAmp=     0.00364 grad=  3.6503e+01
  noiseDecay=   -11.73962 grad= -1.6194e-01
  drive=     3.56906 grad=  1.6326e-02
  outGain=     0.11912 grad=  7.8249e-01
  bodyAsymmetry=    -0.06987 grad=  1.0802e-03
  bodyHarmonic=    -0.64225 grad= -5.0495e-03
  ampCurve=    -3.01818 grad=  7.3475e-04
epoch=360 loss=2.251613
  fStart=   250.61734 grad= -3.4715e-02
  fEnd=    47.28320 grad= -1.3678e-01
  pitchDecay=   -38.58260 grad=  1.0406e-01
  bodyAmp=     1.00000 grad=  7.9410e-04
  ampDecay=   -10.43338 grad= -4.1826e-04
  clickFreq=   512.49146 grad= -2.3532e-02
  clickAmp=     1.02606 grad= -8.7548e-03
  clickDecay=  -363.49353 grad=  4.1784e-03
  noiseCutoff=  6755.44922 grad= -3.0470e-01
  noiseAmp=     0.00250 grad= -7.3149e+01
  noiseDecay=   -11.83371 grad=  3.8577e-01
  drive=     3.56900 grad= -5.3451e-02
  outGain=     0.11545 grad= -2.1907e+00
  bodyAsymmetry=    -0.07014 grad= -3.5977e-02
  bodyHarmonic=    -0.63982 grad=  1.5433e-02
  ampCurve=    -3.05931 grad=  1.0439e-03
epoch=370 loss=2.224648
  fStart=   250.57181 grad=  1.3831e-02
  fEnd=    47.28307 grad=  1.4031e-02
  pitchDecay=   -38.57380 grad=  3.2663e-02
  bodyAmp=     1.00000 grad= -3.8358e-02
  ampDecay=   -10.38359 grad= -2.1746e-03
  clickFreq=   513.59454 grad=  1.6852e-02
  clickAmp=     1.02974 grad=  1.5442e-03
  clickDecay=  -353.39911 grad= -1.1750e-03
  noiseCutoff=  6855.27148 grad= -1.6732e-01
  noiseAmp=     0.00304 grad= -9.7030e+00
  noiseDecay=   -11.85672 grad=  1.3502e-01
  drive=     3.57049 grad= -1.8566e-02
  outGain=     0.11687 grad= -6.6424e-01
  bodyAsymmetry=    -0.07010 grad= -6.2867e-03
  bodyHarmonic=    -0.64251 grad=  6.3079e-03
  ampCurve=    -3.10179 grad=  1.3324e-03
epoch=380 loss=2.255387
  fStart=   250.54552 grad= -1.5017e-01
  fEnd=    47.28093 grad= -2.1720e-01
  pitchDecay=   -38.56624 grad=  1.1531e-01
  bodyAmp=     1.00000 grad= -9.7790e-02
  ampDecay=   -10.34123 grad= -6.4293e-03
  clickFreq=   513.17712 grad= -3.9762e-03
  clickAmp=     1.02922 grad=  5.0941e-03
  clickDecay=  -352.86819 grad= -1.5407e-03
  noiseCutoff=  6951.71436 grad=  1.0763e-01
  noiseAmp=     0.00405 grad=  6.2054e+01
  noiseDecay=   -11.85785 grad= -3.6014e-01
  drive=     3.57205 grad=  4.4375e-02
  outGain=     0.11866 grad=  1.9418e+00
  bodyAsymmetry=    -0.06960 grad=  3.5218e-02
  bodyHarmonic=    -0.64638 grad= -1.1173e-02
  ampCurve=    -3.14768 grad=  1.4658e-03
epoch=390 loss=2.228240
  fStart=   250.52031 grad=  1.8347e-01
  fEnd=    47.28160 grad=  1.8260e-01
  pitchDecay=   -38.55994 grad= -1.0459e-01
  bodyAmp=     1.00000 grad= -7.0469e-02
  ampDecay=   -10.30118 grad= -4.5888e-03
  clickFreq=   513.68292 grad=  3.4024e-03
  clickAmp=     1.02850 grad= -2.6366e-04
  clickDecay=  -355.38403 grad=  6.1271e-04
  noiseCutoff=  7036.36279 grad= -3.0121e-02
  noiseAmp=     0.00357 grad=  3.2639e+01
  noiseDecay=   -11.88783 grad= -1.1511e-01
  drive=     3.57270 grad=  1.2769e-02
  outGain=     0.11613 grad=  6.6446e-01
  bodyAsymmetry=    -0.06961 grad=  1.5473e-02
  bodyHarmonic=    -0.64728 grad= -2.4874e-03
  ampCurve=    -3.19335 grad=  1.3901e-03
epoch=400 loss=2.231749
  fStart=   250.48866 grad=  1.0132e-01
  fEnd=    47.28174 grad=  7.9634e-02
  pitchDecay=   -38.55442 grad= -2.5337e-02
  bodyAmp=     1.00000 grad= -1.9202e-02
  ampDecay=   -10.26367 grad= -7.6934e-04
  clickFreq=   513.64642 grad= -3.5796e-03
  clickAmp=     1.03045 grad= -5.6165e-03
  clickDecay=  -354.84048 grad=  5.2108e-04
  noiseCutoff=  7114.92041 grad= -2.5359e-01
  noiseAmp=     0.00269 grad= -4.6905e+01
  noiseDecay=   -11.91790 grad=  3.0394e-01
  drive=     3.57331 grad= -4.2360e-02
  outGain=     0.11299 grad= -1.7199e+00
  bodyAsymmetry=    -0.06963 grad= -3.5208e-02
  bodyHarmonic=    -0.64767 grad=  1.0943e-02
  ampCurve=    -3.23777 grad=  1.3106e-03
epoch=410 loss=2.218410
  fStart=   250.46501 grad=  3.3620e-02
  fEnd=    47.28079 grad=  1.5545e-02
  pitchDecay=   -38.54915 grad=  1.0037e-03
  bodyAmp=     1.00000 grad= -4.6341e-02
  ampDecay=   -10.22912 grad= -2.1676e-03
  clickFreq=   513.59503 grad= -6.1358e-04
  clickAmp=     1.03308 grad= -1.5090e-03
  clickDecay=  -355.96405 grad= -3.3749e-04
  noiseCutoff=  7193.77197 grad= -1.4429e-01
  noiseAmp=     0.00311 grad= -1.8588e+00
  noiseDecay=   -11.91487 grad=  1.0279e-01
  drive=     3.57482 grad= -1.5018e-02
  outGain=     0.11392 grad= -5.1868e-01
  bodyAsymmetry=    -0.06957 grad=  7.6271e-04
  bodyHarmonic=    -0.64927 grad=  4.0165e-03
  ampCurve=    -3.27995 grad=  1.5291e-03
epoch=420 loss=2.228930
  fStart=   250.44865 grad=  1.2140e-02
  fEnd=    47.28024 grad= -2.1380e-02
  pitchDecay=   -38.54464 grad=  7.2325e-03
  bodyAmp=     1.00000 grad= -7.9096e-02
  ampDecay=   -10.19649 grad= -4.2735e-03
  clickFreq=   513.83264 grad=  9.9871e-03
  clickAmp=     1.03630 grad=  1.7480e-03
  clickDecay=  -357.12167 grad= -4.0686e-04
  noiseCutoff=  7267.97852 grad=  9.0752e-03
  noiseAmp=     0.00363 grad=  4.2622e+01
  noiseDecay=   -11.90734 grad= -1.7753e-01
  drive=     3.57640 grad=  2.1698e-02
  outGain=     0.11533 grad=  1.0497e+00
  bodyAsymmetry=    -0.06954 grad=  2.9455e-02
  bodyHarmonic=    -0.65113 grad= -6.5649e-03
  ampCurve=    -3.31967 grad=  1.7437e-03
epoch=430 loss=2.212437
  fStart=   250.42859 grad= -1.1446e-03
  fEnd=    47.28042 grad= -1.5409e-01
  pitchDecay=   -38.54071 grad=  4.0779e-02
  bodyAmp=     1.00000 grad=  4.2203e-03
  ampDecay=   -10.18495 grad=  8.5110e-03
  clickFreq=   513.55463 grad=  1.1006e-02
  clickAmp=     1.03654 grad=  9.8683e-03
  clickDecay=  -358.31448 grad= -1.8200e-04
  noiseCutoff=  7364.29736 grad= -1.5955e-01
  noiseAmp=     0.00268 grad= -6.5882e+00
  noiseDecay=   -11.75154 grad=  1.1643e-01
  drive=     3.58078 grad= -8.9750e-04
  outGain=     0.12387 grad= -1.1300e-02
  bodyAsymmetry=    -0.07119 grad=  1.9174e-02
  bodyHarmonic=    -0.65716 grad= -7.5197e-03
  ampCurve=    -3.36857 grad=  4.5871e-03
epoch=440 loss=2.209277
  fStart=   250.39001 grad=  7.8666e-02
  fEnd=    47.28379 grad=  4.1850e-03
  pitchDecay=   -38.53937 grad= -1.8444e-02
  bodyAmp=     1.00000 grad=  1.3892e-02
  ampDecay=   -10.21895 grad=  8.4171e-03
  clickFreq=   512.63861 grad= -1.5118e-02
  clickAmp=     1.02848 grad=  8.8822e-03
  clickDecay=  -359.40024 grad=  9.5620e-04
  noiseCutoff=  7469.23340 grad= -1.8547e-01
  noiseAmp=     0.00247 grad= -1.7902e+01
  noiseDecay=   -11.54991 grad=  1.5048e-01
  drive=     3.58283 grad= -5.9119e-03
  outGain=     0.12461 grad= -2.5614e-01
  bodyAsymmetry=    -0.07077 grad=  2.2476e-02
  bodyHarmonic=    -0.65031 grad= -8.3334e-04
  ampCurve=    -3.44874 grad=  4.2820e-03
epoch=450 loss=2.204409
  fStart=   250.36256 grad=  1.1909e-03
  fEnd=    47.28553 grad=  1.0856e-01
  pitchDecay=   -38.53749 grad=  1.6253e-02
  bodyAmp=     1.00000 grad= -1.2356e-02
  ampDecay=   -10.26191 grad=  3.2146e-03
  clickFreq=   513.63397 grad=  1.1412e-02
  clickAmp=     1.01873 grad=  5.7928e-03
  clickDecay=  -357.21841 grad= -4.0445e-04
  noiseCutoff=  7568.65967 grad= -1.4455e-01
  noiseAmp=     0.00255 grad=  2.2987e-01
  noiseDecay=   -11.38287 grad=  6.7775e-02
  drive=     3.58316 grad= -1.6381e-03
  outGain=     0.12282 grad= -6.3053e-02
  bodyAsymmetry=    -0.07027 grad=  2.2911e-03
  bodyHarmonic=    -0.64324 grad=  3.7980e-03
  ampCurve=    -3.52929 grad=  2.8752e-03
epoch=460 loss=2.201568
  fStart=   250.36543 grad=  2.0564e-01
  fEnd=    47.28359 grad=  2.9809e-01
  pitchDecay=   -38.53209 grad= -1.2558e-01
  bodyAmp=     1.00000 grad= -5.0193e-03
  ampDecay=   -10.29171 grad=  4.0103e-03
  clickFreq=   513.18304 grad= -2.4476e-03
  clickAmp=     1.01079 grad=  5.9537e-03
  clickDecay=  -354.97095 grad=  1.4400e-03
  noiseCutoff=  7661.63867 grad= -1.4312e-01
  noiseAmp=     0.00242 grad=  1.3394e+00
  noiseDecay=   -11.24618 grad=  5.6333e-02
  drive=     3.58377 grad=  1.1838e-03
  outGain=     0.12534 grad=  5.0982e-02
  bodyAsymmetry=    -0.07000 grad=  5.5503e-03
  bodyHarmonic=    -0.64465 grad= -1.8171e-05
  ampCurve=    -3.59223 grad=  3.0156e-03
epoch=470 loss=2.202219
  fStart=   250.35242 grad=  7.4700e-03
  fEnd=    47.28245 grad=  5.8808e-02
  pitchDecay=   -38.52871 grad=  1.4789e-02
  bodyAmp=     0.99974 grad=  2.5382e-02
  ampDecay=   -10.32115 grad=  7.7527e-03
  clickFreq=   512.98096 grad= -3.1354e-03
  clickAmp=     1.00222 grad=  7.1377e-03
  clickDecay=  -351.88455 grad=  1.9105e-03
  noiseCutoff=  7752.21777 grad= -2.1296e-01
  noiseAmp=     0.00208 grad= -3.4765e+01
  noiseDecay=   -11.11351 grad=  1.7558e-01
  drive=     3.58442 grad= -1.1139e-02
  outGain=     0.12894 grad= -4.4256e-01
  bodyAsymmetry=    -0.07001 grad= -1.3482e-02
  bodyHarmonic=    -0.64529 grad= -5.0310e-04
  ampCurve=    -3.64863 grad=  3.6830e-03
epoch=480 loss=2.196669
  fStart=   250.34586 grad=  1.6840e-01
  fEnd=    47.28253 grad=  2.9994e-01
  pitchDecay=   -38.52555 grad= -1.1781e-01
  bodyAmp=     0.99802 grad= -6.5871e-03
  ampDecay=   -10.35000 grad=  3.0931e-03
  clickFreq=   513.12207 grad=  8.3188e-03
  clickAmp=     0.99346 grad=  1.0039e-02
  clickDecay=  -348.43219 grad= -8.2006e-04
  noiseCutoff=  7834.73926 grad= -1.5015e-01
  noiseAmp=     0.00222 grad= -1.1701e+00
  noiseDecay=   -11.00937 grad=  5.5247e-02
  drive=     3.58440 grad=  2.2353e-04
  outGain=     0.12789 grad=  2.0678e-02
  bodyAsymmetry=    -0.06906 grad=  2.3386e-02
  bodyHarmonic=    -0.64256 grad= -2.0847e-04
  ampCurve=    -3.70000 grad=  2.5892e-03
epoch=490 loss=2.196403
  fStart=   250.35732 grad=  6.2044e-02
  fEnd=    47.27890 grad= -2.9980e-02
  pitchDecay=   -38.52254 grad= -1.6570e-02
  bodyAmp=     1.00000 grad= -2.8717e-02
  ampDecay=   -10.36504 grad= -1.8252e-03
  clickFreq=   513.04871 grad= -1.4515e-02
  clickAmp=     0.98605 grad=  5.2043e-04
  clickDecay=  -346.93478 grad=  2.3026e-03
  noiseCutoff=  7895.64600 grad= -1.1165e-01
  noiseAmp=     0.00238 grad=  1.6636e+01
  noiseDecay=   -10.99281 grad= -1.7470e-02
  drive=     3.58291 grad=  3.1707e-03
  outGain=     0.12442 grad=  1.5336e-01
  bodyAsymmetry=    -0.06836 grad=  2.4654e-03
  bodyHarmonic=    -0.64008 grad=  1.9701e-03
  ampCurve=    -3.73817 grad=  1.3068e-03
epoch=500 loss=2.196003
  fStart=   250.33606 grad= -9.5893e-03
  fEnd=    47.28034 grad= -1.7789e-01
  pitchDecay=   -38.52245 grad=  4.6303e-02
  bodyAmp=     1.00000 grad= -3.3031e-02
  ampDecay=   -10.36763 grad= -1.4773e-03
  clickFreq=   513.48236 grad=  6.1967e-03
  clickAmp=     0.98232 grad=  4.2165e-03
  clickDecay=  -344.03571 grad= -7.6011e-04
  noiseCutoff=  7953.17920 grad= -9.2284e-02
  noiseAmp=     0.00238 grad=  2.5102e+01
  noiseDecay=   -10.97128 grad= -5.1972e-02
  drive=     3.58261 grad=  8.6051e-03
  outGain=     0.12558 grad=  3.8142e-01
  bodyAsymmetry=    -0.06804 grad=  5.8127e-03
  bodyHarmonic=    -0.64259 grad= -1.2735e-04
  ampCurve=    -3.76290 grad=  1.5133e-03
epoch=510 loss=2.194035
  fStart=   250.31960 grad= -1.1606e-01
  fEnd=    47.28139 grad= -9.9675e-02
  pitchDecay=   -38.52179 grad=  9.8533e-02
  bodyAmp=     1.00000 grad=  9.8602e-03
  ampDecay=   -10.36939 grad=  4.3812e-03
  clickFreq=   513.22485 grad=  1.0092e-02
  clickAmp=     0.97872 grad=  7.0318e-03
  clickDecay=  -343.17355 grad=  5.9055e-04
  noiseCutoff=  8011.14746 grad= -1.9527e-01
  noiseAmp=     0.00200 grad= -2.6046e+01
  noiseDecay=   -10.92504 grad=  1.3424e-01
  drive=     3.58324 grad= -9.8831e-03
  outGain=     0.12945 grad= -3.6864e-01
  bodyAsymmetry=    -0.06837 grad=  3.8457e-03
  bodyHarmonic=    -0.64543 grad=  9.9706e-04
  ampCurve=    -3.78377 grad=  2.6455e-03
epoch=520 loss=2.192518
  fStart=   250.32185 grad=  8.1062e-05
  fEnd=    47.28032 grad= -7.3623e-02
  pitchDecay=   -38.52002 grad=  3.0836e-02
  bodyAmp=     0.99999 grad=  2.1727e-02
  ampDecay=   -10.37950 grad=  6.4649e-03
  clickFreq=   512.57477 grad= -1.5488e-02
  clickAmp=     0.97376 grad=  5.5396e-03
  clickDecay=  -342.05725 grad=  2.9989e-03
  noiseCutoff=  8068.89160 grad= -1.8772e-01
  noiseAmp=     0.00194 grad= -2.1780e+01
  noiseDecay=   -10.86057 grad=  1.1371e-01
  drive=     3.58385 grad= -4.2396e-03
  outGain=     0.13272 grad= -1.5310e-01
  bodyAsymmetry=    -0.06857 grad= -2.2170e-02
  bodyHarmonic=    -0.64544 grad= -2.0365e-03
  ampCurve=    -3.80836 grad=  3.2876e-03
epoch=530 loss=2.190854
  fStart=   250.31947 grad=  5.1702e-02
  fEnd=    47.28106 grad=  1.1286e-01
  pitchDecay=   -38.51884 grad= -4.6631e-02
  bodyAmp=     0.99811 grad= -1.0554e-02
  ampDecay=   -10.39427 grad=  2.3635e-03
  clickFreq=   512.72638 grad=  5.5714e-03
  clickAmp=     0.96868 grad=  8.3902e-03
  clickDecay=  -338.81113 grad=  2.2600e-04
  noiseCutoff=  8120.90039 grad= -1.1075e-01
  noiseAmp=     0.00211 grad=  1.9512e+01
  noiseDecay=   -10.80739 grad= -2.7748e-02
  drive=     3.58376 grad=  1.0843e-02
  outGain=     0.13196 grad=  4.2297e-01
  bodyAsymmetry=    -0.06805 grad=  6.6037e-03
  bodyHarmonic=    -0.64331 grad= -2.7061e-03
  ampCurve=    -3.83467 grad=  2.4450e-03
epoch=540 loss=2.189220
  fStart=   250.31876 grad=  3.8291e-02
  fEnd=    47.28099 grad=  7.1476e-02
  pitchDecay=   -38.51845 grad= -2.4254e-02
  bodyAmp=     0.99708 grad=  2.7240e-03
  ampDecay=   -10.40609 grad=  2.8644e-03
  clickFreq=   512.56012 grad= -1.3460e-05
  clickAmp=     0.96391 grad=  5.0235e-03
  clickDecay=  -336.65732 grad=  1.2437e-03
  noiseCutoff=  8167.22119 grad= -1.7503e-01
  noiseAmp=     0.00195 grad= -1.4547e+01
  noiseDecay=   -10.76528 grad=  8.9042e-02
  drive=     3.58360 grad= -5.8186e-03
  outGain=     0.13067 grad= -1.9232e-01
  bodyAsymmetry=    -0.06771 grad=  1.4056e-03
  bodyHarmonic=    -0.64220 grad=  7.8340e-04
  ampCurve=    -3.85690 grad=  2.2356e-03
epoch=550 loss=2.188224
  fStart=   250.31828 grad= -4.4574e-02
  fEnd=    47.28027 grad= -3.7515e-02
  pitchDecay=   -38.51823 grad=  3.8198e-02
  bodyAmp=     0.99740 grad= -2.5031e-05
  ampDecay=   -10.41388 grad=  2.0951e-03
  clickFreq=   512.50244 grad= -2.3184e-03
  clickAmp=     0.96033 grad=  3.0079e-03
  clickDecay=  -334.75992 grad=  1.4929e-03
  noiseCutoff=  8209.06836 grad= -1.7236e-01
  noiseAmp=     0.00194 grad= -1.3203e+01
  noiseDecay=   -10.72975 grad=  8.2827e-02
  drive=     3.58364 grad= -6.3598e-03
  outGain=     0.13038 grad= -2.0937e-01
  bodyAsymmetry=    -0.06753 grad= -9.2381e-03
  bodyHarmonic=    -0.64171 grad=  8.2970e-04
  ampCurve=    -3.87449 grad=  2.0017e-03
epoch=560 loss=2.187864
  fStart=   250.31960 grad=  3.4286e-03
  fEnd=    47.27998 grad= -3.1271e-02
  pitchDecay=   -38.51770 grad=  6.3763e-03
  bodyAmp=     0.99870 grad= -1.8583e-02
  ampDecay=   -10.41883 grad=  7.8004e-05
  clickFreq=   512.53400 grad=  1.2906e-04
  clickAmp=     0.95782 grad=  3.2761e-03
  clickDecay=  -332.77258 grad=  1.0468e-03
  noiseCutoff=  8246.52832 grad= -1.0791e-01
  noiseAmp=     0.00208 grad=  2.1517e+01
  noiseDecay=   -10.70254 grad= -3.7297e-02
  drive=     3.58371 grad=  8.1885e-03
  outGain=     0.13023 grad=  3.3513e-01
  bodyAsymmetry=    -0.06728 grad= -9.0769e-04
  bodyHarmonic=    -0.64138 grad= -1.9050e-03
  ampCurve=    -3.88880 grad=  1.7198e-03
epoch=570 loss=2.186236
  fStart=   250.32042 grad= -3.1634e-02
  fEnd=    47.27989 grad= -2.3818e-02
  pitchDecay=   -38.51727 grad=  2.6815e-02
  bodyAmp=     1.00000 grad= -7.9516e-03
  ampDecay=   -10.42175 grad=  6.2929e-04
  clickFreq=   512.57111 grad= -1.7723e-04
  clickAmp=     0.95603 grad=  2.2532e-03
  clickDecay=  -330.53156 grad=  2.1246e-03
  noiseCutoff=  8279.98926 grad= -1.5729e-01
  noiseAmp=     0.00196 grad= -4.7402e+00
  noiseDecay=   -10.68431 grad=  5.2569e-02
  drive=     3.58371 grad= -4.2137e-03
  outGain=     0.12963 grad= -1.2043e-01
  bodyAsymmetry=    -0.06705 grad=  3.0861e-03
  bodyHarmonic=    -0.64127 grad=  1.1993e-03
  ampCurve=    -3.90076 grad=  1.6122e-03
epoch=580 loss=2.185634
  fStart=   250.32162 grad= -6.3384e-02
  fEnd=    47.27955 grad= -1.0132e-01
  pitchDecay=   -38.51689 grad=  4.8979e-02
  bodyAmp=     1.00000 grad= -9.7908e-03
  ampDecay=   -10.42282 grad= -1.9283e-04
  clickFreq=   512.58411 grad= -4.1928e-04
  clickAmp=     0.95475 grad=  5.9697e-04
  clickDecay=  -327.85098 grad=  2.4649e-03
  noiseCutoff=  8310.96094 grad= -1.5915e-01
  noiseAmp=     0.00195 grad= -5.7039e+00
  noiseDecay=   -10.67033 grad=  5.5176e-02
  drive=     3.58375 grad= -5.6830e-03
  outGain=     0.12918 grad= -1.7151e-01
  bodyAsymmetry=    -0.06698 grad= -4.9677e-03
  bodyHarmonic=    -0.64141 grad=  1.7777e-03
  ampCurve=    -3.91065 grad=  1.3375e-03
epoch=590 loss=2.186044
  fStart=   250.32304 grad=  1.1445e-01
  fEnd=    47.27954 grad=  1.6308e-01
  pitchDecay=   -38.51661 grad= -8.1901e-02
  bodyAmp=     1.00000 grad= -2.6034e-02
  ampDecay=   -10.42214 grad= -1.9792e-03
  clickFreq=   512.60388 grad= -6.7127e-04
  clickAmp=     0.95410 grad=  1.5390e-04
  clickDecay=  -324.65915 grad=  2.5876e-03
  noiseCutoff=  8340.33887 grad= -1.0668e-01
  noiseAmp=     0.00207 grad=  2.2049e+01
  noiseDecay=   -10.65900 grad= -4.0066e-02
  drive=     3.58386 grad=  5.4966e-03
  outGain=     0.12900 grad=  2.7040e-01
  bodyAsymmetry=    -0.06689 grad=  2.1659e-03
  bodyHarmonic=    -0.64172 grad= -1.6282e-03
  ampCurve=    -3.91876 grad=  1.0637e-03
epoch=599 loss=2.185456
  fStart=   250.32126 grad=  1.8916e-02
  fEnd=    47.27966 grad=  1.6729e-02
  pitchDecay=   -38.51658 grad=  6.5756e-04
  bodyAmp=     1.00000 grad= -3.7778e-03
  ampDecay=   -10.42045 grad=  1.9082e-04
  clickFreq=   512.71362 grad= -8.2367e-03
  clickAmp=     0.95397 grad= -3.7648e-04
  clickDecay=  -321.32782 grad=  3.1811e-03
  noiseCutoff=  8365.88672 grad= -1.8308e-01
  noiseAmp=     0.00188 grad= -2.1097e+01
  noiseDecay=   -10.65123 grad=  1.0271e-01
  drive=     3.58398 grad= -1.2233e-02
  outGain=     0.12883 grad= -4.1809e-01
  bodyAsymmetry=    -0.06688 grad=  8.8822e-03
  bodyHarmonic=    -0.64173 grad=  2.0074e-03
  ampCurve=    -3.92509 grad=  1.2736e-03
refine epoch=0 loss=2.184827
refine epoch=10 loss=2.184705
refine epoch=20 loss=2.184618
refine epoch=30 loss=2.184712
refine epoch=40 loss=2.184792
refine epoch=50 loss=2.184761
refine epoch=60 loss=2.184702
refine epoch=70 loss=2.184817
refine epoch=80 loss=2.184832
refine epoch=90 loss=2.184700
refine epoch=100 loss=2.184764
refine epoch=110 loss=2.184760
refine epoch=120 loss=2.184639
refine epoch=130 loss=2.184798
refine epoch=140 loss=2.184706
refine epoch=150 loss=2.184777
refine epoch=160 loss=2.184711
refine epoch=170 loss=2.184747
refine epoch=180 loss=2.184690
refine epoch=190 loss=2.184748
refine epoch=200 loss=2.184724
refine epoch=210 loss=2.184777
refine epoch=220 loss=2.184734
refine epoch=230 loss=2.184792
refine epoch=240 loss=2.184652
refine epoch=250 loss=2.184657
refine epoch=260 loss=2.184686
refine epoch=270 loss=2.184761
refine epoch=280 loss=2.184678
refine epoch=290 loss=2.184678
epoch=0 loss=3.823178
  fStart=   267.32437 grad= -1.2061e+00
  fEnd=    47.35925 grad= -1.0908e+00
  pitchDecay=   -46.00000 grad=  8.0325e-01
  bodyAmp=     0.52500 grad= -2.8435e-01
  ampDecay=   -14.00000 grad= -1.3058e-02
  clickFreq=   447.21362 grad=  7.5717e-02
  clickAmp=     0.30000 grad=  2.6833e-01
  clickDecay=  -519.61542 grad= -2.3915e-03
  noiseCutoff=  4242.64209 grad=  1.6188e+00
  noiseAmp=     0.02500 grad=  4.4526e+01
  noiseDecay=   -27.38613 grad= -2.1444e+00
  drive=     3.50000 grad=  2.9839e-01
  outGain=     0.55000 grad=  2.6306e+00
  bodyAsymmetry=     0.00000 grad=  1.7491e+00
  bodyHarmonic=     0.00000 grad=  3.8784e-02
  ampCurve=     0.00000 grad= -1.6768e-03
epoch=10 loss=2.968776
  fStart=   267.31647 grad= -2.0218e+00
  fEnd=    47.18546 grad= -3.8506e+00
  pitchDecay=   -46.02485 grad=  1.7690e+00
  bodyAmp=     0.63911 grad=  3.6568e-02
  ampDecay=   -13.71495 grad= -1.8873e-02
  clickFreq=   426.07364 grad=  7.4040e-03
  clickAmp=     0.19401 grad=  4.9983e-02
  clickDecay=  -487.86359 grad=  7.7755e-04
  noiseCutoff=  4001.15063 grad= -2.5401e-01
  noiseAmp=     0.00099 grad= -1.9176e+02
  noiseDecay=   -32.09837 grad=  3.4228e-01
  drive=     3.44229 grad= -4.5481e-02
  outGain=     0.33883 grad= -6.2175e-01
  bodyAsymmetry=    -0.02651 grad=  1.2843e+00
  bodyHarmonic=    -0.26546 grad=  1.4135e-01
  ampCurve=     0.00000 grad= -7.2967e-03
epoch=20 loss=2.695400
  fStart=   268.23901 grad=  1.1541e+00
  fEnd=    47.22892 grad=  1.6694e+00
  pitchDecay=   -45.87302 grad= -7.9260e-01
  bodyAmp=     0.77641 grad=  3.8559e-02
  ampDecay=   -13.42267 grad= -1.0903e-02
  clickFreq=   428.83710 grad= -3.3801e-02
  clickAmp=     0.23871 grad= -1.1347e-01
  clickDecay=  -420.74521 grad=  4.7584e-04
  noiseCutoff=  3929.58447 grad= -2.9753e-01
  noiseAmp=     0.00412 grad= -4.8482e+01
  noiseDecay=   -30.98731 grad=  5.0906e-01
  drive=     3.43308 grad= -5.7357e-02
  outGain=     0.26262 grad= -8.6102e-01
  bodyAsymmetry=    -0.04812 grad= -3.6571e-01
  bodyHarmonic=    -0.47221 grad=  2.7123e-03
  ampCurve=     0.00000 grad= -4.6346e-03
epoch=30 loss=2.516713
  fStart=   268.34314 grad= -2.7613e-01
  fEnd=    47.08121 grad= -4.1145e-01
  pitchDecay=   -45.84139 grad=  2.5456e-01
  bodyAmp=     0.86292 grad= -6.7242e-02
  ampDecay=   -13.22163 grad= -6.1655e-03
  clickFreq=   455.82935 grad=  2.8446e-03
  clickAmp=     0.37856 grad= -4.5658e-03
  clickDecay=  -393.59961 grad= -2.1405e-03
  noiseCutoff=  3948.48364 grad= -2.0145e-02
  noiseAmp=     0.00989 grad=  2.3685e+00
  noiseDecay=   -26.24313 grad=  3.0199e-01
  drive=     3.44139 grad= -1.0556e-02
  outGain=     0.23988 grad=  2.6938e-01
  bodyAsymmetry=    -0.04995 grad=  7.4816e-01
  bodyHarmonic=    -0.52510 grad= -2.6910e-02
  ampCurve=     0.00000 grad= -1.7076e-03
epoch=40 loss=2.431814
  fStart=   268.35440 grad=  6.7663e-01
  fEnd=    47.05919 grad= -5.7242e-01
  pitchDecay=   -45.79741 grad= -1.9145e-01
  bodyAmp=     0.92801 grad=  4.0505e-02
  ampDecay=   -13.06185 grad= -1.0906e-03
  clickFreq=   476.19400 grad= -6.0665e-03
  clickAmp=     0.50341 grad= -4.1675e-02
  clickDecay=  -404.46777 grad=  9.8601e-04
  noiseCutoff=  4012.69092 grad= -9.7986e-02
  noiseAmp=     0.00705 grad= -3.1930e+00
  noiseDecay=   -21.06923 grad=  3.4744e-01
  drive=     3.45701 grad= -1.7044e-03
  outGain=     0.21733 grad=  2.5555e-01
  bodyAsymmetry=    -0.06108 grad= -5.0432e-01
  bodyHarmonic=    -0.50111 grad=  5.6699e-03
  ampCurve=     0.00000 grad= -2.3831e-04
epoch=50 loss=2.368453
  fStart=   267.89453 grad= -5.6543e-01
  fEnd=    47.13992 grad= -9.8511e-01
  pitchDecay=   -45.75494 grad=  6.4278e-01
  bodyAmp=     1.00000 grad= -8.1671e-02
  ampDecay=   -12.87167 grad= -8.8250e-03
  clickFreq=   484.89636 grad=  2.7581e-02
  clickAmp=     0.60118 grad=  1.8403e-02
  clickDecay=  -379.18185 grad= -2.4311e-03
  noiseCutoff=  4111.61182 grad=  1.0072e-01
  noiseAmp=     0.00762 grad=  2.0493e+01
  noiseDecay=   -16.62536 grad= -5.3416e-02
  drive=     3.47801 grad=  2.4573e-02
  outGain=     0.18327 grad=  1.0464e+00
  bodyAsymmetry=    -0.06151 grad=  5.2825e-01
  bodyHarmonic=    -0.48765 grad=  1.7756e-02
  ampCurve=     0.00000 grad= -8.9221e-04
epoch=60 loss=2.319255
  fStart=   267.58289 grad=  7.5837e-01
  fEnd=    47.14532 grad=  2.0921e+00
  pitchDecay=   -45.68820 grad= -4.5161e-01
  bodyAmp=     1.00000 grad= -7.5119e-02
  ampDecay=   -12.62139 grad= -2.1054e-02
  clickFreq=   482.87189 grad= -2.3723e-02
  clickAmp=     0.67740 grad= -4.7828e-02
  clickDecay=  -356.28687 grad=  1.1610e-03
  noiseCutoff=  4203.96484 grad= -1.4429e-01
  noiseAmp=     0.00506 grad= -7.5374e+00
  noiseDecay=   -13.97686 grad=  2.0740e-01
  drive=     3.49682 grad= -4.1660e-02
  outGain=     0.14686 grad= -1.0157e+00
  bodyAsymmetry=    -0.07185 grad= -3.1132e-01
  bodyHarmonic=    -0.52515 grad=  1.0699e-02
  ampCurve=     0.00000 grad= -5.1964e-03
epoch=70 loss=2.317541
  fStart=   267.57831 grad=  5.1922e-01
  fEnd=    47.09898 grad= -6.6185e-01
  pitchDecay=   -45.60089 grad= -2.1644e-01
  bodyAmp=     1.00000 grad=  1.1745e-02
  ampDecay=   -12.29664 grad=  7.5084e-03
  clickFreq=   492.04480 grad=  1.6736e-02
  clickAmp=     0.76176 grad=  1.6902e-02
  clickDecay=  -363.67090 grad= -3.9483e-03
  noiseCutoff=  4292.11279 grad=  5.2891e-02
  noiseAmp=     0.00474 grad=  3.3272e+01
  noiseDecay=   -12.83017 grad= -2.1394e-01
  drive=     3.52122 grad=  5.1787e-02
  outGain=     0.17054 grad=  1.4583e+00
  bodyAsymmetry=    -0.07135 grad=  5.9634e-02
  bodyHarmonic=    -0.56516 grad= -1.4532e-02
  ampCurve=     0.00000 grad=  4.3894e-03
epoch=80 loss=2.303221
  fStart=   267.25519 grad=  3.0686e-01
  fEnd=    47.10430 grad=  1.4266e+00
  pitchDecay=   -45.57795 grad= -1.6544e-01
  bodyAmp=     1.00000 grad= -9.2005e-03
  ampDecay=   -12.19281 grad= -5.0011e-03
  clickFreq=   487.10858 grad= -2.8667e-02
  clickAmp=     0.79425 grad= -2.0561e-02
  clickDecay=  -420.55408 grad=  2.2414e-03
  noiseCutoff=  4429.24170 grad= -2.4918e-01
  noiseAmp=     0.00343 grad= -3.4992e+01
  noiseDecay=   -12.23829 grad=  2.6329e-01
  drive=     3.52217 grad= -4.1356e-02
  outGain=     0.14247 grad= -1.3258e+00
  bodyAsymmetry=    -0.07572 grad= -1.1888e-01
  bodyHarmonic=    -0.57237 grad=  9.0270e-03
  ampCurve=    -0.03028 grad= -4.4777e-05
epoch=90 loss=2.295125
  fStart=   267.16217 grad= -1.0760e+01
  fEnd=    47.15462 grad= -5.1454e+00
  pitchDecay=   -45.53022 grad=  8.1967e+00
  bodyAmp=     1.00000 grad= -7.3808e-02
  ampDecay=   -12.13494 grad= -1.2759e-02
  clickFreq=   485.26297 grad= -2.7124e-02
  clickAmp=     0.82066 grad= -2.2967e-02
  clickDecay=  -433.16464 grad=  3.8704e-03
  noiseCutoff=  4608.10791 grad= -2.5698e-02
  noiseAmp=     0.00442 grad=  2.1450e+01
  noiseDecay=   -11.96471 grad= -1.3045e-01
  drive=     3.52249 grad=  6.3585e-04
  outGain=     0.13858 grad=  1.3240e-01
  bodyAsymmetry=    -0.07738 grad= -1.6915e-01
  bodyHarmonic=    -0.58220 grad= -6.9826e-03
  ampCurve=    -0.10842 grad= -1.1803e-03
epoch=100 loss=2.288366
  fStart=   266.67609 grad= -1.1783e+00
  fEnd=    47.11079 grad= -2.1092e+00
  pitchDecay=   -45.58147 grad=  1.0141e+00
  bodyAmp=     1.00000 grad= -3.9787e-02
  ampDecay=   -12.04521 grad= -5.3600e-03
  clickFreq=   483.73889 grad= -1.9665e-03
  clickAmp=     0.85149 grad=  2.5255e-03
  clickDecay=  -430.56601 grad=  1.1257e-03
  noiseCutoff=  4787.94678 grad= -2.1714e-01
  noiseAmp=     0.00334 grad= -2.6876e+01
  noiseDecay=   -12.09870 grad=  2.1102e-01
  drive=     3.52371 grad= -3.6180e-02
  outGain=     0.13924 grad= -1.1578e+00
  bodyAsymmetry=    -0.07620 grad=  2.3399e-01
  bodyHarmonic=    -0.58272 grad=  9.4342e-03
  ampCurve=    -0.17767 grad= -8.2846e-06
epoch=110 loss=2.291847
  fStart=   267.19809 grad= -1.0983e+00
  fEnd=    47.13976 grad=  1.1623e-02
  pitchDecay=   -45.46101 grad=  8.7812e-01
  bodyAmp=     1.00000 grad= -3.8752e-02
  ampDecay=   -11.94736 grad= -3.6133e-03
  clickFreq=   489.12140 grad=  4.2381e-03
  clickAmp=     0.87509 grad= -9.5640e-03
  clickDecay=  -425.86136 grad= -1.0975e-03
  noiseCutoff=  4979.91162 grad=  4.0213e-02
  noiseAmp=     0.00437 grad=  3.6356e+01
  noiseDecay=   -12.22664 grad= -2.2478e-01
  drive=     3.52750 grad=  3.1709e-02
  outGain=     0.14553 grad=  1.0610e+00
  bodyAsymmetry=    -0.08089 grad= -2.5224e-01
  bodyHarmonic=    -0.56873 grad= -1.3870e-02
  ampCurve=    -0.25260 grad=  1.7511e-03
epoch=120 loss=2.272341
  fStart=   267.21490 grad=  1.8298e+00
  fEnd=    47.10538 grad=  3.0363e+00
  pitchDecay=   -45.41735 grad= -1.2387e+00
  bodyAmp=     1.00000 grad= -2.4310e-02
  ampDecay=   -11.84071 grad=  1.0992e-03
  clickFreq=   489.64786 grad=  1.5955e-02
  clickAmp=     0.88877 grad=  1.7088e-02
  clickDecay=  -434.16818 grad= -1.1912e-04
  noiseCutoff=  5172.00586 grad= -1.6950e-01
  noiseAmp=     0.00335 grad= -1.3089e+01
  noiseDecay=   -12.33715 grad=  1.5124e-01
  drive=     3.52932 grad= -1.4999e-02
  outGain=     0.14252 grad= -4.8798e-01
  bodyAsymmetry=    -0.07845 grad=  2.8418e-01
  bodyHarmonic=    -0.56677 grad=  1.3490e-02
  ampCurve=    -0.33368 grad=  2.3916e-03
epoch=130 loss=2.286015
  fStart=   266.81625 grad= -6.9684e-01
  fEnd=    47.04250 grad= -1.9743e+00
  pitchDecay=   -45.43378 grad=  6.6477e-01
  bodyAmp=     1.00000 grad= -5.3928e-02
  ampDecay=   -11.73883 grad= -2.0871e-03
  clickFreq=   487.49918 grad=  7.3396e-04
  clickAmp=     0.89541 grad= -1.9771e-03
  clickDecay=  -423.87860 grad= -1.5056e-03
  noiseCutoff=  5367.40332 grad=  6.1001e-02
  noiseAmp=     0.00435 grad=  4.1002e+01
  noiseDecay=   -12.37160 grad= -2.4245e-01
  drive=     3.53113 grad=  3.4752e-02
  outGain=     0.14196 grad=  1.2455e+00
  bodyAsymmetry=    -0.08076 grad= -9.8151e-02
  bodyHarmonic=    -0.57261 grad= -1.4246e-02
  ampCurve=    -0.43475 grad=  2.4453e-03
epoch=140 loss=2.268384
  fStart=   266.87366 grad= -4.5265e+00
  fEnd=    47.09487 grad= -2.2130e+00
  pitchDecay=   -45.38310 grad=  3.6434e+00
  bodyAmp=     1.00000 grad= -4.4573e-02
  ampDecay=   -11.63975 grad= -5.0786e-03
  clickFreq=   488.31369 grad= -9.0287e-04
  clickAmp=     0.90616 grad= -4.4184e-03
  clickDecay=  -426.44885 grad=  5.3943e-04
  noiseCutoff=  5549.63086 grad= -1.8683e-01
  noiseAmp=     0.00336 grad= -1.9154e+01
  noiseDecay=   -12.46671 grad=  2.0234e-01
  drive=     3.53178 grad= -3.1998e-02
  outGain=     0.13192 grad= -1.0702e+00
  bodyAsymmetry=    -0.08135 grad=  7.7222e-02
  bodyHarmonic=    -0.56655 grad=  1.0319e-02
  ampCurve=    -0.55414 grad=  7.8153e-04
epoch=150 loss=2.274703
  fStart=   267.17566 grad=  7.0255e-01
  fEnd=    47.09977 grad=  9.6362e-01
  pitchDecay=   -45.28788 grad= -4.2178e-01
  bodyAmp=     1.00000 grad= -8.4666e-02
  ampDecay=   -11.52899 grad= -9.1555e-03
  clickFreq=   487.79193 grad= -9.7516e-03
  clickAmp=     0.92276 grad= -1.1168e-02
  clickDecay=  -425.08859 grad=  7.8273e-04
  noiseCutoff=  5732.29639 grad=  1.5559e-02
  noiseAmp=     0.00433 grad=  3.1388e+01
  noiseDecay=   -12.53740 grad= -1.4962e-01
  drive=     3.53481 grad=  1.1595e-02
  outGain=     0.13057 grad=  5.1857e-01
  bodyAsymmetry=    -0.08360 grad= -1.8610e-01
  bodyHarmonic=    -0.56443 grad= -8.1163e-03
  ampCurve=    -0.67564 grad=  5.8690e-04
epoch=160 loss=2.265872
  fStart=   266.83014 grad=  1.0276e+00
  fEnd=    46.94211 grad= -2.7097e+00
  pitchDecay=   -45.29634 grad= -5.8583e-01
  bodyAmp=     1.00000 grad= -4.4797e-02
  ampDecay=   -11.41551 grad= -4.6871e-03
  clickFreq=   487.81821 grad= -8.7759e-03
  clickAmp=     0.93436 grad= -6.1034e-03
  clickDecay=  -430.82645 grad=  7.3416e-04
  noiseCutoff=  5907.80469 grad= -1.8929e-01
  noiseAmp=     0.00338 grad= -2.0101e+01
  noiseDecay=   -12.63775 grad=  2.2331e-01
  drive=     3.53737 grad= -3.3505e-02
  outGain=     0.12645 grad= -1.2158e+00
  bodyAsymmetry=    -0.08357 grad=  1.8775e-02
  bodyHarmonic=    -0.56753 grad=  2.1597e-02
  ampCurve=    -0.80666 grad=  8.8265e-04
epoch=170 loss=2.271245
  fStart=   266.87073 grad= -3.4652e+00
  fEnd=    47.04187 grad= -1.4397e+00
  pitchDecay=   -45.20416 grad=  2.0553e+00
  bodyAmp=     1.00000 grad= -8.3423e-02
  ampDecay=   -11.30741 grad= -3.9952e-03
  clickFreq=   487.69193 grad=  4.6293e-03
  clickAmp=     0.94871 grad= -2.3492e-03
  clickDecay=  -440.46292 grad= -3.9999e-04
  noiseCutoff=  6092.50244 grad=  5.7388e-02
  noiseAmp=     0.00431 grad=  4.1920e+01
  noiseDecay=   -12.61131 grad= -2.1737e-01
  drive=     3.54226 grad=  2.6832e-02
  outGain=     0.13141 grad=  1.1247e+00
  bodyAsymmetry=    -0.08384 grad= -8.3693e-02
  bodyHarmonic=    -0.58519 grad= -1.0986e-02
  ampCurve=    -0.94729 grad=  2.4619e-03
epoch=180 loss=2.249419
  fStart=   266.69644 grad=  1.6979e+00
  fEnd=    47.06239 grad=  2.7211e+00
  pitchDecay=   -45.16964 grad= -1.1856e+00
  bodyAmp=     1.00000 grad= -3.8699e-02
  ampDecay=   -11.19222 grad= -2.2179e-04
  clickFreq=   488.56732 grad=  3.1839e-03
  clickAmp=     0.96492 grad= -5.6004e-03
  clickDecay=  -444.11569 grad= -4.4088e-04
  noiseCutoff=  6263.31592 grad= -1.3889e-01
  noiseAmp=     0.00341 grad= -4.5507e+00
  noiseDecay=   -12.66938 grad=  1.4289e-01
  drive=     3.54660 grad= -1.6805e-02
  outGain=     0.12834 grad= -5.1132e-01
  bodyAsymmetry=    -0.08549 grad= -9.7345e-03
  bodyHarmonic=    -0.58633 grad=  2.5636e-03
  ampCurve=    -1.09350 grad=  2.6852e-03
epoch=190 loss=2.266325
  fStart=   266.63629 grad=  8.0523e-01
  fEnd=    47.04155 grad=  2.7862e+00
  pitchDecay=   -45.15757 grad= -5.8298e-01
  bodyAmp=     1.00000 grad= -7.9607e-02
  ampDecay=   -11.07720 grad= -3.4571e-03
  clickFreq=   488.85397 grad=  6.7837e-03
  clickAmp=     0.98786 grad= -7.1644e-03
  clickDecay=  -446.48557 grad= -5.9249e-04
  noiseCutoff=  6435.53564 grad=  6.7855e-02
  noiseAmp=     0.00429 grad=  4.4820e+01
  noiseDecay=   -12.68024 grad= -2.2557e-01
  drive=     3.55268 grad=  2.9695e-02
  outGain=     0.12781 grad=  1.2654e+00
  bodyAsymmetry=    -0.08739 grad= -1.1069e-01
  bodyHarmonic=    -0.58820 grad= -1.1030e-02
  ampCurve=    -1.24710 grad=  2.7495e-03
epoch=200 loss=2.246931
  fStart=   266.59369 grad= -4.6448e+00
  fEnd=    46.99425 grad= -7.5129e+00
  pitchDecay=   -45.12049 grad=  3.9563e+00
  bodyAmp=     1.00000 grad= -6.5735e-02
  ampDecay=   -10.96364 grad= -4.6158e-03
  clickFreq=   487.60544 grad=  5.0101e-03
  clickAmp=     1.01219 grad= -4.6429e-03
  clickDecay=  -445.78650 grad=  1.4256e-03
  noiseCutoff=  6592.48047 grad= -1.5867e-01
  noiseAmp=     0.00343 grad= -1.1076e+01
  noiseDecay=   -12.74905 grad=  1.9085e-01
  drive=     3.55768 grad= -3.0474e-02
  outGain=     0.11953 grad= -1.0606e+00
  bodyAsymmetry=    -0.08790 grad=  6.7061e-02
  bodyHarmonic=    -0.58726 grad=  6.1829e-03
  ampCurve=    -1.41005 grad=  1.4740e-03
epoch=210 loss=2.270994
  fStart=   266.71118 grad= -4.1901e-02
  fEnd=    46.97436 grad= -3.2339e+00
  pitchDecay=   -45.05606 grad=  3.4161e-01
  bodyAmp=     1.00000 grad=  6.9813e-02
  ampDecay=   -10.86918 grad=  1.4186e-02
  clickFreq=   481.10977 grad=  1.9345e-02
  clickAmp=     1.03506 grad=  2.8020e-03
  clickDecay=  -421.23181 grad=  2.9971e-04
  noiseCutoff=  6778.13232 grad= -3.2101e-01
  noiseAmp=     0.00225 grad= -9.4036e+01
  noiseDecay=   -12.57252 grad=  4.6556e-01
  drive=     3.56645 grad= -3.8917e-02
  outGain=     0.13203 grad= -1.5874e+00
  bodyAsymmetry=    -0.08809 grad= -5.5444e-02
  bodyHarmonic=    -0.58617 grad=  1.6481e-02
  ampCurve=    -1.58973 grad=  5.6517e-03
epoch=220 loss=2.227836
  fStart=   266.69263 grad=  2.5383e+00
  fEnd=    46.98185 grad=  5.6659e+00
  pitchDecay=   -44.98104 grad= -2.1332e+00
  bodyAmp=     0.99883 grad=  2.4942e-02
  ampDecay=   -10.95363 grad=  8.0234e-03
  clickFreq=   462.09537 grad=  2.5341e-01
  clickAmp=     1.02637 grad= -1.8362e-02
  clickDecay=  -406.61911 grad=  2.4972e-02
  noiseCutoff=  6990.27295 grad= -1.1358e-01
  noiseAmp=     0.00279 grad=  7.9659e+00
  noiseDecay=   -12.26955 grad=  7.1556e-02
  drive=     3.56036 grad=  7.9368e-03
  outGain=     0.13949 grad=  3.7559e-01
  bodyAsymmetry=    -0.08492 grad= -2.1214e-01
  bodyHarmonic=    -0.58790 grad=  7.3614e-04
  ampCurve=    -1.89027 grad=  4.9218e-03
epoch=230 loss=2.208625
  fStart=   266.54831 grad= -6.2963e-01
  fEnd=    46.96645 grad= -2.0391e-01
  pitchDecay=   -44.96829 grad=  4.7836e-01
  bodyAmp=     0.97197 grad=  1.7691e-02
  ampDecay=   -11.13220 grad=  7.1351e-03
  clickFreq=   437.30121 grad= -1.2655e-02
  clickAmp=     1.01383 grad=  1.8879e-02
  clickDecay=  -324.63052 grad= -5.1304e-03
  noiseCutoff=  7362.99805 grad= -1.4671e-01
  noiseAmp=     0.00202 grad=  3.7067e-01
  noiseDecay=   -11.19979 grad=  6.4702e-02
  drive=     3.56663 grad=  1.0399e-02
  outGain=     0.14938 grad=  2.5934e-01
  bodyAsymmetry=    -0.08060 grad= -1.5809e-01
  bodyHarmonic=    -0.63192 grad= -1.0088e-02
  ampCurve=    -2.20929 grad=  3.8850e-03
epoch=240 loss=2.206893
  fStart=   266.79794 grad= -3.6759e-01
  fEnd=    46.95728 grad=  1.6951e+00
  pitchDecay=   -44.92275 grad=  3.1364e-01
  bodyAmp=     0.93643 grad= -8.5499e-02
  ampDecay=   -11.28534 grad= -1.6045e-02
  clickFreq=   440.38184 grad= -6.9833e-02
  clickAmp=     0.95716 grad= -7.4235e-03
  clickDecay=  -357.28894 grad= -8.1050e-03
  noiseCutoff=  7801.31494 grad= -3.3331e-02
  noiseAmp=     0.00199 grad=  6.3338e+01
  noiseDecay=   -10.33299 grad= -1.8929e-01
  drive=     3.56756 grad=  1.0974e-02
  outGain=     0.14169 grad=  3.7718e-01
  bodyAsymmetry=    -0.08312 grad= -1.5593e-01
  bodyHarmonic=    -0.65308 grad=  3.7195e-03
  ampCurve=    -2.46373 grad= -3.0635e-03
epoch=250 loss=2.196891
  fStart=   267.11325 grad= -1.0635e-01
  fEnd=    46.90986 grad=  8.6084e-01
  pitchDecay=   -44.87051 grad=  2.0819e-01
  bodyAmp=     1.00000 grad= -5.5238e-02
  ampDecay=   -11.21060 grad= -7.4857e-03
  clickFreq=   463.84601 grad= -1.6711e-03
  clickAmp=     0.94619 grad=  9.4597e-03
  clickDecay=  -387.30548 grad= -7.0058e-03
  noiseCutoff=  8156.39404 grad= -3.3360e-02
  noiseAmp=     0.00198 grad=  6.3228e+01
  noiseDecay=   -10.32295 grad= -1.9382e-01
  drive=     3.56796 grad=  2.2133e-02
  outGain=     0.13868 grad=  6.2866e-01
  bodyAsymmetry=    -0.07800 grad=  1.8483e-01
  bodyHarmonic=    -0.69298 grad=  8.5016e-03
  ampCurve=    -2.50168 grad= -3.9307e-04
epoch=260 loss=2.190913
  fStart=   267.22382 grad=  7.8125e-01
  fEnd=    46.82752 grad=  2.5781e+00
  pitchDecay=   -44.84951 grad= -7.2301e-01
  bodyAmp=     1.00000 grad= -2.2852e-02
  ampDecay=   -11.10339 grad= -2.3777e-03
  clickFreq=   463.26553 grad=  3.5472e-02
  clickAmp=     0.95075 grad= -1.1476e-02
  clickDecay=  -411.07843 grad=  3.0090e-04
  noiseCutoff=  8493.29492 grad= -2.4065e-02
  noiseAmp=     0.00197 grad=  6.6300e+01
  noiseDecay=   -10.53812 grad= -1.8211e-01
  drive=     3.56712 grad=  2.7191e-02
  outGain=     0.13989 grad=  8.3564e-01
  bodyAsymmetry=    -0.07904 grad= -1.0902e-01
  bodyHarmonic=    -0.73075 grad= -6.0870e-03
  ampCurve=    -2.50519 grad=  1.3921e-03
epoch=270 loss=2.184909
  fStart=   267.59985 grad=  1.8738e+00
  fEnd=    46.81013 grad=  3.9987e+00
  pitchDecay=   -44.77000 grad= -1.4454e+00
  bodyAmp=     1.00000 grad= -4.4773e-02
  ampDecay=   -11.03667 grad= -2.3750e-03
  clickFreq=   463.61160 grad=  3.2857e-02
  clickAmp=     0.96438 grad= -1.0380e-03
  clickDecay=  -453.62677 grad=  1.3567e-03
  noiseCutoff=  8830.15625 grad= -2.3703e-02
  noiseAmp=     0.00196 grad=  6.4893e+01
  noiseDecay=   -10.68680 grad= -1.6115e-01
  drive=     3.56453 grad=  2.2929e-02
  outGain=     0.13827 grad=  7.6882e-01
  bodyAsymmetry=    -0.07831 grad=  4.9849e-02
  bodyHarmonic=    -0.74084 grad= -6.3079e-03
  ampCurve=    -2.54928 grad=  1.6562e-03
epoch=280 loss=2.179753
  fStart=   267.61325 grad=  1.4769e-01
  fEnd=    46.78967 grad= -6.2743e-01
  pitchDecay=   -44.74686 grad=  5.2504e-02
  bodyAmp=     1.00000 grad= -4.5588e-02
  ampDecay=   -10.98601 grad= -4.8469e-03
  clickFreq=   457.68628 grad= -1.7231e-02
  clickAmp=     0.98698 grad= -9.2743e-03
  clickDecay=  -472.02390 grad= -1.7309e-03
  noiseCutoff=  9155.63379 grad= -2.3053e-02
  noiseAmp=     0.00196 grad=  6.3130e+01
  noiseDecay=   -10.76404 grad= -1.4315e-01
  drive=     3.56308 grad=  1.9328e-02
  outGain=     0.13566 grad=  6.6344e-01
  bodyAsymmetry=    -0.08073 grad= -9.5873e-02
  bodyHarmonic=    -0.74011 grad= -8.3784e-03
  ampCurve=    -2.61712 grad=  9.5556e-04
epoch=290 loss=2.175808
  fStart=   267.44690 grad= -1.4441e-01
  fEnd=    46.80421 grad= -9.1947e-01
  pitchDecay=   -44.73000 grad=  2.2419e-01
  bodyAmp=     1.00000 grad= -5.8824e-02
  ampDecay=   -10.92751 grad= -5.8429e-03
  clickFreq=   457.54837 grad=  1.3194e-02
  clickAmp=     1.01135 grad= -5.3765e-03
  clickDecay=  -495.01044 grad=  1.8670e-03
  noiseCutoff=  9457.14453 grad= -2.1351e-02
  noiseAmp=     0.00195 grad=  6.3017e+01
  noiseDecay=   -10.82169 grad= -1.3477e-01
  drive=     3.56167 grad=  1.6481e-02
  outGain=     0.13344 grad=  5.9260e-01
  bodyAsymmetry=    -0.08090 grad=  4.1108e-02
  bodyHarmonic=    -0.73882 grad= -2.8230e-03
  ampCurve=    -2.68333 grad=  7.1052e-04
epoch=300 loss=2.172974
  fStart=   267.26028 grad=  2.6271e+00
  fEnd=    46.81770 grad=  3.4306e+00
  pitchDecay=   -44.72173 grad= -1.7679e+00
  bodyAmp=     1.00000 grad= -5.9833e-02
  ampDecay=   -10.85935 grad= -5.4916e-03
  clickFreq=   455.84497 grad= -1.0308e-02
  clickAmp=     1.03609 grad= -4.0304e-03
  clickDecay=  -496.12015 grad= -2.7107e-03
  noiseCutoff=  9733.38672 grad= -1.6147e-02
  noiseAmp=     0.00194 grad=  6.3567e+01
  noiseDecay=   -10.87143 grad= -1.2716e-01
  drive=     3.56057 grad=  1.6740e-02
  outGain=     0.13164 grad=  6.0959e-01
  bodyAsymmetry=    -0.08255 grad= -3.5544e-02
  bodyHarmonic=    -0.74272 grad= -4.6912e-03
  ampCurve=    -2.74253 grad=  9.1730e-04
epoch=310 loss=2.170146
  fStart=   267.10458 grad= -5.8696e-01
  fEnd=    46.80888 grad= -9.9955e-01
  pitchDecay=   -44.72068 grad=  5.8254e-01
  bodyAmp=     1.00000 grad= -7.3006e-02
  ampDecay=   -10.78552 grad= -5.6178e-03
  clickFreq=   456.06979 grad=  2.3497e-03
  clickAmp=     1.05865 grad=  3.0924e-03
  clickDecay=  -502.70792 grad= -2.5598e-03
  noiseCutoff=  9984.83984 grad= -9.7370e-03
  noiseAmp=     0.00194 grad=  6.4037e+01
  noiseDecay=   -10.89972 grad= -1.2046e-01
  drive=     3.56034 grad=  1.5271e-02
  outGain=     0.12990 grad=  5.9787e-01
  bodyAsymmetry=    -0.08275 grad=  1.3262e-01
  bodyHarmonic=    -0.74778 grad= -1.1117e-03
  ampCurve=    -2.79816 grad=  9.4160e-04
epoch=320 loss=2.168145
  fStart=   267.04944 grad= -1.0456e+00
  fEnd=    46.79266 grad= -1.5406e+00
  pitchDecay=   -44.70753 grad=  9.1736e-01
  bodyAmp=     1.00000 grad= -7.0989e-02
  ampDecay=   -10.71285 grad= -5.7855e-03
  clickFreq=   455.95062 grad=  8.9164e-03
  clickAmp=     1.07605 grad= -6.2484e-04
  clickDecay=  -512.10010 grad=  5.3914e-04
  noiseCutoff= 10212.83398 grad= -4.2464e-03
  noiseAmp=     0.00193 grad=  6.5077e+01
  noiseDecay=   -10.91352 grad= -1.1820e-01
  drive=     3.56028 grad=  1.5175e-02
  outGain=     0.12836 grad=  5.9720e-01
  bodyAsymmetry=    -0.08379 grad=  7.8268e-02
  bodyHarmonic=    -0.75603 grad= -2.2722e-04
  ampCurve=    -2.85645 grad=  9.9595e-04
epoch=330 loss=2.165840
  fStart=   267.10840 grad= -4.1026e-01
  fEnd=    46.79153 grad= -3.7320e+00
  pitchDecay=   -44.67228 grad=  6.6162e-01
  bodyAmp=     1.00000 grad= -6.2524e-02
  ampDecay=   -10.64291 grad= -5.1492e-03
  clickFreq=   454.92712 grad=  2.3440e-03
  clickAmp=     1.08989 grad= -5.7477e-03
  clickDecay=  -519.17261 grad=  8.1553e-04
  noiseCutoff= 10419.28125 grad= -3.5011e-03
  noiseAmp=     0.00192 grad=  6.5986e+01
  noiseDecay=   -10.92235 grad= -1.1606e-01
  drive=     3.56004 grad=  1.6355e-02
  outGain=     0.12683 grad=  6.1186e-01
  bodyAsymmetry=    -0.08524 grad= -4.3090e-02
  bodyHarmonic=    -0.76937 grad= -3.6441e-03
  ampCurve=    -2.91814 grad=  1.2595e-03
epoch=340 loss=2.163712
  fStart=   267.05096 grad= -9.0520e-01
  fEnd=    46.78915 grad= -1.7056e+00
  pitchDecay=   -44.64526 grad=  7.6734e-01
  bodyAmp=     1.00000 grad= -6.5740e-02
  ampDecay=   -10.57786 grad= -5.2985e-03
  clickFreq=   454.11349 grad= -7.8622e-03
  clickAmp=     1.10371 grad= -6.6084e-03
  clickDecay=  -522.90283 grad= -6.7160e-04
  noiseCutoff= 10608.88672 grad= -1.6778e-03
  noiseAmp=     0.00192 grad=  6.5296e+01
  noiseDecay=   -10.92997 grad= -1.0897e-01
  drive=     3.55987 grad=  1.4671e-02
  outGain=     0.12528 grad=  5.7656e-01
  bodyAsymmetry=    -0.08619 grad= -6.2747e-02
  bodyHarmonic=    -0.77591 grad= -5.2278e-03
  ampCurve=    -2.98406 grad=  1.3189e-03
epoch=350 loss=2.162050
  fStart=   267.04446 grad=  8.3959e-01
  fEnd=    46.79200 grad=  1.4685e+00
  pitchDecay=   -44.62060 grad= -5.9237e-01
  bodyAmp=     1.00000 grad= -6.8895e-02
  ampDecay=   -10.51563 grad= -5.0066e-03
  clickFreq=   454.73734 grad=  4.4049e-03
  clickAmp=     1.11756 grad= -5.2028e-03
  clickDecay=  -528.64343 grad=  1.4530e-03
  noiseCutoff= 10780.26953 grad= -4.4706e-04
  noiseAmp=     0.00191 grad=  6.4787e+01
  noiseDecay=   -10.93639 grad= -1.0442e-01
  drive=     3.56003 grad=  1.3808e-02
  outGain=     0.12403 grad=  5.5670e-01
  bodyAsymmetry=    -0.08660 grad= -2.0522e-02
  bodyHarmonic=    -0.77599 grad= -4.8874e-03
  ampCurve=    -3.05153 grad=  1.4862e-03
epoch=360 loss=2.159987
  fStart=   266.94772 grad=  3.8831e-01
  fEnd=    46.79853 grad= -2.0228e-01
  pitchDecay=   -44.61105 grad= -2.2556e-01
  bodyAmp=     1.00000 grad= -6.8002e-02
  ampDecay=   -10.45688 grad= -4.5870e-03
  clickFreq=   454.63110 grad=  2.3671e-03
  clickAmp=     1.13020 grad= -2.4915e-03
  clickDecay=  -530.18970 grad= -4.0901e-04
  noiseCutoff= 10934.74609 grad= -7.9752e-04
  noiseAmp=     0.00189 grad=  6.3050e+01
  noiseDecay=   -10.93792 grad= -9.3099e-02
  drive=     3.56021 grad=  1.3640e-02
  outGain=     0.12324 grad=  5.2712e-01
  bodyAsymmetry=    -0.08713 grad=  2.6175e-03
  bodyHarmonic=    -0.77692 grad= -2.8105e-03
  ampCurve=    -3.11901 grad=  1.5900e-03
epoch=370 loss=2.191334
  fStart=   266.78305 grad= -4.3104e-01
  fEnd=    46.79809 grad= -1.2096e+00
  pitchDecay=   -44.61188 grad=  4.3207e-01
  bodyAmp=     1.00000 grad= -6.8190e-02
  ampDecay=   -10.42988 grad= -8.9205e-05
  clickFreq=   454.04724 grad=  1.9361e-03
  clickAmp=     1.13736 grad=  8.4751e-03
  clickDecay=  -534.72961 grad= -2.1139e-03
  noiseCutoff= 11133.79590 grad=  1.8743e-01
  noiseAmp=     0.00194 grad=  1.6517e+02
  noiseDecay=   -10.71864 grad= -4.3436e-01
  drive=     3.56412 grad=  7.3373e-02
  outGain=     0.13572 grad=  2.5554e+00
  bodyAsymmetry=    -0.08616 grad= -5.4549e-02
  bodyHarmonic=    -0.78782 grad= -1.6712e-02
  ampCurve=    -3.20358 grad=  3.7243e-03
epoch=380 loss=2.221712
  fStart=   266.66058 grad= -2.9927e-01
  fEnd=    46.80650 grad= -7.1118e-01
  pitchDecay=   -44.61073 grad=  4.1156e-01
  bodyAmp=     1.00000 grad=  5.7626e-02
  ampDecay=   -10.46424 grad=  1.1337e-02
  clickFreq=   452.73041 grad= -4.4801e-02
  clickAmp=     1.12695 grad=  1.6831e-02
  clickDecay=  -532.80719 grad= -1.5761e-02
  noiseCutoff= 11274.17285 grad= -3.7632e-01
  noiseAmp=     0.00097 grad= -3.3874e+02
  noiseDecay=   -10.69834 grad=  5.7307e-01
  drive=     3.55516 grad= -7.0798e-02
  outGain=     0.13102 grad= -2.7418e+00
  bodyAsymmetry=    -0.08522 grad=  9.5761e-02
  bodyHarmonic=    -0.79355 grad=  2.1351e-02
  ampCurve=    -3.33291 grad=  3.9196e-03
epoch=390 loss=2.141706
  fStart=   266.64417 grad= -8.0106e-01
  fEnd=    46.80751 grad= -1.6062e+00
  pitchDecay=   -44.60120 grad=  7.0793e-01
  bodyAmp=     1.00000 grad= -2.1500e-02
  ampDecay=   -10.51037 grad=  7.2157e-04
  clickFreq=   453.15439 grad=  2.2973e-03
  clickAmp=     1.11331 grad= -2.9159e-03
  clickDecay=  -530.71381 grad=  3.5102e-03
  noiseCutoff= 11452.68750 grad= -7.5401e-02
  noiseAmp=     0.00146 grad=  2.4190e+01
  noiseDecay=   -10.52741 grad=  2.5017e-02
  drive=     3.55096 grad=  2.9578e-03
  outGain=     0.13322 grad=  1.5453e-01
  bodyAsymmetry=    -0.08523 grad= -7.7352e-02
  bodyHarmonic=    -0.79836 grad= -3.7121e-03
  ampCurve=    -3.45639 grad=  2.5441e-03
epoch=400 loss=2.604761
  fStart=   266.61899 grad=  4.8923e-01
  fEnd=    46.80849 grad=  1.5599e+00
  pitchDecay=   -44.59633 grad= -4.0454e-01
  bodyAmp=     1.00000 grad=  9.6237e-02
  ampDecay=   -10.54410 grad=  1.3338e-02
  clickFreq=   453.36987 grad=  1.2192e-02
  clickAmp=     1.10096 grad= -3.5263e-03
  clickDecay=  -529.51941 grad=  9.5253e-03
  noiseCutoff= 11623.84766 grad= -4.0202e-01
  noiseAmp=     0.00035 grad= -1.2397e+03
  noiseDecay=   -10.37510 grad=  6.4259e-01
  drive=     3.54861 grad= -9.6363e-02
  outGain=     0.13737 grad= -3.4102e+00
  bodyAsymmetry=    -0.08428 grad= -6.2756e-02
  bodyHarmonic=    -0.79658 grad=  3.1035e-02
  ampCurve=    -3.55898 grad=  3.8293e-03
epoch=410 loss=2.248822
  fStart=   266.66629 grad=  4.1213e-01
  fEnd=    46.80869 grad=  1.5912e-01
  pitchDecay=   -44.58426 grad= -1.8532e-01
  bodyAmp=     1.00000 grad=  9.8110e-02
  ampDecay=   -10.57368 grad=  1.1290e-02
  clickFreq=   448.19672 grad=  2.8271e-03
  clickAmp=     1.09074 grad= -5.3208e-03
  clickDecay=  -494.81387 grad=  6.8792e-03
  noiseCutoff= 11658.31836 grad= -4.0879e-01
  noiseAmp=     0.00078 grad= -4.8469e+02
  noiseDecay=   -10.46213 grad=  6.3017e-01
  drive=     3.53746 grad= -8.0789e-02
  outGain=     0.13862 grad= -2.8429e+00
  bodyAsymmetry=    -0.08365 grad= -1.2722e-01
  bodyHarmonic=    -0.78936 grad=  2.2246e-02
  ampCurve=    -3.65332 grad=  3.3110e-03
epoch=420 loss=2.173427
  fStart=   266.67252 grad=  2.3598e-01
  fEnd=    46.80376 grad=  6.2143e-01
  pitchDecay=   -44.57944 grad= -1.5324e-01
  bodyAmp=     1.00000 grad= -8.2199e-02
  ampDecay=   -10.58914 grad= -9.2113e-03
  clickFreq=   443.76596 grad= -2.1717e-02
  clickAmp=     1.08416 grad= -7.8836e-03
  clickDecay=  -458.42999 grad=  2.7248e-03
  noiseCutoff= 11678.07031 grad=  1.6065e-01
  noiseAmp=     0.00175 grad=  1.6473e+02
  noiseDecay=   -10.57534 grad= -3.7717e-01
  drive=     3.52572 grad=  5.6251e-02
  outGain=     0.13693 grad=  2.0132e+00
  bodyAsymmetry=    -0.08309 grad= -1.2597e-01
  bodyHarmonic=    -0.77949 grad= -1.7837e-02
  ampCurve=    -3.72911 grad=  2.8737e-04
epoch=430 loss=2.272462
  fStart=   266.62650 grad= -4.7281e-01
  fEnd=    46.79749 grad= -6.7291e-01
  pitchDecay=   -44.57715 grad=  3.3520e-01
  bodyAmp=     1.00000 grad= -1.5418e-01
  ampDecay=   -10.57752 grad= -1.3280e-02
  clickFreq=   444.39426 grad= -7.8051e-03
  clickAmp=     1.08702 grad=  4.0775e-03
  clickDecay=  -433.37619 grad= -6.5233e-04
  noiseCutoff= 11762.23438 grad=  4.3614e-01
  noiseAmp=     0.00213 grad=  2.7201e+02
  noiseDecay=   -10.51289 grad= -8.7548e-01
  drive=     3.52452 grad=  1.2228e-01
  outGain=     0.13981 grad=  4.2149e+00
  bodyAsymmetry=    -0.08178 grad=  4.0263e-02
  bodyHarmonic=    -0.77949 grad= -3.0374e-02
  ampCurve=    -3.76812 grad=  3.6338e-04
epoch=440 loss=2.146182
  fStart=   266.61252 grad= -4.0017e-01
  fEnd=    46.80023 grad= -1.0441e+00
  pitchDecay=   -44.57260 grad=  4.2239e-01
  bodyAmp=     1.00000 grad=  7.0359e-03
  ampDecay=   -10.54802 grad=  2.4281e-03
  clickFreq=   446.08527 grad=  8.4900e-03
  clickAmp=     1.08872 grad=  5.7071e-03
  clickDecay=  -420.55066 grad=  1.8300e-03
  noiseCutoff= 11771.32422 grad= -2.1105e-01
  noiseAmp=     0.00119 grad= -1.0920e+02
  noiseDecay=   -10.67061 grad=  2.9130e-01
  drive=     3.51815 grad= -3.3018e-02
  outGain=     0.13761 grad= -1.1036e+00
  bodyAsymmetry=    -0.08225 grad=  9.7748e-02
  bodyHarmonic=    -0.77266 grad=  1.2007e-02
  ampCurve=    -3.79365 grad=  1.9148e-03
epoch=450 loss=2.136531
  fStart=   266.60324 grad= -3.4263e-01
  fEnd=    46.79787 grad= -7.9936e-01
  pitchDecay=   -44.56649 grad=  3.6833e-01
  bodyAmp=     1.00000 grad= -1.4583e-03
  ampDecay=   -10.53298 grad=  8.1436e-04
  clickFreq=   446.44296 grad= -7.0857e-04
  clickAmp=     1.08668 grad= -2.5326e-03
  clickDecay=  -413.85535 grad=  1.0290e-03
  noiseCutoff= 11844.71191 grad= -1.3200e-01
  noiseAmp=     0.00129 grad= -2.8428e+01
  noiseDecay=   -10.60876 grad=  1.4880e-01
  drive=     3.51766 grad= -1.1590e-02
  outGain=     0.13818 grad= -3.5196e-01
  bodyAsymmetry=    -0.08358 grad= -1.1262e-01
  bodyHarmonic=    -0.77375 grad=  2.9695e-03
  ampCurve=    -3.82282 grad=  1.8805e-03
epoch=460 loss=2.139576
  fStart=   266.54706 grad= -8.8445e-01
  fEnd=    46.80115 grad= -1.2110e+00
  pitchDecay=   -44.57134 grad=  6.9436e-01
  bodyAmp=     1.00000 grad= -3.8877e-02
  ampDecay=   -10.51750 grad= -3.7444e-03
  clickFreq=   445.95914 grad= -1.3482e-02
  clickAmp=     1.08262 grad= -6.5290e-03
  clickDecay=  -410.69894 grad=  3.3103e-04
  noiseCutoff= 11880.21191 grad= -1.8298e-02
  noiseAmp=     0.00147 grad=  5.8582e+01
  noiseDecay=   -10.64923 grad= -3.8656e-02
  drive=     3.51463 grad=  1.1484e-02
  outGain=     0.13688 grad=  4.9914e-01
  bodyAsymmetry=    -0.08403 grad= -1.5064e-01
  bodyHarmonic=    -0.77046 grad= -6.5764e-03
  ampCurve=    -3.85044 grad=  1.0713e-03
epoch=470 loss=2.145626
  fStart=   266.56955 grad=  1.2598e+00
  fEnd=    46.80822 grad=  3.5110e+00
  pitchDecay=   -44.56689 grad= -9.5843e-01
  bodyAmp=     1.00000 grad=  2.6570e-02
  ampDecay=   -10.50538 grad=  4.7482e-03
  clickFreq=   446.24887 grad= -2.0007e-03
  clickAmp=     1.08081 grad=  2.6997e-03
  clickDecay=  -408.27481 grad=  1.2555e-03
  noiseCutoff= 11938.76074 grad= -2.1750e-01
  noiseAmp=     0.00113 grad= -1.2327e+02
  noiseDecay=   -10.60238 grad=  3.0346e-01
  drive=     3.51414 grad= -3.1316e-02
  outGain=     0.13953 grad= -1.0554e+00
  bodyAsymmetry=    -0.08254 grad= -1.0513e-02
  bodyHarmonic=    -0.76930 grad=  1.1040e-02
  ampCurve=    -3.87610 grad=  2.4880e-03
epoch=480 loss=2.133492
  fStart=   266.57565 grad= -6.6236e-01
  fEnd=    46.80869 grad= -1.6959e+00
  pitchDecay=   -44.56743 grad=  6.0524e-01
  bodyAmp=     0.99974 grad=  2.5158e-04
  ampDecay=   -10.50730 grad=  3.3282e-03
  clickFreq=   446.73004 grad=  8.3865e-04
  clickAmp=     1.07645 grad=  5.7654e-03
  clickDecay=  -406.74728 grad=  2.4063e-04
  noiseCutoff= 12014.04004 grad= -8.3560e-02
  noiseAmp=     0.00127 grad=  1.4173e+01
  noiseDecay=   -10.49570 grad=  5.9047e-02
  drive=     3.51460 grad=  6.9619e-03
  outGain=     0.14387 grad=  2.5475e-01
  bodyAsymmetry=    -0.08200 grad= -2.9305e-02
  bodyHarmonic=    -0.77128 grad=  8.5737e-04
  ampCurve=    -3.90893 grad=  2.8035e-03
epoch=490 loss=2.146350
  fStart=   266.54871 grad= -9.3413e-01
  fEnd=    46.80391 grad= -1.2213e+00
  pitchDecay=   -44.57205 grad=  7.3025e-01
  bodyAmp=     0.99645 grad= -4.1833e-02
  ampDecay=   -10.52612 grad=  1.0826e-04
  clickFreq=   446.72812 grad= -2.1686e-04
  clickAmp=     1.06924 grad=  9.7808e-03
  clickDecay=  -405.80130 grad= -1.3712e-03
  noiseCutoff= 12110.92383 grad=  6.4410e-02
  noiseAmp=     0.00139 grad=  1.3075e+02
  noiseDecay=   -10.32360 grad= -2.0861e-01
  drive=     3.51629 grad=  4.2824e-02
  outGain=     0.14712 grad=  1.4847e+00
  bodyAsymmetry=    -0.08119 grad=  1.3553e-02
  bodyHarmonic=    -0.77622 grad= -1.3176e-02
  ampCurve=    -3.94998 grad=  2.5868e-03
epoch=500 loss=2.134415
  fStart=   266.59750 grad= -8.1306e-01
  fEnd=    46.80646 grad= -2.1452e+00
  pitchDecay=   -44.56455 grad=  7.0243e-01
  bodyAmp=     0.99352 grad= -2.5808e-02
  ampDecay=   -10.54488 grad=  1.8472e-04
  clickFreq=   446.59821 grad= -3.2027e-03
  clickAmp=     1.06103 grad=  6.4152e-03
  clickDecay=  -405.24557 grad=  1.2664e-04
  noiseCutoff= 12187.40527 grad= -6.9496e-03
  noiseAmp=     0.00127 grad=  8.1582e+01
  noiseDecay=   -10.21297 grad= -8.9778e-02
  drive=     3.51628 grad=  2.4211e-02
  outGain=     0.14620 grad=  8.7093e-01
  bodyAsymmetry=    -0.08123 grad= -1.2621e-02
  bodyHarmonic=    -0.77675 grad= -8.1436e-03
  ampCurve=    -3.98900 grad=  2.1266e-03
epoch=510 loss=2.143207
  fStart=   266.60272 grad=  2.6365e-01
  fEnd=    46.80144 grad=  9.0720e-01
  pitchDecay=   -44.56229 grad= -1.8063e-01
  bodyAmp=     0.99210 grad= -5.6819e-02
  ampDecay=   -10.55849 grad= -4.4720e-03
  clickFreq=   446.66995 grad= -7.0933e-03
  clickAmp=     1.05448 grad=  2.8270e-03
  clickDecay=  -403.77579 grad=  2.2350e-04
  noiseCutoff= 12257.29492 grad=  6.8076e-02
  noiseAmp=     0.00136 grad=  1.3633e+02
  noiseDecay=   -10.12009 grad= -2.2460e-01
  drive=     3.51646 grad=  3.7702e-02
  outGain=     0.14393 grad=  1.3366e+00
  bodyAsymmetry=    -0.08132 grad= -1.9826e-02
  bodyHarmonic=    -0.77647 grad= -1.1200e-02
  ampCurve=    -4.02045 grad=  1.0382e-03
epoch=520 loss=2.127496
  fStart=   266.59485 grad= -6.7650e-01
  fEnd=    46.79387 grad= -1.7299e+00
  pitchDecay=   -44.56028 grad=  6.3268e-01
  bodyAmp=     0.99529 grad= -4.3789e-03
  ampDecay=   -10.56187 grad=  1.6182e-04
  clickFreq=   446.94183 grad= -4.8711e-03
  clickAmp=     1.05114 grad=  1.2213e-03
  clickDecay=  -401.54031 grad=  1.3750e-03
  noiseCutoff= 12315.89355 grad= -1.2265e-01
  noiseAmp=     0.00112 grad= -2.3460e+01
  noiseDecay=   -10.05502 grad=  1.0189e-01
  drive=     3.51685 grad= -8.3345e-03
  outGain=     0.14275 grad= -2.1689e-01
  bodyAsymmetry=    -0.08103 grad= -1.2366e-03
  bodyHarmonic=    -0.77583 grad=  2.0670e-03
  ampCurve=    -4.04066 grad=  1.3843e-03
epoch=530 loss=2.127387
  fStart=   266.62204 grad=  5.3158e-01
  fEnd=    46.79959 grad=  6.3802e-01
  pitchDecay=   -44.55209 grad= -3.0621e-01
  bodyAmp=     0.99884 grad=  7.2296e-03
  ampDecay=   -10.56169 grad=  1.3580e-03
  clickFreq=   447.20319 grad= -1.3775e-03
  clickAmp=     1.04940 grad=  1.8615e-03
  clickDecay=  -399.18698 grad=  1.6420e-03
  noiseCutoff= 12370.83105 grad= -1.4158e-01
  noiseAmp=     0.00108 grad= -4.5246e+01
  noiseDecay=    -9.99605 grad=  1.3171e-01
  drive=     3.51749 grad= -1.1262e-02
  outGain=     0.14326 grad= -3.5445e-01
  bodyAsymmetry=    -0.08063 grad= -2.9269e-03
  bodyHarmonic=    -0.77679 grad=  5.9908e-03
  ampCurve=    -4.05541 grad=  1.6170e-03
epoch=540 loss=2.126087
  fStart=   266.58112 grad= -3.2942e-01
  fEnd=    46.79532 grad= -6.6686e-01
  pitchDecay=   -44.55419 grad=  3.4742e-01
  bodyAmp=     1.00000 grad=  8.8563e-03
  ampDecay=   -10.56274 grad=  2.1179e-03
  clickFreq=   447.41690 grad= -2.8341e-03
  clickAmp=     1.04761 grad=  3.4039e-03
  clickDecay=  -397.01062 grad=  8.8163e-04
  noiseCutoff= 12421.93848 grad= -1.3087e-01
  noiseAmp=     0.00107 grad= -3.4415e+01
  noiseDecay=    -9.94333 grad=  1.1010e-01
  drive=     3.51795 grad= -6.9190e-03
  outGain=     0.14441 grad= -2.0269e-01
  bodyAsymmetry=    -0.08032 grad=  4.2480e-03
  bodyHarmonic=    -0.77915 grad=  3.4391e-03
  ampCurve=    -4.06948 grad=  1.8912e-03
epoch=550 loss=2.124761
  fStart=   266.58517 grad=  3.1191e-01
  fEnd=    46.80080 grad=  5.6413e-01
  pitchDecay=   -44.54971 grad= -1.7533e-01
  bodyAmp=     0.99972 grad=  3.6142e-03
  ampDecay=   -10.56570 grad=  1.4916e-03
  clickFreq=   447.53662 grad=  3.4758e-03
  clickAmp=     1.04534 grad=  3.7232e-03
  clickDecay=  -395.52411 grad=  6.3276e-04
  noiseCutoff= 12469.64062 grad= -1.0118e-01
  noiseAmp=     0.00109 grad= -1.2796e+00
  noiseDecay=    -9.89501 grad=  5.4553e-02
  drive=     3.51824 grad=  1.7381e-03
  outGain=     0.14521 grad=  7.1146e-02
  bodyAsymmetry=    -0.08023 grad= -7.2683e-03
  bodyHarmonic=    -0.78111 grad=  5.8330e-04
  ampCurve=    -4.08368 grad=  1.8364e-03
epoch=560 loss=2.124189
  fStart=   266.56369 grad= -3.2892e-01
  fEnd=    46.79608 grad= -6.6817e-01
  pitchDecay=   -44.54960 grad=  3.2464e-01
  bodyAmp=     0.99931 grad= -4.9736e-03
  ampDecay=   -10.56903 grad=  4.2137e-04
  clickFreq=   447.45743 grad= -6.4463e-04
  clickAmp=     1.04297 grad=  3.2264e-03
  clickDecay=  -394.38095 grad=  8.2050e-04
  noiseCutoff= 12512.14355 grad= -9.0290e-02
  noiseAmp=     0.00109 grad=  9.5538e+00
  noiseDecay=    -9.85615 grad=  3.3708e-02
  drive=     3.51828 grad=  2.5135e-03
  outGain=     0.14472 grad=  1.2811e-01
  bodyAsymmetry=    -0.08008 grad=  6.7635e-03
  bodyHarmonic=    -0.78184 grad= -1.6917e-03
  ampCurve=    -4.09711 grad=  1.5338e-03
epoch=570 loss=2.124813
  fStart=   266.56613 grad=  5.0098e-01
  fEnd=    46.79761 grad=  1.4676e+00
  pitchDecay=   -44.54652 grad= -3.4489e-01
  bodyAmp=     0.99881 grad=  1.0040e-02
  ampDecay=   -10.57196 grad=  1.9702e-03
  clickFreq=   447.44464 grad= -1.2052e-03
  clickAmp=     1.04094 grad=  2.9350e-03
  clickDecay=  -393.19217 grad=  1.0971e-03
  noiseCutoff= 12553.74902 grad= -1.3981e-01
  noiseAmp=     0.00102 grad= -4.7329e+01
  noiseDecay=    -9.81574 grad=  1.2070e-01
  drive=     3.51856 grad= -9.9685e-03
  outGain=     0.14538 grad= -2.7237e-01
  bodyAsymmetry=    -0.08007 grad= -6.8918e-03
  bodyHarmonic=    -0.78190 grad=  8.6761e-04
  ampCurve=    -4.10900 grad=  1.7440e-03
epoch=580 loss=2.123359
  fStart=   266.55988 grad= -4.4429e-01
  fEnd=    46.79588 grad= -1.0192e+00
  pitchDecay=   -44.54495 grad=  4.2416e-01
  bodyAmp=     0.99788 grad= -1.6374e-03
  ampDecay=   -10.57516 grad=  1.1489e-03
  clickFreq=   447.53406 grad= -3.2271e-03
  clickAmp=     1.03898 grad=  4.2583e-03
  clickDecay=  -392.13467 grad=  2.7997e-04
  noiseCutoff= 12594.48535 grad= -8.5069e-02
  noiseAmp=     0.00107 grad=  1.5535e+01
  noiseDecay=    -9.77473 grad=  1.9870e-02
  drive=     3.51895 grad=  5.4979e-03
  outGain=     0.14658 grad=  2.2392e-01
  bodyAsymmetry=    -0.07985 grad=  4.4523e-03
  bodyHarmonic=    -0.78160 grad= -2.9374e-03
  ampCurve=    -4.12026 grad=  1.7750e-03
epoch=590 loss=2.123209
  fStart=   266.55685 grad=  4.5885e-01
  fEnd=    46.79559 grad=  1.4018e+00
  pitchDecay=   -44.54303 grad= -3.0521e-01
  bodyAmp=     0.99696 grad=  8.1121e-03
  ampDecay=   -10.57862 grad=  1.6368e-03
  clickFreq=   447.70181 grad= -1.1335e-03
  clickAmp=     1.03678 grad=  3.7149e-03
  clickDecay=  -391.45480 grad=  2.7136e-04
  noiseCutoff= 12631.93066 grad= -1.2278e-01
  noiseAmp=     0.00101 grad= -2.8261e+01
  noiseDecay=    -9.74121 grad=  8.7434e-02
  drive=     3.51909 grad= -4.7366e-03
  outGain=     0.14638 grad= -1.1204e-01
  bodyAsymmetry=    -0.07992 grad=  3.2418e-03
  bodyHarmonic=    -0.78068 grad=  8.1119e-04
  ampCurve=    -4.13147 grad=  1.6793e-03
epoch=599 loss=2.122610
  fStart=   266.55341 grad= -4.0072e-01
  fEnd=    46.79520 grad= -9.8416e-01
  pitchDecay=   -44.54144 grad=  3.9182e-01
  bodyAmp=     0.99637 grad= -8.0699e-03
  ampDecay=   -10.58107 grad= -3.6565e-04
  clickFreq=   447.78036 grad=  2.8129e-03
  clickAmp=     1.03482 grad=  3.5822e-03
  clickDecay=  -391.01733 grad=  2.2732e-04
  noiseCutoff= 12663.93164 grad= -7.9112e-02
  noiseAmp=     0.00106 grad=  2.2762e+01
  noiseDecay=    -9.71561 grad=  4.5415e-03
  drive=     3.51912 grad=  5.6544e-03
  outGain=     0.14566 grad=  2.2297e-01
  bodyAsymmetry=    -0.07994 grad= -1.4536e-03
  bodyHarmonic=    -0.78007 grad= -9.3234e-04
  ampCurve=    -4.14084 grad=  1.2785e-03
refine epoch=0 loss=2.122610
refine epoch=10 loss=2.122612
refine epoch=20 loss=2.122609
refine epoch=30 loss=2.122561
refine epoch=40 loss=2.122441
refine epoch=50 loss=2.122519
refine epoch=60 loss=2.123250
refine epoch=70 loss=2.122560
refine epoch=80 loss=2.122732
refine epoch=90 loss=2.122626
refine epoch=100 loss=2.122666
refine epoch=110 loss=2.122611
refine epoch=120 loss=2.122596
refine epoch=130 loss=2.122420
refine epoch=140 loss=2.122631
refine epoch=150 loss=2.122751
refine epoch=160 loss=2.122653
refine epoch=170 loss=2.122606
refine epoch=180 loss=2.122616
refine epoch=190 loss=2.122522
refine epoch=200 loss=2.122495
refine epoch=210 loss=2.122581
refine epoch=220 loss=2.122509
refine epoch=230 loss=2.122474
refine epoch=240 loss=2.122439
refine epoch=250 loss=2.122612
refine epoch=260 loss=2.122542
refine epoch=270 loss=2.122545
refine epoch=280 loss=2.122513
refine epoch=290 loss=2.122501
epoch=0 loss=3.875832
  fStart=   244.90578 grad= -3.3616e-01
  fEnd=    47.35925 grad= -1.8648e-01
  pitchDecay=   -31.00250 grad=  9.9139e-02
  bodyAmp=     0.48422 grad=  1.9854e-02
  ampDecay=   -24.46040 grad= -3.0526e-02
  clickFreq=   814.71661 grad= -5.5115e-02
  clickAmp=     0.31132 grad=  4.5447e-02
  clickDecay=  -253.88960 grad= -1.7000e-02
  noiseCutoff= 11380.40430 grad=  4.5079e-01
  noiseAmp=     0.01358 grad=  2.5099e+01
  noiseDecay=   -81.84522 grad= -4.5209e-01
  drive=     2.35161 grad=  1.5503e-01
  outGain=     0.78850 grad=  6.2470e-01
  bodyAsymmetry=    -0.39663 grad= -5.7129e-01
  bodyHarmonic=     0.16379 grad= -7.4731e-02
  ampCurve=    -0.89431 grad= -7.3053e-03
epoch=10 loss=3.410595
  fStart=   244.76662 grad=  1.0995e+00
  fEnd=    47.43426 grad=  9.6298e-01
  pitchDecay=   -31.06513 grad= -8.0996e-01
  bodyAmp=     0.28121 grad= -6.2981e-01
  ampDecay=   -24.16193 grad= -2.6419e-02
  clickFreq=   828.87622 grad=  1.7285e-01
  clickAmp=     0.36623 grad=  4.6626e-01
  clickDecay=  -261.21649 grad=  5.5279e-03
  noiseCutoff= 10849.46484 grad= -8.4039e-02
  noiseAmp=     0.00241 grad= -3.4336e+01
  noiseDecay=   -85.81148 grad=  2.8762e-01
  drive=     2.29583 grad= -3.8856e-02
  outGain=     0.59811 grad= -1.3647e-01
  bodyAsymmetry=    -0.10479 grad=  7.8528e-01
  bodyHarmonic=     0.45608 grad= -1.8303e-02
  ampCurve=    -0.59643 grad= -6.2183e-03
epoch=20 loss=3.248422
  fStart=   244.43980 grad= -3.9523e-01
  fEnd=    47.39134 grad= -1.2842e-01
  pitchDecay=   -31.10089 grad=  2.0497e-01
  bodyAmp=     0.50214 grad= -1.6244e-01
  ampDecay=   -23.86530 grad= -3.0374e-02
  clickFreq=   796.41199 grad= -3.6772e-02
  clickAmp=     0.17779 grad= -1.2993e-01
  clickDecay=  -252.40271 grad= -4.4717e-03
  noiseCutoff= 10561.33105 grad=  1.9412e-01
  noiseAmp=     0.00565 grad=  2.1930e+01
  noiseDecay=   -70.34416 grad=  6.0531e-02
  drive=     2.30944 grad=  8.3360e-03
  outGain=     0.57240 grad=  1.7585e-01
  bodyAsymmetry=    -0.08979 grad= -1.3202e+00
  bodyHarmonic=     0.65688 grad= -2.1341e-02
  ampCurve=    -0.29947 grad= -7.5629e-03
epoch=30 loss=3.117739
  fStart=   245.25708 grad=  7.9422e-03
  fEnd=    47.51023 grad= -5.2882e-01
  pitchDecay=   -31.02031 grad=  8.6853e-02
  bodyAmp=     0.68751 grad= -1.1247e-01
  ampDecay=   -23.56128 grad= -3.1553e-02
  clickFreq=   776.59180 grad= -6.6463e-03
  clickAmp=     0.03403 grad= -1.8103e-01
  clickDecay=  -269.79617 grad=  9.7903e-05
  noiseCutoff= 10239.87891 grad=  1.1029e-01
  noiseAmp=     0.00415 grad=  2.1620e+01
  noiseDecay=   -54.65733 grad=  1.2255e-01
  drive=     2.34666 grad=  2.7002e-03
  outGain=     0.56896 grad=  1.4915e-01
  bodyAsymmetry=    -0.05576 grad= -1.8451e+00
  bodyHarmonic=     0.73004 grad= -1.1717e-02
  ampCurve=     0.00000 grad= -8.3713e-03
epoch=40 loss=3.008168
  fStart=   245.22820 grad= -1.8485e-01
  fEnd=    47.64082 grad= -4.7692e-01
  pitchDecay=   -30.99386 grad=  2.3337e-01
  bodyAmp=     0.81371 grad= -8.2758e-02
  ampDecay=   -23.25328 grad= -3.1786e-02
  clickFreq=   760.59058 grad=  0.0000e+00
  clickAmp=     0.00000 grad= -9.0267e-02
  clickDecay=  -280.98676 grad=  0.0000e+00
  noiseCutoff= 10092.94629 grad=  1.9668e-02
  noiseAmp=     0.00264 grad=  1.2819e+01
  noiseDecay=   -42.44203 grad=  2.3730e-01
  drive=     2.38328 grad= -1.4060e-02
  outGain=     0.57526 grad=  5.9329e-02
  bodyAsymmetry=    -0.03697 grad= -1.2235e+00
  bodyHarmonic=     0.67402 grad=  6.0501e-03
  ampCurve=     0.00000 grad= -8.8217e-03
epoch=50 loss=2.972929
  fStart=   245.00810 grad=  4.0136e-01
  fEnd=    47.84050 grad= -1.7971e-01
  pitchDecay=   -30.93180 grad= -1.9534e-01
  bodyAmp=     0.93438 grad= -9.4369e-02
  ampDecay=   -22.93937 grad= -3.3127e-02
  clickFreq=   754.52081 grad=  0.0000e+00
  clickAmp=     0.00000 grad=  3.0072e-02
  clickDecay=  -285.45370 grad=  0.0000e+00
  noiseCutoff=  9737.51855 grad=  1.0779e-01
  noiseAmp=     0.00351 grad=  3.2847e+01
  noiseDecay=   -38.18794 grad=  1.2843e-01
  drive=     2.40109 grad=  1.1306e-02
  outGain=     0.50733 grad=  2.5543e-01
  bodyAsymmetry=    -0.03458 grad= -1.8541e-01
  bodyHarmonic=     0.61372 grad=  2.6214e-02
  ampCurve=     0.00000 grad= -9.0333e-03
epoch=60 loss=3.485570
  fStart=   244.88301 grad=  2.7583e-01
  fEnd=    48.03924 grad=  5.5282e-01
  pitchDecay=   -30.90412 grad= -4.2449e-01
  bodyAmp=     1.00000 grad= -1.2712e-01
  ampDecay=   -22.62993 grad= -3.4070e-02
  clickFreq=   752.21527 grad=  0.0000e+00
  clickAmp=     0.00000 grad= -1.1561e-01
  clickDecay=  -287.17871 grad=  0.0000e+00
  noiseCutoff=  9596.80664 grad=  0.0000e+00
  noiseAmp=     0.00000 grad= -5.7236e+00
  noiseDecay=   -31.61167 grad=  0.0000e+00
  drive=     2.42703 grad= -5.2376e-02
  outGain=     0.45230 grad= -1.7606e-01
  bodyAsymmetry=    -0.03468 grad= -1.4042e+00
  bodyHarmonic=     0.49563 grad= -4.8800e-02
  ampCurve=     0.00000 grad= -9.2879e-03
epoch=70 loss=2.855079
  fStart=   244.40752 grad=  5.9071e-01
  fEnd=    48.13562 grad=  5.1899e-03
  pitchDecay=   -30.95506 grad= -2.2131e-01
  bodyAmp=     1.00000 grad= -3.1560e-02
  ampDecay=   -22.32214 grad= -2.9966e-02
  clickFreq=   751.34918 grad=  0.0000e+00
  clickAmp=     0.00000 grad=  3.2769e-03
  clickDecay=  -287.83087 grad=  0.0000e+00
  noiseCutoff=  9457.62207 grad= -2.4948e-01
  noiseAmp=     0.00126 grad= -1.5197e+02
  noiseDecay=   -25.80675 grad=  5.5946e-01
  drive=     2.46102 grad= -9.0440e-02
  outGain=     0.40926 grad= -5.8373e-01
  bodyAsymmetry=    -0.02933 grad=  3.2199e-01
  bodyHarmonic=     0.41382 grad=  2.2809e-03
  ampCurve=     0.00000 grad= -8.9176e-03
epoch=80 loss=2.691859
  fStart=   244.20761 grad= -2.6686e-01
  fEnd=    48.21020 grad= -2.1881e-01
  pitchDecay=   -30.99789 grad=  8.1344e-02
  bodyAmp=     1.00000 grad= -5.5369e-02
  ampDecay=   -22.02468 grad= -3.2197e-02
  clickFreq=   751.08234 grad=  0.0000e+00
  clickAmp=     0.00000 grad= -7.5757e-02
  clickDecay=  -288.08820 grad=  0.0000e+00
  noiseCutoff=  9751.32812 grad=  1.5362e-01
  noiseAmp=     0.00136 grad=  1.4083e+02
  noiseDecay=   -18.40333 grad=  1.0644e-01
  drive=     2.53358 grad=  5.3823e-02
  outGain=     0.51548 grad=  4.5534e-01
  bodyAsymmetry=    -0.03277 grad= -1.4010e+00
  bodyHarmonic=     0.36607 grad=  6.4735e-03
  ampCurve=     0.00000 grad= -9.1995e-03
epoch=90 loss=3.442830
  fStart=   244.24535 grad= -7.6632e-02
  fEnd=    48.22044 grad= -3.0593e-01
  pitchDecay=   -31.01854 grad=  1.5933e-01
  bodyAmp=     1.00000 grad= -5.5502e-02
  ampDecay=   -21.74116 grad= -3.3914e-02
  clickFreq=   751.02753 grad=  0.0000e+00
  clickAmp=     0.00000 grad=  1.6374e-01
  clickDecay=  -288.20389 grad=  0.0000e+00
  noiseCutoff= 10055.20898 grad=  0.0000e+00
  noiseAmp=     0.00000 grad= -1.2497e+01
  noiseDecay=   -13.78858 grad=  0.0000e+00
  drive=     2.57055 grad= -2.1592e-02
  outGain=     0.56103 grad= -1.8447e-02
  bodyAsymmetry=    -0.02896 grad=  6.7395e-01
  bodyHarmonic=     0.25356 grad= -1.2485e-02
  ampCurve=     0.00000 grad= -9.9235e-03
epoch=100 loss=2.560901
  fStart=   244.36021 grad=  1.9192e-02
  fEnd=    48.21587 grad=  3.7790e-02
  pitchDecay=   -31.02453 grad= -7.1822e-02
  bodyAmp=     1.00000 grad= -9.1174e-02
  ampDecay=   -21.45634 grad= -3.1617e-02
  clickFreq=   751.00751 grad=  0.0000e+00
  clickAmp=     0.00000 grad= -1.2852e-01
  clickDecay=  -288.24606 grad=  0.0000e+00
  noiseCutoff=  9778.01660 grad=  1.7870e-01
  noiseAmp=     0.00103 grad=  2.4487e+02
  noiseDecay=   -13.05317 grad= -8.6171e-02
  drive=     2.54081 grad=  6.3688e-02
  outGain=     0.43021 grad=  5.2830e-01
  bodyAsymmetry=    -0.02900 grad= -9.6807e-01
  bodyHarmonic=     0.22985 grad= -3.6930e-02
  ampCurve=     0.00000 grad= -8.9378e-03
epoch=110 loss=3.443968
  fStart=   244.31010 grad=  5.3277e-02
  fEnd=    48.22488 grad= -1.5730e-01
  pitchDecay=   -31.03125 grad=  9.8677e-02
  bodyAmp=     1.00000 grad= -1.5753e-01
  ampDecay=   -21.16624 grad= -3.6392e-02
  clickFreq=   751.01465 grad=  2.9682e-04
  clickAmp=     0.01070 grad= -1.4241e-02
  clickDecay=  -288.33514 grad= -1.5212e-04
  noiseCutoff=  9544.82520 grad=  0.0000e+00
  noiseAmp=     0.00000 grad=  3.4889e+01
  noiseDecay=   -12.66628 grad=  0.0000e+00
  drive=     2.54064 grad= -6.2067e-02
  outGain=     0.37617 grad= -2.9199e-01
  bodyAsymmetry=    -0.03057 grad=  1.5616e-01
  bodyHarmonic=     0.42608 grad= -4.2178e-02
  ampCurve=     0.00000 grad= -1.0016e-02
epoch=120 loss=3.123024
  fStart=   244.16116 grad=  3.1224e-02
  fEnd=    48.22937 grad=  1.5896e-01
  pitchDecay=   -31.01071 grad= -5.3640e-02
  bodyAmp=     1.00000 grad=  4.2291e-02
  ampDecay=   -20.86636 grad= -2.8344e-02
  clickFreq=   749.40668 grad=  3.0456e-03
  clickAmp=     0.02183 grad=  5.8059e-02
  clickDecay=  -291.10626 grad= -2.6331e-04
  noiseCutoff=  9462.16895 grad= -2.6540e-01
  noiseAmp=     0.00010 grad= -2.8352e+03
  noiseDecay=   -12.42938 grad=  4.1554e-01
  drive=     2.58754 grad= -8.9306e-02
  outGain=     0.45581 grad= -5.5222e-01
  bodyAsymmetry=    -0.03766 grad= -3.1721e-01
  bodyHarmonic=     0.66267 grad=  1.7828e-02
  ampCurve=     0.00000 grad= -9.6418e-03
epoch=130 loss=2.672501
  fStart=   244.16919 grad= -1.4350e-01
  fEnd=    48.21555 grad=  1.1180e-01
  pitchDecay=   -30.99260 grad=  5.1438e-03
  bodyAmp=     1.00000 grad= -3.5429e-02
  ampDecay=   -20.59136 grad= -3.1822e-02
  clickFreq=   746.14655 grad=  0.0000e+00
  clickAmp=     0.00000 grad=  1.1802e-01
  clickDecay=  -294.65884 grad=  0.0000e+00
  noiseCutoff=  9380.85547 grad=  5.2729e-01
  noiseAmp=     0.00127 grad=  4.7783e+02
  noiseDecay=   -12.31541 grad= -7.3742e-01
  drive=     2.59031 grad=  2.2078e-01
  outGain=     0.45836 grad=  1.5008e+00
  bodyAsymmetry=    -0.03355 grad=  6.7358e-01
  bodyHarmonic=     0.62430 grad=  5.7006e-02
  ampCurve=     0.00000 grad= -9.3293e-03
epoch=140 loss=2.586789
  fStart=   244.17152 grad=  4.8511e-02
  fEnd=    48.21229 grad= -8.7174e-02
  pitchDecay=   -30.99454 grad= -4.0096e-02
  bodyAmp=     1.00000 grad=  2.2389e-02
  ampDecay=   -20.33645 grad= -2.8054e-02
  clickFreq=   744.93073 grad=  0.0000e+00
  clickAmp=     0.00000 grad= -2.1278e-02
  clickDecay=  -296.00034 grad=  0.0000e+00
  noiseCutoff=  9207.74219 grad= -3.9052e-01
  noiseAmp=     0.00047 grad= -6.8786e+02
  noiseDecay=   -12.49773 grad=  6.6521e-01
  drive=     2.55197 grad= -1.1873e-01
  outGain=     0.40558 grad= -8.5109e-01
  bodyAsymmetry=    -0.03095 grad= -1.1335e-01
  bodyHarmonic=     0.43754 grad=  4.9135e-03
  ampCurve=     0.00000 grad= -9.4904e-03
epoch=150 loss=2.572205
  fStart=   244.19725 grad= -3.4082e-01
  fEnd=    48.21510 grad= -4.0736e-01
  pitchDecay=   -31.00596 grad=  2.1982e-01
  bodyAmp=     1.00000 grad= -1.1766e-01
  ampDecay=   -20.08283 grad= -3.4190e-02
  clickFreq=   744.55359 grad= -1.7127e-03
  clickAmp=     0.00908 grad= -2.1426e-02
  clickDecay=  -296.48782 grad= -1.6092e-05
  noiseCutoff=  9134.37988 grad=  3.5608e-01
  noiseAmp=     0.00138 grad=  3.2330e+02
  noiseDecay=   -12.19926 grad= -4.6450e-01
  drive=     2.52939 grad=  1.2942e-01
  outGain=     0.38008 grad=  1.1036e+00
  bodyAsymmetry=    -0.02844 grad=  3.6022e-01
  bodyHarmonic=     0.34088 grad= -4.5448e-03
  ampCurve=     0.00000 grad= -9.5452e-03
epoch=160 loss=2.538604
  fStart=   244.16441 grad= -1.7999e-01
  fEnd=    48.22425 grad= -2.8066e-01
  pitchDecay=   -31.01004 grad=  2.3529e-01
  bodyAmp=     1.00000 grad= -4.2300e-03
  ampDecay=   -19.82810 grad= -2.9473e-02
  clickFreq=   745.97009 grad= -2.5516e-03
  clickAmp=     0.05598 grad= -6.3973e-02
  clickDecay=  -297.51541 grad= -1.3943e-04
  noiseCutoff=  9109.00488 grad= -3.7790e-01
  noiseAmp=     0.00053 grad= -5.7628e+02
  noiseDecay=   -11.77164 grad=  6.2471e-01
  drive=     2.52006 grad= -1.2502e-01
  outGain=     0.36566 grad= -9.6744e-01
  bodyAsymmetry=    -0.03497 grad= -4.7655e-01
  bodyHarmonic=     0.36800 grad= -1.9549e-02
  ampCurve=     0.00000 grad= -9.6221e-03
epoch=170 loss=2.559872
  fStart=   244.45578 grad=  6.9290e-02
  fEnd=    48.26316 grad= -1.3253e-01
  pitchDecay=   -30.97019 grad= -1.4321e-01
  bodyAmp=     1.00000 grad= -9.8242e-02
  ampDecay=   -19.57703 grad= -3.4310e-02
  clickFreq=   747.89948 grad= -1.2163e-03
  clickAmp=     0.08980 grad=  1.1070e-02
  clickDecay=  -301.31726 grad= -2.6305e-04
  noiseCutoff=  9098.29980 grad=  3.9441e-01
  noiseAmp=     0.00137 grad=  3.6235e+02
  noiseDecay=   -11.45875 grad= -5.9090e-01
  drive=     2.51089 grad=  1.5934e-01
  outGain=     0.36361 grad=  1.3613e+00
  bodyAsymmetry=    -0.03781 grad=  5.1613e-02
  bodyHarmonic=     0.40642 grad=  5.3548e-03
  ampCurve=     0.00000 grad= -9.6902e-03
epoch=180 loss=2.510010
  fStart=   245.09433 grad=  9.8758e-01
  fEnd=    48.39675 grad=  1.4317e+00
  pitchDecay=   -30.93157 grad= -8.2912e-01
  bodyAmp=     1.00000 grad=  1.6572e-03
  ampDecay=   -19.33027 grad= -2.9634e-02
  clickFreq=   747.76678 grad= -1.1196e-04
  clickAmp=     0.09979 grad=  3.1163e-03
  clickDecay=  -309.06320 grad= -7.0273e-04
  noiseCutoff=  9059.72656 grad= -3.7152e-01
  noiseAmp=     0.00056 grad= -5.2820e+02
  noiseDecay=   -11.40234 grad=  5.9622e-01
  drive=     2.49568 grad= -1.1725e-01
  outGain=     0.35218 grad= -9.2418e-01
  bodyAsymmetry=    -0.03866 grad=  1.2774e-02
  bodyHarmonic=     0.40355 grad= -9.4558e-04
  ampCurve=     0.00000 grad= -9.7657e-03
epoch=190 loss=2.521280
  fStart=   244.69403 grad= -1.4422e+00
  fEnd=    48.37394 grad= -1.1569e+00
  pitchDecay=   -31.03706 grad=  9.6008e-01
  bodyAmp=     1.00000 grad= -1.0506e-01
  ampDecay=   -19.08907 grad= -3.5091e-02
  clickFreq=   748.29688 grad= -1.4704e-04
  clickAmp=     0.10257 grad= -2.6209e-03
  clickDecay=  -324.46802 grad= -4.2257e-04
  noiseCutoff=  9062.94922 grad=  3.3446e-01
  noiseAmp=     0.00135 grad=  3.2980e+02
  noiseDecay=   -11.26986 grad= -5.1969e-01
  drive=     2.48429 grad=  1.3733e-01
  outGain=     0.34895 grad=  1.2372e+00
  bodyAsymmetry=    -0.03826 grad=  1.1465e-01
  bodyHarmonic=     0.38053 grad=  1.7356e-03
  ampCurve=     0.00000 grad= -9.9073e-03
epoch=200 loss=2.483692
  fStart=   245.02188 grad=  6.7027e-01
  fEnd=    48.46877 grad=  1.0399e+00
  pitchDecay=   -31.03698 grad= -6.6132e-01
  bodyAmp=     1.00000 grad= -4.6261e-03
  ampDecay=   -18.85275 grad= -2.9908e-02
  clickFreq=   746.79614 grad= -2.6799e-03
  clickAmp=     0.10913 grad= -3.2780e-02
  clickDecay=  -341.91406 grad= -6.3611e-04
  noiseCutoff=  9074.85059 grad= -3.6689e-01
  noiseAmp=     0.00058 grad= -4.9485e+02
  noiseDecay=   -11.16673 grad=  5.7578e-01
  drive=     2.47425 grad= -1.1919e-01
  outGain=     0.34126 grad= -9.6060e-01
  bodyAsymmetry=    -0.03941 grad= -2.5859e-01
  bodyHarmonic=     0.37900 grad= -8.2530e-03
  ampCurve=     0.00000 grad= -9.8831e-03
epoch=210 loss=2.498892
  fStart=   244.32898 grad= -9.2722e-01
  fEnd=    48.32078 grad= -1.1783e+00
  pitchDecay=   -31.18303 grad=  6.9020e-01
  bodyAmp=     1.00000 grad= -9.6686e-02
  ampDecay=   -18.62301 grad= -3.5103e-02
  clickFreq=   747.63916 grad= -3.9099e-03
  clickAmp=     0.11893 grad= -1.0051e-03
  clickDecay=  -362.23907 grad= -7.3582e-04
  noiseCutoff=  9113.55762 grad=  3.1830e-01
  noiseAmp=     0.00133 grad=  3.3119e+02
  noiseDecay=   -11.02233 grad= -5.2318e-01
  drive=     2.46715 grad=  1.3960e-01
  outGain=     0.34069 grad=  1.2436e+00
  bodyAsymmetry=    -0.03961 grad= -1.3107e-03
  bodyHarmonic=     0.38756 grad=  1.2325e-03
  ampCurve=     0.00000 grad= -1.0087e-02
epoch=220 loss=2.454587
  fStart=   244.77409 grad=  3.8473e-01
  fEnd=    48.45622 grad= -1.1909e-01
  pitchDecay=   -31.14195 grad= -2.6638e-01
  bodyAmp=     1.00000 grad= -5.7783e-03
  ampDecay=   -18.39862 grad= -3.0224e-02
  clickFreq=   750.62335 grad= -3.0797e-03
  clickAmp=     0.12554 grad= -1.7015e-02
  clickDecay=  -384.95718 grad= -7.8045e-04
  noiseCutoff=  9141.90039 grad= -3.5558e-01
  noiseAmp=     0.00060 grad= -4.4985e+02
  noiseDecay=   -10.96998 grad=  5.4426e-01
  drive=     2.45812 grad= -1.1334e-01
  outGain=     0.33347 grad= -9.2873e-01
  bodyAsymmetry=    -0.04067 grad= -1.5598e-01
  bodyHarmonic=     0.39613 grad= -9.2993e-03
  ampCurve=     0.00000 grad= -1.0047e-02
epoch=230 loss=2.470080
  fStart=   244.60654 grad=  3.5833e-01
  fEnd=    48.47588 grad=  1.0224e+00
  pitchDecay=   -31.19371 grad= -4.6546e-01
  bodyAmp=     1.00000 grad= -9.3772e-02
  ampDecay=   -18.18136 grad= -3.4985e-02
  clickFreq=   756.12396 grad= -6.2331e-03
  clickAmp=     0.13072 grad= -7.5659e-03
  clickDecay=  -412.68341 grad= -9.3320e-04
  noiseCutoff=  9191.44141 grad=  2.8840e-01
  noiseAmp=     0.00131 grad=  3.1684e+02
  noiseDecay=   -10.87484 grad= -4.8852e-01
  drive=     2.45131 grad=  1.3059e-01
  outGain=     0.33132 grad=  1.2016e+00
  bodyAsymmetry=    -0.04108 grad= -5.0278e-02
  bodyHarmonic=     0.40696 grad=  2.0222e-03
  ampCurve=     0.00000 grad= -1.0157e-02
epoch=240 loss=2.429760
  fStart=   244.76102 grad= -2.1603e-01
  fEnd=    48.47984 grad= -6.5588e-01
  pitchDecay=   -31.23036 grad=  1.1933e-01
  bodyAmp=     1.00000 grad= -6.1034e-03
  ampDecay=   -17.97079 grad= -3.0585e-02
  clickFreq=   765.81647 grad= -8.6809e-03
  clickAmp=     0.13703 grad= -1.2486e-02
  clickDecay=  -446.56155 grad= -9.0340e-04
  noiseCutoff=  9237.66504 grad= -3.4535e-01
  noiseAmp=     0.00063 grad= -4.1133e+02
  noiseDecay=   -10.82218 grad=  5.1848e-01
  drive=     2.44379 grad= -1.0842e-01
  outGain=     0.32349 grad= -9.2158e-01
  bodyAsymmetry=    -0.04170 grad= -5.2571e-02
  bodyHarmonic=     0.40818 grad= -3.6177e-03
  ampCurve=     0.00000 grad= -1.0201e-02
epoch=250 loss=2.443804
  fStart=   244.87273 grad= -2.7447e-01
  fEnd=    48.50274 grad= -1.0381e-01
  pitchDecay=   -31.26937 grad=  6.1615e-02
  bodyAmp=     1.00000 grad= -9.6403e-02
  ampDecay=   -17.76702 grad= -3.5455e-02
  clickFreq=   780.97266 grad= -7.0203e-03
  clickAmp=     0.14507 grad= -4.2324e-03
  clickDecay=  -484.52240 grad= -9.2057e-04
  noiseCutoff=  9305.27930 grad=  2.6036e-01
  noiseAmp=     0.00129 grad=  3.0410e+02
  noiseDecay=   -10.71669 grad= -4.5627e-01
  drive=     2.43888 grad=  1.2053e-01
  outGain=     0.32084 grad=  1.1567e+00
  bodyAsymmetry=    -0.04251 grad=  1.3229e-03
  bodyHarmonic=     0.41171 grad=  4.5334e-04
  ampCurve=     0.00000 grad= -1.0372e-02
epoch=260 loss=2.404828
  fStart=   245.05519 grad= -1.9238e-01
  fEnd=    48.49907 grad= -6.0361e-01
  pitchDecay=   -31.29733 grad=  1.4119e-01
  bodyAmp=     1.00000 grad= -1.1724e-02
  ampDecay=   -17.56940 grad= -3.0995e-02
  clickFreq=   802.20648 grad= -1.6112e-02
  clickAmp=     0.15275 grad= -8.2055e-03
  clickDecay=  -522.37769 grad=  4.2428e-05
  noiseCutoff=  9367.54395 grad= -3.3141e-01
  noiseAmp=     0.00065 grad= -3.7115e+02
  noiseDecay=   -10.65457 grad=  4.8803e-01
  drive=     2.43381 grad= -1.0434e-01
  outGain=     0.31318 grad= -8.9608e-01
  bodyAsymmetry=    -0.04377 grad= -2.4930e-02
  bodyHarmonic=     0.42366 grad= -4.7176e-03
  ampCurve=     0.00000 grad= -1.0354e-02
epoch=270 loss=2.418404
  fStart=   245.09177 grad=  1.6767e-01
  fEnd=    48.51131 grad=  4.4318e-01
  pitchDecay=   -31.31765 grad= -1.3301e-01
  bodyAmp=     1.00000 grad= -9.4238e-02
  ampDecay=   -17.37909 grad= -3.5529e-02
  clickFreq=   828.81854 grad= -5.4795e-03
  clickAmp=     0.16031 grad= -2.2089e-03
  clickDecay=  -536.90002 grad=  9.4422e-04
  noiseCutoff=  9445.56250 grad=  2.3370e-01
  noiseAmp=     0.00126 grad=  2.9151e+02
  noiseDecay=   -10.55752 grad= -4.2600e-01
  drive=     2.43075 grad=  1.1234e-01
  outGain=     0.30952 grad=  1.1226e+00
  bodyAsymmetry=    -0.04496 grad=  2.8258e-02
  bodyHarmonic=     0.43565 grad=  3.2976e-03
  ampCurve=     0.00000 grad= -1.0455e-02
epoch=280 loss=2.382944
  fStart=   245.06418 grad= -1.3025e+00
  fEnd=    48.50689 grad= -1.3819e+00
  pitchDecay=   -31.31450 grad=  8.9666e-01
  bodyAmp=     1.00000 grad= -1.4687e-02
  ampDecay=   -17.19625 grad= -3.1111e-02
  clickFreq=   844.92456 grad=  6.3185e-03
  clickAmp=     0.16831 grad= -6.4180e-03
  clickDecay=  -513.68713 grad=  1.3518e-03
  noiseCutoff=  9518.89062 grad= -3.2038e-01
  noiseAmp=     0.00067 grad= -3.3626e+02
  noiseDecay=   -10.49384 grad=  4.6102e-01
  drive=     2.42722 grad= -9.9851e-02
  outGain=     0.30112 grad= -8.8594e-01
  bodyAsymmetry=    -0.04605 grad=  6.0154e-03
  bodyHarmonic=     0.44002 grad= -2.8652e-03
  ampCurve=     0.00000 grad= -1.0407e-02
epoch=290 loss=2.394616
  fStart=   244.89925 grad= -3.5616e-01
  fEnd=    48.44894 grad=  1.4892e-01
  pitchDecay=   -31.31824 grad=  4.5137e-02
  bodyAmp=     1.00000 grad= -9.2276e-02
  ampDecay=   -17.02165 grad= -3.5602e-02
  clickFreq=   842.82288 grad=  5.0314e-03
  clickAmp=     0.17713 grad= -3.9967e-03
  clickDecay=  -474.08786 grad=  1.2739e-03
  noiseCutoff=  9607.73145 grad=  2.0312e-01
  noiseAmp=     0.00124 grad=  2.7481e+02
  noiseDecay=   -10.39202 grad= -3.8931e-01
  drive=     2.42564 grad=  1.0175e-01
  outGain=     0.29668 grad=  1.0621e+00
  bodyAsymmetry=    -0.04673 grad=  1.9031e-02
  bodyHarmonic=     0.44239 grad=  1.7961e-03
  ampCurve=     0.00000 grad= -1.0527e-02
epoch=300 loss=2.362398
  fStart=   245.01733 grad= -3.3839e-01
  fEnd=    48.39620 grad= -9.6448e-02
  pitchDecay=   -31.32197 grad=  1.0162e-01
  bodyAmp=     1.00000 grad= -1.9623e-02
  ampDecay=   -16.85424 grad= -3.1508e-02
  clickFreq=   835.63019 grad= -3.5814e-03
  clickAmp=     0.18704 grad= -9.7278e-03
  clickDecay=  -429.45325 grad=  1.5579e-03
  noiseCutoff=  9692.22266 grad= -3.0401e-01
  noiseAmp=     0.00070 grad= -2.9709e+02
  noiseDecay=   -10.31818 grad=  4.2436e-01
  drive=     2.42392 grad= -9.4490e-02
  outGain=     0.28864 grad= -8.7981e-01
  bodyAsymmetry=    -0.04751 grad= -1.0575e-02
  bodyHarmonic=     0.44578 grad= -3.9743e-03
  ampCurve=     0.00000 grad= -1.0478e-02
epoch=310 loss=2.371867
  fStart=   245.11444 grad=  1.8357e-01
  fEnd=    48.39313 grad=  2.0904e-01
  pitchDecay=   -31.32982 grad= -1.3049e-01
  bodyAmp=     1.00000 grad= -9.3988e-02
  ampDecay=   -16.69426 grad= -3.5682e-02
  clickFreq=   838.05231 grad= -3.4980e-03
  clickAmp=     0.19729 grad= -9.0402e-03
  clickDecay=  -385.49652 grad=  2.0636e-03
  noiseCutoff=  9786.85156 grad=  1.7432e-01
  noiseAmp=     0.00121 grad=  2.5831e+02
  noiseDecay=   -10.22167 grad= -3.5297e-01
  drive=     2.42384 grad=  8.9603e-02
  outGain=     0.28409 grad=  9.9523e-01
  bodyAsymmetry=    -0.04856 grad= -9.1260e-03
  bodyHarmonic=     0.45389 grad=  8.5984e-04
  ampCurve=     0.00000 grad= -1.0583e-02
epoch=320 loss=2.343415
  fStart=   245.11911 grad=  4.7785e-02
  fEnd=    48.39470 grad= -6.8181e-02
  pitchDecay=   -31.33660 grad=  2.7322e-02
  bodyAmp=     1.00000 grad= -2.3448e-02
  ampDecay=   -16.54183 grad= -3.1600e-02
  clickFreq=   839.10236 grad=  8.1931e-03
  clickAmp=     0.20818 grad= -1.3087e-02
  clickDecay=  -335.24106 grad=  2.8131e-03
  noiseCutoff=  9876.13867 grad= -2.8968e-01
  noiseAmp=     0.00072 grad= -2.6485e+02
  noiseDecay=   -10.15251 grad=  3.9314e-01
  drive=     2.42366 grad= -8.9877e-02
  outGain=     0.27621 grad= -8.7255e-01
  bodyAsymmetry=    -0.04968 grad= -2.3914e-02
  bodyHarmonic=     0.46216 grad= -3.1598e-03
  ampCurve=     0.00000 grad= -1.0495e-02
epoch=330 loss=2.351024
  fStart=   245.07903 grad= -1.3052e-01
  fEnd=    48.39990 grad= -1.0368e-01
  pitchDecay=   -31.33933 grad=  5.1743e-02
  bodyAmp=     1.00000 grad= -8.8547e-02
  ampDecay=   -16.39754 grad= -3.5505e-02
  clickFreq=   836.64246 grad= -3.9360e-03
  clickAmp=     0.22080 grad= -8.5073e-03
  clickDecay=  -282.92035 grad=  2.5518e-03
  noiseCutoff=  9974.23730 grad=  1.4663e-01
  noiseAmp=     0.00119 grad=  2.4130e+02
  noiseDecay=   -10.06333 grad= -3.1966e-01
  drive=     2.42470 grad=  8.0814e-02
  outGain=     0.27214 grad=  9.3031e-01
  bodyAsymmetry=    -0.05068 grad=  1.7316e-02
  bodyHarmonic=     0.46393 grad=  4.6826e-03
  ampCurve=     0.00000 grad= -1.0587e-02
epoch=340 loss=2.325253
  fStart=   245.08675 grad= -9.6571e-03
  fEnd=    48.39946 grad=  4.5785e-02
  pitchDecay=   -31.33751 grad=  1.2979e-02
  bodyAmp=     1.00000 grad= -2.6203e-02
  ampDecay=   -16.26097 grad= -3.1695e-02
  clickFreq=   837.91205 grad=  1.9221e-02
  clickAmp=     0.23363 grad= -1.1749e-02
  clickDecay=  -240.93050 grad=  2.8932e-03
  noiseCutoff= 10065.89746 grad= -2.6888e-01
  noiseAmp=     0.00075 grad= -2.2822e+02
  noiseDecay=   -10.00032 grad=  3.5514e-01
  drive=     2.42529 grad= -8.2345e-02
  outGain=     0.26550 grad= -8.3596e-01
  bodyAsymmetry=    -0.05190 grad= -6.9524e-03
  bodyHarmonic=     0.45870 grad= -1.9428e-04
  ampCurve=     0.00000 grad= -1.0472e-02
epoch=350 loss=2.333009
  fStart=   245.06921 grad=  8.6059e-02
  fEnd=    48.39965 grad=  3.8301e-02
  pitchDecay=   -31.33606 grad= -4.6064e-02
  bodyAmp=     1.00000 grad= -9.0180e-02
  ampDecay=   -16.13215 grad= -3.5473e-02
  clickFreq=   839.72760 grad=  7.5714e-03
  clickAmp=     0.24471 grad= -6.6594e-03
  clickDecay=  -213.72514 grad=  5.5195e-04
  noiseCutoff= 10162.01270 grad=  1.2130e-01
  noiseAmp=     0.00116 grad=  2.2627e+02
  noiseDecay=    -9.92608 grad= -2.9021e-01
  drive=     2.42672 grad=  7.0554e-02
  outGain=     0.26226 grad=  8.5542e-01
  bodyAsymmetry=    -0.05276 grad=  4.7811e-03
  bodyHarmonic=     0.45292 grad=  1.2855e-03
  ampCurve=     0.00000 grad= -1.0595e-02
epoch=360 loss=2.309148
  fStart=   245.03590 grad= -1.5100e-01
  fEnd=    48.40115 grad= -2.7176e-01
  pitchDecay=   -31.33558 grad=  1.1903e-01
  bodyAmp=     1.00000 grad= -2.9803e-02
  ampDecay=   -16.01069 grad= -3.1924e-02
  clickFreq=   841.94757 grad=  4.4801e-02
  clickAmp=     0.25554 grad= -4.6984e-03
  clickDecay=  -194.23676 grad=  4.0773e-04
  noiseCutoff= 10249.57031 grad= -2.4579e-01
  noiseAmp=     0.00077 grad= -1.8958e+02
  noiseDecay=    -9.87837 grad=  3.1357e-01
  drive=     2.42765 grad= -7.3078e-02
  outGain=     0.25738 grad= -7.7471e-01
  bodyAsymmetry=    -0.05376 grad=  7.2606e-02
  bodyHarmonic=     0.45099 grad= -1.1820e-03
  ampCurve=     0.00000 grad= -1.0518e-02
epoch=370 loss=2.318262
  fStart=   245.02165 grad=  3.6007e-01
  fEnd=    48.41854 grad=  1.0580e+00
  pitchDecay=   -31.33899 grad= -3.3373e-01
  bodyAmp=     1.00000 grad= -9.0258e-02
  ampDecay=   -15.89696 grad= -3.5760e-02
  clickFreq=   837.70715 grad= -6.8604e-02
  clickAmp=     0.26496 grad= -3.2168e-02
  clickDecay=  -185.39778 grad= -4.2356e-04
  noiseCutoff= 10337.67578 grad=  1.0214e-01
  noiseAmp=     0.00114 grad=  2.1453e+02
  noiseDecay=    -9.82728 grad= -2.6479e-01
  drive=     2.42884 grad=  5.9914e-02
  outGain=     0.25498 grad=  7.9159e-01
  bodyAsymmetry=    -0.05560 grad= -2.1138e-01
  bodyHarmonic=     0.45225 grad= -4.0870e-03
  ampCurve=     0.00000 grad= -1.0648e-02
epoch=380 loss=2.295374
  fStart=   245.00717 grad= -1.7303e-01
  fEnd=    48.40615 grad= -1.5356e-01
  pitchDecay=   -31.33662 grad=  2.3007e-01
  bodyAmp=     1.00000 grad= -3.2000e-02
  ampDecay=   -15.78983 grad= -3.2416e-02
  clickFreq=   843.32416 grad= -1.3313e-02
  clickAmp=     0.27756 grad= -2.5511e-02
  clickDecay=  -174.71500 grad=  6.9519e-03
  noiseCutoff= 10417.75098 grad= -2.2846e-01
  noiseAmp=     0.00080 grad= -1.5735e+02
  noiseDecay=    -9.79747 grad=  2.7874e-01
  drive=     2.42988 grad= -6.7594e-02
  outGain=     0.25070 grad= -7.1237e-01
  bodyAsymmetry=    -0.05628 grad= -7.5132e-02
  bodyHarmonic=     0.45306 grad= -2.2536e-03
  ampCurve=     0.00000 grad= -1.0569e-02
epoch=390 loss=2.303087
  fStart=   244.91501 grad=  8.2779e-02
  fEnd=    48.41251 grad=  7.4093e-02
  pitchDecay=   -31.32071 grad=  3.5710e-03
  bodyAmp=     1.00000 grad= -9.0475e-02
  ampDecay=   -15.68974 grad= -3.5605e-02
  clickFreq=   842.93939 grad= -2.1954e-02
  clickAmp=     0.28926 grad=  3.4980e-03
  clickDecay=  -150.36122 grad=  2.5018e-03
  noiseCutoff= 10499.28809 grad=  7.6276e-02
  noiseAmp=     0.00112 grad=  1.9497e+02
  noiseDecay=    -9.75886 grad= -2.2881e-01
  drive=     2.43142 grad=  5.2697e-02
  outGain=     0.24848 grad=  7.1739e-01
  bodyAsymmetry=    -0.05701 grad=  2.3718e-02
  bodyHarmonic=     0.45347 grad=  4.7627e-04
  ampCurve=     0.00000 grad= -1.0665e-02
epoch=400 loss=2.283954
  fStart=   244.89072 grad= -1.1518e-01
  fEnd=    48.40733 grad=  7.4041e-02
  pitchDecay=   -31.30831 grad=  6.0964e-02
  bodyAmp=     1.00000 grad= -4.0539e-02
  ampDecay=   -15.59654 grad= -3.2424e-02
  clickFreq=   844.48871 grad=  4.6172e-03
  clickAmp=     0.29408 grad=  6.4705e-04
  clickDecay=  -150.00002 grad=  6.2890e-04
  noiseCutoff= 10574.68457 grad= -2.0632e-01
  noiseAmp=     0.00082 grad= -1.2561e+02
  noiseDecay=    -9.73159 grad=  2.4569e-01
  drive=     2.43267 grad= -5.8808e-02
  outGain=     0.24493 grad= -6.2339e-01
  bodyAsymmetry=    -0.05733 grad=  3.5472e-02
  bodyHarmonic=     0.45562 grad=  9.6849e-04
  ampCurve=     0.00000 grad= -1.0519e-02
epoch=410 loss=2.291592
  fStart=   244.91010 grad= -8.1878e-02
  fEnd=    48.39722 grad= -2.7227e-01
  pitchDecay=   -31.29876 grad=  1.3355e-01
  bodyAmp=     1.00000 grad= -8.5193e-02
  ampDecay=   -15.51040 grad= -3.5232e-02
  clickFreq=   845.78796 grad=  1.5968e-02
  clickAmp=     0.29679 grad=  1.7862e-03
  clickDecay=  -150.00002 grad=  2.3376e-03
  noiseCutoff= 10649.32227 grad=  5.6288e-02
  noiseAmp=     0.00109 grad=  1.7716e+02
  noiseDecay=    -9.69746 grad= -1.9761e-01
  drive=     2.43421 grad=  4.4876e-02
  outGain=     0.24331 grad=  6.2396e-01
  bodyAsymmetry=    -0.05754 grad=  4.8978e-02
  bodyHarmonic=     0.45454 grad=  3.2589e-03
  ampCurve=     0.00000 grad= -1.0635e-02
epoch=420 loss=2.274402
  fStart=   244.87880 grad=  1.6019e-01
  fEnd=    48.39898 grad=  2.7179e-01
  pitchDecay=   -31.29228 grad= -1.1803e-01
  bodyAmp=     1.00000 grad= -4.3581e-02
  ampDecay=   -15.43103 grad= -3.2424e-02
  clickFreq=   845.57788 grad= -1.5516e-02
  clickAmp=     0.30046 grad= -5.1140e-03
  clickDecay=  -150.00002 grad=  3.5113e-03
  noiseCutoff= 10716.39941 grad= -1.8427e-01
  noiseAmp=     0.00084 grad= -9.4179e+01
  noiseDecay=    -9.67552 grad=  2.0722e-01
  drive=     2.43537 grad= -5.0953e-02
  outGain=     0.24092 grad= -5.4345e-01
  bodyAsymmetry=    -0.05789 grad=  1.6386e-02
  bodyHarmonic=     0.44815 grad=  1.7570e-03
  ampCurve=     0.00000 grad= -1.0470e-02
epoch=430 loss=2.282215
  fStart=   244.87892 grad=  2.9919e-03
  fEnd=    48.39539 grad= -1.2465e-01
  pitchDecay=   -31.28952 grad=  5.1627e-02
  bodyAmp=     1.00000 grad= -8.7120e-02
  ampDecay=   -15.35815 grad= -3.5075e-02
  clickFreq=   845.73755 grad= -5.1732e-02
  clickAmp=     0.30419 grad= -1.1852e-03
  clickDecay=  -150.00002 grad=  4.6982e-04
  noiseCutoff= 10780.39355 grad=  4.0522e-02
  noiseAmp=     0.00107 grad=  1.6416e+02
  noiseDecay=    -9.65283 grad= -1.7208e-01
  drive=     2.43666 grad=  3.6483e-02
  outGain=     0.23970 grad=  5.4395e-01
  bodyAsymmetry=    -0.05815 grad= -8.4215e-03
  bodyHarmonic=     0.44168 grad= -6.5187e-04
  ampCurve=     0.00000 grad= -1.0590e-02
epoch=440 loss=2.267039
  fStart=   244.87064 grad= -1.0400e-01
  fEnd=    48.39601 grad=  3.0033e-02
  pitchDecay=   -31.28827 grad=  7.5235e-03
  bodyAmp=     1.00000 grad= -4.9806e-02
  ampDecay=   -15.29134 grad= -3.2518e-02
  clickFreq=   846.28699 grad=  7.7197e-02
  clickAmp=     0.30711 grad= -3.4701e-03
  clickDecay=  -150.00002 grad=  2.3192e-03
  noiseCutoff= 10837.62500 grad= -1.6457e-01
  noiseAmp=     0.00086 grad= -6.7926e+01
  noiseDecay=    -9.63971 grad=  1.7650e-01
  drive=     2.43772 grad= -4.4773e-02
  outGain=     0.23776 grad= -4.6697e-01
  bodyAsymmetry=    -0.05835 grad=  7.3419e-03
  bodyHarmonic=     0.43831 grad= -4.2150e-04
  ampCurve=     0.00000 grad= -1.0415e-02
epoch=450 loss=2.274163
  fStart=   244.87004 grad= -1.2709e-01
  fEnd=    48.39528 grad= -1.3900e-01
  pitchDecay=   -31.28808 grad=  7.8773e-02
  bodyAmp=     1.00000 grad= -8.4342e-02
  ampDecay=   -15.23042 grad= -3.4684e-02
  clickFreq=   846.20953 grad=  2.4467e-02
  clickAmp=     0.30889 grad= -1.4857e-03
  clickDecay=  -150.00002 grad=  1.2552e-03
  noiseCutoff= 10891.68945 grad=  2.5693e-02
  noiseAmp=     0.00106 grad=  1.4955e+02
  noiseDecay=    -9.62465 grad= -1.4518e-01
  drive=     2.43893 grad=  2.9972e-02
  outGain=     0.23669 grad=  4.6872e-01
  bodyAsymmetry=    -0.05845 grad= -1.6154e-03
  bodyHarmonic=     0.43825 grad= -9.0146e-05
  ampCurve=     0.00000 grad= -1.0494e-02
epoch=460 loss=2.261465
  fStart=   244.87064 grad= -1.4379e-02
  fEnd=    48.39576 grad=  2.4116e-02
  pitchDecay=   -31.28802 grad= -2.1063e-02
  bodyAmp=     1.00000 grad= -5.1746e-02
  ampDecay=   -15.17505 grad= -3.2471e-02
  clickFreq=   846.04816 grad=  3.6102e-02
  clickAmp=     0.31022 grad= -4.6772e-03
  clickDecay=  -150.00002 grad=  3.2506e-03
  noiseCutoff= 10939.81543 grad= -1.5032e-01
  noiseAmp=     0.00088 grad= -4.6366e+01
  noiseDecay=    -9.61570 grad=  1.4871e-01
  drive=     2.43995 grad= -3.8440e-02
  outGain=     0.23509 grad= -3.9515e-01
  bodyAsymmetry=    -0.05851 grad=  3.8577e-03
  bodyHarmonic=     0.43932 grad=  8.0691e-04
  ampCurve=     0.00000 grad= -1.0360e-02
epoch=470 loss=2.267604
  fStart=   244.86958 grad= -3.7655e-02
  fEnd=    48.39577 grad= -6.9311e-02
  pitchDecay=   -31.28837 grad=  3.1142e-02
  bodyAmp=     1.00000 grad= -8.1760e-02
  ampDecay=   -15.12499 grad= -3.4372e-02
  clickFreq=   846.05261 grad=  1.3933e-02
  clickAmp=     0.31156 grad= -3.2560e-03
  clickDecay=  -150.00002 grad=  1.9157e-03
  noiseCutoff= 10985.29395 grad=  1.0739e-02
  noiseAmp=     0.00104 grad=  1.3430e+02
  noiseDecay=    -9.60419 grad= -1.1798e-01
  drive=     2.44104 grad=  2.3267e-02
  outGain=     0.23420 grad=  3.9343e-01
  bodyAsymmetry=    -0.05862 grad= -2.3949e-03
  bodyHarmonic=     0.44016 grad=  3.7645e-04
  ampCurve=     0.00000 grad= -1.0442e-02
epoch=480 loss=2.257196
  fStart=   244.86795 grad= -4.0349e-02
  fEnd=    48.39624 grad=  1.5265e-02
  pitchDecay=   -31.28864 grad= -9.9145e-03
  bodyAmp=     1.00000 grad= -5.3814e-02
  ampDecay=   -15.07983 grad= -3.2559e-02
  clickFreq=   846.09412 grad=  4.8789e-02
  clickAmp=     0.31326 grad= -6.2904e-03
  clickDecay=  -150.00002 grad=  3.2228e-03
  noiseCutoff= 11025.98535 grad= -1.3493e-01
  noiseAmp=     0.00089 grad= -2.6594e+01
  noiseDecay=    -9.59626 grad=  1.2308e-01
  drive=     2.44196 grad= -3.2549e-02
  outGain=     0.23297 grad= -3.2535e-01
  bodyAsymmetry=    -0.05876 grad=  2.3778e-03
  bodyHarmonic=     0.44038 grad=  7.7308e-04
  ampCurve=     0.00000 grad= -1.0338e-02
epoch=490 loss=2.262261
  fStart=   244.86853 grad=  5.1707e-02
  fEnd=    48.39630 grad= -1.0669e-03
  pitchDecay=   -31.28891 grad= -7.0178e-03
  bodyAmp=     1.00000 grad= -7.8568e-02
  ampDecay=   -15.03923 grad= -3.4185e-02
  clickFreq=   845.93561 grad= -2.5472e-02
  clickAmp=     0.31544 grad= -6.6549e-03
  clickDecay=  -150.00002 grad=  1.2689e-03
  noiseCutoff= 11063.86328 grad= -2.0090e-03
  noiseAmp=     0.00102 grad=  1.2180e+02
  noiseDecay=    -9.58693 grad= -9.5933e-02
  drive=     2.44286 grad=  1.8066e-02
  outGain=     0.23223 grad=  3.2897e-01
  bodyAsymmetry=    -0.05894 grad= -4.0451e-03
  bodyHarmonic=     0.43997 grad= -1.9308e-05
  ampCurve=     0.00000 grad= -1.0409e-02
epoch=500 loss=2.253795
  fStart=   244.86258 grad= -3.4960e-02
  fEnd=    48.39697 grad= -2.4303e-02
  pitchDecay=   -31.28913 grad=  8.1896e-03
  bodyAmp=     1.00000 grad= -5.3439e-02
  ampDecay=   -15.00278 grad= -3.2724e-02
  clickFreq=   846.02271 grad=  4.0150e-02
  clickAmp=     0.31824 grad= -9.9564e-03
  clickDecay=  -150.00002 grad=  2.1670e-03
  noiseCutoff= 11097.46777 grad= -1.2047e-01
  noiseAmp=     0.00090 grad= -8.9563e+00
  noiseDecay=    -9.58093 grad=  9.9293e-02
  drive=     2.44357 grad= -2.6482e-02
  outGain=     0.23121 grad= -2.5756e-01
  bodyAsymmetry=    -0.05918 grad=  2.7777e-03
  bodyHarmonic=     0.43909 grad=  1.0681e-03
  ampCurve=     0.00000 grad= -1.0348e-02
epoch=510 loss=2.257944
  fStart=   244.85522 grad=  2.3741e-02
  fEnd=    48.39798 grad=  2.4346e-02
  pitchDecay=   -31.28919 grad= -5.5747e-03
  bodyAmp=     1.00000 grad= -7.4188e-02
  ampDecay=   -14.97014 grad= -3.4042e-02
  clickFreq=   845.88397 grad= -7.5069e-03
  clickAmp=     0.32160 grad= -8.3878e-03
  clickDecay=  -150.00002 grad=  1.1976e-03
  noiseCutoff= 11128.43555 grad= -1.3937e-02
  noiseAmp=     0.00101 grad=  1.0966e+02
  noiseDecay=    -9.57423 grad= -7.5584e-02
  drive=     2.44423 grad=  1.3955e-02
  outGain=     0.23051 grad=  2.7072e-01
  bodyAsymmetry=    -0.05948 grad=  1.6948e-03
  bodyHarmonic=     0.43777 grad=  1.0121e-03
  ampCurve=     0.00000 grad= -1.0398e-02
epoch=520 loss=2.251641
  fStart=   244.85184 grad=  2.2503e-02
  fEnd=    48.39822 grad= -2.1597e-03
  pitchDecay=   -31.28923 grad= -6.5757e-03
  bodyAmp=     1.00000 grad= -6.0266e-02
  ampDecay=   -14.94102 grad= -3.3092e-02
  clickFreq=   845.70087 grad= -1.2181e-02
  clickAmp=     0.32476 grad= -6.9792e-03
  clickDecay=  -150.00002 grad=  1.7808e-03
  noiseCutoff= 11159.24414 grad= -7.4562e-02
  noiseAmp=     0.00094 grad=  4.4887e+01
  noiseDecay=    -9.56052 grad=  2.4930e-02
  drive=     2.44507 grad= -8.2521e-03
  outGain=     0.23115 grad= -2.5032e-02
  bodyAsymmetry=    -0.05984 grad=  3.8661e-03
  bodyHarmonic=     0.43626 grad=  1.9743e-03
  ampCurve=     0.00000 grad= -1.0321e-02
epoch=530 loss=2.264853
  fStart=   244.85078 grad=  3.7376e-02
  fEnd=    48.39853 grad=  1.3783e-02
  pitchDecay=   -31.28940 grad= -3.8715e-02
  bodyAmp=     1.00000 grad= -1.9821e-02
  ampDecay=   -14.91529 grad= -3.0245e-02
  clickFreq=   845.81860 grad=  9.4996e-03
  clickAmp=     0.32712 grad= -4.0110e-03
  clickDecay=  -150.00002 grad=  3.3013e-03
  noiseCutoff= 11195.27344 grad= -2.5471e-01
  noiseAmp=     0.00073 grad= -2.3223e+02
  noiseDecay=    -9.52565 grad=  3.2319e-01
  drive=     2.44654 grad= -7.8007e-02
  outGain=     0.23516 grad= -9.2328e-01
  bodyAsymmetry=    -0.06031 grad=  1.3594e-03
  bodyHarmonic=     0.43362 grad=  3.8879e-03
  ampCurve=     0.00000 grad= -1.0125e-02
epoch=540 loss=2.251828
  fStart=   244.84985 grad=  6.7361e-02
  fEnd=    48.39920 grad=  6.2460e-02
  pitchDecay=   -31.28987 grad= -6.1771e-02
  bodyAmp=     1.00000 grad= -2.4595e-02
  ampDecay=   -14.89266 grad= -3.0443e-02
  clickFreq=   845.80371 grad=  1.0538e-02
  clickAmp=     0.32802 grad=  2.6250e-03
  clickDecay=  -150.00002 grad=  3.1602e-03
  noiseCutoff= 11234.47168 grad= -2.0046e-01
  noiseAmp=     0.00076 grad= -1.3527e+02
  noiseDecay=    -9.47749 grad=  2.2970e-01
  drive=     2.44833 grad= -5.1821e-02
  outGain=     0.24068 grad= -5.7791e-01
  bodyAsymmetry=    -0.06057 grad=  1.0471e-03
  bodyHarmonic=     0.42884 grad=  6.7345e-03
  ampCurve=     0.00000 grad= -1.0075e-02
epoch=550 loss=2.244664
  fStart=   244.84903 grad=  2.8546e-02
  fEnd=    48.39994 grad=  9.2901e-02
  pitchDecay=   -31.29045 grad= -4.1733e-02
  bodyAmp=     1.00000 grad= -2.8849e-02
  ampDecay=   -14.87256 grad= -3.0727e-02
  clickFreq=   845.77063 grad=  8.9651e-03
  clickAmp=     0.32747 grad=  7.3671e-03
  clickDecay=  -150.00002 grad=  3.1609e-03
  noiseCutoff= 11270.25977 grad= -1.4376e-01
  noiseAmp=     0.00080 grad= -4.4258e+01
  noiseDecay=    -9.43500 grad=  1.3022e-01
  drive=     2.44970 grad= -2.5256e-02
  outGain=     0.24482 grad= -2.5232e-01
  bodyAsymmetry=    -0.06065 grad= -3.4093e-03
  bodyHarmonic=     0.42186 grad=  8.7974e-03
  ampCurve=     0.00000 grad= -1.0047e-02
epoch=560 loss=2.247354
  fStart=   244.85194 grad=  4.6391e-02
  fEnd=    48.39956 grad=  5.7923e-02
  pitchDecay=   -31.29078 grad= -4.9989e-02
  bodyAmp=     1.00000 grad= -1.7350e-02
  ampDecay=   -14.85447 grad= -2.9943e-02
  clickFreq=   845.74323 grad=  1.7587e-02
  clickAmp=     0.32600 grad=  6.9038e-03
  clickDecay=  -150.00002 grad=  3.9380e-03
  noiseCutoff= 11300.55664 grad= -1.9449e-01
  noiseAmp=     0.00074 grad= -1.2600e+02
  noiseDecay=    -9.40459 grad=  2.1087e-01
  drive=     2.45048 grad= -4.4232e-02
  outGain=     0.24665 grad= -4.8310e-01
  bodyAsymmetry=    -0.06046 grad= -5.5245e-03
  bodyHarmonic=     0.41355 grad=  8.2930e-03
  ampCurve=     0.00000 grad= -9.9957e-03
epoch=570 loss=2.241673
  fStart=   244.85510 grad= -3.0240e-02
  fEnd=    48.39922 grad= -1.1102e-02
  pitchDecay=   -31.29084 grad=  1.8876e-02
  bodyAmp=     1.00000 grad= -3.2820e-02
  ampDecay=   -14.83801 grad= -3.0917e-02
  clickFreq=   845.66901 grad=  1.8945e-03
  clickAmp=     0.32419 grad=  9.0127e-03
  clickDecay=  -150.00002 grad=  3.5390e-03
  noiseCutoff= 11330.36230 grad= -9.2127e-02
  noiseAmp=     0.00082 grad=  2.8413e+01
  noiseDecay=    -9.37296 grad=  4.0642e-02
  drive=     2.45123 grad= -2.6633e-03
  outGain=     0.24865 grad=  1.3653e-02
  bodyAsymmetry=    -0.06022 grad= -5.0104e-03
  bodyHarmonic=     0.40518 grad=  8.6950e-03
  ampCurve=     0.00000 grad= -9.9961e-03
epoch=580 loss=2.240905
  fStart=   244.85709 grad=  3.5480e-02
  fEnd=    48.39885 grad= -4.1865e-02
  pitchDecay=   -31.29075 grad=  8.7640e-03
  bodyAmp=     1.00000 grad= -3.3062e-02
  ampDecay=   -14.82285 grad= -3.0804e-02
  clickFreq=   845.59766 grad= -2.4182e-02
  clickAmp=     0.32224 grad=  1.2804e-02
  clickDecay=  -150.00002 grad=  3.1551e-03
  noiseCutoff= 11362.26172 grad= -7.4786e-02
  noiseAmp=     0.00082 grad=  5.2298e+01
  noiseDecay=    -9.33374 grad=  1.1004e-02
  drive=     2.45222 grad=  5.6829e-03
  outGain=     0.25183 grad=  1.1400e-01
  bodyAsymmetry=    -0.06000 grad= -1.5740e-03
  bodyHarmonic=     0.39708 grad=  9.5759e-03
  ampCurve=     0.00000 grad= -9.9506e-03
epoch=590 loss=2.242905
  fStart=   244.85428 grad=  4.1183e-03
  fEnd=    48.39929 grad= -2.4483e-03
  pitchDecay=   -31.29067 grad= -8.7414e-03
  bodyAmp=     1.00000 grad= -7.3135e-03
  ampDecay=   -14.80855 grad= -2.9043e-02
  clickFreq=   845.67670 grad=  2.3752e-02
  clickAmp=     0.31991 grad=  9.2281e-03
  clickDecay=  -150.00002 grad=  4.7884e-03
  noiseCutoff= 11393.17480 grad= -1.8981e-01
  noiseAmp=     0.00070 grad= -1.2633e+02
  noiseDecay=    -9.29676 grad=  1.9812e-01
  drive=     2.45308 grad= -3.7990e-02
  outGain=     0.25455 grad= -4.0708e-01
  bodyAsymmetry=    -0.05985 grad= -2.7623e-02
  bodyHarmonic=     0.38885 grad=  9.0163e-03
  ampCurve=     0.00000 grad= -9.8381e-03
epoch=599 loss=2.241852
  fStart=   244.85242 grad=  6.2775e-02
  fEnd=    48.39948 grad=  5.2080e-03
  pitchDecay=   -31.29058 grad= -3.2210e-03
  bodyAmp=     1.00000 grad= -3.5508e-02
  ampDecay=   -14.79605 grad= -3.0807e-02
  clickFreq=   845.58875 grad= -2.1884e-02
  clickAmp=     0.31763 grad=  1.3558e-02
  clickDecay=  -150.00002 grad=  3.3847e-03
  noiseCutoff= 11419.81543 grad= -2.9656e-02
  noiseAmp=     0.00083 grad=  1.1545e+02
  noiseDecay=    -9.26700 grad= -7.3368e-02
  drive=     2.45369 grad=  2.6499e-02
  outGain=     0.25633 grad=  3.4678e-01
  bodyAsymmetry=    -0.05953 grad= -6.5179e-03
  bodyHarmonic=     0.38154 grad=  8.2922e-03
  ampCurve=     0.00000 grad= -9.8875e-03
refine epoch=0 loss=2.238609
refine epoch=10 loss=2.238538
refine epoch=20 loss=2.238550
refine epoch=30 loss=2.238628
refine epoch=40 loss=2.238600
refine epoch=50 loss=2.238631
refine epoch=60 loss=2.238620
refine epoch=70 loss=2.238666
refine epoch=80 loss=2.238479
refine epoch=90 loss=2.238635
refine epoch=100 loss=2.238516
refine epoch=110 loss=2.238629
refine epoch=120 loss=2.238567
refine epoch=130 loss=2.238695
refine epoch=140 loss=2.238627
refine epoch=150 loss=2.238678
refine epoch=160 loss=2.238530
refine epoch=170 loss=2.238627
refine epoch=180 loss=2.238663
refine epoch=190 loss=2.238800
refine epoch=200 loss=2.238483
refine epoch=210 loss=2.238528
refine epoch=220 loss=2.238528
refine epoch=230 loss=2.238578
refine epoch=240 loss=2.238692
refine epoch=250 loss=2.238573
refine epoch=260 loss=2.238573
refine epoch=270 loss=2.238573
refine epoch=280 loss=2.238573
refine epoch=290 loss=2.238573
rung3 real target restart selection (independent CPU metric):
  restart  gpuLoss     cpuDistance
        0    2.15617     0.040654
        1    2.11944     0.038771
        2    2.18457     0.044570
        3    2.12238     0.041861
        4    2.23844     0.064012
  selected restart 1 by independent CPU metric (gpu-loss winner was 2.11944)
epoch=0 loss=2.116639
  fStart=   276.13837 grad= -5.1260e-02
  fEnd=    46.92215 grad=  7.2325e-02
  pitchDecay=   -52.41175 grad=  2.4771e-02
  bodyAmp=     0.99637 grad= -2.1794e-02
  ampDecay=   -10.79587 grad= -1.3455e-03
  clickFreq=   447.21362 grad=  8.1439e-03
  clickAmp=     1.01810 grad=  1.4524e-02
  clickDecay=  -446.10336 grad= -2.2717e-03
  noiseCutoff= 12663.93164 grad= -6.9665e-02
  noiseAmp=     0.00106 grad=  2.6217e+01
  noiseDecay=    -9.71561 grad=  1.7455e-03
  drive=     3.51912 grad=  5.9625e-03
  outGain=     0.14566 grad=  8.2619e-02
  bodyAsymmetry=    -0.06259 grad=  8.6346e-02
  bodyHarmonic=    -0.78007 grad=  1.9463e-02
  ampCurve=    -3.62725 grad=  1.0734e-03
epoch=10 loss=3.131167
  fStart=   276.77548 grad=  1.9950e+00
  fEnd=    46.90023 grad=  1.0342e+00
  pitchDecay=   -52.30412 grad= -1.3933e+00
  bodyAmp=     1.00000 grad= -2.8584e-02
  ampDecay=   -10.74846 grad=  2.2806e-03
  clickFreq=   436.28751 grad= -2.8057e-02
  clickAmp=     1.00365 grad= -3.0809e-02
  clickDecay=  -367.76636 grad=  1.5293e-02
  noiseCutoff= 13204.97559 grad=  0.0000e+00
  noiseAmp=     0.00000 grad=  2.9939e+01
  noiseDecay=    -8.56969 grad=  0.0000e+00
  drive=     3.54056 grad= -1.6807e-02
  outGain=     0.15380 grad= -1.9944e-01
  bodyAsymmetry=    -0.07758 grad= -3.4984e-01
  bodyHarmonic=    -0.94502 grad= -9.0027e-03
  ampCurve=    -3.71103 grad=  2.6247e-03
epoch=20 loss=2.352688
  fStart=   276.07965 grad= -1.0126e+00
  fEnd=    46.88822 grad= -1.3966e+00
  pitchDecay=   -52.42588 grad=  8.2607e-01
  bodyAmp=     1.00000 grad= -6.8114e-02
  ampDecay=   -10.82901 grad=  2.4905e-03
  clickFreq=   437.12210 grad= -1.5591e-03
  clickAmp=     1.03560 grad=  3.2522e-02
  clickDecay=  -281.77759 grad= -1.4921e-02
  noiseCutoff= 13337.15625 grad=  5.9562e-01
  noiseAmp=     0.00114 grad=  7.1481e+02
  noiseDecay=    -8.30856 grad= -1.3092e+00
  drive=     3.57766 grad=  2.1812e-01
  outGain=     0.17662 grad=  5.6294e+00
  bodyAsymmetry=    -0.07585 grad= -2.3646e-01
  bodyHarmonic=    -0.93296 grad= -3.8127e-02
  ampCurve=    -3.88876 grad=  4.6462e-03
epoch=30 loss=2.326017
  fStart=   276.37442 grad=  1.2304e+00
  fEnd=    46.96453 grad=  2.0226e+00
  pitchDecay=   -52.36168 grad= -8.2354e-01
  bodyAmp=     1.00000 grad= -1.8577e-01
  ampDecay=   -10.84228 grad= -1.3589e-02
  clickFreq=   440.98767 grad=  5.9907e-04
  clickAmp=     1.01136 grad=  1.7951e-02
  clickDecay=  -235.32253 grad= -7.3323e-03
  noiseCutoff= 12732.06055 grad=  5.9118e-01
  noiseAmp=     0.00171 grad=  4.4185e+02
  noiseDecay=    -9.73538 grad= -1.1702e+00
  drive=     3.54541 grad=  1.6567e-01
  outGain=     0.15675 grad=  5.1713e+00
  bodyAsymmetry=    -0.07587 grad= -4.6186e-03
  bodyHarmonic=    -0.84526 grad= -4.5321e-02
  ampCurve=    -4.02346 grad=  2.1815e-04
epoch=40 loss=3.132876
  fStart=   275.81674 grad=  1.0947e+00
  fEnd=    46.96989 grad=  2.4817e+00
  pitchDecay=   -52.43313 grad= -8.0614e-01
  bodyAmp=     1.00000 grad= -1.4411e-01
  ampDecay=   -10.74260 grad= -1.6821e-02
  clickFreq=   439.64539 grad=  1.8234e-02
  clickAmp=     0.97013 grad= -1.9767e-02
  clickDecay=  -212.26982 grad=  1.4240e-02
  noiseCutoff= 12208.97266 grad=  0.0000e+00
  noiseAmp=     0.00000 grad=  9.0766e-01
  noiseDecay=   -11.17411 grad=  0.0000e+00
  drive=     3.51610 grad= -4.6441e-02
  outGain=     0.13915 grad= -1.0242e+00
  bodyAsymmetry=    -0.07897 grad= -9.4839e-02
  bodyHarmonic=    -0.73609 grad=  2.3606e-02
  ampCurve=    -4.06811 grad= -3.7239e-03
epoch=50 loss=2.194496
  fStart=   275.64307 grad= -1.4218e-01
  fEnd=    46.96442 grad=  1.0598e-01
  pitchDecay=   -52.42578 grad=  2.4417e-01
  bodyAmp=     1.00000 grad=  1.3261e-01
  ampDecay=   -10.63350 grad=  2.4305e-02
  clickFreq=   431.42200 grad= -9.3073e-02
  clickAmp=     0.96716 grad=  2.4314e-02
  clickDecay=  -182.56706 grad= -6.6561e-03
  noiseCutoff= 11892.58984 grad= -2.7395e-01
  noiseAmp=     0.00096 grad= -2.2031e+02
  noiseDecay=   -12.16561 grad=  5.0362e-01
  drive=     3.50948 grad= -1.5623e-02
  outGain=     0.17929 grad= -2.6257e-01
  bodyAsymmetry=    -0.07380 grad= -6.7002e-02
  bodyHarmonic=    -0.76206 grad=  4.4917e-03
  ampCurve=    -4.08749 grad=  7.5413e-03
epoch=60 loss=3.120826
  fStart=   275.68500 grad= -2.9662e-01
  fEnd=    46.92995 grad= -7.4886e-01
  pitchDecay=   -52.36120 grad=  2.9049e-01
  bodyAmp=     1.00000 grad= -8.0743e-02
  ampDecay=   -10.62348 grad= -6.7392e-03
  clickFreq=   453.97775 grad= -7.8972e-02
  clickAmp=     0.90513 grad= -3.7193e-02
  clickDecay=  -163.02904 grad=  3.0264e-02
  noiseCutoff= 11390.65430 grad=  0.0000e+00
  noiseAmp=     0.00000 grad=  3.2809e+00
  noiseDecay=   -13.49903 grad=  0.0000e+00
  drive=     3.47707 grad= -3.2903e-02
  outGain=     0.14868 grad= -5.4633e-01
  bodyAsymmetry=    -0.07717 grad= -8.6545e-02
  bodyHarmonic=    -0.68195 grad=  1.1648e-02
  ampCurve=    -4.22639 grad= -6.1866e-04
epoch=70 loss=2.204593
  fStart=   275.76993 grad= -8.7016e-01
  fEnd=    46.91327 grad= -2.0896e+00
  pitchDecay=   -52.33537 grad=  5.7482e-01
  bodyAmp=     1.00000 grad=  2.0143e-02
  ampDecay=   -10.59867 grad=  9.4977e-03
  clickFreq=   454.51016 grad= -3.3679e-02
  clickAmp=     0.90752 grad=  1.6702e-02
  clickDecay=  -150.55042 grad= -1.6497e-02
  noiseCutoff= 11034.36914 grad= -6.9905e-02
  noiseAmp=     0.00190 grad=  2.2336e+00
  noiseDecay=   -14.48958 grad=  2.8146e-01
  drive=     3.45862 grad=  1.1432e-02
  outGain=     0.16895 grad=  6.6740e-01
  bodyAsymmetry=    -0.07710 grad= -1.9640e-01
  bodyHarmonic=    -0.63095 grad= -3.3480e-02
  ampCurve=    -4.33258 grad=  4.3130e-03
epoch=80 loss=2.874498
  fStart=   275.49548 grad=  8.9076e-02
  fEnd=    46.95143 grad=  3.1169e-01
  pitchDecay=   -52.34961 grad=  4.8372e-02
  bodyAmp=     1.00000 grad=  1.0393e-01
  ampDecay=   -10.55128 grad=  1.3731e-02
  clickFreq=   459.81778 grad=  2.4820e-02
  clickAmp=     0.89939 grad= -5.3050e-03
  clickDecay=  -150.00002 grad=  1.5497e-02
  noiseCutoff= 10649.92188 grad= -2.2292e-01
  noiseAmp=     0.00026 grad= -8.9177e+02
  noiseDecay=   -15.70264 grad=  3.6615e-01
  drive=     3.43540 grad= -3.8315e-02
  outGain=     0.16698 grad= -1.1046e+00
  bodyAsymmetry=    -0.07829 grad= -1.1179e-01
  bodyHarmonic=    -0.54660 grad=  2.8659e-02
  ampCurve=    -4.41527 grad=  3.7686e-03
epoch=90 loss=2.323630
  fStart=   275.47369 grad=  5.2595e-01
  fEnd=    46.94401 grad= -4.6249e-02
  pitchDecay=   -52.32922 grad= -1.6778e-01
  bodyAmp=     0.99244 grad= -6.8619e-02
  ampDecay=   -10.60764 grad=  5.5576e-03
  clickFreq=   437.28452 grad= -1.1470e-01
  clickAmp=     0.85434 grad=  3.6448e-02
  clickDecay=  -150.29649 grad= -1.6105e-02
  noiseCutoff= 10568.28320 grad=  3.3650e-01
  noiseAmp=     0.00299 grad=  1.3237e+02
  noiseDecay=   -15.51512 grad= -3.4730e-01
  drive=     3.42586 grad=  1.0481e-01
  outGain=     0.19354 grad=  3.1256e+00
  bodyAsymmetry=    -0.07283 grad= -7.8549e-02
  bodyHarmonic=    -0.50794 grad= -3.3635e-02
  ampCurve=    -4.54530 grad=  5.1215e-03
epoch=100 loss=2.312894
  fStart=   275.20770 grad= -3.4381e-01
  fEnd=    46.95626 grad= -5.0894e-01
  pitchDecay=   -52.30796 grad=  3.8870e-01
  bodyAmp=     0.98993 grad= -2.0153e-01
  ampDecay=   -10.71793 grad= -1.7424e-02
  clickFreq=   436.69647 grad= -6.8553e-02
  clickAmp=     0.73283 grad=  1.5070e-02
  clickDecay=  -159.27859 grad= -1.3906e-02
  noiseCutoff= 10512.18262 grad=  3.8937e-01
  noiseAmp=     0.00345 grad=  1.2928e+02
  noiseDecay=   -15.04656 grad= -4.6352e-01
  drive=     3.40788 grad=  7.5722e-02
  outGain=     0.16899 grad=  2.8805e+00
  bodyAsymmetry=    -0.06821 grad=  9.2575e-02
  bodyHarmonic=    -0.46080 grad= -2.6668e-02
  ampCurve=    -4.71049 grad= -2.1312e-03
epoch=110 loss=2.228575
  fStart=   275.37689 grad= -2.6625e-01
  fEnd=    46.92454 grad= -3.2343e-01
  pitchDecay=   -52.25044 grad=  1.5244e-01
  bodyAmp=     1.00000 grad= -5.5047e-02
  ampDecay=   -10.68479 grad= -1.4593e-02
  clickFreq=   438.46213 grad=  3.2708e-02
  clickAmp=     0.69624 grad= -3.0039e-02
  clickDecay=  -165.75247 grad=  8.2378e-03
  noiseCutoff= 10474.57617 grad= -2.4059e-01
  noiseAmp=     0.00188 grad= -9.0621e+01
  noiseDecay=   -14.55261 grad=  5.2481e-01
  drive=     3.40211 grad= -7.2465e-02
  outGain=     0.14688 grad= -1.9219e+00
  bodyAsymmetry=    -0.06902 grad=  4.6735e-02
  bodyHarmonic=    -0.45079 grad=  3.3942e-02
  ampCurve=    -4.72185 grad= -4.7445e-03
epoch=120 loss=2.222963
  fStart=   275.38635 grad= -9.6352e-02
  fEnd=    46.92234 grad= -1.5611e-01
  pitchDecay=   -52.24721 grad=  5.3133e-02
  bodyAmp=     1.00000 grad= -1.6514e-02
  ampDecay=   -10.56796 grad= -9.5692e-03
  clickFreq=   437.60303 grad=  1.7823e-02
  clickAmp=     0.75297 grad= -3.6414e-02
  clickDecay=  -165.39183 grad=  1.2724e-03
  noiseCutoff= 10480.74121 grad= -2.7110e-01
  noiseAmp=     0.00172 grad= -1.1630e+02
  noiseDecay=   -13.99961 grad=  5.4899e-01
  drive=     3.40811 grad= -7.1582e-02
  outGain=     0.14516 grad= -1.9951e+00
  bodyAsymmetry=    -0.07359 grad= -2.3398e-01
  bodyHarmonic=    -0.48570 grad=  2.1898e-02
  ampCurve=    -4.63487 grad= -3.2237e-03
epoch=130 loss=2.185121
  fStart=   275.34683 grad= -9.9489e-02
  fEnd=    46.93439 grad=  2.2789e-01
  pitchDecay=   -52.25834 grad= -3.3828e-02
  bodyAmp=     1.00000 grad= -1.0128e-01
  ampDecay=   -10.45880 grad= -1.0616e-02
  clickFreq=   438.65994 grad=  1.9908e-02
  clickAmp=     0.79420 grad=  7.1696e-03
  clickDecay=  -169.47861 grad= -1.4621e-02
  noiseCutoff= 10479.50195 grad= -5.6798e-02
  noiseAmp=     0.00224 grad=  1.2214e+01
  noiseDecay=   -13.63284 grad=  1.9498e-01
  drive=     3.41361 grad= -1.9974e-02
  outGain=     0.14555 grad= -2.0215e-01
  bodyAsymmetry=    -0.07355 grad= -2.3947e-02
  bodyHarmonic=    -0.49878 grad= -3.1834e-03
  ampCurve=    -4.55283 grad= -1.8261e-03
epoch=140 loss=2.205155
  fStart=   275.43823 grad=  1.9466e-01
  fEnd=    46.92710 grad=  2.0166e-02
  pitchDecay=   -52.26267 grad= -1.2598e-01
  bodyAmp=     1.00000 grad= -8.0131e-02
  ampDecay=   -10.40245 grad=  5.3815e-04
  clickFreq=   437.60052 grad= -1.8025e-02
  clickAmp=     0.79922 grad=  4.6807e-03
  clickDecay=  -176.28146 grad= -5.0170e-03
  noiseCutoff= 10530.92676 grad=  1.4833e-01
  noiseAmp=     0.00238 grad=  1.0296e+02
  noiseDecay=   -13.16010 grad= -1.8758e-01
  drive=     3.41984 grad=  4.9186e-02
  outGain=     0.16103 grad=  1.8583e+00
  bodyAsymmetry=    -0.07140 grad=  2.7291e-02
  bodyHarmonic=    -0.50251 grad= -1.7089e-02
  ampCurve=    -4.51901 grad=  2.9353e-03
epoch=150 loss=2.170066
  fStart=   275.44913 grad=  1.2757e-01
  fEnd=    46.93017 grad=  1.2178e-01
  pitchDecay=   -52.27060 grad= -8.2906e-02
  bodyAmp=     0.99917 grad= -1.9878e-03
  ampDecay=   -10.40289 grad=  7.4212e-03
  clickFreq=   437.76581 grad=  8.8648e-04
  clickAmp=     0.80505 grad=  1.1565e-03
  clickDecay=  -178.80110 grad= -2.7194e-03
  noiseCutoff= 10578.30566 grad= -6.9559e-02
  noiseAmp=     0.00180 grad=  1.3718e+01
  noiseDecay=   -12.82771 grad=  1.6292e-01
  drive=     3.42155 grad=  6.9052e-03
  outGain=     0.16193 grad=  4.7943e-01
  bodyAsymmetry=    -0.07189 grad= -1.5995e-02
  bodyHarmonic=    -0.50747 grad= -4.1963e-03
  ampCurve=    -4.54161 grad=  3.7376e-03
epoch=160 loss=2.163500
  fStart=   275.45688 grad= -5.0904e-03
  fEnd=    46.93079 grad=  7.4004e-02
  pitchDecay=   -52.27481 grad=  2.1721e-03
  bodyAmp=     0.99730 grad= -6.9967e-03
  ampDecay=   -10.42599 grad=  5.8820e-03
  clickFreq=   437.63602 grad=  1.7572e-03
  clickAmp=     0.80888 grad= -1.7907e-04
  clickDecay=  -179.52771 grad= -2.2043e-03
  noiseCutoff= 10645.82910 grad= -8.4946e-02
  noiseAmp=     0.00170 grad=  6.3092e+00
  noiseDecay=   -12.49152 grad=  1.7070e-01
  drive=     3.42356 grad=  1.0474e-03
  outGain=     0.16070 grad=  3.2537e-01
  bodyAsymmetry=    -0.07220 grad= -2.2597e-02
  bodyHarmonic=    -0.51426 grad= -6.2837e-03
  ampCurve=    -4.57904 grad=  3.1438e-03
epoch=170 loss=2.165335
  fStart=   275.46475 grad=  3.0175e-01
  fEnd=    46.93041 grad=  3.0423e-01
  pitchDecay=   -52.27495 grad= -2.2927e-01
  bodyAmp=     0.99809 grad= -5.9379e-02
  ampDecay=   -10.44205 grad= -2.4505e-03
  clickFreq=   437.50998 grad= -3.3848e-03
  clickAmp=     0.80960 grad= -3.9210e-03
  clickDecay=  -180.24548 grad= -3.2879e-03
  noiseCutoff= 10692.31836 grad=  9.2370e-03
  noiseAmp=     0.00189 grad=  5.8763e+01
  noiseDecay=   -12.27722 grad= -4.0911e-03
  drive=     3.42448 grad=  1.4260e-02
  outGain=     0.15540 grad=  7.9141e-01
  bodyAsymmetry=    -0.07275 grad= -4.1168e-02
  bodyHarmonic=    -0.51201 grad= -1.1245e-02
  ampCurve=    -4.60666 grad=  1.0810e-03
epoch=180 loss=2.156848
  fStart=   275.46976 grad=  1.5666e-01
  fEnd=    46.92981 grad=  2.0269e-01
  pitchDecay=   -52.27532 grad= -1.4355e-01
  bodyAmp=     1.00000 grad= -3.2746e-02
  ampDecay=   -10.44638 grad= -1.7623e-03
  clickFreq=   437.50873 grad= -9.1752e-03
  clickAmp=     0.81293 grad= -9.4152e-03
  clickDecay=  -180.66867 grad= -2.9025e-04
  noiseCutoff= 10723.25977 grad= -8.8032e-02
  noiseAmp=     0.00170 grad=  5.2353e+00
  noiseDecay=   -12.14559 grad=  1.5456e-01
  drive=     3.42534 grad= -9.2017e-03
  outGain=     0.15265 grad=  3.1301e-03
  bodyAsymmetry=    -0.07298 grad= -3.5284e-02
  bodyHarmonic=    -0.51131 grad=  3.1095e-03
  ampCurve=    -4.61942 grad=  6.6949e-04
epoch=190 loss=2.155933
  fStart=   275.47540 grad= -4.9042e-02
  fEnd=    46.92881 grad=  8.3828e-03
  pitchDecay=   -52.27591 grad=  1.6085e-02
  bodyAmp=     1.00000 grad= -1.4860e-02
  ampDecay=   -10.44718 grad=  1.3627e-03
  clickFreq=   437.54462 grad=  9.8243e-03
  clickAmp=     0.81714 grad= -1.7148e-03
  clickDecay=  -180.84148 grad= -1.2453e-03
  noiseCutoff= 10750.75293 grad= -1.3841e-01
  noiseAmp=     0.00156 grad= -2.6974e+01
  noiseDecay=   -12.03731 grad=  2.2864e-01
  drive=     3.42651 grad= -1.6989e-02
  outGain=     0.15463 grad= -2.5154e-01
  bodyAsymmetry=    -0.07260 grad=  2.8894e-02
  bodyHarmonic=    -0.51368 grad=  4.6332e-03
  ampCurve=    -4.62575 grad=  1.3151e-03
epoch=199 loss=2.154006
  fStart=   275.47986 grad= -5.4652e-02
  fEnd=    46.92804 grad= -1.8368e-02
  pitchDecay=   -52.27612 grad=  2.2088e-02
  bodyAmp=     1.00000 grad= -1.6866e-02
  ampDecay=   -10.44778 grad=  1.4580e-03
  clickFreq=   437.47305 grad= -2.8271e-03
  clickAmp=     0.81913 grad= -1.9409e-03
  clickDecay=  -181.06842 grad= -1.4376e-03
  noiseCutoff= 10770.72266 grad= -1.2056e-01
  noiseAmp=     0.00157 grad= -1.4494e+01
  noiseDecay=   -11.96216 grad=  1.9368e-01
  drive=     3.42726 grad= -1.2004e-02
  outGain=     0.15540 grad= -9.0106e-02
  bodyAsymmetry=    -0.07281 grad= -8.6410e-03
  bodyHarmonic=    -0.51477 grad=  1.9674e-04
  ampCurve=    -4.63066 grad=  1.4579e-03
refine epoch=0 loss=2.116639
refine epoch=10 loss=2.116707
refine epoch=20 loss=2.116693
refine epoch=30 loss=2.116779
refine epoch=40 loss=2.116829
refine epoch=50 loss=2.116804
refine epoch=60 loss=2.116753
refine epoch=70 loss=2.116626
refine epoch=80 loss=2.116774
refine epoch=90 loss=2.116762
refine epoch=100 loss=2.116691
refine epoch=110 loss=2.116831
refine epoch=120 loss=2.116808
refine epoch=130 loss=2.116717
refine epoch=140 loss=2.116751
refine epoch=150 loss=2.116647
refine epoch=160 loss=2.116750
refine epoch=170 loss=2.116686
refine epoch=180 loss=2.116660
refine epoch=190 loss=2.116674
refine epoch=200 loss=2.116756
refine epoch=210 loss=2.116677
refine epoch=220 loss=2.116690
refine epoch=230 loss=2.116650
refine epoch=240 loss=2.116658
refine epoch=250 loss=2.116803
refine epoch=260 loss=2.116738
refine epoch=270 loss=2.116670
refine epoch=280 loss=2.116741
refine epoch=290 loss=2.116780
  stitch: base=2.11944 stitched=2.11664 tuned=2.11658
refine_start=0
refine_pass=0 learned_mrstft=0.035907 improvement=68.01%
refine_pass=1 learned_mrstft=0.035442 improvement=68.42%
refine_pass=2 learned_mrstft=0.035309 improvement=68.54%
refine_pass=3 learned_mrstft=0.035012 improvement=68.80%
refine_pass=4 learned_mrstft=0.034943 improvement=68.87%
refine_pass=5 learned_mrstft=0.034797 improvement=69.00%
refine_start=1
refine_pass=0 learned_mrstft=0.037312 improvement=66.75%
refine_pass=1 learned_mrstft=0.036509 improvement=67.47%
refine_pass=2 learned_mrstft=0.036285 improvement=67.67%
refine_pass=3 learned_mrstft=0.036037 improvement=67.89%
refine_pass=4 learned_mrstft=0.035774 improvement=68.13%
refine_pass=5 learned_mrstft=0.035285 improvement=68.56%
refined_initial_mrstft=0.112232 refined_learned_mrstft=0.034797 improvement=69.00% pass=false
initial_mrstft=0.112232 learned_mrstft=0.034797 improvement=69.00% pass=false
rung3 pass=false improvement=69.00%
