warning: 'dgen': Invalid Exclude '/Users/alecresende/code/swift/dgen/Examples/TrainKick808/renders': File not found.
Building for debugging...
[0/3] Write swift-version--58304C5D6DBC2206.txt
Build of product 'SynthID' complete! (0.12s)
rung3 prepared sourceRate=44100 targetRate=44100 onset=0.000091s sourceFrames=21416 outputFrames=32768 cropped=false padded=true
epoch=0 loss=2.100669
  fStart=   267.18878 grad= -2.8708e-01
  fEnd=    47.40552 grad=  3.4319e-01
  pitchDecay=   -46.00000 grad=  2.2464e-01
  bodyAmp=     0.52500 grad=  2.4876e-02
  ampDecay=   -14.00000 grad= -4.3000e-03
  clickFreq=   447.21362 grad=  3.7504e-02
  clickAmp=     0.25000 grad=  1.3092e-01
  clickDecay=  -346.41028 grad= -2.0284e-03
  noiseCutoff=  2828.42798 grad=  5.8244e-02
  noiseAmp=     0.02500 grad=  1.7476e+00
  noiseDecay=   -54.77226 grad=  7.5762e-02
  drive=     2.50000 grad=  3.5791e-02
  outGain=     0.55000 grad=  2.4028e-01
  bodyAsymmetry=     0.00000 grad=  1.0694e+00
  bodyHarmonic=     0.00000 grad=  1.7218e-03
epoch=10 loss=1.994163
  fStart=   268.16891 grad= -8.7230e-01
  fEnd=    47.11778 grad= -1.9576e+00
  pitchDecay=   -45.85040 grad=  8.4799e-01
  bodyAmp=     0.60365 grad= -1.4028e-02
  ampDecay=   -13.71360 grad= -3.2820e-04
  clickFreq=   448.22214 grad=  2.4825e-02
  clickAmp=     0.25980 grad=  8.4575e-02
  clickDecay=  -387.45844 grad=  3.6292e-04
  noiseCutoff=  2839.22192 grad=  1.4409e-02
  noiseAmp=     0.01685 grad=  1.2292e+00
  noiseDecay=   -40.91358 grad=  1.3535e-01
  drive=     2.50612 grad=  1.3654e-02
  outGain=     0.45728 grad=  1.6978e-01
  bodyAsymmetry=    -0.01874 grad=  1.0623e+00
  bodyHarmonic=    -0.25935 grad=  3.6272e-02
epoch=20 loss=1.910351
  fStart=   269.85806 grad=  8.5651e-01
  fEnd=    47.10914 grad=  2.1892e+00
  pitchDecay=   -45.59531 grad= -7.7349e-01
  bodyAmp=     0.72820 grad= -9.9380e-02
  ampDecay=   -13.59084 grad= -1.0640e-03
  clickFreq=   449.33707 grad=  3.5352e-03
  clickAmp=     0.31429 grad= -1.7552e-02
  clickDecay=  -350.84497 grad= -3.7906e-04
  noiseCutoff=  2947.83496 grad= -1.3468e-02
  noiseAmp=     0.01431 grad=  4.2380e-01
  noiseDecay=   -30.19024 grad=  1.9391e-01
  drive=     2.53182 grad= -2.8365e-02
  outGain=     0.32815 grad= -4.4236e-02
  bodyAsymmetry=    -0.05181 grad=  5.6111e-01
  bodyHarmonic=    -0.43230 grad= -1.6120e-02
epoch=30 loss=1.820249
  fStart=   269.85007 grad=  1.7758e+00
  fEnd=    46.89405 grad=  2.7035e+00
  pitchDecay=   -45.67654 grad= -1.6351e+00
  bodyAmp=     0.93614 grad= -6.8395e-02
  ampDecay=   -13.58895 grad=  7.9298e-07
  clickFreq=   447.68280 grad=  1.2501e-02
  clickAmp=     0.45585 grad=  1.5670e-03
  clickDecay=  -326.58929 grad=  4.9892e-04
  noiseCutoff=  3117.21094 grad= -5.1877e-03
  noiseAmp=     0.01181 grad=  1.5223e+00
  noiseDecay=   -21.91953 grad=  1.8679e-01
  drive=     2.60482 grad= -1.7405e-02
  outGain=     0.25949 grad=  7.0199e-02
  bodyAsymmetry=    -0.05364 grad=  6.3500e-01
  bodyHarmonic=    -0.42543 grad=  4.3591e-03
epoch=40 loss=1.796140
  fStart=   270.86118 grad=  1.0229e+00
  fEnd=    46.92485 grad=  2.5447e+00
  pitchDecay=   -45.54807 grad= -9.3864e-01
  bodyAmp=     1.00000 grad= -2.2796e-02
  ampDecay=   -13.57130 grad=  1.4680e-03
  clickFreq=   449.18625 grad= -3.1180e-02
  clickAmp=     0.50000 grad= -1.2882e-02
  clickDecay=  -308.60034 grad= -3.4422e-03
  noiseCutoff=  3338.23438 grad= -1.0549e-01
  noiseAmp=     0.00816 grad= -6.2890e+00
  noiseDecay=   -20.00000 grad=  2.8174e-01
  drive=     2.69641 grad= -2.9877e-02
  outGain=     0.23412 grad= -2.1397e-01
  bodyAsymmetry=    -0.05740 grad=  1.2858e-01
  bodyHarmonic=    -0.40082 grad=  6.0560e-03
epoch=50 loss=1.789719
  fStart=   270.67755 grad=  1.9893e-01
  fEnd=    46.81786 grad=  3.4113e-01
  pitchDecay=   -45.61705 grad= -2.1045e-01
  bodyAmp=     1.00000 grad= -3.7481e-02
  ampDecay=   -13.59285 grad= -3.7221e-04
  clickFreq=   464.05881 grad= -1.6028e-02
  clickAmp=     0.50000 grad= -3.7589e-02
  clickDecay=  -308.44016 grad= -6.3887e-04
  noiseCutoff=  3614.29712 grad=  3.7560e-02
  noiseAmp=     0.01026 grad=  5.7121e+00
  noiseDecay=   -20.00000 grad=  1.0499e-01
  drive=     2.78080 grad=  8.3761e-04
  outGain=     0.23084 grad=  3.3460e-01
  bodyAsymmetry=    -0.06157 grad= -3.4707e-01
  bodyHarmonic=    -0.41118 grad= -5.4691e-03
epoch=60 loss=1.781000
  fStart=   270.96851 grad=  1.0442e+00
  fEnd=    46.83839 grad=  1.9493e+00
  pitchDecay=   -45.60115 grad= -8.9343e-01
  bodyAmp=     1.00000 grad= -5.1450e-02
  ampDecay=   -13.57934 grad= -2.7314e-03
  clickFreq=   473.04913 grad=  1.2544e-02
  clickAmp=     0.50000 grad= -2.5148e-02
  clickDecay=  -305.95056 grad= -6.0099e-04
  noiseCutoff=  3861.89404 grad= -6.9059e-02
  noiseAmp=     0.00807 grad= -2.7518e+00
  noiseDecay=   -20.00000 grad=  2.4483e-01
  drive=     2.85883 grad= -3.0159e-02
  outGain=     0.20976 grad= -2.3177e-01
  bodyAsymmetry=    -0.05877 grad=  8.1354e-02
  bodyHarmonic=    -0.43891 grad=  4.5956e-03
epoch=70 loss=1.779287
  fStart=   271.01114 grad= -8.4776e+00
  fEnd=    46.83784 grad= -8.8190e+00
  pitchDecay=   -45.60484 grad=  6.8922e+00
  bodyAmp=     1.00000 grad= -4.9612e-02
  ampDecay=   -13.46089 grad= -3.1752e-03
  clickFreq=   469.97812 grad=  9.8903e-03
  clickAmp=     0.50000 grad= -3.1988e-02
  clickDecay=  -311.82275 grad=  1.2509e-03
  noiseCutoff=  4053.58057 grad= -7.6646e-02
  noiseAmp=     0.00783 grad= -3.5512e+00
  noiseDecay=   -20.00000 grad=  2.5609e-01
  drive=     2.93549 grad= -3.1817e-02
  outGain=     0.19715 grad= -3.7513e-01
  bodyAsymmetry=    -0.05927 grad=  2.2054e-02
  bodyHarmonic=    -0.44492 grad=  1.7394e-02
epoch=80 loss=1.783175
  fStart=   270.87848 grad= -9.4445e-01
  fEnd=    46.80386 grad= -6.7408e-01
  pitchDecay=   -45.65099 grad=  5.8877e-01
  bodyAmp=     1.00000 grad= -5.9266e-02
  ampDecay=   -13.32853 grad=  4.7904e-04
  clickFreq=   463.99820 grad= -9.8791e-03
  clickAmp=     0.50000 grad= -3.4356e-02
  clickDecay=  -309.14868 grad=  2.2341e-04
  noiseCutoff=  4209.17627 grad=  5.7162e-02
  noiseAmp=     0.00975 grad=  8.3869e+00
  noiseDecay=   -20.00000 grad=  7.1399e-02
  drive=     3.00900 grad=  1.7619e-03
  outGain=     0.20228 grad=  3.9841e-01
  bodyAsymmetry=    -0.05902 grad= -8.8560e-02
  bodyHarmonic=    -0.46736 grad= -8.2320e-03
epoch=90 loss=1.772441
  fStart=   271.23080 grad=  1.7494e+00
  fEnd=    46.84956 grad=  2.9344e+00
  pitchDecay=   -45.63425 grad= -1.3379e+00
  bodyAmp=     1.00000 grad= -4.7293e-02
  ampDecay=   -13.29423 grad= -9.9702e-05
  clickFreq=   464.09424 grad=  9.2778e-04
  clickAmp=     0.50000 grad= -3.9631e-02
  clickDecay=  -294.34286 grad=  9.4034e-04
  noiseCutoff=  4338.47607 grad= -5.6901e-02
  noiseAmp=     0.00762 grad= -1.2711e+00
  noiseDecay=   -20.00000 grad=  2.2960e-01
  drive=     3.07727 grad= -2.4955e-02
  outGain=     0.19125 grad= -1.9843e-01
  bodyAsymmetry=    -0.05998 grad= -1.1253e-01
  bodyHarmonic=    -0.46201 grad= -5.2709e-03
epoch=100 loss=1.777940
  fStart=   271.10849 grad= -8.4309e-01
  fEnd=    46.79092 grad= -1.7830e+00
  pitchDecay=   -45.66817 grad=  6.2109e-01
  bodyAmp=     1.00000 grad= -2.8308e-02
  ampDecay=   -13.28577 grad=  2.9625e-03
  clickFreq=   467.02679 grad=  2.1972e-02
  clickAmp=     0.50000 grad= -1.5885e-02
  clickDecay=  -277.21201 grad= -5.0597e-05
  noiseCutoff=  4476.15137 grad= -1.3252e-01
  noiseAmp=     0.00590 grad= -1.2036e+01
  noiseDecay=   -20.00000 grad=  3.1897e-01
  drive=     3.14678 grad= -3.4074e-02
  outGain=     0.19215 grad= -4.7057e-01
  bodyAsymmetry=    -0.05732 grad=  2.7916e-01
  bodyHarmonic=    -0.42970 grad=  8.2305e-03
epoch=110 loss=1.769053
  fStart=   271.43912 grad= -9.8459e-02
  fEnd=    46.81235 grad= -3.6681e-01
  pitchDecay=   -45.62516 grad=  1.0574e-01
  bodyAmp=     1.00000 grad= -1.2642e-02
  ampDecay=   -13.55238 grad=  6.8615e-03
  clickFreq=   463.09283 grad= -8.4463e-03
  clickAmp=     0.50000 grad=  1.0061e-03
  clickDecay=  -281.14517 grad= -2.3360e-03
  noiseCutoff=  4844.09424 grad= -8.4634e-03
  noiseAmp=     0.00619 grad=  6.0954e+00
  noiseDecay=   -20.00000 grad=  1.5076e-01
  drive=     3.21336 grad=  7.9615e-03
  outGain=     0.22674 grad=  4.3742e-01
  bodyAsymmetry=    -0.05643 grad=  1.1644e-01
  bodyHarmonic=    -0.42548 grad= -5.5444e-03
epoch=120 loss=1.761333
  fStart=   271.48792 grad= -3.1782e-02
  fEnd=    46.79180 grad= -1.1558e-01
  pitchDecay=   -45.62528 grad= -1.8644e-03
  bodyAmp=     1.00000 grad= -7.3028e-02
  ampDecay=   -13.83946 grad= -6.5993e-03
  clickFreq=   466.91013 grad= -1.2039e-04
  clickAmp=     0.50000 grad= -4.1618e-02
  clickDecay=  -293.95840 grad=  9.3403e-04
  noiseCutoff=  5272.97852 grad= -1.4494e-02
  noiseAmp=     0.00647 grad=  5.0363e+00
  noiseDecay=   -20.00000 grad=  1.6697e-01
  drive=     3.26292 grad= -1.8775e-02
  outGain=     0.19090 grad= -2.2187e-03
  bodyAsymmetry=    -0.06083 grad= -2.6254e-01
  bodyHarmonic=    -0.44728 grad= -5.0991e-03
epoch=130 loss=1.756220
  fStart=   271.57129 grad= -8.7979e-01
  fEnd=    46.77409 grad= -1.5993e+00
  pitchDecay=   -45.63428 grad=  6.9238e-01
  bodyAmp=     1.00000 grad=  5.7409e-03
  ampDecay=   -13.79611 grad=  4.9371e-03
  clickFreq=   465.09225 grad=  3.0989e-03
  clickAmp=     0.50000 grad= -1.6802e-02
  clickDecay=  -292.47983 grad= -8.1285e-04
  noiseCutoff=  5681.89746 grad= -5.6517e-02
  noiseAmp=     0.00457 grad=  2.1405e-01
  noiseDecay=   -20.00000 grad=  2.1479e-01
  drive=     3.33114 grad= -5.0422e-04
  outGain=     0.22344 grad=  2.5302e-01
  bodyAsymmetry=    -0.05753 grad= -2.4529e-01
  bodyHarmonic=    -0.46974 grad= -6.1831e-03
epoch=140 loss=1.753109
  fStart=   271.82147 grad=  8.5037e-01
  fEnd=    46.80628 grad=  1.5865e+00
  pitchDecay=   -45.60642 grad= -7.0839e-01
  bodyAmp=     1.00000 grad= -7.8535e-02
  ampDecay=   -13.90717 grad= -7.7656e-03
  clickFreq=   464.86719 grad= -1.5033e-02
  clickAmp=     0.50000 grad= -3.7046e-02
  clickDecay=  -295.86191 grad=  2.9621e-03
  noiseCutoff=  6132.40967 grad= -7.4680e-02
  noiseAmp=     0.00498 grad= -3.6941e+00
  noiseDecay=   -20.00000 grad=  2.5404e-01
  drive=     3.37698 grad= -3.4192e-02
  outGain=     0.17814 grad= -4.9606e-01
  bodyAsymmetry=    -0.05846 grad= -1.6802e-02
  bodyHarmonic=    -0.47129 grad=  5.8685e-03
epoch=150 loss=1.752538
  fStart=   271.57025 grad= -1.8140e+00
  fEnd=    46.78573 grad= -2.9747e+00
  pitchDecay=   -45.66708 grad=  1.4317e+00
  bodyAmp=     1.00000 grad=  2.1458e-02
  ampDecay=   -13.77129 grad=  9.3653e-03
  clickFreq=   467.34915 grad=  6.7300e-03
  clickAmp=     0.50000 grad=  8.5305e-03
  clickDecay=  -275.32095 grad= -1.5421e-03
  noiseCutoff=  6510.45215 grad= -1.1032e-01
  noiseAmp=     0.00332 grad= -1.4282e+01
  noiseDecay=   -20.00000 grad=  2.9356e-01
  drive=     3.44034 grad= -6.2882e-03
  outGain=     0.22650 grad=  1.0318e-01
  bodyAsymmetry=    -0.05504 grad=  1.3375e-01
  bodyHarmonic=    -0.48829 grad= -1.9535e-03
epoch=160 loss=1.817556
  fStart=   271.81342 grad= -8.9490e-01
  fEnd=    46.80428 grad= -1.4005e+00
  pitchDecay=   -45.65628 grad=  6.5745e-01
  bodyAmp=     1.00000 grad= -1.4501e-01
  ampDecay=   -13.85437 grad= -5.8639e-03
  clickFreq=   466.84845 grad=  2.2313e-02
  clickAmp=     0.50000 grad=  1.7608e-02
  clickDecay=  -279.26727 grad= -2.4695e-03
  noiseCutoff=  6972.54297 grad=  2.6715e-01
  noiseAmp=     0.00693 grad=  4.0203e+01
  noiseDecay=   -20.00000 grad= -2.5814e-01
  drive=     3.48451 grad=  4.0919e-02
  outGain=     0.20597 grad=  1.5084e+00
  bodyAsymmetry=    -0.05421 grad=  4.9970e-01
  bodyHarmonic=    -0.47698 grad= -1.8701e-02
epoch=170 loss=1.772157
  fStart=   271.97794 grad=  3.7168e-01
  fEnd=    46.80331 grad=  9.7662e-01
  pitchDecay=   -45.66569 grad= -3.6660e-01
  bodyAmp=     1.00000 grad=  2.9019e-02
  ampDecay=   -13.69345 grad=  5.7644e-03
  clickFreq=   469.64142 grad=  9.3850e-03
  clickAmp=     0.50000 grad= -1.2296e-02
  clickDecay=  -277.29025 grad=  1.4181e-03
  noiseCutoff=  7097.34131 grad= -2.0002e-01
  noiseAmp=     0.00248 grad= -5.6900e+01
  noiseDecay=   -20.00000 grad=  4.1833e-01
  drive=     3.52532 grad= -3.3586e-02
  outGain=     0.19755 grad= -6.5777e-01
  bodyAsymmetry=    -0.05640 grad=  7.4334e-02
  bodyHarmonic=    -0.47865 grad=  1.9404e-02
epoch=180 loss=1.737405
  fStart=   271.99585 grad= -2.2864e+00
  fEnd=    46.78176 grad= -4.9907e+00
  pitchDecay=   -45.68917 grad=  1.8248e+00
  bodyAmp=     1.00000 grad=  2.0863e-03
  ampDecay=   -13.79590 grad=  6.6075e-03
  clickFreq=   464.63870 grad= -8.9263e-03
  clickAmp=     0.50000 grad= -1.4892e-03
  clickDecay=  -283.26794 grad= -1.0223e-03
  noiseCutoff=  7497.00098 grad= -6.3341e-02
  noiseAmp=     0.00330 grad= -8.6449e-01
  noiseDecay=   -20.00000 grad=  2.3484e-01
  drive=     3.56481 grad= -4.2471e-04
  outGain=     0.21682 grad=  2.7100e-01
  bodyAsymmetry=    -0.05548 grad= -4.3220e-02
  bodyHarmonic=    -0.49152 grad= -7.3795e-03
epoch=190 loss=1.733195
  fStart=   272.14038 grad= -2.3960e-02
  fEnd=    46.79923 grad= -2.2461e-01
  pitchDecay=   -45.68887 grad= -4.2536e-03
  bodyAmp=     1.00000 grad= -9.0861e-02
  ampDecay=   -13.95831 grad= -7.9997e-03
  clickFreq=   468.06525 grad= -7.6558e-04
  clickAmp=     0.50000 grad= -2.8423e-02
  clickDecay=  -284.90814 grad=  1.3295e-03
  noiseCutoff=  7919.87646 grad= -4.2916e-02
  noiseAmp=     0.00400 grad=  2.8787e+00
  noiseDecay=   -20.00000 grad=  2.2057e-01
  drive=     3.59178 grad= -2.6050e-02
  outGain=     0.17480 grad= -2.8446e-01
  bodyAsymmetry=    -0.05744 grad=  1.3877e-02
  bodyHarmonic=    -0.49474 grad=  2.7354e-03
epoch=200 loss=1.752630
  fStart=   272.21368 grad= -3.3905e-01
  fEnd=    46.80182 grad= -1.0183e+00
  pitchDecay=   -45.70624 grad=  2.7235e-01
  bodyAmp=     1.00000 grad= -4.0935e-02
  ampDecay=   -13.94077 grad=  3.5694e-03
  clickFreq=   468.75543 grad=  1.9375e-02
  clickAmp=     0.50000 grad=  1.7038e-02
  clickDecay=  -271.93216 grad= -2.7046e-03
  noiseCutoff=  8000.00000 grad=  8.3479e-02
  noiseAmp=     0.00388 grad=  3.3051e+01
  noiseDecay=   -20.00000 grad=  2.6559e-02
  drive=     3.64780 grad=  2.6310e-02
  outGain=     0.22548 grad=  9.3220e-01
  bodyAsymmetry=    -0.05488 grad=  1.1386e-01
  bodyHarmonic=    -0.48088 grad= -9.1812e-03
epoch=210 loss=1.747850
  fStart=   272.20865 grad=  3.2895e-01
  fEnd=    46.81176 grad=  7.3010e-01
  pitchDecay=   -45.72859 grad= -2.8262e-01
  bodyAmp=     1.00000 grad= -9.9973e-02
  ampDecay=   -14.01873 grad= -7.0989e-03
  clickFreq=   466.24356 grad= -5.1424e-03
  clickAmp=     0.50000 grad= -2.1415e-02
  clickDecay=  -287.82553 grad= -4.7034e-04
  noiseCutoff=  8000.00000 grad=  9.3225e-02
  noiseAmp=     0.00473 grad=  2.8480e+01
  noiseDecay=   -20.00000 grad=  1.8311e-02
  drive=     3.67317 grad=  6.5070e-03
  outGain=     0.18768 grad=  6.8660e-01
  bodyAsymmetry=    -0.05672 grad= -1.1007e-01
  bodyHarmonic=    -0.51044 grad= -1.7406e-02
epoch=220 loss=1.729863
  fStart=   272.27847 grad=  1.5004e-02
  fEnd=    46.78542 grad=  1.6567e-02
  pitchDecay=   -45.74142 grad= -4.2642e-02
  bodyAmp=     1.00000 grad= -4.6520e-02
  ampDecay=   -13.89625 grad= -3.3796e-03
  clickFreq=   471.80045 grad=  1.1146e-02
  clickAmp=     0.50000 grad= -3.1078e-02
  clickDecay=  -292.15549 grad=  1.5085e-03
  noiseCutoff=  8000.00000 grad= -8.2747e-02
  noiseAmp=     0.00349 grad= -7.2066e+00
  noiseDecay=   -20.00000 grad=  2.7381e-01
  drive=     3.70555 grad= -2.3537e-02
  outGain=     0.17681 grad= -3.2655e-01
  bodyAsymmetry=    -0.05839 grad= -1.8284e-01
  bodyHarmonic=    -0.51613 grad= -8.9385e-04
epoch=230 loss=1.734371
  fStart=   272.35327 grad= -5.7828e-04
  fEnd=    46.78128 grad= -1.0929e-01
  pitchDecay=   -45.74740 grad= -1.3619e-02
  bodyAmp=     1.00000 grad= -1.1800e-02
  ampDecay=   -13.73838 grad=  8.2680e-04
  clickFreq=   468.01572 grad= -1.7036e-02
  clickAmp=     0.50000 grad= -2.5130e-02
  clickDecay=  -283.51132 grad=  1.4585e-03
  noiseCutoff=  8000.00000 grad= -1.3039e-01
  noiseAmp=     0.00305 grad= -2.2831e+01
  noiseDecay=   -20.00000 grad=  3.3735e-01
  drive=     3.74431 grad= -2.5123e-02
  outGain=     0.17815 grad= -4.9551e-01
  bodyAsymmetry=    -0.05714 grad= -7.1971e-02
  bodyHarmonic=    -0.50508 grad=  1.3254e-02
epoch=240 loss=1.740066
  fStart=   272.38120 grad=  6.7889e-03
  fEnd=    46.78218 grad=  8.4918e-02
  pitchDecay=   -45.75084 grad= -5.9922e-03
  bodyAmp=     1.00000 grad= -8.3178e-02
  ampDecay=   -13.67975 grad= -2.8252e-04
  clickFreq=   470.45972 grad=  1.3076e-02
  clickAmp=     0.50000 grad=  6.3536e-03
  clickDecay=  -271.15204 grad= -1.4693e-03
  noiseCutoff=  8000.00000 grad=  6.3357e-02
  noiseAmp=     0.00449 grad=  2.4243e+01
  noiseDecay=   -20.00000 grad=  6.1678e-02
  drive=     3.77959 grad=  7.6593e-03
  outGain=     0.18490 grad=  6.6262e-01
  bodyAsymmetry=    -0.05426 grad=  3.9465e-01
  bodyHarmonic=    -0.52976 grad= -9.8672e-03
epoch=250 loss=1.730970
  fStart=   272.39874 grad=  2.1282e-02
  fEnd=    46.78157 grad= -5.9419e-02
  pitchDecay=   -45.75568 grad= -1.1430e-02
  bodyAmp=     1.00000 grad= -5.6472e-03
  ampDecay=   -13.70037 grad=  2.9069e-03
  clickFreq=   469.01456 grad= -9.3760e-04
  clickAmp=     0.50000 grad= -2.1674e-02
  clickDecay=  -268.94638 grad=  1.4429e-04
  noiseCutoff=  8000.00000 grad= -1.1759e-01
  noiseAmp=     0.00310 grad= -1.8042e+01
  noiseDecay=   -20.00000 grad=  3.1801e-01
  drive=     3.81006 grad= -1.9024e-02
  outGain=     0.17983 grad= -3.1709e-01
  bodyAsymmetry=    -0.05687 grad= -1.1012e-01
  bodyHarmonic=    -0.52516 grad=  4.9601e-03
epoch=260 loss=1.733175
  fStart=   272.44043 grad=  2.6081e-01
  fEnd=    46.78247 grad=  3.2911e-01
  pitchDecay=   -45.75791 grad= -2.0893e-01
  bodyAmp=     1.00000 grad= -1.1593e-03
  ampDecay=   -13.75330 grad=  2.7313e-03
  clickFreq=   469.21768 grad=  2.6951e-03
  clickAmp=     0.50000 grad= -2.0901e-02
  clickDecay=  -269.95163 grad=  4.2909e-04
  noiseCutoff=  8000.00000 grad= -1.3227e-01
  noiseAmp=     0.00297 grad= -2.3511e+01
  noiseDecay=   -20.00000 grad=  3.3835e-01
  drive=     3.83821 grad= -2.1243e-02
  outGain=     0.17917 grad= -4.1133e-01
  bodyAsymmetry=    -0.05651 grad= -8.2933e-02
  bodyHarmonic=    -0.53140 grad=  8.5315e-03
epoch=270 loss=1.735867
  fStart=   272.44394 grad=  4.1224e-01
  fEnd=    46.78603 grad=  1.2171e+00
  pitchDecay=   -45.76469 grad= -3.3935e-01
  bodyAmp=     1.00000 grad= -7.0128e-02
  ampDecay=   -13.80746 grad= -8.5999e-04
  clickFreq=   469.43073 grad=  9.6052e-03
  clickAmp=     0.50000 grad= -1.0293e-03
  clickDecay=  -274.68707 grad= -1.4558e-03
  noiseCutoff=  8000.00000 grad=  4.7114e-02
  noiseAmp=     0.00434 grad=  2.1869e+01
  noiseDecay=   -20.00000 grad=  8.4287e-02
  drive=     3.86561 grad=  6.2997e-03
  outGain=     0.18285 grad=  5.8566e-01
  bodyAsymmetry=    -0.05472 grad=  2.1197e-01
  bodyHarmonic=    -0.54000 grad= -7.3234e-03
epoch=280 loss=1.728606
  fStart=   272.47693 grad=  8.6217e-02
  fEnd=    46.78148 grad= -2.5411e-02
  pitchDecay=   -45.76950 grad= -5.2314e-02
  bodyAmp=     1.00000 grad= -1.0561e-02
  ampDecay=   -13.84567 grad=  1.5534e-03
  clickFreq=   467.24420 grad= -7.5428e-03
  clickAmp=     0.50000 grad= -2.1594e-02
  clickDecay=  -280.28610 grad=  9.6293e-04
  noiseCutoff=  8000.00000 grad= -1.0950e-01
  noiseAmp=     0.00314 grad= -1.4967e+01
  noiseDecay=   -20.00000 grad=  3.0595e-01
  drive=     3.89061 grad= -1.7567e-02
  outGain=     0.17922 grad= -2.7301e-01
  bodyAsymmetry=    -0.05617 grad= -1.2157e-01
  bodyHarmonic=    -0.54794 grad=  3.5282e-03
epoch=290 loss=1.730290
  fStart=   272.48773 grad=  3.8932e-02
  fEnd=    46.78442 grad= -2.1946e-02
  pitchDecay=   -45.77749 grad= -3.1239e-02
  bodyAmp=     1.00000 grad= -8.8204e-03
  ampDecay=   -13.87061 grad=  1.4635e-03
  clickFreq=   468.08713 grad=  9.2735e-04
  clickAmp=     0.50000 grad= -1.6807e-02
  clickDecay=  -277.75278 grad= -1.7972e-05
  noiseCutoff=  8000.00000 grad= -1.2096e-01
  noiseAmp=     0.00304 grad= -1.9393e+01
  noiseDecay=   -20.00000 grad=  3.2304e-01
  drive=     3.91539 grad= -1.9448e-02
  outGain=     0.17780 grad= -3.6419e-01
  bodyAsymmetry=    -0.05576 grad= -3.1174e-02
  bodyHarmonic=    -0.54980 grad=  1.0322e-02
epoch=300 loss=1.733001
  fStart=   272.53085 grad=  4.3298e-01
  fEnd=    46.78550 grad=  1.1598e+00
  pitchDecay=   -45.78154 grad= -3.7090e-01
  bodyAmp=     1.00000 grad= -6.7533e-02
  ampDecay=   -13.88649 grad= -1.4542e-03
  clickFreq=   467.87180 grad=  5.7168e-03
  clickAmp=     0.50000 grad= -1.0102e-03
  clickDecay=  -279.06281 grad= -6.0396e-04
  noiseCutoff=  8000.00000 grad=  3.4518e-02
  noiseAmp=     0.00424 grad=  1.9969e+01
  noiseDecay=   -20.00000 grad=  1.0099e-01
  drive=     3.93949 grad=  4.2223e-03
  outGain=     0.18041 grad=  5.1152e-01
  bodyAsymmetry=    -0.05431 grad=  2.0780e-01
  bodyHarmonic=    -0.55675 grad= -7.8668e-03
epoch=310 loss=1.727135
  fStart=   272.53308 grad=  2.0383e-02
  fEnd=    46.78531 grad= -1.5349e-01
  pitchDecay=   -45.79021 grad=  6.8710e-03
  bodyAmp=     1.00000 grad= -9.9659e-03
  ampDecay=   -13.89527 grad=  1.1315e-03
  clickFreq=   467.94476 grad= -3.8245e-03
  clickAmp=     0.50000 grad= -2.1948e-02
  clickDecay=  -280.04922 grad=  4.8260e-04
  noiseCutoff=  8000.00000 grad= -1.0207e-01
  noiseAmp=     0.00319 grad= -1.2459e+01
  noiseDecay=   -20.00000 grad=  2.9584e-01
  drive=     3.96128 grad= -1.5324e-02
  outGain=     0.17716 grad= -2.3201e-01
  bodyAsymmetry=    -0.05625 grad= -1.4766e-01
  bodyHarmonic=    -0.55877 grad=  2.7733e-03
epoch=320 loss=1.728183
  fStart=   272.56555 grad=  4.6128e-02
  fEnd=    46.78466 grad= -9.6954e-02
  pitchDecay=   -45.79496 grad= -3.1944e-02
  bodyAmp=     1.00000 grad= -1.1692e-02
  ampDecay=   -13.90296 grad=  1.3462e-03
  clickFreq=   468.14539 grad= -5.9353e-03
  clickAmp=     0.50000 grad= -1.7117e-02
  clickDecay=  -281.15216 grad=  5.3968e-04
  noiseCutoff=  8000.00000 grad= -1.1239e-01
  noiseAmp=     0.00311 grad= -1.5887e+01
  noiseDecay=   -20.00000 grad=  3.1002e-01
  drive=     3.98211 grad= -1.7483e-02
  outGain=     0.17615 grad= -3.0817e-01
  bodyAsymmetry=    -0.05548 grad= -3.5136e-02
  bodyHarmonic=    -0.56204 grad=  5.7580e-03
epoch=330 loss=1.730222
  fStart=   272.57452 grad= -2.1891e-01
  fEnd=    46.78579 grad= -3.4423e-01
  pitchDecay=   -45.80328 grad=  1.3183e-01
  bodyAmp=     1.00000 grad= -5.9167e-02
  ampDecay=   -13.91235 grad= -1.0792e-03
  clickFreq=   468.29587 grad=  9.0025e-03
  clickAmp=     0.50000 grad= -1.0217e-03
  clickDecay=  -282.29117 grad= -6.1573e-04
  noiseCutoff=  8000.00000 grad=  1.9092e-02
  noiseAmp=     0.00414 grad=  1.6872e+01
  noiseDecay=   -20.00000 grad=  1.2492e-01
  drive=     4.00000 grad=  2.5400e-03
  outGain=     0.17795 grad=  4.2135e-01
  bodyAsymmetry=    -0.05417 grad=  2.0926e-01
  bodyHarmonic=    -0.56599 grad= -4.8748e-03
epoch=340 loss=1.726177
  fStart=   272.59479 grad= -5.0293e-01
  fEnd=    46.78316 grad= -1.2579e+00
  pitchDecay=   -45.80996 grad=  4.0857e-01
  bodyAmp=     1.00000 grad= -1.1610e-02
  ampDecay=   -13.91951 grad=  9.2428e-04
  clickFreq=   468.39301 grad= -8.8412e-03
  clickAmp=     0.50000 grad= -2.3846e-02
  clickDecay=  -282.70795 grad=  2.8204e-04
  noiseCutoff=  8000.00000 grad= -9.4417e-02
  noiseAmp=     0.00324 grad= -1.0103e+01
  noiseDecay=   -20.00000 grad=  2.8645e-01
  drive=     4.00000 grad= -1.4075e-02
  outGain=     0.17618 grad= -1.8802e-01
  bodyAsymmetry=    -0.05643 grad= -2.0032e-01
  bodyHarmonic=    -0.56674 grad= -8.5960e-04
epoch=350 loss=1.727084
  fStart=   272.64447 grad= -7.3510e-02
  fEnd=    46.78424 grad= -3.3533e-01
  pitchDecay=   -45.81519 grad=  7.2890e-02
  bodyAmp=     1.00000 grad= -2.2441e-02
  ampDecay=   -13.92482 grad=  9.9203e-04
  clickFreq=   467.97464 grad= -3.7920e-03
  clickAmp=     0.50000 grad= -6.1330e-03
  clickDecay=  -283.86615 grad=  5.2463e-04
  noiseCutoff=  8000.00000 grad= -1.0453e-01
  noiseAmp=     0.00318 grad= -1.3228e+01
  noiseDecay=   -20.00000 grad=  2.9993e-01
  drive=     4.00000 grad= -1.6878e-02
  outGain=     0.17576 grad= -2.7903e-01
  bodyAsymmetry=    -0.05441 grad=  1.8160e-01
  bodyHarmonic=    -0.56427 grad=  7.2913e-03
epoch=360 loss=1.728795
  fStart=   272.68439 grad= -1.0507e+00
  fEnd=    46.79717 grad= -1.5751e+00
  pitchDecay=   -45.82046 grad=  8.2948e-01
  bodyAmp=     1.00000 grad= -4.8007e-02
  ampDecay=   -13.92720 grad= -1.5065e-03
  clickFreq=   468.65082 grad=  5.5572e-03
  clickAmp=     0.50000 grad= -1.5358e-02
  clickDecay=  -279.83099 grad= -8.8133e-04
  noiseCutoff=  8000.00000 grad=  6.0381e-03
  noiseAmp=     0.00404 grad=  1.4552e+01
  noiseDecay=   -20.00000 grad=  1.4399e-01
  drive=     4.00000 grad=  7.8126e-04
  outGain=     0.17781 grad=  3.6137e-01
  bodyAsymmetry=    -0.05544 grad= -8.1732e-02
  bodyHarmonic=    -0.56683 grad= -8.8974e-03
epoch=370 loss=1.725719
  fStart=   272.73352 grad=  4.2076e-01
  fEnd=    46.80885 grad=  7.6260e-01
  pitchDecay=   -45.82236 grad= -3.5228e-01
  bodyAmp=     1.00000 grad= -1.6140e-02
  ampDecay=   -13.92421 grad=  5.8878e-04
  clickFreq=   467.88272 grad= -5.6902e-03
  clickAmp=     0.50000 grad= -1.9892e-02
  clickDecay=  -278.40527 grad=  7.4094e-04
  noiseCutoff=  8000.00000 grad= -8.9482e-02
  noiseAmp=     0.00329 grad= -8.5285e+00
  noiseDecay=   -20.00000 grad=  2.7927e-01
  drive=     4.00000 grad= -1.3542e-02
  outGain=     0.17626 grad= -1.7122e-01
  bodyAsymmetry=    -0.05568 grad= -1.1635e-01
  bodyHarmonic=    -0.56867 grad=  2.0187e-03
epoch=380 loss=1.726205
  fStart=   272.65720 grad=  9.9277e-03
  fEnd=    46.82004 grad=  1.7216e-01
  pitchDecay=   -45.84354 grad= -2.8329e-02
  bodyAmp=     1.00000 grad= -2.3588e-02
  ampDecay=   -13.92092 grad=  7.7895e-04
  clickFreq=   468.14249 grad=  4.7119e-03
  clickAmp=     0.50000 grad= -4.7901e-03
  clickDecay=  -278.73166 grad= -7.3007e-04
  noiseCutoff=  8000.00000 grad= -9.6124e-02
  noiseAmp=     0.00324 grad= -1.0525e+01
  noiseDecay=   -20.00000 grad=  2.8838e-01
  drive=     4.00000 grad= -1.5020e-02
  outGain=     0.17605 grad= -2.2607e-01
  bodyAsymmetry=    -0.05440 grad=  1.7128e-01
  bodyHarmonic=    -0.56692 grad=  8.0900e-03
epoch=390 loss=1.727396
  fStart=   272.61548 grad=  8.9909e-01
  fEnd=    46.81695 grad=  2.0330e+00
  pitchDecay=   -45.85909 grad= -8.0168e-01
  bodyAmp=     1.00000 grad= -4.6031e-02
  ampDecay=   -13.92034 grad= -1.1220e-03
  clickFreq=   467.67795 grad= -4.8712e-03
  clickAmp=     0.50000 grad= -1.8929e-02
  clickDecay=  -283.30429 grad=  5.2494e-04
  noiseCutoff=  8000.00000 grad= -5.7442e-03
  noiseAmp=     0.00395 grad=  1.2080e+01
  noiseDecay=   -20.00000 grad=  1.6189e-01
  drive=     4.00000 grad= -1.9476e-03
  outGain=     0.17724 grad=  2.8695e-01
  bodyAsymmetry=    -0.05560 grad= -1.0958e-01
  bodyHarmonic=    -0.56762 grad= -8.6338e-03
epoch=400 loss=1.725218
  fStart=   272.60587 grad= -1.0379e+00
  fEnd=    46.80608 grad= -1.5251e+00
  pitchDecay=   -45.86554 grad=  8.2696e-01
  bodyAmp=     1.00000 grad= -2.2233e-02
  ampDecay=   -13.91988 grad=  7.2886e-04
  clickFreq=   468.78784 grad=  2.5065e-03
  clickAmp=     0.50000 grad= -1.1597e-02
  clickDecay=  -283.34470 grad= -5.6187e-04
  noiseCutoff=  8000.00000 grad= -8.3648e-02
  noiseAmp=     0.00334 grad= -6.7825e+00
  noiseDecay=   -20.00000 grad=  2.7199e-01
  drive=     4.00000 grad= -1.2672e-02
  outGain=     0.17664 grad= -1.3964e-01
  bodyAsymmetry=    -0.05500 grad=  3.3152e-02
  bodyHarmonic=    -0.56534 grad=  3.3267e-03
epoch=410 loss=1.725621
  fStart=   272.66357 grad= -3.8199e-01
  fEnd=    46.79079 grad= -8.4473e-01
  pitchDecay=   -45.86385 grad=  2.9944e-01
  bodyAmp=     1.00000 grad= -2.0761e-02
  ampDecay=   -13.92218 grad=  8.2556e-04
  clickFreq=   468.29477 grad= -2.6424e-03
  clickAmp=     0.50000 grad= -1.3600e-02
  clickDecay=  -284.93832 grad=  1.3549e-04
  noiseCutoff=  8000.00000 grad= -8.8973e-02
  noiseAmp=     0.00330 grad= -8.4019e+00
  noiseDecay=   -20.00000 grad=  2.7871e-01
  drive=     4.00000 grad= -1.3821e-02
  outGain=     0.17612 grad= -1.7634e-01
  bodyAsymmetry=    -0.05507 grad=  1.9192e-02
  bodyHarmonic=    -0.56500 grad=  3.0522e-03
epoch=420 loss=1.726257
  fStart=   272.68854 grad= -3.9843e-01
  fEnd=    46.79086 grad= -7.4058e-01
  pitchDecay=   -45.86848 grad=  2.6137e-01
  bodyAmp=     1.00000 grad= -4.3050e-02
  ampDecay=   -13.92569 grad= -7.9537e-04
  clickFreq=   468.52191 grad=  2.5424e-03
  clickAmp=     0.50000 grad= -1.5868e-02
  clickDecay=  -284.11465 grad=  2.0202e-05
  noiseCutoff=  8000.00000 grad= -1.5395e-02
  noiseAmp=     0.00386 grad=  1.0017e+01
  noiseDecay=   -20.00000 grad=  1.7690e-01
  drive=     4.00000 grad= -3.0700e-03
  outGain=     0.17708 grad=  2.3464e-01
  bodyAsymmetry=    -0.05535 grad= -5.1216e-02
  bodyHarmonic=    -0.56425 grad= -5.3833e-03
epoch=430 loss=1.724992
  fStart=   272.72028 grad= -1.7423e-01
  fEnd=    46.79056 grad= -4.0570e-01
  pitchDecay=   -45.87184 grad=  1.2035e-01
  bodyAmp=     1.00000 grad= -2.4255e-02
  ampDecay=   -13.92832 grad=  5.8538e-04
  clickFreq=   468.27600 grad= -2.6286e-03
  clickAmp=     0.50000 grad= -1.3334e-02
  clickDecay=  -283.17206 grad=  2.3094e-04
  noiseCutoff=  8000.00000 grad= -7.8482e-02
  noiseAmp=     0.00338 grad= -5.3858e+00
  noiseDecay=   -20.00000 grad=  2.6521e-01
  drive=     4.00000 grad= -1.2284e-02
  outGain=     0.17660 grad= -1.1320e-01
  bodyAsymmetry=    -0.05516 grad=  1.3121e-02
  bodyHarmonic=    -0.56285 grad=  2.1464e-03
epoch=440 loss=1.725178
  fStart=   272.74823 grad= -8.1274e-02
  fEnd=    46.79001 grad= -2.7384e-01
  pitchDecay=   -45.87533 grad=  4.8744e-02
  bodyAmp=     1.00000 grad= -2.2631e-02
  ampDecay=   -13.93065 grad=  6.6543e-04
  clickFreq=   468.40732 grad= -4.2055e-04
  clickAmp=     0.50000 grad= -1.2849e-02
  clickDecay=  -282.38354 grad=  8.4714e-05
  noiseCutoff=  8000.00000 grad= -8.2577e-02
  noiseAmp=     0.00335 grad= -6.4309e+00
  noiseDecay=   -20.00000 grad=  2.7005e-01
  drive=     4.00000 grad= -1.2655e-02
  outGain=     0.17653 grad= -1.3486e-01
  bodyAsymmetry=    -0.05513 grad=  2.0647e-02
  bodyHarmonic=    -0.56304 grad=  3.5733e-03
epoch=450 loss=1.725624
  fStart=   272.77151 grad=  9.7556e-02
  fEnd=    46.79046 grad=  3.2769e-01
  pitchDecay=   -45.87923 grad= -1.3722e-01
  bodyAmp=     1.00000 grad= -4.1520e-02
  ampDecay=   -13.93258 grad= -7.0059e-04
  clickFreq=   468.36444 grad= -1.3763e-03
  clickAmp=     0.50000 grad= -1.4287e-02
  clickDecay=  -282.18607 grad=  3.2440e-04
  noiseCutoff=  8000.00000 grad= -2.5633e-02
  noiseAmp=     0.00379 grad=  7.9084e+00
  noiseDecay=   -20.00000 grad=  1.9126e-01
  drive=     4.00000 grad= -4.6757e-03
  outGain=     0.17702 grad=  1.7863e-01
  bodyAsymmetry=    -0.05522 grad= -1.8361e-02
  bodyHarmonic=    -0.56451 grad= -4.1330e-03
epoch=460 loss=1.724852
  fStart=   272.79037 grad=  5.4594e-02
  fEnd=    46.79042 grad=  2.1797e-01
  pitchDecay=   -45.88354 grad= -8.7034e-02
  bodyAmp=     1.00000 grad= -2.5335e-02
  ampDecay=   -13.93351 grad=  4.0554e-04
  clickFreq=   468.31082 grad= -2.7535e-03
  clickAmp=     0.50000 grad= -1.3447e-02
  clickDecay=  -281.17078 grad=  1.5921e-04
  noiseCutoff=  8000.00000 grad= -7.4132e-02
  noiseAmp=     0.00342 grad= -4.0087e+00
  noiseDecay=   -20.00000 grad=  2.5836e-01
  drive=     4.00000 grad= -1.1442e-02
  outGain=     0.17668 grad= -8.4927e-02
  bodyAsymmetry=    -0.05519 grad=  3.6528e-03
  bodyHarmonic=    -0.56460 grad=  1.8997e-03
epoch=470 loss=1.724944
  fStart=   272.81067 grad= -4.4503e-02
  fEnd=    46.79002 grad= -1.7629e-01
  pitchDecay=   -45.88745 grad=  6.4253e-03
  bodyAmp=     1.00000 grad= -2.4185e-02
  ampDecay=   -13.93434 grad=  5.0650e-04
  clickFreq=   468.42340 grad=  5.9747e-05
  clickAmp=     0.50000 grad= -1.3489e-02
  clickDecay=  -280.81479 grad=  2.1808e-04
  noiseCutoff=  8000.00000 grad= -7.6454e-02
  noiseAmp=     0.00340 grad= -4.7521e+00
  noiseDecay=   -20.00000 grad=  2.6210e-01
  drive=     4.00000 grad= -1.1771e-02
  outGain=     0.17669 grad= -9.8969e-02
  bodyAsymmetry=    -0.05519 grad=  4.4355e-03
  bodyHarmonic=    -0.56503 grad=  1.3267e-03
epoch=480 loss=1.725137
  fStart=   272.82666 grad= -3.4277e-02
  fEnd=    46.79037 grad=  1.2143e-01
  pitchDecay=   -45.89137 grad= -2.5468e-02
  bodyAmp=     1.00000 grad= -3.7675e-02
  ampDecay=   -13.93517 grad= -5.1213e-04
  clickFreq=   468.39749 grad= -1.8151e-03
  clickAmp=     0.50000 grad= -1.4334e-02
  clickDecay=  -280.68451 grad= -1.8236e-05
  noiseCutoff=  8000.00000 grad= -3.3572e-02
  noiseAmp=     0.00372 grad=  6.0119e+00
  noiseDecay=   -20.00000 grad=  2.0287e-01
  drive=     4.00000 grad= -5.6128e-03
  outGain=     0.17698 grad=  1.3394e-01
  bodyAsymmetry=    -0.05524 grad= -2.5987e-02
  bodyHarmonic=    -0.56490 grad= -2.4181e-03
epoch=490 loss=1.724675
  fStart=   272.84229 grad=  6.8490e-02
  fEnd=    46.79045 grad=  1.7101e-01
  pitchDecay=   -45.89445 grad= -7.8473e-02
  bodyAmp=     1.00000 grad= -2.6389e-02
  ampDecay=   -13.93562 grad=  3.1080e-04
  clickFreq=   468.40329 grad=  3.0740e-04
  clickAmp=     0.50000 grad= -1.3520e-02
  clickDecay=  -280.45721 grad= -1.0839e-06
  noiseCutoff=  8000.00000 grad= -6.9643e-02
  noiseAmp=     0.00345 grad= -2.7021e+00
  noiseDecay=   -20.00000 grad=  2.5190e-01
  drive=     4.00000 grad= -1.0619e-02
  outGain=     0.17677 grad= -5.8349e-02
  bodyAsymmetry=    -0.05519 grad= -3.6734e-03
  bodyHarmonic=    -0.56484 grad=  1.6337e-03
epoch=500 loss=1.724738
  fStart=   272.85373 grad=  5.2428e-02
  fEnd=    46.79052 grad=  1.4901e-01
  pitchDecay=   -45.89708 grad= -6.7674e-02
  bodyAmp=     1.00000 grad= -2.5960e-02
  ampDecay=   -13.93605 grad=  3.6262e-04
  clickFreq=   468.40866 grad= -2.6914e-04
  clickAmp=     0.50000 grad= -1.3347e-02
  clickDecay=  -280.25256 grad=  2.2507e-04
  noiseCutoff=  8000.00000 grad= -7.1945e-02
  noiseAmp=     0.00344 grad= -3.3003e+00
  noiseDecay=   -20.00000 grad=  2.5481e-01
  drive=     4.00000 grad= -1.0995e-02
  outGain=     0.17676 grad= -7.0667e-02
  bodyAsymmetry=    -0.05517 grad=  3.4188e-03
  bodyHarmonic=    -0.56534 grad=  1.6893e-03
epoch=510 loss=1.724892
  fStart=   272.86310 grad=  1.9296e-02
  fEnd=    46.79080 grad=  1.7335e-01
  pitchDecay=   -45.89935 grad= -5.8750e-02
  bodyAmp=     1.00000 grad= -3.6058e-02
  ampDecay=   -13.93650 grad= -3.8663e-04
  clickFreq=   468.40128 grad= -6.9819e-04
  clickAmp=     0.50000 grad= -1.3807e-02
  clickDecay=  -279.99384 grad=  6.5432e-05
  noiseCutoff=  8000.00000 grad= -4.1270e-02
  noiseAmp=     0.00367 grad=  4.3185e+00
  noiseDecay=   -20.00000 grad=  2.1230e-01
  drive=     4.00000 grad= -6.7749e-03
  outGain=     0.17693 grad=  9.4539e-02
  bodyAsymmetry=    -0.05519 grad= -1.3429e-02
  bodyHarmonic=    -0.56613 grad= -2.0968e-03
epoch=520 loss=1.724617
  fStart=   272.87036 grad= -1.4648e-01
  fEnd=    46.79045 grad= -3.2263e-01
  pitchDecay=   -45.90151 grad=  8.3353e-02
  bodyAmp=     1.00000 grad= -2.7606e-02
  ampDecay=   -13.93674 grad=  2.3302e-04
  clickFreq=   468.41626 grad=  1.4845e-03
  clickAmp=     0.50000 grad= -1.3303e-02
  clickDecay=  -279.68439 grad= -2.1561e-06
  noiseCutoff=  8000.00000 grad= -6.6594e-02
  noiseAmp=     0.00348 grad= -1.8787e+00
  noiseDecay=   -20.00000 grad=  2.4804e-01
  drive=     4.00000 grad= -1.0198e-02
  outGain=     0.17680 grad= -4.0638e-02
  bodyAsymmetry=    -0.05519 grad= -1.0152e-03
  bodyHarmonic=    -0.56656 grad=  6.2853e-04
epoch=530 loss=1.724603
  fStart=   272.88052 grad=  3.2894e-02
  fEnd=    46.79068 grad=  1.3254e-01
  pitchDecay=   -45.90298 grad= -5.5771e-02
  bodyAmp=     1.00000 grad= -2.7233e-02
  ampDecay=   -13.93697 grad=  2.6968e-04
  clickFreq=   468.36978 grad= -2.4048e-04
  clickAmp=     0.50000 grad= -1.3337e-02
  clickDecay=  -279.38861 grad=  9.3206e-05
  noiseCutoff=  8000.00000 grad= -6.8215e-02
  noiseAmp=     0.00347 grad= -2.2448e+00
  noiseDecay=   -20.00000 grad=  2.4984e-01
  drive=     4.00000 grad= -1.0420e-02
  outGain=     0.17678 grad= -4.8296e-02
  bodyAsymmetry=    -0.05516 grad= -9.1894e-04
  bodyHarmonic=    -0.56671 grad=  1.4504e-03
epoch=540 loss=1.724738
  fStart=   272.88794 grad= -6.3918e-02
  fEnd=    46.79044 grad= -2.3547e-01
  pitchDecay=   -45.90454 grad=  2.6515e-02
  bodyAmp=     1.00000 grad= -3.4874e-02
  ampDecay=   -13.93723 grad= -2.7334e-04
  clickFreq=   468.35617 grad= -6.4894e-04
  clickAmp=     0.50000 grad= -1.3722e-02
  clickDecay=  -279.07211 grad=  1.1740e-04
  noiseCutoff=  8000.00000 grad= -4.5682e-02
  noiseAmp=     0.00364 grad=  3.1351e+00
  noiseDecay=   -20.00000 grad=  2.1970e-01
  drive=     4.00000 grad= -7.5836e-03
  outGain=     0.17687 grad=  6.4294e-02
  bodyAsymmetry=    -0.05517 grad= -1.0175e-02
  bodyHarmonic=    -0.56691 grad= -1.4461e-03
epoch=550 loss=1.724489
  fStart=   272.89340 grad=  3.9196e-02
  fEnd=    46.79093 grad=  1.4772e-01
  pitchDecay=   -45.90602 grad= -6.4348e-02
  bodyAmp=     1.00000 grad= -2.8986e-02
  ampDecay=   -13.93739 grad=  1.6044e-04
  clickFreq=   468.35104 grad=  2.0359e-04
  clickAmp=     0.50000 grad= -1.2900e-02
  clickDecay=  -278.84970 grad= -4.9642e-05
  noiseCutoff=  8000.00000 grad= -6.4212e-02
  noiseAmp=     0.00349 grad= -1.3081e+00
  noiseDecay=   -20.00000 grad=  2.4496e-01
  drive=     4.00000 grad= -1.0002e-02
  outGain=     0.17684 grad= -3.0545e-02
  bodyAsymmetry=    -0.05514 grad=  4.7147e-03
  bodyHarmonic=    -0.56710 grad=  9.7169e-04
epoch=560 loss=1.724533
  fStart=   272.89874 grad=  1.3809e-02
  fEnd=    46.79088 grad=  1.0280e-01
  pitchDecay=   -45.90729 grad= -4.0000e-02
  bodyAmp=     1.00000 grad= -2.8806e-02
  ampDecay=   -13.93755 grad=  1.8795e-04
  clickFreq=   468.32446 grad= -2.4594e-04
  clickAmp=     0.50000 grad= -1.3196e-02
  clickDecay=  -278.87045 grad=  1.5162e-04
  noiseCutoff=  8000.00000 grad= -6.5710e-02
  noiseAmp=     0.00349 grad= -1.6042e+00
  noiseDecay=   -20.00000 grad=  2.4655e-01
  drive=     4.00000 grad= -1.0248e-02
  outGain=     0.17684 grad= -3.5994e-02
  bodyAsymmetry=    -0.05514 grad=  2.8137e-03
  bodyHarmonic=    -0.56733 grad=  8.5695e-04
epoch=570 loss=1.724634
  fStart=   272.90356 grad= -8.7091e-02
  fEnd=    46.79060 grad= -2.9243e-01
  pitchDecay=   -45.90846 grad=  4.9392e-02
  bodyAmp=     1.00000 grad= -3.4144e-02
  ampDecay=   -13.93771 grad= -2.0964e-04
  clickFreq=   468.30838 grad= -3.1101e-04
  clickAmp=     0.50000 grad= -1.3666e-02
  clickDecay=  -278.75464 grad=  5.2107e-05
  noiseCutoff=  8000.00000 grad= -4.8671e-02
  noiseAmp=     0.00361 grad=  2.3711e+00
  noiseDecay=   -20.00000 grad=  2.2433e-01
  drive=     4.00000 grad= -8.1034e-03
  outGain=     0.17689 grad=  4.9085e-02
  bodyAsymmetry=    -0.05515 grad= -1.1202e-02
  bodyHarmonic=    -0.56754 grad= -1.5587e-03
epoch=580 loss=1.724567
  fStart=   272.90732 grad= -5.0199e-02
  fEnd=    46.79073 grad= -9.0683e-03
  pitchDecay=   -45.90953 grad=  9.4094e-03
  bodyAmp=     1.00000 grad= -2.9467e-02
  ampDecay=   -13.93777 grad=  1.2596e-04
  clickFreq=   468.29922 grad=  1.8466e-04
  clickAmp=     0.50000 grad= -1.3137e-02
  clickDecay=  -278.58456 grad=  2.1640e-05
  noiseCutoff=  8000.00000 grad= -6.2675e-02
  noiseAmp=     0.00350 grad= -9.4093e-01
  noiseDecay=   -20.00000 grad=  2.4329e-01
  drive=     4.00000 grad= -9.8327e-03
  outGain=     0.17686 grad= -2.0917e-02
  bodyAsymmetry=    -0.05514 grad= -2.2282e-03
  bodyHarmonic=    -0.56736 grad=  7.0984e-04
epoch=590 loss=1.724644
  fStart=   272.91254 grad=  1.7817e-02
  fEnd=    46.79077 grad=  4.8770e-02
  pitchDecay=   -45.91032 grad= -3.1334e-02
  bodyAmp=     1.00000 grad= -2.9300e-02
  ampDecay=   -13.93786 grad=  1.7645e-04
  clickFreq=   468.27713 grad= -8.2594e-04
  clickAmp=     0.50000 grad= -1.2563e-02
  clickDecay=  -278.47418 grad=  1.0126e-04
  noiseCutoff=  8000.00000 grad= -6.5005e-02
  noiseAmp=     0.00349 grad= -1.4431e+00
  noiseDecay=   -20.00000 grad=  2.4588e-01
  drive=     4.00000 grad= -1.0155e-02
  outGain=     0.17691 grad= -3.0743e-02
  bodyAsymmetry=    -0.05511 grad=  9.6043e-03
  bodyHarmonic=    -0.56726 grad=  1.1929e-03
epoch=599 loss=1.724491
  fStart=   272.91605 grad=  2.2646e-03
  fEnd=    46.79078 grad=  5.8342e-02
  pitchDecay=   -45.91105 grad= -3.1248e-02
  bodyAmp=     1.00000 grad= -3.2908e-02
  ampDecay=   -13.93797 grad= -1.3168e-04
  clickFreq=   468.27844 grad=  1.0473e-03
  clickAmp=     0.50000 grad= -1.2879e-02
  clickDecay=  -278.39041 grad= -4.8316e-05
  noiseCutoff=  8000.00000 grad= -5.3412e-02
  noiseAmp=     0.00358 grad=  1.3635e+00
  noiseDecay=   -20.00000 grad=  2.3023e-01
  drive=     4.00000 grad= -8.6180e-03
  outGain=     0.17696 grad=  2.7823e-02
  bodyAsymmetry=    -0.05513 grad=  1.8420e-04
  bodyHarmonic=    -0.56728 grad= -7.5724e-04
refine epoch=0 loss=1.724489
refine epoch=10 loss=1.724552
refine epoch=20 loss=1.724631
refine epoch=30 loss=1.724651
refine epoch=40 loss=1.724561
refine epoch=50 loss=1.724645
refine epoch=60 loss=1.724635
refine epoch=70 loss=1.724610
refine epoch=80 loss=1.724632
refine epoch=90 loss=1.724620
refine epoch=100 loss=1.724604
refine epoch=110 loss=1.724522
refine epoch=120 loss=1.724565
refine epoch=130 loss=1.724552
refine epoch=140 loss=1.724642
refine epoch=150 loss=1.724588
refine epoch=160 loss=1.724635
refine epoch=170 loss=1.724630
refine epoch=180 loss=1.724583
refine epoch=190 loss=1.724613
refine epoch=200 loss=1.724621
refine epoch=210 loss=1.724585
refine epoch=220 loss=1.724547
refine epoch=230 loss=1.724622
refine epoch=240 loss=1.724555
refine epoch=250 loss=1.724539
refine epoch=260 loss=1.724621
refine epoch=270 loss=1.724556
refine epoch=280 loss=1.724594
refine epoch=290 loss=1.724658
epoch=0 loss=2.107818
  fStart=   293.90781 grad= -6.5377e-01
  fEnd=    47.40552 grad= -1.7086e+00
  pitchDecay=   -66.69999 grad=  6.3249e-01
  bodyAmp=     0.52500 grad=  7.2449e-03
  ampDecay=   -14.00000 grad= -5.6470e-03
  clickFreq=   447.21362 grad=  3.4216e-02
  clickAmp=     0.25000 grad=  1.3525e-01
  clickDecay=  -346.41028 grad= -2.4733e-03
  noiseCutoff=  2828.42798 grad=  4.8235e-02
  noiseAmp=     0.02500 grad=  1.5005e+00
  noiseDecay=   -54.77226 grad=  8.7533e-02
  drive=     2.50000 grad=  3.0049e-02
  outGain=     0.55000 grad=  2.3060e-01
  bodyAsymmetry=     0.00000 grad=  1.0444e+00
  bodyHarmonic=     0.00000 grad=  1.5247e-02
epoch=10 loss=1.988052
  fStart=   294.79276 grad=  7.6054e-01
  fEnd=    47.57679 grad=  7.6958e-01
  pitchDecay=   -66.49796 grad= -5.6461e-01
  bodyAmp=     0.61129 grad= -4.9345e-02
  ampDecay=   -13.71351 grad= -1.6367e-04
  clickFreq=   444.95636 grad=  2.0349e-02
  clickAmp=     0.24250 grad=  7.2981e-02
  clickDecay=  -388.27258 grad= -3.5709e-04
  noiseCutoff=  2869.87769 grad=  1.5491e-02
  noiseAmp=     0.01817 grad=  1.2005e+00
  noiseDecay=   -40.89498 grad=  1.3307e-01
  drive=     2.50861 grad=  3.7265e-03
  outGain=     0.44201 grad=  1.4279e-01
  bodyAsymmetry=    -0.02624 grad=  9.8068e-01
  bodyHarmonic=    -0.25764 grad=  2.9322e-02
epoch=20 loss=1.911104
  fStart=   295.72733 grad=  6.1869e-01
  fEnd=    47.78154 grad=  1.5851e+00
  pitchDecay=   -66.25744 grad= -4.4592e-01
  bodyAmp=     0.77310 grad= -9.1509e-02
  ampDecay=   -13.66676 grad=  3.4076e-04
  clickFreq=   452.60135 grad= -5.7321e-04
  clickAmp=     0.30467 grad= -1.8458e-03
  clickDecay=  -408.80722 grad= -5.7592e-04
  noiseCutoff=  2990.95312 grad= -2.3108e-02
  noiseAmp=     0.01539 grad=  1.3770e-02
  noiseDecay=   -30.23217 grad=  2.0410e-01
  drive=     2.54893 grad= -2.7891e-02
  outGain=     0.30702 grad= -9.0897e-02
  bodyAsymmetry=    -0.05110 grad=  7.7188e-01
  bodyHarmonic=    -0.40966 grad=  1.3455e-02
epoch=30 loss=1.824770
  fStart=   295.08472 grad= -1.8058e+00
  fEnd=    47.63696 grad= -3.7432e+00
  pitchDecay=   -66.36501 grad=  1.4371e+00
  bodyAmp=     0.97591 grad= -6.7314e-02
  ampDecay=   -13.76171 grad=  1.3130e-03
  clickFreq=   478.54221 grad=  1.1234e-02
  clickAmp=     0.44070 grad=  1.0407e-02
  clickDecay=  -477.86041 grad=  3.3917e-04
  noiseCutoff=  3176.27124 grad= -1.7508e-02
  noiseAmp=     0.01201 grad=  1.0760e+00
  noiseDecay=   -21.99049 grad=  1.8653e-01
  drive=     2.62459 grad= -1.8356e-02
  outGain=     0.25452 grad=  5.8424e-02
  bodyAsymmetry=    -0.05298 grad=  7.0035e-01
  bodyHarmonic=    -0.46661 grad=  4.5218e-03
epoch=40 loss=1.797196
  fStart=   295.71423 grad=  1.5217e-01
  fEnd=    47.57631 grad=  9.2240e-01
  pitchDecay=   -66.21161 grad= -1.4963e-01
  bodyAmp=     1.00000 grad= -5.1684e-02
  ampDecay=   -13.84856 grad= -1.7338e-03
  clickFreq=   500.38571 grad= -1.2604e-02
  clickAmp=     0.50000 grad= -2.7607e-02
  clickDecay=  -565.37036 grad= -2.9449e-04
  noiseCutoff=  3441.04297 grad=  1.0980e-02
  noiseAmp=     0.01085 grad=  3.5123e+00
  noiseDecay=   -20.00000 grad=  1.3213e-01
  drive=     2.71600 grad= -1.0074e-02
  outGain=     0.22828 grad=  1.3081e-01
  bodyAsymmetry=    -0.06258 grad= -1.4139e-01
  bodyHarmonic=    -0.49095 grad=  5.1786e-03
epoch=50 loss=1.789735
  fStart=   296.52258 grad= -1.8880e-02
  fEnd=    47.51081 grad=  4.5353e-01
  pitchDecay=   -66.03907 grad=  8.1674e-03
  bodyAmp=     1.00000 grad= -3.7053e-02
  ampDecay=   -13.81973 grad= -2.7670e-04
  clickFreq=   524.53876 grad= -1.3738e-02
  clickAmp=     0.50000 grad= -2.8739e-02
  clickDecay=  -682.29565 grad= -5.8046e-04
  noiseCutoff=  3680.31079 grad= -7.7208e-02
  noiseAmp=     0.00834 grad= -3.1694e+00
  noiseDecay=   -20.00000 grad=  2.4346e-01
  drive=     2.80559 grad= -2.7750e-02
  outGain=     0.21918 grad= -1.9903e-01
  bodyAsymmetry=    -0.06312 grad= -1.4627e-01
  bodyHarmonic=    -0.54422 grad= -8.0745e-04
epoch=60 loss=1.782693
  fStart=   297.15457 grad= -4.7427e-01
  fEnd=    47.37602 grad= -4.9582e-02
  pitchDecay=   -65.90598 grad=  4.0118e-01
  bodyAmp=     1.00000 grad= -5.8064e-02
  ampDecay=   -13.81243 grad= -7.9432e-04
  clickFreq=   553.70007 grad= -1.0067e-02
  clickAmp=     0.50000 grad= -1.3900e-02
  clickDecay=  -800.00000 grad= -6.6036e-04
  noiseCutoff=  3985.08789 grad= -5.1881e-03
  noiseAmp=     0.00865 grad=  3.6674e+00
  noiseDecay=   -20.00000 grad=  1.5173e-01
  drive=     2.89424 grad= -1.1508e-02
  outGain=     0.22042 grad=  1.3757e-01
  bodyAsymmetry=    -0.06218 grad= -1.5492e-04
  bodyHarmonic=    -0.57578 grad= -6.2654e-03
epoch=70 loss=1.775171
  fStart=   297.71664 grad= -6.9551e-01
  fEnd=    47.23978 grad= -1.5900e+00
  pitchDecay=   -65.77468 grad=  6.2171e-01
  bodyAmp=     1.00000 grad= -4.9477e-02
  ampDecay=   -13.78140 grad= -1.9907e-03
  clickFreq=   587.62030 grad= -1.1209e-02
  clickAmp=     0.50000 grad= -1.0506e-02
  clickDecay=  -800.00000 grad= -3.2475e-04
  noiseCutoff=  4327.54248 grad= -6.7853e-02
  noiseAmp=     0.00714 grad= -2.2719e+00
  noiseDecay=   -20.00000 grad=  2.3355e-01
  drive=     2.98038 grad= -2.3803e-02
  outGain=     0.20683 grad= -1.8147e-01
  bodyAsymmetry=    -0.06383 grad=  4.7994e-02
  bodyHarmonic=    -0.58515 grad=  1.1629e-02
epoch=80 loss=1.773720
  fStart=   298.05444 grad= -1.5038e+00
  fEnd=    47.26842 grad= -2.5336e+00
  pitchDecay=   -65.68291 grad=  1.2870e+00
  bodyAmp=     1.00000 grad= -6.4202e-02
  ampDecay=   -13.64839 grad= -1.8868e-03
  clickFreq=   627.63867 grad= -7.8183e-03
  clickAmp=     0.50000 grad= -1.8107e-02
  clickDecay=  -763.38177 grad=  1.3368e-03
  noiseCutoff=  4647.51074 grad=  2.0109e-02
  noiseAmp=     0.00809 grad=  7.0057e+00
  noiseDecay=   -20.00000 grad=  1.1989e-01
  drive=     3.06247 grad= -5.4142e-03
  outGain=     0.19996 grad=  2.3814e-01
  bodyAsymmetry=    -0.06672 grad= -9.6676e-02
  bodyHarmonic=    -0.61104 grad= -4.5867e-03
epoch=90 loss=1.765479
  fStart=   298.05713 grad=  9.7145e-01
  fEnd=    47.22357 grad=  2.0087e+00
  pitchDecay=   -65.64033 grad= -7.9755e-01
  bodyAmp=     1.00000 grad= -4.7837e-02
  ampDecay=   -13.50333 grad=  4.3555e-04
  clickFreq=   662.23267 grad=  1.0620e-02
  clickAmp=     0.50000 grad= -5.5266e-03
  clickDecay=  -583.71533 grad=  3.3774e-03
  noiseCutoff=  4949.02832 grad= -8.1838e-02
  noiseAmp=     0.00629 grad= -3.8303e+00
  noiseDecay=   -20.00000 grad=  2.4985e-01
  drive=     3.14267 grad= -2.3766e-02
  outGain=     0.18948 grad= -2.4481e-01
  bodyAsymmetry=    -0.06757 grad=  1.0182e-01
  bodyHarmonic=    -0.61339 grad=  4.9398e-03
epoch=100 loss=1.763226
  fStart=   297.77286 grad= -4.9895e+00
  fEnd=    47.10529 grad= -4.8836e+00
  pitchDecay=   -65.66869 grad=  4.2048e+00
  bodyAmp=     1.00000 grad= -7.5350e-02
  ampDecay=   -13.44660 grad= -2.2509e-03
  clickFreq=   667.75732 grad= -2.1262e-02
  clickAmp=     0.50000 grad= -7.4445e-03
  clickDecay=  -410.94595 grad= -8.6218e-05
  noiseCutoff=  5317.22461 grad=  1.6085e-02
  noiseAmp=     0.00718 grad=  7.9255e+00
  noiseDecay=   -20.00000 grad=  1.2849e-01
  drive=     3.21917 grad= -6.8882e-03
  outGain=     0.18694 grad=  2.5420e-01
  bodyAsymmetry=    -0.06888 grad= -4.4193e-02
  bodyHarmonic=    -0.60534 grad= -8.5763e-03
epoch=110 loss=1.757162
  fStart=   298.14340 grad=  6.0420e-01
  fEnd=    47.15454 grad=  2.2135e+00
  pitchDecay=   -65.57269 grad= -4.6845e-01
  bodyAmp=     1.00000 grad= -4.5024e-02
  ampDecay=   -13.35414 grad=  7.0739e-04
  clickFreq=   669.42566 grad= -2.3407e-02
  clickAmp=     0.50000 grad= -4.3254e-03
  clickDecay=  -363.23050 grad=  6.3576e-04
  noiseCutoff=  5655.19775 grad= -1.0680e-01
  noiseAmp=     0.00526 grad= -8.3474e+00
  noiseDecay=   -20.00000 grad=  2.8523e-01
  drive=     3.29284 grad= -2.7676e-02
  outGain=     0.17888 grad= -3.9720e-01
  bodyAsymmetry=    -0.06898 grad=  1.5812e-03
  bodyHarmonic=    -0.58544 grad=  1.3004e-03
epoch=120 loss=1.748739
  fStart=   298.42303 grad=  2.7607e-01
  fEnd=    47.13413 grad=  1.5575e+00
  pitchDecay=   -65.48930 grad= -1.9563e-01
  bodyAmp=     1.00000 grad= -3.3879e-02
  ampDecay=   -13.45639 grad=  4.2103e-03
  clickFreq=   670.73376 grad= -2.0145e-02
  clickAmp=     0.49566 grad=  1.6190e-02
  clickDecay=  -344.36346 grad=  3.5089e-04
  noiseCutoff=  6180.70703 grad= -3.5726e-02
  noiseAmp=     0.00502 grad=  3.7874e+00
  noiseDecay=   -20.00000 grad=  1.9500e-01
  drive=     3.36221 grad= -2.0292e-03
  outGain=     0.19605 grad=  2.6188e-01
  bodyAsymmetry=    -0.06779 grad=  4.1561e-02
  bodyHarmonic=    -0.57057 grad= -3.3211e-03
epoch=130 loss=1.746700
  fStart=   298.43799 grad= -5.3376e-01
  fEnd=    46.99902 grad= -1.1856e+00
  pitchDecay=   -65.46363 grad=  4.1814e-01
  bodyAmp=     1.00000 grad= -3.1826e-02
  ampDecay=   -13.75106 grad=  1.7033e-03
  clickFreq=   674.00690 grad=  1.2263e-02
  clickAmp=     0.45097 grad=  1.6081e-02
  clickDecay=  -304.79395 grad=  1.6151e-03
  noiseCutoff=  6932.51514 grad= -1.2678e-01
  noiseAmp=     0.00353 grad= -1.8207e+01
  noiseDecay=   -20.00000 grad=  3.2186e-01
  drive=     3.42262 grad= -2.5933e-02
  outGain=     0.19250 grad= -3.3213e-01
  bodyAsymmetry=    -0.06352 grad=  2.3829e-01
  bodyHarmonic=    -0.58266 grad=  1.4830e-02
epoch=140 loss=1.740252
  fStart=   299.01416 grad=  5.2149e-01
  fEnd=    47.00685 grad=  4.3861e-01
  pitchDecay=   -65.33010 grad= -3.6585e-01
  bodyAmp=     1.00000 grad= -7.8662e-02
  ampDecay=   -13.89330 grad= -3.3300e-03
  clickFreq=   677.76990 grad= -2.9897e-03
  clickAmp=     0.42886 grad= -4.9003e-03
  clickDecay=  -259.96570 grad= -2.7261e-03
  noiseCutoff=  7664.78857 grad=  3.2661e-02
  noiseAmp=     0.00440 grad=  1.7112e+01
  noiseDecay=   -20.00000 grad=  1.2561e-01
  drive=     3.48811 grad= -1.5661e-03
  outGain=     0.19169 grad=  3.9743e-01
  bodyAsymmetry=    -0.06288 grad= -7.7288e-02
  bodyHarmonic=    -0.61628 grad= -5.4925e-03
epoch=150 loss=1.733809
  fStart=   299.48505 grad=  1.0364e+00
  fEnd=    47.02831 grad=  1.6256e+00
  pitchDecay=   -65.21261 grad= -7.2883e-01
  bodyAmp=     1.00000 grad= -5.5775e-02
  ampDecay=   -13.79338 grad= -1.5036e-03
  clickFreq=   681.16376 grad=  1.5585e-02
  clickAmp=     0.44243 grad=  6.4113e-03
  clickDecay=  -287.55817 grad=  1.4824e-03
  noiseCutoff=  8000.00000 grad= -1.0004e-01
  noiseAmp=     0.00334 grad= -1.3627e+01
  noiseDecay=   -20.00000 grad=  3.0657e-01
  drive=     3.55360 grad= -2.7718e-02
  outGain=     0.17943 grad= -4.2216e-01
  bodyAsymmetry=    -0.06243 grad=  2.2117e-01
  bodyHarmonic=    -0.65234 grad=  9.0209e-03
epoch=160 loss=1.736220
  fStart=   298.84952 grad=  2.8439e-02
  fEnd=    46.91409 grad= -2.0113e+00
  pitchDecay=   -65.31001 grad=  2.3497e-02
  bodyAmp=     1.00000 grad= -6.6686e-02
  ampDecay=   -13.66860 grad=  3.6883e-05
  clickFreq=   679.78217 grad=  1.9779e-02
  clickAmp=     0.47020 grad= -1.4805e-03
  clickDecay=  -281.93564 grad= -7.5440e-04
  noiseCutoff=  8000.00000 grad=  2.3203e-02
  noiseAmp=     0.00431 grad=  1.5388e+01
  noiseDecay=   -20.00000 grad=  1.4649e-01
  drive=     3.61466 grad= -3.0543e-04
  outGain=     0.17905 grad=  3.7955e-01
  bodyAsymmetry=    -0.06512 grad= -7.8997e-02
  bodyHarmonic=    -0.67822 grad= -1.2157e-02
epoch=170 loss=1.732694
  fStart=   298.88046 grad=  7.7523e-01
  fEnd=    46.99940 grad=  8.6256e-01
  pitchDecay=   -65.27287 grad= -5.6256e-01
  bodyAmp=     1.00000 grad= -4.2974e-02
  ampDecay=   -13.65834 grad=  1.0747e-03
  clickFreq=   678.07800 grad=  4.8686e-03
  clickAmp=     0.47666 grad=  1.1008e-02
  clickDecay=  -289.09756 grad=  1.6168e-03
  noiseCutoff=  8000.00000 grad= -1.0397e-01
  noiseAmp=     0.00334 grad= -1.5017e+01
  noiseDecay=   -20.00000 grad=  3.1400e-01
  drive=     3.67142 grad= -2.3954e-02
  outGain=     0.17387 grad= -3.8985e-01
  bodyAsymmetry=    -0.06503 grad=  1.7089e-01
  bodyHarmonic=    -0.65227 grad=  8.7258e-03
epoch=180 loss=1.732840
  fStart=   298.51611 grad=  2.9190e-01
  fEnd=    46.99463 grad=  1.7164e-01
  pitchDecay=   -65.32696 grad= -2.9511e-01
  bodyAmp=     1.00000 grad= -5.6808e-02
  ampDecay=   -13.68861 grad= -3.9350e-04
  clickFreq=   675.65411 grad= -8.8852e-03
  clickAmp=     0.46202 grad= -7.4454e-03
  clickDecay=  -282.95517 grad= -8.1588e-05
  noiseCutoff=  8000.00000 grad=  2.0372e-02
  noiseAmp=     0.00427 grad=  1.4848e+01
  noiseDecay=   -20.00000 grad=  1.4787e-01
  drive=     3.72601 grad=  8.6323e-04
  outGain=     0.17662 grad=  3.7408e-01
  bodyAsymmetry=    -0.06550 grad= -1.5871e-01
  bodyHarmonic=    -0.63452 grad= -4.2858e-03
epoch=190 loss=1.729772
  fStart=   298.66376 grad=  2.7714e-01
  fEnd=    47.08740 grad=  7.2925e-01
  pitchDecay=   -65.31736 grad= -2.7178e-01
  bodyAmp=     1.00000 grad= -4.0131e-02
  ampDecay=   -13.71316 grad=  4.5228e-04
  clickFreq=   676.13013 grad=  2.5809e-02
  clickAmp=     0.45350 grad=  5.0886e-03
  clickDecay=  -283.42200 grad=  4.2526e-04
  noiseCutoff=  8000.00000 grad= -9.8418e-02
  noiseAmp=     0.00337 grad= -1.3137e+01
  noiseDecay=   -20.00000 grad=  3.0548e-01
  drive=     3.77538 grad= -2.1731e-02
  outGain=     0.17227 grad= -3.6740e-01
  bodyAsymmetry=    -0.06337 grad=  1.3881e-01
  bodyHarmonic=    -0.64459 grad=  6.8791e-03
epoch=200 loss=1.731062
  fStart=   298.66364 grad= -1.7399e+00
  fEnd=    47.07770 grad= -3.2041e+00
  pitchDecay=   -65.33406 grad=  1.4272e+00
  bodyAmp=     1.00000 grad= -6.0508e-02
  ampDecay=   -13.71801 grad= -9.9714e-04
  clickFreq=   675.58868 grad=  4.0910e-03
  clickAmp=     0.45172 grad= -7.1411e-03
  clickDecay=  -280.73392 grad= -5.5826e-04
  noiseCutoff=  8000.00000 grad=  1.9216e-02
  noiseAmp=     0.00425 grad=  1.4612e+01
  noiseDecay=   -20.00000 grad=  1.4993e-01
  drive=     3.82533 grad= -4.3539e-04
  outGain=     0.17427 grad=  3.6504e-01
  bodyAsymmetry=    -0.06496 grad= -1.7575e-01
  bodyHarmonic=    -0.62963 grad= -9.8450e-03
epoch=210 loss=1.728523
  fStart=   298.80920 grad=  1.1735e+00
  fEnd=    47.07277 grad=  8.9573e-01
  pitchDecay=   -65.29646 grad= -9.5272e-01
  bodyAmp=     1.00000 grad= -3.0943e-02
  ampDecay=   -13.71757 grad= -4.8941e-05
  clickFreq=   674.76611 grad= -1.2843e-02
  clickAmp=     0.44370 grad= -5.7685e-03
  clickDecay=  -282.13278 grad=  2.8465e-04
  noiseCutoff=  8000.00000 grad= -9.7675e-02
  noiseAmp=     0.00339 grad= -1.2504e+01
  noiseDecay=   -20.00000 grad=  3.0232e-01
  drive=     3.87287 grad= -1.9602e-02
  outGain=     0.16986 grad= -3.5859e-01
  bodyAsymmetry=    -0.06356 grad= -5.0076e-02
  bodyHarmonic=    -0.62105 grad=  9.5057e-03
epoch=220 loss=1.730033
  fStart=   298.46686 grad= -4.3353e-01
  fEnd=    46.99406 grad= -6.7607e-01
  pitchDecay=   -65.37232 grad=  3.1942e-01
  bodyAmp=     1.00000 grad= -5.8660e-02
  ampDecay=   -13.73414 grad=  1.7648e-04
  clickFreq=   675.03357 grad= -1.4095e-02
  clickAmp=     0.43982 grad= -4.7165e-03
  clickDecay=  -283.08850 grad= -1.0381e-03
  noiseCutoff=  8000.00000 grad=  1.1766e-02
  noiseAmp=     0.00422 grad=  1.3221e+01
  noiseDecay=   -20.00000 grad=  1.5875e-01
  drive=     3.91736 grad= -1.2580e-03
  outGain=     0.17060 grad=  3.1650e-01
  bodyAsymmetry=    -0.06318 grad= -1.0106e-01
  bodyHarmonic=    -0.64589 grad= -9.6393e-03
epoch=230 loss=1.727623
  fStart=   298.77588 grad=  7.0235e-01
  fEnd=    47.00765 grad=  2.7784e+00
  pitchDecay=   -65.34097 grad= -6.0604e-01
  bodyAmp=     1.00000 grad= -3.6031e-02
  ampDecay=   -13.79011 grad=  6.1736e-04
  clickFreq=   676.17560 grad=  4.4641e-03
  clickAmp=     0.44284 grad= -2.0539e-03
  clickDecay=  -283.73434 grad=  1.4178e-03
  noiseCutoff=  8000.00000 grad= -9.2560e-02
  noiseAmp=     0.00342 grad= -1.1000e+01
  noiseDecay=   -20.00000 grad=  2.9671e-01
  drive=     3.95798 grad= -1.8835e-02
  outGain=     0.16734 grad= -3.3194e-01
  bodyAsymmetry=    -0.06272 grad=  7.4528e-03
  bodyHarmonic=    -0.65265 grad=  8.1236e-03
epoch=240 loss=1.728813
  fStart=   298.87091 grad= -1.3236e-01
  fEnd=    46.98779 grad= -1.1169e-01
  pitchDecay=   -65.35039 grad=  9.8193e-02
  bodyAmp=     1.00000 grad= -6.3478e-02
  ampDecay=   -13.82036 grad= -8.4567e-04
  clickFreq=   675.55713 grad= -1.9298e-02
  clickAmp=     0.44055 grad= -2.3964e-03
  clickDecay=  -275.71103 grad= -1.2761e-03
  noiseCutoff=  8000.00000 grad=  1.1368e-02
  noiseAmp=     0.00419 grad=  1.3454e+01
  noiseDecay=   -20.00000 grad=  1.5865e-01
  drive=     3.99844 grad= -2.0286e-03
  outGain=     0.16864 grad=  3.1272e-01
  bodyAsymmetry=    -0.06278 grad= -9.2108e-02
  bodyHarmonic=    -0.66558 grad= -7.0538e-03
epoch=250 loss=1.726581
  fStart=   299.01459 grad=  8.9461e-02
  fEnd=    46.97723 grad=  9.9877e-02
  pitchDecay=   -65.33530 grad= -3.1980e-02
  bodyAmp=     1.00000 grad= -4.1041e-02
  ampDecay=   -13.82343 grad=  7.9064e-04
  clickFreq=   676.81915 grad=  1.2209e-03
  clickAmp=     0.43783 grad=  5.9833e-03
  clickDecay=  -278.85663 grad=  2.6519e-04
  noiseCutoff=  8000.00000 grad= -8.7545e-02
  noiseAmp=     0.00345 grad= -9.4557e+00
  noiseDecay=   -20.00000 grad=  2.9026e-01
  drive=     4.00000 grad= -1.7754e-02
  outGain=     0.16668 grad= -3.0000e-01
  bodyAsymmetry=    -0.06166 grad=  1.1992e-01
  bodyHarmonic=    -0.66537 grad=  7.6227e-03
epoch=260 loss=1.728341
  fStart=   299.08517 grad=  7.9982e-03
  fEnd=    46.95488 grad=  2.0716e-02
  pitchDecay=   -65.31440 grad=  7.7180e-02
  bodyAmp=     1.00000 grad= -6.1456e-02
  ampDecay=   -13.82349 grad= -7.0558e-04
  clickFreq=   675.26825 grad= -3.1271e-02
  clickAmp=     0.43871 grad= -4.1124e-03
  clickDecay=  -280.05591 grad= -5.5601e-04
  noiseCutoff=  8000.00000 grad=  9.4672e-03
  noiseAmp=     0.00417 grad=  1.3145e+01
  noiseDecay=   -20.00000 grad=  1.6213e-01
  drive=     4.00000 grad= -2.1270e-03
  outGain=     0.16890 grad=  3.0395e-01
  bodyAsymmetry=    -0.06262 grad= -8.6252e-02
  bodyHarmonic=    -0.66214 grad= -8.9038e-03
epoch=270 loss=1.726323
  fStart=   299.10272 grad=  1.1936e-01
  fEnd=    46.94570 grad= -1.7273e-01
  pitchDecay=   -65.28380 grad= -6.3377e-03
  bodyAmp=     1.00000 grad= -3.9910e-02
  ampDecay=   -13.82169 grad=  6.3396e-04
  clickFreq=   675.13300 grad= -2.3376e-02
  clickAmp=     0.43942 grad=  1.1712e-03
  clickDecay=  -284.13089 grad=  1.4864e-03
  noiseCutoff=  8000.00000 grad= -8.4686e-02
  noiseAmp=     0.00348 grad= -8.5072e+00
  noiseDecay=   -20.00000 grad=  2.8662e-01
  drive=     4.00000 grad= -1.7240e-02
  outGain=     0.16674 grad= -2.7442e-01
  bodyAsymmetry=    -0.06209 grad=  7.3204e-02
  bodyHarmonic=    -0.65849 grad=  4.6009e-03
epoch=280 loss=1.727685
  fStart=   298.98492 grad= -3.8644e-02
  fEnd=    46.94821 grad= -6.9958e-02
  pitchDecay=   -65.26823 grad=  9.1040e-02
  bodyAmp=     1.00000 grad= -6.1059e-02
  ampDecay=   -13.81975 grad= -7.1740e-04
  clickFreq=   674.37689 grad= -3.5159e-02
  clickAmp=     0.44079 grad= -2.1727e-03
  clickDecay=  -277.46921 grad= -7.6229e-04
  noiseCutoff=  8000.00000 grad=  4.1963e-03
  noiseAmp=     0.00414 grad=  1.2016e+01
  noiseDecay=   -20.00000 grad=  1.7013e-01
  drive=     4.00000 grad= -3.0766e-03
  outGain=     0.16842 grad=  2.6407e-01
  bodyAsymmetry=    -0.06270 grad= -7.2721e-02
  bodyHarmonic=    -0.65764 grad= -7.0919e-03
epoch=290 loss=1.726027
  fStart=   298.93063 grad=  4.6232e-02
  fEnd=    46.94592 grad= -1.8829e-01
  pitchDecay=   -65.24113 grad=  3.0462e-02
  bodyAmp=     1.00000 grad= -4.0638e-02
  ampDecay=   -13.81765 grad=  5.9963e-04
  clickFreq=   676.49811 grad=  1.4391e-02
  clickAmp=     0.43845 grad=  1.4369e-03
  clickDecay=  -274.55966 grad=  9.1520e-04
  noiseCutoff=  8000.00000 grad= -8.1934e-02
  noiseAmp=     0.00350 grad= -7.7192e+00
  noiseDecay=   -20.00000 grad=  2.8324e-01
  drive=     4.00000 grad= -1.6764e-02
  outGain=     0.16664 grad= -2.6128e-01
  bodyAsymmetry=    -0.06216 grad=  6.0255e-02
  bodyHarmonic=    -0.65492 grad=  4.8307e-03
epoch=300 loss=1.727316
  fStart=   298.83942 grad=  1.3882e-03
  fEnd=    46.94794 grad=  1.2758e-01
  pitchDecay=   -65.22047 grad=  3.8027e-02
  bodyAmp=     1.00000 grad= -5.9016e-02
  ampDecay=   -13.81845 grad= -6.7797e-04
  clickFreq=   675.46826 grad= -1.9836e-02
  clickAmp=     0.43657 grad= -3.6406e-03
  clickDecay=  -276.64301 grad= -6.1958e-04
  noiseCutoff=  8000.00000 grad=  9.6800e-04
  noiseAmp=     0.00411 grad=  1.1474e+01
  noiseDecay=   -20.00000 grad=  1.7417e-01
  drive=     4.00000 grad= -3.3669e-03
  outGain=     0.16852 grad=  2.4626e-01
  bodyAsymmetry=    -0.06246 grad= -6.9275e-02
  bodyHarmonic=    -0.65431 grad= -4.6811e-03
epoch=310 loss=1.725658
  fStart=   298.78641 grad=  1.1261e-01
  fEnd=    46.94590 grad=  8.1392e-02
  pitchDecay=   -65.19675 grad= -3.4799e-02
  bodyAmp=     1.00000 grad= -4.1355e-02
  ampDecay=   -13.81847 grad=  6.2306e-04
  clickFreq=   676.01501 grad=  8.1479e-03
  clickAmp=     0.43853 grad=  3.2273e-03
  clickDecay=  -276.78922 grad=  1.0455e-03
  noiseCutoff=  8000.00000 grad= -7.7628e-02
  noiseAmp=     0.00353 grad= -6.6340e+00
  noiseDecay=   -20.00000 grad=  2.7798e-01
  drive=     4.00000 grad= -1.5843e-02
  outGain=     0.16696 grad= -2.3331e-01
  bodyAsymmetry=    -0.06207 grad=  8.3398e-02
  bodyHarmonic=    -0.65358 grad=  5.1021e-03
epoch=320 loss=1.726966
  fStart=   298.72400 grad= -1.5187e-02
  fEnd=    46.94534 grad=  8.4723e-02
  pitchDecay=   -65.17947 grad=  3.6011e-02
  bodyAmp=     1.00000 grad= -5.8774e-02
  ampDecay=   -13.81833 grad= -6.1635e-04
  clickFreq=   676.03503 grad= -5.6683e-03
  clickAmp=     0.43924 grad= -1.8489e-03
  clickDecay=  -276.38181 grad= -8.9178e-04
  noiseCutoff=  8000.00000 grad= -3.8043e-03
  noiseAmp=     0.00408 grad=  1.0513e+01
  noiseDecay=   -20.00000 grad=  1.8025e-01
  drive=     4.00000 grad= -4.1728e-03
  outGain=     0.16820 grad=  2.1607e-01
  bodyAsymmetry=    -0.06261 grad= -6.3759e-02
  bodyHarmonic=    -0.65488 grad= -4.4630e-03
epoch=330 loss=1.725515
  fStart=   298.68671 grad=  8.3751e-02
  fEnd=    46.94459 grad=  1.3231e-01
  pitchDecay=   -65.16489 grad= -3.4153e-02
  bodyAmp=     1.00000 grad= -4.1836e-02
  ampDecay=   -13.81745 grad=  6.0987e-04
  clickFreq=   676.36102 grad=  1.5194e-02
  clickAmp=     0.43882 grad=  2.7864e-03
  clickDecay=  -277.46262 grad=  1.0689e-03
  noiseCutoff=  8000.00000 grad= -7.3480e-02
  noiseAmp=     0.00356 grad= -5.6314e+00
  noiseDecay=   -20.00000 grad=  2.7340e-01
  drive=     4.00000 grad= -1.5166e-02
  outGain=     0.16713 grad= -2.0499e-01
  bodyAsymmetry=    -0.06216 grad=  6.4675e-02
  bodyHarmonic=    -0.65362 grad=  3.8058e-03
epoch=340 loss=1.726660
  fStart=   298.65692 grad= -8.0090e-02
  fEnd=    46.94405 grad= -1.2739e-01
  pitchDecay=   -65.15492 grad=  6.8726e-02
  bodyAmp=     1.00000 grad= -5.7408e-02
  ampDecay=   -13.81881 grad= -5.3866e-04
  clickFreq=   676.01312 grad= -5.1285e-03
  clickAmp=     0.43834 grad= -1.6409e-03
  clickDecay=  -277.31314 grad= -7.2170e-04
  noiseCutoff=  8000.00000 grad= -7.1442e-03
  noiseAmp=     0.00405 grad=  9.7391e+00
  noiseDecay=   -20.00000 grad=  1.8570e-01
  drive=     4.00000 grad= -4.6655e-03
  outGain=     0.16813 grad=  1.9324e-01
  bodyAsymmetry=    -0.06250 grad= -4.9544e-02
  bodyHarmonic=    -0.65340 grad= -3.8850e-03
epoch=350 loss=1.725357
  fStart=   298.63885 grad=  1.3739e-01
  fEnd=    46.94531 grad=  1.8272e-01
  pitchDecay=   -65.14693 grad= -9.1965e-02
  bodyAmp=     1.00000 grad= -4.1152e-02
  ampDecay=   -13.81989 grad=  5.5355e-04
  clickFreq=   675.86548 grad=  7.9833e-03
  clickAmp=     0.43903 grad=  2.3085e-03
  clickDecay=  -277.34659 grad= -5.0661e-05
  noiseCutoff=  8000.00000 grad= -6.9713e-02
  noiseAmp=     0.00359 grad= -4.5705e+00
  noiseDecay=   -20.00000 grad=  2.6829e-01
  drive=     4.00000 grad= -1.4134e-02
  outGain=     0.16720 grad= -1.8063e-01
  bodyAsymmetry=    -0.06221 grad=  5.1301e-02
  bodyHarmonic=    -0.65320 grad=  5.1271e-03
epoch=360 loss=1.726374
  fStart=   298.61520 grad= -3.6890e-02
  fEnd=    46.94486 grad=  9.4514e-02
  pitchDecay=   -65.14272 grad=  3.1649e-02
  bodyAmp=     1.00000 grad= -5.7764e-02
  ampDecay=   -13.82092 grad= -5.3399e-04
  clickFreq=   675.68054 grad= -9.1798e-03
  clickAmp=     0.43908 grad= -4.7231e-05
  clickDecay=  -277.89120 grad= -6.8838e-04
  noiseCutoff=  8000.00000 grad= -1.1264e-02
  noiseAmp=     0.00402 grad=  8.9756e+00
  noiseDecay=   -20.00000 grad=  1.9078e-01
  drive=     4.00000 grad= -5.4151e-03
  outGain=     0.16800 grad=  1.6874e-01
  bodyAsymmetry=    -0.06243 grad= -2.7501e-02
  bodyHarmonic=    -0.65373 grad= -3.4392e-03
epoch=370 loss=1.725193
  fStart=   298.60693 grad=  1.1129e-01
  fEnd=    46.94407 grad=  1.6899e-01
  pitchDecay=   -65.13753 grad= -6.4638e-02
  bodyAmp=     1.00000 grad= -4.1583e-02
  ampDecay=   -13.82039 grad=  4.6613e-04
  clickFreq=   675.87933 grad=  5.1929e-03
  clickAmp=     0.43900 grad= -8.4759e-04
  clickDecay=  -278.05966 grad=  1.0431e-03
  noiseCutoff=  8000.00000 grad= -6.5736e-02
  noiseAmp=     0.00361 grad= -3.6190e+00
  noiseDecay=   -20.00000 grad=  2.6345e-01
  drive=     4.00000 grad= -1.3760e-02
  outGain=     0.16724 grad= -1.5781e-01
  bodyAsymmetry=    -0.06230 grad=  1.8676e-02
  bodyHarmonic=    -0.65310 grad=  2.1524e-03
epoch=380 loss=1.726072
  fStart=   298.59372 grad= -7.7503e-02
  fEnd=    46.94374 grad= -1.2256e-01
  pitchDecay=   -65.13423 grad=  6.3194e-02
  bodyAmp=     1.00000 grad= -5.6794e-02
  ampDecay=   -13.82061 grad= -4.2474e-04
  clickFreq=   675.82263 grad= -2.0111e-03
  clickAmp=     0.43882 grad=  9.7221e-04
  clickDecay=  -278.94598 grad= -5.7538e-04
  noiseCutoff=  8000.00000 grad= -1.4824e-02
  noiseAmp=     0.00400 grad=  8.2819e+00
  noiseDecay=   -20.00000 grad=  1.9560e-01
  drive=     4.00000 grad= -5.8128e-03
  outGain=     0.16791 grad=  1.4729e-01
  bodyAsymmetry=    -0.06233 grad= -5.0461e-03
  bodyHarmonic=    -0.65366 grad= -2.1963e-03
epoch=390 loss=1.725115
  fStart=   298.58060 grad=  1.4406e-02
  fEnd=    46.94366 grad= -8.1478e-02
  pitchDecay=   -65.13153 grad= -3.0635e-03
  bodyAmp=     1.00000 grad= -4.1397e-02
  ampDecay=   -13.82030 grad=  4.3315e-04
  clickFreq=   675.86646 grad=  6.4694e-03
  clickAmp=     0.43890 grad= -6.0718e-04
  clickDecay=  -278.14163 grad= -1.0306e-04
  noiseCutoff=  8000.00000 grad= -6.2484e-02
  noiseAmp=     0.00364 grad= -2.8479e+00
  noiseDecay=   -20.00000 grad=  2.6029e-01
  drive=     4.00000 grad= -1.3008e-02
  outGain=     0.16732 grad= -1.3777e-01
  bodyAsymmetry=    -0.06231 grad=  6.6725e-03
  bodyHarmonic=    -0.65278 grad=  3.2786e-03
epoch=400 loss=1.725898
  fStart=   298.57675 grad= -7.4483e-02
  fEnd=    46.94318 grad= -1.0064e-01
  pitchDecay=   -65.12852 grad=  5.9459e-02
  bodyAmp=     1.00000 grad= -5.6017e-02
  ampDecay=   -13.82052 grad= -4.0470e-04
  clickFreq=   675.73431 grad= -3.4605e-03
  clickAmp=     0.43903 grad=  1.3162e-03
  clickDecay=  -278.80344 grad= -5.3730e-04
  noiseCutoff=  8000.00000 grad= -1.8116e-02
  noiseAmp=     0.00397 grad=  7.5786e+00
  noiseDecay=   -20.00000 grad=  1.9978e-01
  drive=     4.00000 grad= -6.3313e-03
  outGain=     0.16783 grad=  1.2784e-01
  bodyAsymmetry=    -0.06233 grad= -4.1367e-03
  bodyHarmonic=    -0.65307 grad= -1.5225e-03
epoch=410 loss=1.725022
  fStart=   298.57120 grad=  4.6973e-02
  fEnd=    46.94321 grad= -6.2839e-02
  pitchDecay=   -65.12631 grad= -1.7786e-02
  bodyAmp=     1.00000 grad= -4.3533e-02
  ampDecay=   -13.82031 grad=  3.9150e-04
  clickFreq=   675.74011 grad=  3.3990e-03
  clickAmp=     0.43913 grad= -5.0221e-04
  clickDecay=  -278.90634 grad=  9.4722e-04
  noiseCutoff=  8000.00000 grad= -5.9521e-02
  noiseAmp=     0.00366 grad= -2.1038e+00
  noiseDecay=   -20.00000 grad=  2.5627e-01
  drive=     4.00000 grad= -1.2866e-02
  outGain=     0.16737 grad= -1.2048e-01
  bodyAsymmetry=    -0.06229 grad=  1.6832e-02
  bodyHarmonic=    -0.65305 grad=  1.1943e-03
epoch=420 loss=1.725665
  fStart=   298.56451 grad= -2.8538e-02
  fEnd=    46.94383 grad=  1.3943e-01
  pitchDecay=   -65.12489 grad=  1.7512e-02
  bodyAmp=     1.00000 grad= -5.5205e-02
  ampDecay=   -13.82059 grad= -3.8833e-04
  clickFreq=   675.62671 grad= -3.7214e-03
  clickAmp=     0.43906 grad=  1.0211e-03
  clickDecay=  -278.71423 grad= -5.2831e-04
  noiseCutoff=  8000.00000 grad= -2.1251e-02
  noiseAmp=     0.00395 grad=  6.9777e+00
  noiseDecay=   -20.00000 grad=  2.0343e-01
  drive=     4.00000 grad= -6.7987e-03
  outGain=     0.16776 grad=  1.1076e-01
  bodyAsymmetry=    -0.06234 grad= -5.5627e-03
  bodyHarmonic=    -0.65299 grad= -1.3296e-03
epoch=430 loss=1.724906
  fStart=   298.56195 grad=  3.5402e-02
  fEnd=    46.94325 grad= -6.6152e-02
  pitchDecay=   -65.12352 grad= -1.1951e-02
  bodyAmp=     1.00000 grad= -4.3654e-02
  ampDecay=   -13.82049 grad=  3.8244e-04
  clickFreq=   675.71466 grad=  3.0635e-03
  clickAmp=     0.43895 grad= -1.5520e-03
  clickDecay=  -278.91858 grad=  9.3590e-04
  noiseCutoff=  8000.00000 grad= -5.6275e-02
  noiseAmp=     0.00369 grad= -1.3365e+00
  noiseDecay=   -20.00000 grad=  2.5262e-01
  drive=     4.00000 grad= -1.2315e-02
  outGain=     0.16747 grad= -1.0075e-01
  bodyAsymmetry=    -0.06236 grad=  2.0796e-03
  bodyHarmonic=    -0.65313 grad=  5.3092e-04
epoch=440 loss=1.725464
  fStart=   298.55756 grad= -7.5688e-02
  fEnd=    46.94324 grad= -1.0202e-01
  pitchDecay=   -65.12286 grad=  5.5454e-02
  bodyAmp=     1.00000 grad= -5.2033e-02
  ampDecay=   -13.82203 grad= -9.7958e-05
  clickFreq=   675.72241 grad= -3.1266e-03
  clickAmp=     0.43899 grad=  1.1658e-03
  clickDecay=  -278.58563 grad= -6.1800e-04
  noiseCutoff=  8000.00000 grad= -2.7074e-02
  noiseAmp=     0.00390 grad=  5.7939e+00
  noiseDecay=   -20.00000 grad=  2.0986e-01
  drive=     4.00000 grad= -7.2378e-03
  outGain=     0.16829 grad=  8.6121e-02
  bodyAsymmetry=    -0.06235 grad= -7.4342e-03
  bodyHarmonic=    -0.65337 grad= -1.2305e-03
epoch=450 loss=1.724917
  fStart=   298.55627 grad=  3.6686e-02
  fEnd=    46.94292 grad= -5.4416e-02
  pitchDecay=   -65.12181 grad= -1.3999e-02
  bodyAmp=     1.00000 grad= -4.2525e-02
  ampDecay=   -13.82806 grad=  6.0953e-04
  clickFreq=   675.83490 grad=  7.1918e-03
  clickAmp=     0.43760 grad= -2.7154e-05
  clickDecay=  -278.91141 grad=  9.3851e-04
  noiseCutoff=  8000.00000 grad= -5.6117e-02
  noiseAmp=     0.00366 grad= -1.2557e+00
  noiseDecay=   -20.00000 grad=  2.5188e-01
  drive=     4.00000 grad= -1.1783e-02
  outGain=     0.16866 grad= -8.0427e-02
  bodyAsymmetry=    -0.06218 grad=  1.5903e-03
  bodyHarmonic=    -0.65271 grad= -2.2547e-05
epoch=460 loss=1.725157
  fStart=   298.55029 grad= -7.4537e-02
  fEnd=    46.94362 grad= -1.2052e-01
  pitchDecay=   -65.12150 grad=  5.2507e-02
  bodyAmp=     1.00000 grad= -4.9641e-02
  ampDecay=   -13.83655 grad=  3.4537e-05
  clickFreq=   675.80267 grad=  4.0046e-03
  clickAmp=     0.43569 grad=  7.7143e-04
  clickDecay=  -278.46875 grad= -3.6408e-04
  noiseCutoff=  8000.00000 grad= -3.1443e-02
  noiseAmp=     0.00384 grad=  4.8842e+00
  noiseDecay=   -20.00000 grad=  2.1615e-01
  drive=     4.00000 grad= -7.6366e-03
  outGain=     0.16926 grad=  6.8585e-02
  bodyAsymmetry=    -0.06206 grad= -1.0070e-02
  bodyHarmonic=    -0.65178 grad= -3.4929e-04
epoch=470 loss=1.724918
  fStart=   298.54645 grad=  8.0275e-02
  fEnd=    46.94395 grad=  1.6255e-01
  pitchDecay=   -65.12079 grad= -4.4667e-02
  bodyAmp=     1.00000 grad= -3.9940e-02
  ampDecay=   -13.84607 grad=  8.6674e-04
  clickFreq=   675.69501 grad= -3.0771e-03
  clickAmp=     0.43387 grad=  3.1511e-04
  clickDecay=  -278.26605 grad=  7.0186e-04
  noiseCutoff=  8000.00000 grad= -5.8627e-02
  noiseAmp=     0.00361 grad= -1.8001e+00
  noiseDecay=   -20.00000 grad=  2.5438e-01
  drive=     4.00000 grad= -1.1575e-02
  outGain=     0.17014 grad= -7.3929e-02
  bodyAsymmetry=    -0.06185 grad=  2.7040e-03
  bodyHarmonic=    -0.65170 grad=  3.2287e-04
epoch=480 loss=1.724940
  fStart=   298.54431 grad= -1.3219e-02
  fEnd=    46.94375 grad=  1.5018e-01
  pitchDecay=   -65.11973 grad=  2.6180e-03
  bodyAmp=     1.00000 grad= -4.5199e-02
  ampDecay=   -13.86131 grad=  4.7689e-04
  clickFreq=   675.81299 grad=  2.9377e-03
  clickAmp=     0.43132 grad=  1.3879e-03
  clickDecay=  -277.86484 grad= -3.8601e-04
  noiseCutoff=  8000.00000 grad= -3.8033e-02
  noiseAmp=     0.00375 grad=  3.3520e+00
  noiseDecay=   -20.00000 grad=  2.2599e-01
  drive=     4.00000 grad= -8.0082e-03
  outGain=     0.17107 grad=  5.8775e-02
  bodyAsymmetry=    -0.06164 grad= -4.9237e-03
  bodyHarmonic=    -0.65165 grad= -2.8757e-04
epoch=490 loss=1.724777
  fStart=   298.53973 grad=  5.3291e-02
  fEnd=    46.94376 grad=  1.6396e-01
  pitchDecay=   -65.11902 grad= -3.5661e-02
  bodyAmp=     1.00000 grad= -3.9094e-02
  ampDecay=   -13.87790 grad=  7.6956e-04
  clickFreq=   675.87225 grad=  5.7508e-03
  clickAmp=     0.42933 grad=  1.8825e-04
  clickDecay=  -277.42926 grad= -5.4162e-05
  noiseCutoff=  8000.00000 grad= -5.7165e-02
  noiseAmp=     0.00359 grad= -1.5040e+00
  noiseDecay=   -20.00000 grad=  2.5246e-01
  drive=     4.00000 grad= -1.1105e-02
  outGain=     0.17124 grad= -5.2866e-02
  bodyAsymmetry=    -0.06150 grad= -9.5526e-04
  bodyHarmonic=    -0.65168 grad=  1.6184e-03
epoch=500 loss=1.724808
  fStart=   298.53903 grad= -5.9992e-02
  fEnd=    46.94333 grad= -1.0198e-01
  pitchDecay=   -65.11774 grad=  4.5861e-02
  bodyAmp=     1.00000 grad= -4.6601e-02
  ampDecay=   -13.89134 grad=  1.8045e-04
  clickFreq=   675.83038 grad= -4.5538e-03
  clickAmp=     0.42860 grad=  3.8483e-04
  clickDecay=  -277.06677 grad= -5.0871e-04
  noiseCutoff=  8000.00000 grad= -3.9817e-02
  noiseAmp=     0.00372 grad=  2.9327e+00
  noiseDecay=   -20.00000 grad=  2.2862e-01
  drive=     4.00000 grad= -8.8793e-03
  outGain=     0.17149 grad=  4.6569e-02
  bodyAsymmetry=    -0.06143 grad=  1.5225e-03
  bodyHarmonic=    -0.65178 grad= -5.0171e-04
epoch=510 loss=1.724753
  fStart=   298.53720 grad=  1.9676e-02
  fEnd=    46.94326 grad= -7.7477e-02
  pitchDecay=   -65.11678 grad= -6.1051e-03
  bodyAmp=     1.00000 grad= -3.9950e-02
  ampDecay=   -13.90039 grad=  5.2271e-04
  clickFreq=   675.91479 grad=  5.4502e-03
  clickAmp=     0.42844 grad=  4.3554e-04
  clickDecay=  -277.03149 grad= -1.1517e-04
  noiseCutoff=  8000.00000 grad= -5.7513e-02
  noiseAmp=     0.00358 grad= -1.5692e+00
  noiseDecay=   -20.00000 grad=  2.5285e-01
  drive=     4.00000 grad= -1.1344e-02
  outGain=     0.17164 grad= -5.0490e-02
  bodyAsymmetry=    -0.06139 grad= -2.4436e-04
  bodyHarmonic=    -0.65187 grad=  1.5945e-03
epoch=520 loss=1.724686
  fStart=   298.53220 grad= -2.9345e-02
  fEnd=    46.94339 grad= -1.0035e-01
  pitchDecay=   -65.11650 grad=  3.3246e-02
  bodyAmp=     1.00000 grad= -4.4046e-02
  ampDecay=   -13.90818 grad=  3.7348e-04
  clickFreq=   675.89221 grad= -6.0282e-04
  clickAmp=     0.42804 grad=  9.7169e-04
  clickDecay=  -277.07709 grad=  7.8621e-04
  noiseCutoff=  8000.00000 grad= -4.5404e-02
  noiseAmp=     0.00366 grad=  1.4520e+00
  noiseDecay=   -20.00000 grad=  2.3691e-01
  drive=     4.00000 grad= -9.5807e-03
  outGain=     0.17250 grad=  2.7473e-02
  bodyAsymmetry=    -0.06131 grad= -2.9092e-03
  bodyHarmonic=    -0.65232 grad= -1.9423e-03
epoch=530 loss=1.724675
  fStart=   298.52908 grad=  6.6706e-02
  fEnd=    46.94384 grad=  1.6847e-01
  pitchDecay=   -65.11610 grad= -4.6436e-02
  bodyAmp=     1.00000 grad= -3.7976e-02
  ampDecay=   -13.91699 grad=  7.3788e-04
  clickFreq=   675.86353 grad=  5.2576e-03
  clickAmp=     0.42626 grad=  1.7379e-03
  clickDecay=  -277.03677 grad= -5.0469e-05
  noiseCutoff=  8000.00000 grad= -5.7443e-02
  noiseAmp=     0.00355 grad= -1.5673e+00
  noiseDecay=   -20.00000 grad=  2.5248e-01
  drive=     4.00000 grad= -1.0700e-02
  outGain=     0.17306 grad= -2.9543e-02
  bodyAsymmetry=    -0.06117 grad= -1.2806e-03
  bodyHarmonic=    -0.65213 grad=  1.0104e-03
epoch=540 loss=1.724685
  fStart=   298.52481 grad=  3.0168e-03
  fEnd=    46.94390 grad=  1.4721e-01
  pitchDecay=   -65.11594 grad= -2.6711e-03
  bodyAmp=     1.00000 grad= -4.2585e-02
  ampDecay=   -13.92588 grad=  3.9851e-04
  clickFreq=   675.85388 grad= -5.3599e-03
  clickAmp=     0.42431 grad=  5.4843e-04
  clickDecay=  -276.47104 grad= -4.3842e-04
  noiseCutoff=  8000.00000 grad= -4.5998e-02
  noiseAmp=     0.00363 grad=  1.2351e+00
  noiseDecay=   -20.00000 grad=  2.3806e-01
  drive=     4.00000 grad= -9.4657e-03
  outGain=     0.17319 grad=  2.7234e-02
  bodyAsymmetry=    -0.06108 grad= -4.7724e-03
  bodyHarmonic=    -0.65142 grad= -2.6911e-04
epoch=550 loss=1.724705
  fStart=   298.52396 grad=  5.0766e-02
  fEnd=    46.94380 grad=  1.6240e-01
  pitchDecay=   -65.11532 grad= -3.3778e-02
  bodyAmp=     1.00000 grad= -3.9224e-02
  ampDecay=   -13.93350 grad=  5.6820e-04
  clickFreq=   675.93573 grad=  2.8793e-03
  clickAmp=     0.42319 grad=  3.9657e-04
  clickDecay=  -276.76636 grad= -5.9840e-05
  noiseCutoff=  8000.00000 grad= -5.5931e-02
  noiseAmp=     0.00355 grad= -1.2041e+00
  noiseDecay=   -20.00000 grad=  2.5060e-01
  drive=     4.00000 grad= -1.0834e-02
  outGain=     0.17331 grad= -2.6203e-02
  bodyAsymmetry=    -0.06095 grad=  2.4682e-04
  bodyHarmonic=    -0.65155 grad=  9.1175e-04
epoch=560 loss=1.724685
  fStart=   298.52310 grad=  4.0480e-02
  fEnd=    46.94378 grad=  1.4894e-01
  pitchDecay=   -65.11470 grad= -1.0908e-02
  bodyAmp=     1.00000 grad= -4.4748e-02
  ampDecay=   -13.93990 grad=  2.5824e-04
  clickFreq=   675.83167 grad= -1.1965e-02
  clickAmp=     0.42268 grad= -7.6847e-04
  clickDecay=  -276.64023 grad=  6.8384e-04
  noiseCutoff=  8000.00000 grad= -4.6042e-02
  noiseAmp=     0.00363 grad=  1.2231e+00
  noiseDecay=   -20.00000 grad=  2.3803e-01
  drive=     4.00000 grad= -1.0160e-02
  outGain=     0.17346 grad=  2.3513e-02
  bodyAsymmetry=    -0.06093 grad=  5.4334e-04
  bodyHarmonic=    -0.65152 grad= -2.9284e-03
epoch=570 loss=1.724617
  fStart=   298.52109 grad= -1.0381e-03
  fEnd=    46.94373 grad= -9.5006e-02
  pitchDecay=   -65.11427 grad=  9.1311e-03
  bodyAmp=     1.00000 grad= -4.0177e-02
  ampDecay=   -13.94510 grad=  4.2776e-04
  clickFreq=   675.95636 grad=  2.1296e-03
  clickAmp=     0.42246 grad=  5.0577e-04
  clickDecay=  -276.40857 grad= -1.0634e-04
  noiseCutoff=  8000.00000 grad= -5.3344e-02
  noiseAmp=     0.00357 grad= -6.7050e-01
  noiseDecay=   -20.00000 grad=  2.4762e-01
  drive=     4.00000 grad= -1.0589e-02
  outGain=     0.17356 grad= -1.6330e-02
  bodyAsymmetry=    -0.06091 grad= -1.8649e-04
  bodyHarmonic=    -0.65130 grad=  6.5016e-04
epoch=580 loss=1.724689
  fStart=   298.51782 grad= -8.7926e-03
  fEnd=    46.94378 grad= -9.2704e-02
  pitchDecay=   -65.11408 grad=  1.4230e-02
  bodyAmp=     1.00000 grad= -4.1616e-02
  ampDecay=   -13.94955 grad=  2.9504e-04
  clickFreq=   675.90417 grad=  1.0477e-03
  clickAmp=     0.42215 grad=  6.8161e-04
  clickDecay=  -276.56940 grad= -1.3983e-04
  noiseCutoff=  8000.00000 grad= -5.0215e-02
  noiseAmp=     0.00359 grad=  1.9257e-01
  noiseDecay=   -20.00000 grad=  2.4359e-01
  drive=     4.00000 grad= -1.0159e-02
  outGain=     0.17370 grad=  2.8010e-03
  bodyAsymmetry=    -0.06088 grad= -3.6408e-04
  bodyHarmonic=    -0.65117 grad=  2.9595e-04
epoch=590 loss=1.724706
  fStart=   298.51456 grad= -1.8583e-02
  fEnd=    46.94379 grad= -1.0221e-01
  pitchDecay=   -65.11392 grad=  2.3364e-02
  bodyAmp=     1.00000 grad= -4.2164e-02
  ampDecay=   -13.95338 grad=  2.4395e-04
  clickFreq=   675.87744 grad=  2.4580e-04
  clickAmp=     0.42172 grad=  6.2529e-04
  clickDecay=  -276.84122 grad= -1.1126e-04
  noiseCutoff=  8000.00000 grad= -5.0757e-02
  noiseAmp=     0.00358 grad=  6.7131e-02
  noiseDecay=   -20.00000 grad=  2.4449e-01
  drive=     4.00000 grad= -1.0415e-02
  outGain=     0.17381 grad= -2.7211e-04
  bodyAsymmetry=    -0.06085 grad=  4.6098e-05
  bodyHarmonic=    -0.65096 grad= -5.6035e-04
epoch=599 loss=1.724682
  fStart=   298.51215 grad= -2.4778e-02
  fEnd=    46.94369 grad= -1.0146e-01
  pitchDecay=   -65.11365 grad=  2.8074e-02
  bodyAmp=     1.00000 grad= -4.2067e-02
  ampDecay=   -13.95646 grad=  2.5258e-04
  clickFreq=   675.93610 grad= -7.5561e-04
  clickAmp=     0.42124 grad=  3.7942e-04
  clickDecay=  -277.10852 grad= -1.7504e-04
  noiseCutoff=  8000.00000 grad= -5.1049e-02
  noiseAmp=     0.00358 grad= -1.0239e-02
  noiseDecay=   -20.00000 grad=  2.4473e-01
  drive=     4.00000 grad= -1.0486e-02
  outGain=     0.17391 grad= -2.1581e-03
  bodyAsymmetry=    -0.06082 grad= -3.3829e-03
  bodyHarmonic=    -0.65079 grad= -7.0424e-04
refine epoch=0 loss=1.724596
refine epoch=10 loss=1.724666
refine epoch=20 loss=1.724684
refine epoch=30 loss=1.724745
refine epoch=40 loss=1.724655
refine epoch=50 loss=1.724711
refine epoch=60 loss=1.724674
refine epoch=70 loss=1.724686
refine epoch=80 loss=1.724726
refine epoch=90 loss=1.724674
refine epoch=100 loss=1.724629
refine epoch=110 loss=1.724680
refine epoch=120 loss=1.724663
refine epoch=130 loss=1.724707
refine epoch=140 loss=1.724672
refine epoch=150 loss=1.724697
refine epoch=160 loss=1.724656
refine epoch=170 loss=1.724617
refine epoch=180 loss=1.724658
refine epoch=190 loss=1.724723
refine epoch=200 loss=1.724627
refine epoch=210 loss=1.724711
refine epoch=220 loss=1.724637
refine epoch=230 loss=1.724671
refine epoch=240 loss=1.724613
refine epoch=250 loss=1.724640
refine epoch=260 loss=1.724620
refine epoch=270 loss=1.724657
refine epoch=280 loss=1.724664
refine epoch=290 loss=1.724627
epoch=0 loss=2.097147
  fStart=   245.81380 grad= -8.5560e-01
  fEnd=    47.40552 grad=  1.3144e+00
  pitchDecay=   -34.50000 grad=  4.5268e-01
  bodyAmp=     0.52500 grad= -1.1405e-03
  ampDecay=   -14.00000 grad= -5.9092e-03
  clickFreq=   447.21362 grad=  2.8311e-02
  clickAmp=     0.25000 grad=  1.2811e-01
  clickDecay=  -346.41028 grad= -1.7569e-03
  noiseCutoff=  2828.42798 grad=  5.3688e-02
  noiseAmp=     0.02500 grad=  1.6274e+00
  noiseDecay=   -54.77226 grad=  8.1083e-02
  drive=     2.50000 grad=  2.8847e-02
  outGain=     0.55000 grad=  2.1307e-01
  bodyAsymmetry=     0.00000 grad=  1.0417e+00
  bodyHarmonic=     0.00000 grad= -1.6731e-02
epoch=10 loss=1.981704
  fStart=   246.70045 grad= -2.6768e-01
  fEnd=    47.25120 grad=  1.8566e-01
  pitchDecay=   -34.39151 grad=  2.8825e-01
  bodyAmp=     0.62882 grad= -8.2674e-03
  ampDecay=   -13.70185 grad= -1.5630e-03
  clickFreq=   447.05798 grad=  4.8071e-03
  clickAmp=     0.23919 grad=  6.0154e-02
  clickDecay=  -422.21939 grad= -3.0101e-04
  noiseCutoff=  2885.77661 grad=  3.5007e-03
  noiseAmp=     0.01771 grad=  9.0798e-01
  noiseDecay=   -40.97607 grad=  1.3925e-01
  drive=     2.50510 grad=  1.0085e-02
  outGain=     0.43056 grad=  1.3732e-01
  bodyAsymmetry=    -0.03476 grad=  8.2582e-01
  bodyHarmonic=     0.25375 grad=  2.9293e-02
epoch=20 loss=1.912088
  fStart=   246.96928 grad=  4.8107e-01
  fEnd=    47.15139 grad=  3.8073e-01
  pitchDecay=   -34.35809 grad= -3.5394e-01
  bodyAmp=     0.75443 grad= -5.7797e-02
  ampDecay=   -13.49055 grad= -4.6946e-03
  clickFreq=   462.59427 grad= -1.0425e-02
  clickAmp=     0.29642 grad= -1.4688e-02
  clickDecay=  -489.37430 grad=  5.3319e-04
  noiseCutoff=  3037.18774 grad= -4.0654e-03
  noiseAmp=     0.01592 grad=  8.8239e-01
  noiseDecay=   -30.26745 grad=  1.8526e-01
  drive=     2.53768 grad= -1.3364e-02
  outGain=     0.30983 grad=  1.8143e-02
  bodyAsymmetry=    -0.06053 grad=  3.1344e-01
  bodyHarmonic=     0.30572 grad=  2.6402e-02
epoch=30 loss=1.827964
  fStart=   247.23122 grad=  7.0339e-02
  fEnd=    47.14275 grad=  8.8667e-01
  pitchDecay=   -34.32058 grad=  7.5437e-03
  bodyAmp=     0.93619 grad= -2.9094e-02
  ampDecay=   -13.28012 grad= -4.8447e-03
  clickFreq=   491.30911 grad= -1.5998e-02
  clickAmp=     0.41391 grad= -4.1162e-02
  clickDecay=  -441.00577 grad=  1.3242e-03
  noiseCutoff=  3251.69971 grad= -4.0015e-02
  noiseAmp=     0.01214 grad= -5.3807e-02
  noiseDecay=   -21.96684 grad=  2.1521e-01
  drive=     2.60554 grad= -1.7245e-02
  outGain=     0.23144 grad= -2.7439e-02
  bodyAsymmetry=    -0.06897 grad= -2.6000e-01
  bodyHarmonic=     0.23845 grad=  2.8362e-03
epoch=40 loss=1.798905
  fStart=   247.17299 grad=  5.7849e-01
  fEnd=    47.12615 grad= -7.6914e-02
  pitchDecay=   -34.28915 grad=  2.5312e-02
  bodyAmp=     1.00000 grad= -4.4175e-02
  ampDecay=   -13.05558 grad= -5.6745e-03
  clickFreq=   513.03888 grad= -7.1296e-05
  clickAmp=     0.50000 grad= -2.3354e-02
  clickDecay=  -371.57361 grad=  2.2837e-03
  noiseCutoff=  3564.32178 grad= -7.2959e-02
  noiseAmp=     0.01030 grad= -2.0485e+00
  noiseDecay=   -20.00000 grad=  2.3818e-01
  drive=     2.69134 grad= -2.8588e-02
  outGain=     0.19645 grad= -2.4746e-01
  bodyAsymmetry=    -0.06980 grad=  1.1527e-01
  bodyHarmonic=     0.18170 grad= -1.4869e-02
epoch=50 loss=1.793653
  fStart=   246.94467 grad= -5.1818e-02
  fEnd=    47.12562 grad= -4.3759e-01
  pitchDecay=   -34.25912 grad=  1.6842e-01
  bodyAmp=     1.00000 grad= -1.1221e-03
  ampDecay=   -12.83443 grad=  3.3001e-03
  clickFreq=   510.77417 grad=  5.8602e-03
  clickAmp=     0.50000 grad= -9.6590e-03
  clickDecay=  -307.65399 grad=  1.6475e-03
  noiseCutoff=  3904.93213 grad= -1.0193e-01
  noiseAmp=     0.00819 grad= -4.8928e+00
  noiseDecay=   -20.00000 grad=  2.7006e-01
  drive=     2.78155 grad= -1.6550e-02
  outGain=     0.20278 grad= -1.2453e-01
  bodyAsymmetry=    -0.06841 grad=  1.1280e-01
  bodyHarmonic=     0.20241 grad=  4.0994e-03
epoch=60 loss=1.784509
  fStart=   246.62061 grad= -1.0366e-01
  fEnd=    47.09761 grad= -7.7968e-01
  pitchDecay=   -34.25681 grad=  1.6177e-01
  bodyAmp=     1.00000 grad= -1.8150e-02
  ampDecay=   -12.76886 grad=  1.7573e-03
  clickFreq=   512.73273 grad=  1.6455e-02
  clickAmp=     0.50000 grad= -2.0197e-02
  clickDecay=  -248.89680 grad=  2.4617e-03
  noiseCutoff=  4329.79199 grad= -4.8018e-02
  noiseAmp=     0.00854 grad=  5.2825e-01
  noiseDecay=   -20.00000 grad=  2.0335e-01
  drive=     2.86277 grad= -8.2915e-03
  outGain=     0.19337 grad=  8.9342e-02
  bodyAsymmetry=    -0.06983 grad= -2.1832e-02
  bodyHarmonic=     0.21466 grad=  3.7969e-03
epoch=70 loss=1.777049
  fStart=   246.70435 grad= -4.6204e+00
  fEnd=    47.10373 grad= -7.5063e+00
  pitchDecay=   -34.21038 grad=  3.8706e+00
  bodyAmp=     1.00000 grad= -5.0952e-02
  ampDecay=   -12.75435 grad= -2.8878e-03
  clickFreq=   509.42764 grad=  2.8313e-03
  clickAmp=     0.50000 grad= -2.4324e-02
  clickDecay=  -182.12692 grad=  2.3111e-03
  noiseCutoff=  4786.23926 grad= -5.6108e-02
  noiseAmp=     0.00803 grad=  1.5607e-02
  noiseDecay=   -20.00000 grad=  2.1910e-01
  drive=     2.94412 grad= -2.1394e-02
  outGain=     0.17583 grad= -1.3681e-01
  bodyAsymmetry=    -0.07067 grad= -5.7572e-03
  bodyHarmonic=     0.21753 grad= -6.0042e-03
epoch=80 loss=1.772435
  fStart=   246.61507 grad= -4.1920e-02
  fEnd=    47.11055 grad=  6.9967e-02
  pitchDecay=   -34.19958 grad=  7.5421e-02
  bodyAmp=     1.00000 grad= -6.0422e-02
  ampDecay=   -12.76046 grad= -5.2005e-03
  clickFreq=   497.94412 grad= -3.4336e-02
  clickAmp=     0.50000 grad= -3.5768e-02
  clickDecay=  -150.00002 grad=  5.7722e-03
  noiseCutoff=  5265.18457 grad= -7.3162e-02
  noiseAmp=     0.00742 grad= -1.8480e+00
  noiseDecay=   -20.00000 grad=  2.4341e-01
  drive=     3.02748 grad= -3.0393e-02
  outGain=     0.16234 grad= -4.0050e-01
  bodyAsymmetry=    -0.07077 grad=  8.3139e-04
  bodyHarmonic=     0.21993 grad= -9.7905e-03
epoch=90 loss=1.783890
  fStart=   246.58203 grad= -1.8635e-01
  fEnd=    47.11732 grad=  2.3722e-01
  pitchDecay=   -34.19556 grad=  8.8981e-02
  bodyAmp=     1.00000 grad=  3.8115e-02
  ampDecay=   -12.76536 grad=  7.0012e-03
  clickFreq=   502.78391 grad= -5.0706e-02
  clickAmp=     0.50000 grad= -1.7235e-02
  clickDecay=  -150.00002 grad=  7.2779e-03
  noiseCutoff=  5720.91504 grad= -1.8419e-01
  noiseAmp=     0.00429 grad= -2.5877e+01
  noiseDecay=   -20.00000 grad=  3.7951e-01
  drive=     3.10437 grad= -2.6273e-02
  outGain=     0.18265 grad= -5.2823e-01
  bodyAsymmetry=    -0.06849 grad=  3.8891e-02
  bodyHarmonic=     0.21783 grad=  9.5124e-03
epoch=100 loss=1.777638
  fStart=   246.92595 grad=  8.1850e-02
  fEnd=    47.06522 grad=  3.7417e-01
  pitchDecay=   -34.16286 grad= -1.4205e-01
  bodyAmp=     0.97256 grad= -4.9477e-02
  ampDecay=   -13.03726 grad=  3.1991e-03
  clickFreq=   503.19116 grad=  7.9118e-02
  clickAmp=     0.50000 grad=  2.4885e-02
  clickDecay=  -150.00002 grad=  2.7618e-03
  noiseCutoff=  6389.68164 grad=  7.1170e-02
  noiseAmp=     0.00597 grad=  1.9647e+01
  noiseDecay=   -20.00000 grad=  3.5905e-02
  drive=     3.15299 grad=  2.5892e-02
  outGain=     0.21031 grad=  8.5491e-01
  bodyAsymmetry=    -0.06513 grad=  4.2284e-01
  bodyHarmonic=     0.17088 grad= -1.9861e-03
epoch=110 loss=1.756242
  fStart=   247.14246 grad= -9.4380e-01
  fEnd=    46.96138 grad= -8.6919e-01
  pitchDecay=   -34.16925 grad=  5.6272e-01
  bodyAmp=     1.00000 grad=  1.8747e-02
  ampDecay=   -13.18559 grad= -2.1813e-04
  clickFreq=   501.23132 grad=  2.5069e-02
  clickAmp=     0.50000 grad= -3.0370e-02
  clickDecay=  -150.00002 grad=  6.9726e-03
  noiseCutoff=  7007.31982 grad= -1.3143e-01
  noiseAmp=     0.00384 grad= -1.6134e+01
  noiseDecay=   -20.00000 grad=  3.2140e-01
  drive=     3.19242 grad= -1.8290e-02
  outGain=     0.18854 grad= -2.5114e-01
  bodyAsymmetry=    -0.07127 grad= -3.0856e-01
  bodyHarmonic=     0.21888 grad=  4.1555e-03
epoch=120 loss=1.754839
  fStart=   247.89453 grad=  6.3121e-01
  fEnd=    47.00894 grad=  9.7273e-01
  pitchDecay=   -34.11802 grad= -6.0507e-01
  bodyAmp=     1.00000 grad= -2.2134e-02
  ampDecay=   -13.13892 grad= -2.8736e-03
  clickFreq=   509.52261 grad=  7.3681e-02
  clickAmp=     0.50000 grad= -5.2680e-03
  clickDecay=  -150.00002 grad=  2.1621e-03
  noiseCutoff=  7553.25049 grad= -1.5636e-01
  noiseAmp=     0.00363 grad= -2.4081e+01
  noiseDecay=   -20.00000 grad=  3.5971e-01
  drive=     3.23892 grad= -3.4603e-02
  outGain=     0.17100 grad= -6.6695e-01
  bodyAsymmetry=    -0.06876 grad=  1.9171e-01
  bodyHarmonic=     0.25615 grad=  4.9269e-03
epoch=130 loss=1.761791
  fStart=   247.90599 grad= -1.3066e+00
  fEnd=    46.88630 grad= -2.4617e+00
  pitchDecay=   -34.16525 grad=  9.9602e-01
  bodyAmp=     1.00000 grad= -8.2763e-02
  ampDecay=   -12.98999 grad= -5.1599e-03
  clickFreq=   502.11761 grad= -2.4569e-02
  clickAmp=     0.50000 grad= -1.9095e-02
  clickDecay=  -150.00002 grad= -1.4563e-03
  noiseCutoff=  8000.00000 grad=  9.6963e-02
  noiseAmp=     0.00580 grad=  2.5126e+01
  noiseDecay=   -20.00000 grad=  5.8202e-03
  drive=     3.29380 grad=  1.6182e-02
  outGain=     0.17476 grad=  9.1572e-01
  bodyAsymmetry=    -0.07159 grad= -2.6351e-01
  bodyHarmonic=     0.25192 grad= -2.9255e-03
epoch=140 loss=1.741981
  fStart=   248.51920 grad= -6.4356e-01
  fEnd=    46.91909 grad=  3.1916e-02
  pitchDecay=   -34.08755 grad=  1.4726e-01
  bodyAmp=     1.00000 grad= -3.1647e-02
  ampDecay=   -12.82293 grad=  8.2346e-04
  clickFreq=   515.58405 grad=  1.3396e-01
  clickAmp=     0.50000 grad=  8.1623e-03
  clickDecay=  -150.00002 grad=  3.5021e-03
  noiseCutoff=  8000.00000 grad= -1.2842e-01
  noiseAmp=     0.00387 grad= -1.5433e+01
  noiseDecay=   -20.00000 grad=  3.2668e-01
  drive=     3.34639 grad= -2.6076e-02
  outGain=     0.16397 grad= -4.5115e-01
  bodyAsymmetry=    -0.06744 grad=  4.4304e-01
  bodyHarmonic=     0.24977 grad=  7.5624e-03
epoch=150 loss=1.744847
  fStart=   248.63275 grad= -1.3743e+00
  fEnd=    46.79975 grad= -1.7515e+00
  pitchDecay=   -34.11495 grad=  8.4148e-01
  bodyAmp=     1.00000 grad=  1.9432e-04
  ampDecay=   -12.74680 grad=  2.4495e-03
  clickFreq=   507.45053 grad= -2.0333e-02
  clickAmp=     0.50000 grad= -2.0901e-02
  clickDecay=  -150.00002 grad=  2.1046e-03
  noiseCutoff=  8000.00000 grad= -1.5082e-01
  noiseAmp=     0.00368 grad= -2.2407e+01
  noiseDecay=   -20.00000 grad=  3.5824e-01
  drive=     3.39647 grad= -2.7326e-02
  outGain=     0.16012 grad= -5.9458e-01
  bodyAsymmetry=    -0.07063 grad= -5.5829e-02
  bodyHarmonic=     0.24719 grad=  3.6601e-03
epoch=160 loss=1.749568
  fStart=   249.28389 grad=  6.0339e-01
  fEnd=    46.79160 grad=  1.3992e+00
  pitchDecay=   -34.05643 grad= -6.2189e-01
  bodyAmp=     1.00000 grad= -6.1566e-02
  ampDecay=   -12.76088 grad= -4.0015e-04
  clickFreq=   514.58759 grad=  4.0606e-03
  clickAmp=     0.50000 grad= -1.3915e-02
  clickDecay=  -150.00002 grad=  1.1106e-03
  noiseCutoff=  8000.00000 grad=  6.3439e-02
  noiseAmp=     0.00570 grad=  2.1133e+01
  noiseDecay=   -20.00000 grad=  4.4799e-02
  drive=     3.44296 grad=  1.5058e-02
  outGain=     0.16677 grad=  8.9871e-01
  bodyAsymmetry=    -0.07072 grad= -1.7281e-01
  bodyHarmonic=     0.22898 grad= -5.4320e-03
epoch=170 loss=1.740209
  fStart=   249.24751 grad=  2.4652e-01
  fEnd=    46.69359 grad= -6.7461e-01
  pitchDecay=   -34.09873 grad= -1.5221e-01
  bodyAmp=     1.00000 grad= -2.7122e-04
  ampDecay=   -12.81074 grad=  1.6111e-03
  clickFreq=   512.84497 grad= -2.9375e-02
  clickAmp=     0.50000 grad= -2.7800e-02
  clickDecay=  -150.00002 grad=  2.6950e-03
  noiseCutoff=  8000.00000 grad= -1.3064e-01
  noiseAmp=     0.00392 grad= -1.5228e+01
  noiseDecay=   -20.00000 grad=  3.2879e-01
  drive=     3.48246 grad= -2.1197e-02
  outGain=     0.15809 grad= -4.1576e-01
  bodyAsymmetry=    -0.07243 grad= -1.9399e-01
  bodyHarmonic=     0.22362 grad= -1.9960e-03
epoch=180 loss=1.741833
  fStart=   249.56433 grad=  8.2131e-01
  fEnd=    46.78283 grad=  1.2320e+00
  pitchDecay=   -34.09263 grad= -6.9034e-01
  bodyAmp=     1.00000 grad= -2.2172e-02
  ampDecay=   -12.85710 grad=  6.1569e-04
  clickFreq=   515.13013 grad=  3.2478e-02
  clickAmp=     0.50000 grad=  1.1857e-02
  clickDecay=  -150.00002 grad=  3.8544e-03
  noiseCutoff=  8000.00000 grad= -1.4891e-01
  noiseAmp=     0.00375 grad= -2.0044e+01
  noiseDecay=   -20.00000 grad=  3.5012e-01
  drive=     3.52142 grad= -2.5961e-02
  outGain=     0.15783 grad= -5.7823e-01
  bodyAsymmetry=    -0.06621 grad=  4.9698e-01
  bodyHarmonic=     0.23040 grad=  8.2756e-03
epoch=190 loss=1.746201
  fStart=   249.43192 grad= -2.0292e-01
  fEnd=    46.79059 grad=  6.6044e-01
  pitchDecay=   -34.13530 grad=  3.5855e-02
  bodyAmp=     1.00000 grad= -5.2029e-02
  ampDecay=   -12.85824 grad= -1.8949e-03
  clickFreq=   512.73346 grad= -1.7025e-02
  clickAmp=     0.50000 grad= -2.2495e-02
  clickDecay=  -150.00002 grad= -1.1672e-03
  noiseCutoff=  8000.00000 grad=  5.3292e-02
  noiseAmp=     0.00560 grad=  1.9863e+01
  noiseDecay=   -20.00000 grad=  6.0458e-02
  drive=     3.55941 grad=  1.3465e-02
  outGain=     0.16322 grad=  8.5286e-01
  bodyAsymmetry=    -0.07312 grad= -3.5226e-01
  bodyHarmonic=     0.23045 grad= -8.8689e-03
epoch=200 loss=1.736016
  fStart=   249.36520 grad= -4.1150e-01
  fEnd=    46.75880 grad= -1.3286e+00
  pitchDecay=   -34.15782 grad=  3.4670e-01
  bodyAmp=     1.00000 grad=  1.0550e-03
  ampDecay=   -12.84135 grad=  1.9044e-03
  clickFreq=   513.23267 grad= -4.8899e-02
  clickAmp=     0.50000 grad= -1.8434e-02
  clickDecay=  -150.00002 grad=  3.7760e-03
  noiseCutoff=  8000.00000 grad= -1.2506e-01
  noiseAmp=     0.00397 grad= -1.3282e+01
  noiseDecay=   -20.00000 grad=  3.1960e-01
  drive=     3.59284 grad= -1.6938e-02
  outGain=     0.15617 grad= -3.4743e-01
  bodyAsymmetry=    -0.07041 grad= -1.0413e-01
  bodyHarmonic=     0.23063 grad=  2.4140e-03
epoch=210 loss=1.738474
  fStart=   249.43144 grad= -2.8048e-01
  fEnd=    46.79765 grad= -6.5925e-01
  pitchDecay=   -34.15615 grad=  2.2372e-01
  bodyAmp=     1.00000 grad= -1.7001e-02
  ampDecay=   -12.85317 grad=  8.9033e-04
  clickFreq=   513.96350 grad=  2.1283e-02
  clickAmp=     0.50000 grad=  8.8902e-03
  clickDecay=  -150.00002 grad=  3.2100e-03
  noiseCutoff=  8000.00000 grad= -1.4311e-01
  noiseAmp=     0.00382 grad= -1.8460e+01
  noiseDecay=   -20.00000 grad=  3.4452e-01
  drive=     3.62476 grad= -2.2910e-02
  outGain=     0.15441 grad= -5.5138e-01
  bodyAsymmetry=    -0.06724 grad=  4.1671e-01
  bodyHarmonic=     0.22234 grad=  7.8228e-03
epoch=220 loss=1.741654
  fStart=   249.34868 grad= -1.1108e+00
  fEnd=    46.80847 grad= -1.4411e+00
  pitchDecay=   -34.17536 grad=  7.5516e-01
  bodyAmp=     1.00000 grad= -4.7022e-02
  ampDecay=   -12.86895 grad= -1.8085e-03
  clickFreq=   513.80786 grad= -5.9744e-02
  clickAmp=     0.50000 grad= -2.0379e-02
  clickDecay=  -150.00002 grad=  4.1731e-03
  noiseCutoff=  8000.00000 grad=  3.4684e-02
  noiseAmp=     0.00550 grad=  1.7376e+01
  noiseDecay=   -20.00000 grad=  8.6073e-02
  drive=     3.65641 grad=  1.0483e-02
  outGain=     0.15851 grad=  7.4760e-01
  bodyAsymmetry=    -0.07161 grad= -2.8858e-01
  bodyHarmonic=     0.22660 grad= -6.7786e-03
epoch=230 loss=1.734416
  fStart=   249.41943 grad=  1.0379e+00
  fEnd=    46.82262 grad=  1.7981e+00
  pitchDecay=   -34.17914 grad= -8.5040e-01
  bodyAmp=     1.00000 grad= -1.6165e-02
  ampDecay=   -12.87688 grad=  5.6434e-04
  clickFreq=   513.14166 grad= -3.5893e-02
  clickAmp=     0.50000 grad=  3.6712e-04
  clickDecay=  -150.00002 grad=  1.8913e-03
  noiseCutoff=  8000.00000 grad= -1.2254e-01
  noiseAmp=     0.00402 grad= -1.2337e+01
  noiseDecay=   -20.00000 grad=  3.1546e-01
  drive=     3.68407 grad= -1.7799e-02
  outGain=     0.15334 grad= -3.7906e-01
  bodyAsymmetry=    -0.06818 grad=  1.9466e-01
  bodyHarmonic=     0.22205 grad=  3.2300e-03
epoch=240 loss=1.736696
  fStart=   249.41634 grad= -8.7937e-02
  fEnd=    46.81392 grad= -1.3401e+00
  pitchDecay=   -34.18366 grad=  3.0336e-01
  bodyAmp=     1.00000 grad= -4.0224e-03
  ampDecay=   -12.87705 grad=  6.6495e-04
  clickFreq=   509.39557 grad= -4.7115e-02
  clickAmp=     0.50000 grad= -1.1480e-02
  clickDecay=  -150.00002 grad=  1.3174e-03
  noiseCutoff=  8000.00000 grad= -1.3648e-01
  noiseAmp=     0.00389 grad= -1.6634e+01
  noiseDecay=   -20.00000 grad=  3.3677e-01
  drive=     3.71101 grad= -2.0059e-02
  outGain=     0.15203 grad= -4.9096e-01
  bodyAsymmetry=    -0.06928 grad=  1.2712e-02
  bodyHarmonic=     0.21865 grad=  4.3810e-04
epoch=250 loss=1.738713
  fStart=   249.27699 grad=  1.4874e+00
  fEnd=    46.83826 grad=  2.7252e+00
  pitchDecay=   -34.19164 grad= -1.3774e+00
  bodyAmp=     1.00000 grad= -6.2434e-02
  ampDecay=   -12.87835 grad= -1.5384e-03
  clickFreq=   513.73120 grad= -1.6699e-02
  clickAmp=     0.50000 grad=  5.7867e-03
  clickDecay=  -150.00002 grad= -8.7471e-04
  noiseCutoff=  8000.00000 grad=  2.2190e-02
  noiseAmp=     0.00540 grad=  1.5736e+01
  noiseDecay=   -20.00000 grad=  1.0377e-01
  drive=     3.73800 grad=  6.7874e-03
  outGain=     0.15581 grad=  6.6743e-01
  bodyAsymmetry=    -0.06890 grad= -3.0451e-02
  bodyHarmonic=     0.21720 grad= -8.5605e-03
epoch=260 loss=1.733294
  fStart=   249.21281 grad=  1.5534e+00
  fEnd=    46.86369 grad=  2.3542e+00
  pitchDecay=   -34.20753 grad= -1.2552e+00
  bodyAmp=     1.00000 grad=  1.5041e-03
  ampDecay=   -12.88339 grad=  1.2086e-03
  clickFreq=   512.15460 grad= -4.8277e-02
  clickAmp=     0.50000 grad= -2.0133e-02
  clickDecay=  -150.00002 grad=  2.0238e-03
  noiseCutoff=  8000.00000 grad= -1.1678e-01
  noiseAmp=     0.00407 grad= -1.0912e+01
  noiseDecay=   -20.00000 grad=  3.0997e-01
  drive=     3.76328 grad= -1.4084e-02
  outGain=     0.15162 grad= -2.9175e-01
  bodyAsymmetry=    -0.07109 grad= -1.5719e-01
  bodyHarmonic=     0.22387 grad=  3.1554e-04
epoch=270 loss=1.734383
  fStart=   249.25751 grad=  7.5753e-01
  fEnd=    46.85037 grad=  1.8108e+00
  pitchDecay=   -34.21332 grad= -6.6948e-01
  bodyAmp=     1.00000 grad= -1.1034e-02
  ampDecay=   -12.88973 grad=  1.0495e-03
  clickFreq=   514.18457 grad=  4.8793e-02
  clickAmp=     0.50000 grad=  5.2951e-03
  clickDecay=  -150.00002 grad=  2.1555e-03
  noiseCutoff=  8000.00000 grad= -1.2875e-01
  noiseAmp=     0.00396 grad= -1.4408e+01
  noiseDecay=   -20.00000 grad=  3.2708e-01
  drive=     3.78718 grad= -1.7278e-02
  outGain=     0.15043 grad= -4.2774e-01
  bodyAsymmetry=    -0.06770 grad=  2.4984e-01
  bodyHarmonic=     0.21522 grad=  4.7417e-03
epoch=280 loss=1.735914
  fStart=   249.29779 grad=  1.6371e+00
  fEnd=    46.83201 grad=  3.8509e+00
  pitchDecay=   -34.21466 grad= -1.3665e+00
  bodyAmp=     1.00000 grad= -4.8000e-02
  ampDecay=   -12.90049 grad= -1.7922e-03
  clickFreq=   514.17651 grad=  7.3984e-03
  clickAmp=     0.50000 grad= -8.4036e-03
  clickDecay=  -150.00002 grad=  1.6770e-03
  noiseCutoff=  8000.00000 grad=  8.1001e-03
  noiseAmp=     0.00529 grad=  1.3630e+01
  noiseDecay=   -20.00000 grad=  1.2642e-01
  drive=     3.81060 grad=  5.2297e-03
  outGain=     0.15293 grad=  5.7076e-01
  bodyAsymmetry=    -0.06980 grad= -1.4233e-01
  bodyHarmonic=     0.21147 grad= -6.6887e-03
epoch=290 loss=1.732206
  fStart=   249.38971 grad=  2.0599e+00
  fEnd=    46.84575 grad=  4.2779e+00
  pitchDecay=   -34.21409 grad= -1.7127e+00
  bodyAmp=     1.00000 grad=  2.3311e-04
  ampDecay=   -12.90779 grad=  7.0352e-04
  clickFreq=   514.40283 grad=  2.2469e-02
  clickAmp=     0.50000 grad= -1.0926e-02
  clickDecay=  -150.00002 grad=  2.3335e-03
  noiseCutoff=  8000.00000 grad= -1.1397e-01
  noiseAmp=     0.00413 grad= -9.6932e+00
  noiseDecay=   -20.00000 grad=  3.0401e-01
  drive=     3.83109 grad= -1.1806e-02
  outGain=     0.15012 grad= -2.6090e-01
  bodyAsymmetry=    -0.06971 grad= -7.6659e-02
  bodyHarmonic=     0.21740 grad=  2.5586e-03
epoch=300 loss=1.733328
  fStart=   249.43645 grad= -5.3836e+00
  fEnd=    46.83834 grad= -5.0123e+00
  pitchDecay=   -34.21579 grad=  4.3048e+00
  bodyAmp=     1.00000 grad= -3.8872e-03
  ampDecay=   -12.91389 grad=  7.1449e-04
  clickFreq=   515.83118 grad=  1.0409e-01
  clickAmp=     0.50000 grad= -5.4322e-04
  clickDecay=  -150.00002 grad=  3.6212e-03
  noiseCutoff=  8000.00000 grad= -1.2389e-01
  noiseAmp=     0.00403 grad= -1.2459e+01
  noiseDecay=   -20.00000 grad=  3.1800e-01
  drive=     3.85007 grad= -1.4123e-02
  outGain=     0.14926 grad= -3.6402e-01
  bodyAsymmetry=    -0.06825 grad=  1.6388e-01
  bodyHarmonic=     0.21302 grad=  4.9400e-03
epoch=310 loss=1.733946
  fStart=   249.43608 grad=  8.0616e-02
  fEnd=    46.81564 grad=  4.1497e-01
  pitchDecay=   -34.22110 grad= -1.5521e-01
  bodyAmp=     1.00000 grad= -3.7476e-02
  ampDecay=   -12.91705 grad= -1.3976e-03
  clickFreq=   514.67273 grad=  6.3225e-03
  clickAmp=     0.50000 grad= -1.2238e-02
  clickDecay=  -150.00002 grad=  1.9715e-03
  noiseCutoff=  8000.00000 grad= -6.9426e-03
  noiseAmp=     0.00519 grad=  1.1645e+01
  noiseDecay=   -20.00000 grad=  1.4587e-01
  drive=     3.86814 grad=  4.3483e-03
  outGain=     0.15126 grad=  5.0604e-01
  bodyAsymmetry=    -0.07013 grad= -1.6803e-01
  bodyHarmonic=     0.21010 grad= -6.6001e-03
epoch=320 loss=1.731250
  fStart=   249.45393 grad= -2.5765e-01
  fEnd=    46.80418 grad= -4.7227e-01
  pitchDecay=   -34.22541 grad=  1.7604e-01
  bodyAmp=     1.00000 grad=  3.1701e-03
  ampDecay=   -12.92270 grad=  1.3472e-03
  clickFreq=   515.09033 grad=  4.0850e-02
  clickAmp=     0.50000 grad= -1.1785e-02
  clickDecay=  -150.00002 grad=  3.1209e-03
  noiseCutoff=  8000.00000 grad= -1.0974e-01
  noiseAmp=     0.00418 grad= -8.5299e+00
  noiseDecay=   -20.00000 grad=  2.9767e-01
  drive=     3.88404 grad= -9.8813e-03
  outGain=     0.14874 grad= -2.1520e-01
  bodyAsymmetry=    -0.06975 grad= -8.6978e-02
  bodyHarmonic=     0.21176 grad=  1.1580e-03
epoch=330 loss=1.731666
  fStart=   249.52423 grad=  8.1493e-01
  fEnd=    46.81638 grad=  9.8466e-01
  pitchDecay=   -34.22587 grad= -6.6808e-01
  bodyAmp=     1.00000 grad= -2.6594e-03
  ampDecay=   -12.93230 grad=  8.5889e-04
  clickFreq=   514.66412 grad=  3.0244e-02
  clickAmp=     0.50000 grad= -1.4300e-03
  clickDecay=  -150.00002 grad=  1.9971e-03
  noiseCutoff=  8000.00000 grad= -1.1768e-01
  noiseAmp=     0.00410 grad= -1.0631e+01
  noiseDecay=   -20.00000 grad=  3.0922e-01
  drive=     3.89889 grad= -1.2047e-02
  outGain=     0.14816 grad= -3.0465e-01
  bodyAsymmetry=    -0.06852 grad=  8.6948e-02
  bodyHarmonic=     0.20911 grad=  2.4572e-03
epoch=340 loss=1.732226
  fStart=   249.51460 grad=  3.6364e-01
  fEnd=    46.83569 grad=  9.7921e-01
  pitchDecay=   -34.23906 grad= -3.8905e-01
  bodyAmp=     1.00000 grad= -3.4751e-02
  ampDecay=   -12.93512 grad= -1.6039e-03
  clickFreq=   514.57166 grad= -3.4457e-03
  clickAmp=     0.50000 grad= -7.4712e-03
  clickDecay=  -150.00002 grad=  1.7788e-03
  noiseCutoff=  8000.00000 grad= -1.8017e-02
  noiseAmp=     0.00509 grad=  9.8942e+00
  noiseDecay=   -20.00000 grad=  1.6170e-01
  drive=     3.91306 grad=  3.0247e-03
  outGain=     0.14983 grad=  4.1958e-01
  bodyAsymmetry=    -0.06919 grad= -6.0965e-02
  bodyHarmonic=     0.20891 grad= -3.6682e-03
epoch=350 loss=1.730193
  fStart=   249.50342 grad= -4.4468e-01
  fEnd=    46.82487 grad= -8.9151e-01
  pitchDecay=   -34.25355 grad=  3.5139e-01
  bodyAmp=     1.00000 grad= -7.1146e-04
  ampDecay=   -12.93097 grad=  9.1895e-04
  clickFreq=   514.28217 grad=  1.2105e-02
  clickAmp=     0.50000 grad= -6.7687e-03
  clickDecay=  -150.00002 grad=  2.5202e-03
  noiseCutoff=  8000.00000 grad= -1.0374e-01
  noiseAmp=     0.00423 grad= -7.1901e+00
  noiseDecay=   -20.00000 grad=  2.9049e-01
  drive=     3.92543 grad= -8.7955e-03
  outGain=     0.14784 grad= -1.8430e-01
  bodyAsymmetry=    -0.06902 grad= -2.9710e-02
  bodyHarmonic=     0.20866 grad=  1.8056e-03
epoch=360 loss=1.730776
  fStart=   249.61563 grad= -4.2824e-01
  fEnd=    46.82858 grad= -9.5445e-01
  pitchDecay=   -34.25389 grad=  3.1915e-01
  bodyAmp=     1.00000 grad= -8.1210e-04
  ampDecay=   -12.93124 grad=  7.5344e-04
  clickFreq=   514.22919 grad= -7.7874e-03
  clickAmp=     0.50000 grad= -1.9348e-03
  clickDecay=  -150.00002 grad=  1.7995e-03
  noiseCutoff=  8000.00000 grad= -1.1206e-01
  noiseAmp=     0.00417 grad= -9.0946e+00
  noiseDecay=   -20.00000 grad=  3.0159e-01
  drive=     3.93699 grad= -1.0082e-02
  outGain=     0.14728 grad= -2.5197e-01
  bodyAsymmetry=    -0.06854 grad=  5.8841e-02
  bodyHarmonic=     0.20656 grad=  2.3511e-03
epoch=370 loss=1.730781
  fStart=   249.66658 grad=  4.5313e-01
  fEnd=    46.83501 grad=  1.0476e+00
  pitchDecay=   -34.26208 grad= -4.9731e-01
  bodyAmp=     1.00000 grad= -2.7739e-02
  ampDecay=   -12.93271 grad= -1.1052e-03
  clickFreq=   514.40356 grad=  7.9845e-03
  clickAmp=     0.50000 grad= -6.4627e-03
  clickDecay=  -150.00002 grad=  2.3869e-03
  noiseCutoff=  8000.00000 grad= -3.1028e-02
  noiseAmp=     0.00499 grad=  7.7782e+00
  noiseDecay=   -20.00000 grad=  1.8153e-01
  drive=     3.94796 grad=  1.9834e-03
  outGain=     0.14845 grad=  3.3801e-01
  bodyAsymmetry=    -0.06884 grad= -3.4092e-02
  bodyHarmonic=     0.20561 grad= -2.4819e-03
epoch=380 loss=1.729719
  fStart=   249.67015 grad= -4.6034e-01
  fEnd=    46.83234 grad= -9.5531e-01
  pitchDecay=   -34.27677 grad=  3.2075e-01
  bodyAmp=     1.00000 grad= -1.8144e-03
  ampDecay=   -12.93546 grad=  6.6975e-04
  clickFreq=   514.23706 grad= -1.4898e-02
  clickAmp=     0.50000 grad= -6.2162e-03
  clickDecay=  -150.00002 grad=  2.3974e-03
  noiseCutoff=  8000.00000 grad= -1.0178e-01
  noiseAmp=     0.00428 grad= -6.4059e+00
  noiseDecay=   -20.00000 grad=  2.8566e-01
  drive=     3.95762 grad= -8.1742e-03
  outGain=     0.14702 grad= -1.6624e-01
  bodyAsymmetry=    -0.06879 grad= -3.4345e-03
  bodyHarmonic=     0.20546 grad=  8.1758e-04
epoch=390 loss=1.730179
  fStart=   249.65396 grad= -1.7107e+00
  fEnd=    46.82851 grad= -2.7171e+00
  pitchDecay=   -34.29309 grad=  1.3465e+00
  bodyAmp=     1.00000 grad=  2.0298e-03
  ampDecay=   -12.94053 grad=  1.2093e-03
  clickFreq=   514.24292 grad= -1.6353e-02
  clickAmp=     0.50000 grad= -3.5476e-03
  clickDecay=  -150.00002 grad=  2.1914e-03
  noiseCutoff=  8000.00000 grad= -1.0615e-01
  noiseAmp=     0.00423 grad= -7.6032e+00
  noiseDecay=   -20.00000 grad=  2.9339e-01
  drive=     3.96683 grad= -8.0481e-03
  outGain=     0.14675 grad= -1.9612e-01
  bodyAsymmetry=    -0.06859 grad=  2.7612e-02
  bodyHarmonic=     0.20537 grad=  2.9193e-03
epoch=400 loss=1.729867
  fStart=   249.70551 grad= -6.9402e-01
  fEnd=    46.83391 grad= -8.0769e-01
  pitchDecay=   -34.29597 grad=  4.5523e-01
  bodyAmp=     1.00000 grad= -2.3762e-02
  ampDecay=   -12.94636 grad= -8.1702e-04
  clickFreq=   514.46466 grad=  1.1897e-03
  clickAmp=     0.50000 grad= -7.1206e-03
  clickDecay=  -150.00002 grad=  2.4086e-03
  noiseCutoff=  8000.00000 grad= -3.9702e-02
  noiseAmp=     0.00490 grad=  6.2573e+00
  noiseDecay=   -20.00000 grad=  1.9434e-01
  drive=     3.97551 grad=  8.3548e-04
  outGain=     0.14754 grad=  2.7693e-01
  bodyAsymmetry=    -0.06888 grad= -3.7644e-02
  bodyHarmonic=     0.20372 grad= -2.3356e-03
epoch=410 loss=1.729330
  fStart=   249.81114 grad=  3.9803e-01
  fEnd=    46.83961 grad=  3.9470e-01
  pitchDecay=   -34.28942 grad= -3.6385e-01
  bodyAmp=     1.00000 grad= -2.3468e-03
  ampDecay=   -12.94934 grad=  4.2613e-04
  clickFreq=   514.57971 grad= -1.6626e-03
  clickAmp=     0.50000 grad= -6.0405e-03
  clickDecay=  -150.00002 grad=  3.1308e-03
  noiseCutoff=  8000.00000 grad= -9.7372e-02
  noiseAmp=     0.00433 grad= -5.2664e+00
  noiseDecay=   -20.00000 grad=  2.7875e-01
  drive=     3.98329 grad= -7.0693e-03
  outGain=     0.14655 grad= -1.3021e-01
  bodyAsymmetry=    -0.06867 grad=  8.3563e-04
  bodyHarmonic=     0.20376 grad=  1.0423e-03
epoch=420 loss=1.729434
  fStart=   249.77721 grad= -4.7464e-01
  fEnd=    46.82486 grad= -9.0727e-01
  pitchDecay=   -34.30072 grad=  3.4523e-01
  bodyAmp=     1.00000 grad= -2.0786e-03
  ampDecay=   -12.94978 grad=  7.4862e-04
  clickFreq=   514.38593 grad= -8.8714e-03
  clickAmp=     0.50000 grad= -3.9496e-03
  clickDecay=  -150.00002 grad=  2.7807e-03
  noiseCutoff=  8000.00000 grad= -1.0149e-01
  noiseAmp=     0.00429 grad= -6.2232e+00
  noiseDecay=   -20.00000 grad=  2.8469e-01
  drive=     3.99064 grad= -7.7072e-03
  outGain=     0.14632 grad= -1.6109e-01
  bodyAsymmetry=    -0.06855 grad=  3.7715e-02
  bodyHarmonic=     0.20342 grad=  1.5355e-03
epoch=430 loss=1.729507
  fStart=   249.90408 grad=  4.6858e-01
  fEnd=    46.84552 grad=  1.0726e+00
  pitchDecay=   -34.29191 grad= -3.9387e-01
  bodyAmp=     1.00000 grad= -2.1871e-02
  ampDecay=   -12.95139 grad= -8.0997e-04
  clickFreq=   514.75519 grad=  7.2834e-03
  clickAmp=     0.50000 grad= -6.3607e-03
  clickDecay=  -150.00002 grad=  3.9906e-03
  noiseCutoff=  8000.00000 grad= -5.1054e-02
  noiseAmp=     0.00481 grad=  4.5591e+00
  noiseDecay=   -20.00000 grad=  2.0833e-01
  drive=     3.99755 grad= -7.7584e-04
  outGain=     0.14672 grad=  2.1764e-01
  bodyAsymmetry=    -0.06874 grad= -1.6838e-02
  bodyHarmonic=     0.20314 grad= -2.6039e-03
epoch=440 loss=1.728963
  fStart=   249.86273 grad=  3.6012e-02
  fEnd=    46.82306 grad=  1.6944e-01
  pitchDecay=   -34.30080 grad= -8.2751e-02
  bodyAmp=     1.00000 grad= -2.0806e-03
  ampDecay=   -12.95059 grad=  5.3744e-04
  clickFreq=   514.65039 grad=  4.6616e-03
  clickAmp=     0.50000 grad= -6.6702e-03
  clickDecay=  -150.00002 grad=  3.5607e-03
  noiseCutoff=  8000.00000 grad= -9.4262e-02
  noiseAmp=     0.00437 grad= -4.5174e+00
  noiseDecay=   -20.00000 grad=  2.7422e-01
  drive=     4.00000 grad= -6.2880e-03
  outGain=     0.14607 grad= -1.0443e-01
  bodyAsymmetry=    -0.06872 grad= -2.8475e-03
  bodyHarmonic=     0.20429 grad=  2.1904e-03
epoch=450 loss=1.729118
  fStart=   249.90050 grad= -7.0152e-01
  fEnd=    46.82666 grad= -1.4552e+00
  pitchDecay=   -34.29973 grad=  5.2216e-01
  bodyAmp=     1.00000 grad= -3.4033e-03
  ampDecay=   -12.95210 grad=  2.2080e-04
  clickFreq=   514.78021 grad=  7.9333e-03
  clickAmp=     0.50000 grad= -6.6017e-03
  clickDecay=  -150.00002 grad=  3.8750e-03
  noiseCutoff=  8000.00000 grad= -9.6574e-02
  noiseAmp=     0.00434 grad= -4.9322e+00
  noiseDecay=   -20.00000 grad=  2.7668e-01
  drive=     4.00000 grad= -7.0309e-03
  outGain=     0.14606 grad= -1.2046e-01
  bodyAsymmetry=    -0.06870 grad=  1.2292e-03
  bodyHarmonic=     0.20286 grad=  2.0425e-04
epoch=460 loss=1.728915
  fStart=   249.91170 grad=  5.4047e-01
  fEnd=    46.83487 grad=  6.4275e-01
  pitchDecay=   -34.30207 grad= -4.4905e-01
  bodyAmp=     1.00000 grad= -1.9169e-02
  ampDecay=   -12.95203 grad= -6.0000e-04
  clickFreq=   514.66071 grad= -1.0711e-02
  clickAmp=     0.50000 grad= -6.2345e-03
  clickDecay=  -150.00002 grad=  3.5593e-03
  noiseCutoff=  8000.00000 grad= -5.9472e-02
  noiseAmp=     0.00474 grad=  3.0991e+00
  noiseDecay=   -20.00000 grad=  2.1999e-01
  drive=     4.00000 grad= -1.8977e-03
  outGain=     0.14653 grad=  1.5925e-01
  bodyAsymmetry=    -0.06876 grad= -1.8367e-02
  bodyHarmonic=     0.20313 grad= -1.9028e-03
epoch=470 loss=1.728765
  fStart=   249.82281 grad= -1.0797e+00
  fEnd=    46.83360 grad= -1.6374e+00
  pitchDecay=   -34.31764 grad=  8.1995e-01
  bodyAmp=     1.00000 grad= -5.1144e-03
  ampDecay=   -12.95142 grad=  3.1375e-04
  clickFreq=   514.44751 grad=  3.2414e-04
  clickAmp=     0.50000 grad= -6.6128e-03
  clickDecay=  -150.00002 grad=  3.2361e-03
  noiseCutoff=  8000.00000 grad= -8.7751e-02
  noiseAmp=     0.00443 grad= -3.2147e+00
  noiseDecay=   -20.00000 grad=  2.6638e-01
  drive=     4.00000 grad= -5.6639e-03
  outGain=     0.14614 grad= -6.5833e-02
  bodyAsymmetry=    -0.06867 grad= -7.5135e-04
  bodyHarmonic=     0.20358 grad=  1.5003e-03
epoch=480 loss=1.728798
  fStart=   249.87822 grad=  2.8535e-01
  fEnd=    46.84188 grad=  4.7824e-01
  pitchDecay=   -34.31240 grad= -2.6102e-01
  bodyAmp=     1.00000 grad= -7.9794e-03
  ampDecay=   -12.95059 grad= -3.9406e-04
  clickFreq=   514.64771 grad=  8.4956e-03
  clickAmp=     0.50000 grad= -6.7840e-03
  clickDecay=  -150.00002 grad=  3.5072e-03
  noiseCutoff=  8000.00000 grad= -8.9266e-02
  noiseAmp=     0.00445 grad= -3.3313e+00
  noiseDecay=   -20.00000 grad=  2.6729e-01
  drive=     4.00000 grad= -6.5481e-03
  outGain=     0.14537 grad= -9.6599e-02
  bodyAsymmetry=    -0.06869 grad=  4.1982e-03
  bodyHarmonic=     0.20305 grad=  5.4561e-04
epoch=490 loss=1.728755
  fStart=   249.83842 grad= -7.4234e-01
  fEnd=    46.83419 grad= -9.4964e-01
  pitchDecay=   -34.31993 grad=  5.1049e-01
  bodyAmp=     1.00000 grad= -2.0224e-02
  ampDecay=   -12.94416 grad= -9.4268e-04
  clickFreq=   514.48871 grad=  6.7096e-04
  clickAmp=     0.50000 grad= -7.0998e-03
  clickDecay=  -150.00002 grad=  3.4669e-03
  noiseCutoff=  8000.00000 grad= -5.8893e-02
  noiseAmp=     0.00476 grad=  2.8056e+00
  noiseDecay=   -20.00000 grad=  2.2244e-01
  drive=     4.00000 grad= -2.6081e-03
  outGain=     0.14550 grad=  1.1606e-01
  bodyAsymmetry=    -0.06874 grad= -2.9831e-03
  bodyHarmonic=     0.20378 grad= -5.5110e-04
epoch=500 loss=1.728610
  fStart=   249.87393 grad=  1.4736e+00
  fEnd=    46.83484 grad=  3.0755e+00
  pitchDecay=   -34.31746 grad= -1.2255e+00
  bodyAmp=     1.00000 grad= -1.0515e-02
  ampDecay=   -12.93809 grad= -2.8212e-04
  clickFreq=   514.58807 grad=  8.2342e-03
  clickAmp=     0.50000 grad= -7.0804e-03
  clickDecay=  -150.00002 grad=  3.5258e-03
  noiseCutoff=  8000.00000 grad= -8.3491e-02
  noiseAmp=     0.00451 grad= -2.0816e+00
  noiseDecay=   -20.00000 grad=  2.5806e-01
  drive=     4.00000 grad= -5.8620e-03
  outGain=     0.14516 grad= -5.5886e-02
  bodyAsymmetry=    -0.06875 grad=  2.3288e-03
  bodyHarmonic=     0.20409 grad=  4.2116e-04
epoch=510 loss=1.728539
  fStart=   249.88573 grad=  5.7046e-01
  fEnd=    46.83352 grad=  1.1756e+00
  pitchDecay=   -34.31857 grad= -4.7013e-01
  bodyAmp=     1.00000 grad= -1.0807e-02
  ampDecay=   -12.93297 grad= -1.9876e-04
  clickFreq=   514.53113 grad= -7.4993e-03
  clickAmp=     0.50000 grad= -6.3676e-03
  clickDecay=  -150.00002 grad=  3.1000e-03
  noiseCutoff=  8000.00000 grad= -8.4069e-02
  noiseAmp=     0.00452 grad= -2.1304e+00
  noiseDecay=   -20.00000 grad=  2.5889e-01
  drive=     4.00000 grad= -5.9027e-03
  outGain=     0.14506 grad= -5.6599e-02
  bodyAsymmetry=    -0.06874 grad=  3.1898e-03
  bodyHarmonic=     0.20427 grad=  1.8394e-04
epoch=520 loss=1.728552
  fStart=   249.89157 grad=  5.9945e-02
  fEnd=    46.83238 grad=  2.1143e-01
  pitchDecay=   -34.31979 grad= -9.3087e-02
  bodyAmp=     1.00000 grad= -2.0929e-02
  ampDecay=   -12.92807 grad= -1.1075e-03
  clickFreq=   514.55713 grad= -1.0111e-02
  clickAmp=     0.50000 grad= -7.0358e-03
  clickDecay=  -150.00002 grad=  3.4175e-03
  noiseCutoff=  8000.00000 grad= -6.3960e-02
  noiseAmp=     0.00474 grad=  1.8915e+00
  noiseDecay=   -20.00000 grad=  2.2906e-01
  drive=     4.00000 grad= -3.8710e-03
  outGain=     0.14456 grad=  6.8469e-02
  bodyAsymmetry=    -0.06882 grad= -1.2173e-03
  bodyHarmonic=     0.20451 grad= -1.2295e-03
epoch=530 loss=1.728452
  fStart=   249.89539 grad= -1.1670e-01
  fEnd=    46.83158 grad= -1.8684e-01
  pitchDecay=   -34.32100 grad=  5.3470e-02
  bodyAmp=     1.00000 grad= -1.8774e-02
  ampDecay=   -12.92130 grad= -1.0231e-03
  clickFreq=   514.64478 grad= -1.4101e-03
  clickAmp=     0.50000 grad= -8.0424e-03
  clickDecay=  -150.00002 grad=  3.8236e-03
  noiseCutoff=  8000.00000 grad= -6.8353e-02
  noiseAmp=     0.00471 grad=  9.9227e-01
  noiseDecay=   -20.00000 grad=  2.3560e-01
  drive=     4.00000 grad= -4.5300e-03
  outGain=     0.14408 grad=  3.0496e-02
  bodyAsymmetry=    -0.06890 grad= -2.1168e-03
  bodyHarmonic=     0.20488 grad= -5.0977e-04
epoch=540 loss=1.728452
  fStart=   249.90039 grad= -1.1309e-01
  fEnd=    46.83163 grad= -2.2467e-01
  pitchDecay=   -34.32188 grad=  5.7481e-02
  bodyAmp=     1.00000 grad= -1.5884e-02
  ampDecay=   -12.91383 grad= -6.0573e-04
  clickFreq=   514.60425 grad= -1.2549e-03
  clickAmp=     0.50000 grad= -7.9807e-03
  clickDecay=  -150.00002 grad=  3.8231e-03
  noiseCutoff=  8000.00000 grad= -7.1985e-02
  noiseAmp=     0.00467 grad=  3.0347e-01
  noiseDecay=   -20.00000 grad=  2.4082e-01
  drive=     4.00000 grad= -4.6140e-03
  outGain=     0.14405 grad=  1.3686e-02
  bodyAsymmetry=    -0.06890 grad= -4.2690e-04
  bodyHarmonic=     0.20498 grad=  1.8176e-04
epoch=550 loss=1.728487
  fStart=   249.90468 grad= -4.2198e-02
  fEnd=    46.83219 grad= -8.1897e-02
  pitchDecay=   -34.32265 grad=  6.3508e-04
  bodyAmp=     1.00000 grad= -1.5431e-02
  ampDecay=   -12.90799 grad= -4.5259e-04
  clickFreq=   514.66241 grad=  4.9862e-04
  clickAmp=     0.50000 grad= -8.1374e-03
  clickDecay=  -150.00002 grad=  3.9288e-03
  noiseCutoff=  8000.00000 grad= -7.3931e-02
  noiseAmp=     0.00466 grad= -7.6087e-02
  noiseDecay=   -20.00000 grad=  2.4371e-01
  drive=     4.00000 grad= -4.9636e-03
  outGain=     0.14396 grad=  2.3877e-03
  bodyAsymmetry=    -0.06889 grad=  3.9617e-04
  bodyHarmonic=     0.20476 grad=  1.4316e-05
epoch=560 loss=1.728550
  fStart=   249.90669 grad= -4.3973e-02
  fEnd=    46.83257 grad= -9.8219e-02
  pitchDecay=   -34.32357 grad=  3.4104e-03
  bodyAmp=     1.00000 grad= -1.5533e-02
  ampDecay=   -12.90364 grad= -4.3569e-04
  clickFreq=   514.66168 grad=  1.3990e-03
  clickAmp=     0.50000 grad= -8.0486e-03
  clickDecay=  -150.00002 grad=  3.9160e-03
  noiseCutoff=  8000.00000 grad= -7.4183e-02
  noiseAmp=     0.00466 grad= -1.3777e-01
  noiseDecay=   -20.00000 grad=  2.4459e-01
  drive=     4.00000 grad= -5.0503e-03
  outGain=     0.14379 grad= -1.3327e-03
  bodyAsymmetry=    -0.06890 grad=  2.3371e-03
  bodyHarmonic=     0.20469 grad=  3.0906e-05
epoch=570 loss=1.728443
  fStart=   249.90825 grad=  2.3740e-03
  fEnd=    46.83297 grad=  2.0031e-02
  pitchDecay=   -34.32449 grad= -3.6418e-02
  bodyAmp=     1.00000 grad= -1.5980e-02
  ampDecay=   -12.89986 grad= -5.1237e-04
  clickFreq=   514.63373 grad= -2.2142e-04
  clickAmp=     0.50000 grad= -8.5435e-03
  clickDecay=  -150.00002 grad=  3.9077e-03
  noiseCutoff=  8000.00000 grad= -7.2944e-02
  noiseAmp=     0.00467 grad=  5.1211e-02
  noiseDecay=   -20.00000 grad=  2.4302e-01
  drive=     4.00000 grad= -5.0031e-03
  outGain=     0.14371 grad=  2.1622e-03
  bodyAsymmetry=    -0.06893 grad= -3.7487e-03
  bodyHarmonic=     0.20472 grad= -1.4465e-04
epoch=580 loss=1.728422
  fStart=   249.90956 grad=  4.2252e-03
  fEnd=    46.83332 grad=  3.0792e-04
  pitchDecay=   -34.32535 grad= -3.5444e-02
  bodyAmp=     1.00000 grad= -1.5582e-02
  ampDecay=   -12.89635 grad= -4.3917e-04
  clickFreq=   514.64032 grad= -5.8272e-04
  clickAmp=     0.50000 grad= -8.3444e-03
  clickDecay=  -150.00002 grad=  3.8949e-03
  noiseCutoff=  8000.00000 grad= -7.3213e-02
  noiseAmp=     0.00468 grad=  4.4259e-02
  noiseDecay=   -20.00000 grad=  2.4311e-01
  drive=     4.00000 grad= -4.8867e-03
  outGain=     0.14369 grad=  2.1252e-03
  bodyAsymmetry=    -0.06890 grad=  9.6006e-04
  bodyHarmonic=     0.20477 grad=  6.5720e-05
epoch=590 loss=1.728401
  fStart=   249.91075 grad=  5.4417e-03
  fEnd=    46.83376 grad= -5.4171e-03
  pitchDecay=   -34.32618 grad= -3.6659e-02
  bodyAmp=     1.00000 grad= -1.5618e-02
  ampDecay=   -12.89323 grad= -4.1599e-04
  clickFreq=   514.65039 grad= -1.2052e-04
  clickAmp=     0.50000 grad= -8.3061e-03
  clickDecay=  -150.00002 grad=  3.8637e-03
  noiseCutoff=  8000.00000 grad= -7.3296e-02
  noiseAmp=     0.00468 grad=  6.0692e-02
  noiseDecay=   -20.00000 grad=  2.4284e-01
  drive=     4.00000 grad= -4.8720e-03
  outGain=     0.14366 grad=  4.2862e-03
  bodyAsymmetry=    -0.06892 grad= -7.3748e-05
  bodyHarmonic=     0.20471 grad=  1.2263e-04
epoch=599 loss=1.728377
  fStart=   249.91135 grad= -5.2185e-02
  fEnd=    46.83395 grad= -1.0161e-01
  pitchDecay=   -34.32698 grad=  1.0893e-02
  bodyAmp=     1.00000 grad= -1.5448e-02
  ampDecay=   -12.89066 grad= -3.8404e-04
  clickFreq=   514.64771 grad= -8.9728e-04
  clickAmp=     0.50000 grad= -8.4085e-03
  clickDecay=  -150.00002 grad=  3.8554e-03
  noiseCutoff=  8000.00000 grad= -7.3927e-02
  noiseAmp=     0.00467 grad= -5.7731e-02
  noiseDecay=   -20.00000 grad=  2.4357e-01
  drive=     4.00000 grad= -4.9806e-03
  outGain=     0.14360 grad= -9.0853e-04
  bodyAsymmetry=    -0.06893 grad=  3.1794e-04
  bodyHarmonic=     0.20463 grad=  5.6178e-05
refine epoch=0 loss=1.728324
refine epoch=10 loss=1.728313
refine epoch=20 loss=1.728495
refine epoch=30 loss=1.728495
refine epoch=40 loss=1.728460
refine epoch=50 loss=1.728559
refine epoch=60 loss=1.728454
refine epoch=70 loss=1.728565
refine epoch=80 loss=1.728487
refine epoch=90 loss=1.728415
refine epoch=100 loss=1.728387
refine epoch=110 loss=1.728499
refine epoch=120 loss=1.728489
refine epoch=130 loss=1.728449
refine epoch=140 loss=1.728454
refine epoch=150 loss=1.728386
refine epoch=160 loss=1.728468
refine epoch=170 loss=1.728539
refine epoch=180 loss=1.728485
refine epoch=190 loss=1.728466
refine epoch=200 loss=1.728579
refine epoch=210 loss=1.728443
refine epoch=220 loss=1.728472
refine epoch=230 loss=1.728527
refine epoch=240 loss=1.728527
refine epoch=250 loss=1.728413
refine epoch=260 loss=1.728489
refine epoch=270 loss=1.728508
refine epoch=280 loss=1.728593
refine epoch=290 loss=1.728593
epoch=0 loss=2.118817
  fStart=   325.97040 grad=  3.7498e-01
  fEnd=    47.40552 grad= -2.4372e+00
  pitchDecay=   -66.69999 grad= -3.7016e-02
  bodyAmp=     0.52500 grad=  3.6530e-02
  ampDecay=   -14.00000 grad= -4.7386e-03
  clickFreq=   447.21362 grad=  2.7741e-02
  clickAmp=     0.25000 grad=  1.3658e-01
  clickDecay=  -346.41028 grad= -2.1461e-03
  noiseCutoff=  2828.42798 grad=  4.7616e-02
  noiseAmp=     0.02500 grad=  1.4881e+00
  noiseDecay=   -54.77226 grad=  8.6089e-02
  drive=     2.50000 grad=  3.6212e-02
  outGain=     0.55000 grad=  2.4403e-01
  bodyAsymmetry=     0.00000 grad=  1.0504e+00
  bodyHarmonic=     0.00000 grad=  1.8398e-02
epoch=10 loss=1.989920
  fStart=   326.47690 grad= -4.2655e+00
  fEnd=    47.59804 grad= -6.6283e+00
  pitchDecay=   -66.54160 grad=  3.5229e+00
  bodyAmp=     0.56912 grad= -7.7275e-02
  ampDecay=   -13.70334 grad= -4.1995e-03
  clickFreq=   441.65540 grad=  8.7943e-03
  clickAmp=     0.22088 grad=  5.9507e-02
  clickDecay=  -449.50851 grad= -1.3579e-03
  noiseCutoff=  2848.37646 grad=  1.4133e-02
  noiseAmp=     0.01781 grad=  9.1290e-01
  noiseDecay=   -41.01003 grad=  1.4066e-01
  drive=     2.49718 grad= -5.8380e-03
  outGain=     0.43803 grad=  6.2384e-02
  bodyAsymmetry=    -0.03084 grad=  7.9936e-01
  bodyHarmonic=    -0.25428 grad=  3.0886e-02
epoch=20 loss=1.927426
  fStart=   327.81409 grad=  2.3357e-01
  fEnd=    47.58877 grad=  3.8848e-01
  pitchDecay=   -66.27349 grad= -1.5213e-01
  bodyAmp=     0.73805 grad=  7.0809e-03
  ampDecay=   -13.52421 grad=  1.0807e-03
  clickFreq=   445.03912 grad= -2.7417e-02
  clickAmp=     0.24271 grad= -1.0045e-01
  clickDecay=  -591.16846 grad= -1.1864e-03
  noiseCutoff=  2929.54980 grad= -4.0469e-02
  noiseAmp=     0.01397 grad= -9.1087e-01
  noiseDecay=   -30.37218 grad=  2.1852e-01
  drive=     2.52735 grad= -1.2614e-02
  outGain=     0.32635 grad=  2.6518e-02
  bodyAsymmetry=    -0.07385 grad= -9.1897e-01
  bodyHarmonic=    -0.43140 grad= -3.0861e-02
epoch=30 loss=1.834825
  fStart=   327.38388 grad= -7.1858e-01
  fEnd=    47.49847 grad= -9.9059e-01
  pitchDecay=   -66.36510 grad=  6.0929e-01
  bodyAmp=     0.93888 grad= -1.4945e-02
  ampDecay=   -13.46575 grad=  6.2278e-03
  clickFreq=   469.60782 grad=  1.0024e-02
  clickAmp=     0.37638 grad=  3.3703e-02
  clickDecay=  -789.36920 grad= -1.1101e-03
  noiseCutoff=  3083.70752 grad= -4.7996e-03
  noiseAmp=     0.01185 grad=  1.6963e+00
  noiseDecay=   -22.06869 grad=  1.7425e-01
  drive=     2.59627 grad=  7.2215e-03
  outGain=     0.27522 grad=  2.6848e-01
  bodyAsymmetry=    -0.03320 grad=  8.3087e-01
  bodyHarmonic=    -0.44915 grad=  2.4112e-02
epoch=40 loss=1.801746
  fStart=   327.38589 grad= -9.1394e-01
  fEnd=    47.45776 grad= -1.3191e+00
  pitchDecay=   -66.35587 grad=  8.4170e-01
  bodyAmp=     1.00000 grad= -6.1603e-02
  ampDecay=   -13.55463 grad= -2.5358e-03
  clickFreq=   495.55386 grad= -9.5075e-04
  clickAmp=     0.48536 grad=  3.3027e-03
  clickDecay=  -800.00000 grad= -5.5014e-04
  noiseCutoff=  3296.62842 grad= -3.8135e-02
  noiseAmp=     0.01121 grad= -1.7836e-01
  noiseDecay=   -20.00000 grad=  1.9969e-01
  drive=     2.66544 grad= -2.3260e-02
  outGain=     0.21284 grad= -1.3643e-01
  bodyAsymmetry=    -0.04076 grad=  4.4651e-01
  bodyHarmonic=    -0.49343 grad=  2.6063e-02
epoch=50 loss=1.798761
  fStart=   328.28992 grad= -1.6800e-01
  fEnd=    47.48792 grad=  5.5184e-01
  pitchDecay=   -66.15916 grad=  9.7034e-02
  bodyAmp=     1.00000 grad=  6.6240e-04
  ampDecay=   -13.61262 grad=  2.9564e-03
  clickFreq=   524.33246 grad= -2.2123e-02
  clickAmp=     0.50000 grad= -3.6521e-02
  clickDecay=  -800.00000 grad= -1.0424e-03
  noiseCutoff=  3520.73047 grad= -1.1415e-01
  noiseAmp=     0.00790 grad= -7.0967e+00
  noiseDecay=   -20.00000 grad=  2.8616e-01
  drive=     2.73982 grad= -2.6890e-02
  outGain=     0.22660 grad= -2.4355e-01
  bodyAsymmetry=    -0.05139 grad= -3.6877e-01
  bodyHarmonic=    -0.55787 grad= -5.6300e-04
epoch=60 loss=1.793695
  fStart=   328.78607 grad= -3.5617e-01
  fEnd=    47.42439 grad=  1.2926e-01
  pitchDecay=   -66.09228 grad=  2.0532e-01
  bodyAmp=     1.00000 grad= -4.2134e-02
  ampDecay=   -13.76063 grad=  1.0315e-03
  clickFreq=   556.49390 grad= -1.5850e-02
  clickAmp=     0.50000 grad= -1.2290e-02
  clickDecay=  -800.00000 grad= -2.1378e-05
  noiseCutoff=  3838.24463 grad=  4.6109e-02
  noiseAmp=     0.00982 grad=  6.8701e+00
  noiseDecay=   -20.00000 grad=  8.4900e-02
  drive=     2.80723 grad=  6.8379e-03
  outGain=     0.23237 grad=  4.0147e-01
  bodyAsymmetry=    -0.05166 grad= -1.0243e-01
  bodyHarmonic=    -0.59332 grad= -7.3191e-03
epoch=70 loss=1.781623
  fStart=   329.60138 grad=  1.7293e-01
  fEnd=    47.39423 grad=  7.5339e-01
  pitchDecay=   -65.96989 grad= -1.9069e-01
  bodyAmp=     1.00000 grad= -4.6148e-02
  ampDecay=   -13.82057 grad= -1.1589e-03
  clickFreq=   595.44464 grad= -1.7658e-04
  clickAmp=     0.50000 grad=  2.8785e-03
  clickDecay=  -800.00000 grad=  2.1209e-03
  noiseCutoff=  4123.84424 grad= -6.3696e-02
  noiseAmp=     0.00756 grad= -2.0841e+00
  noiseDecay=   -20.00000 grad=  2.2777e-01
  drive=     2.87530 grad= -2.1027e-02
  outGain=     0.21397 grad= -9.6208e-02
  bodyAsymmetry=    -0.05092 grad=  1.8436e-01
  bodyHarmonic=    -0.60706 grad=  1.7074e-03
epoch=80 loss=1.777686
  fStart=   330.34845 grad=  8.0422e-01
  fEnd=    47.27659 grad=  1.5450e+00
  pitchDecay=   -65.84114 grad= -6.8190e-01
  bodyAmp=     1.00000 grad= -4.5861e-02
  ampDecay=   -13.74075 grad= -2.9154e-03
  clickFreq=   626.17511 grad= -6.8738e-04
  clickAmp=     0.50000 grad= -1.4683e-02
  clickDecay=  -729.93823 grad=  4.8945e-04
  noiseCutoff=  4345.57764 grad= -7.7614e-02
  noiseAmp=     0.00730 grad= -3.5634e+00
  noiseDecay=   -20.00000 grad=  2.4748e-01
  drive=     2.94565 grad= -2.6891e-02
  outGain=     0.19870 grad= -2.9116e-01
  bodyAsymmetry=    -0.05426 grad= -8.3270e-02
  bodyHarmonic=    -0.61176 grad=  8.0557e-03
epoch=90 loss=1.782302
  fStart=   331.37283 grad=  5.0052e-01
  fEnd=    47.14386 grad=  6.8748e-01
  pitchDecay=   -65.65429 grad= -4.1476e-01
  bodyAmp=     1.00000 grad= -7.7182e-02
  ampDecay=   -13.56162 grad= -2.4569e-03
  clickFreq=   637.86493 grad=  2.4170e-03
  clickAmp=     0.50000 grad= -5.1152e-03
  clickDecay=  -667.63287 grad= -5.1251e-04
  noiseCutoff=  4516.96240 grad=  7.3236e-02
  noiseAmp=     0.00951 grad=  1.0117e+01
  noiseDecay=   -20.00000 grad=  4.2732e-02
  drive=     3.01396 grad=  5.4508e-03
  outGain=     0.19966 grad=  4.6395e-01
  bodyAsymmetry=    -0.05398 grad=  4.4440e-02
  bodyHarmonic=    -0.64144 grad= -7.8078e-03
epoch=100 loss=1.769213
  fStart=   331.92682 grad=  2.0772e-01
  fEnd=    47.04661 grad=  2.1833e-01
  pitchDecay=   -65.54475 grad= -1.1255e-01
  bodyAmp=     1.00000 grad= -4.7539e-02
  ampDecay=   -13.38571 grad=  3.5075e-04
  clickFreq=   644.86029 grad=  1.5119e-03
  clickAmp=     0.50000 grad= -9.9527e-03
  clickDecay=  -674.79120 grad=  2.5208e-04
  noiseCutoff=  4638.98193 grad= -7.6404e-02
  noiseAmp=     0.00696 grad= -3.2399e+00
  noiseDecay=   -20.00000 grad=  2.4524e-01
  drive=     3.07713 grad= -2.4395e-02
  outGain=     0.18944 grad= -2.2239e-01
  bodyAsymmetry=    -0.05416 grad=  2.6500e-02
  bodyHarmonic=    -0.64767 grad= -7.9004e-04
epoch=110 loss=1.768846
  fStart=   332.16907 grad= -3.4992e+00
  fEnd=    47.01929 grad= -6.2849e+00
  pitchDecay=   -65.46732 grad=  2.8761e+00
  bodyAmp=     1.00000 grad= -3.5366e-02
  ampDecay=   -13.33796 grad=  3.8113e-04
  clickFreq=   641.56140 grad= -5.2097e-03
  clickAmp=     0.50000 grad= -2.4950e-02
  clickDecay=  -669.52655 grad=  3.6730e-04
  noiseCutoff=  4822.99170 grad= -1.0064e-01
  noiseAmp=     0.00635 grad= -6.5828e+00
  noiseDecay=   -20.00000 grad=  2.7637e-01
  drive=     3.13890 grad= -2.8567e-02
  outGain=     0.18399 grad= -3.9950e-01
  bodyAsymmetry=    -0.05556 grad= -1.5534e-01
  bodyHarmonic=    -0.63424 grad=  7.1234e-03
epoch=120 loss=1.773604
  fStart=   332.23273 grad=  1.0355e+00
  fEnd=    46.98032 grad=  1.4026e+00
  pitchDecay=   -65.39088 grad= -8.0225e-01
  bodyAmp=     1.00000 grad= -7.1486e-02
  ampDecay=   -13.36839 grad=  1.4894e-04
  clickFreq=   633.94244 grad=  4.8185e-03
  clickAmp=     0.50000 grad=  2.8169e-03
  clickDecay=  -643.25629 grad= -1.3012e-04
  noiseCutoff=  5055.91260 grad=  6.6365e-02
  noiseAmp=     0.00832 grad=  1.1598e+01
  noiseDecay=   -20.00000 grad=  5.0752e-02
  drive=     3.19789 grad=  8.2487e-03
  outGain=     0.18957 grad=  5.3380e-01
  bodyAsymmetry=    -0.05311 grad=  1.2210e-01
  bodyHarmonic=    -0.64018 grad= -9.4959e-04
epoch=130 loss=1.760361
  fStart=   331.77203 grad=  1.1838e-01
  fEnd=    47.00542 grad= -1.2803e+00
  pitchDecay=   -65.41729 grad= -3.1994e-02
  bodyAmp=     1.00000 grad= -5.7278e-02
  ampDecay=   -13.39342 grad= -7.7206e-04
  clickFreq=   631.61456 grad= -7.0049e-04
  clickAmp=     0.50000 grad= -1.4423e-02
  clickDecay=  -604.72235 grad=  3.2882e-04
  noiseCutoff=  5246.25830 grad= -6.4635e-02
  noiseAmp=     0.00640 grad= -1.4239e+00
  noiseDecay=   -20.00000 grad=  2.3059e-01
  drive=     3.25214 grad= -2.2632e-02
  outGain=     0.17828 grad= -2.4364e-01
  bodyAsymmetry=    -0.05370 grad=  1.1465e-03
  bodyHarmonic=    -0.64242 grad=  4.7903e-03
epoch=140 loss=1.767918
  fStart=   332.07040 grad=  7.3751e-01
  fEnd=    47.14017 grad=  1.5872e+00
  pitchDecay=   -65.31079 grad= -6.5865e-01
  bodyAmp=     1.00000 grad= -3.6433e-02
  ampDecay=   -13.36231 grad=  1.5792e-03
  clickFreq=   629.33850 grad= -8.6066e-03
  clickAmp=     0.50000 grad= -2.0240e-02
  clickDecay=  -583.84894 grad=  4.6659e-04
  noiseCutoff=  5400.97900 grad= -1.3068e-01
  noiseAmp=     0.00517 grad= -1.2720e+01
  noiseDecay=   -20.00000 grad=  3.1570e-01
  drive=     3.30887 grad= -3.3958e-02
  outGain=     0.17657 grad= -5.7251e-01
  bodyAsymmetry=    -0.05479 grad= -1.0553e-01
  bodyHarmonic=    -0.63250 grad= -1.8319e-03
epoch=150 loss=1.758642
  fStart=   331.36099 grad= -1.8485e-01
  fEnd=    47.07103 grad= -4.5458e-01
  pitchDecay=   -65.43545 grad=  1.9701e-01
  bodyAmp=     1.00000 grad= -3.5528e-02
  ampDecay=   -13.52543 grad=  4.4688e-03
  clickFreq=   619.43262 grad=  1.4445e-02
  clickAmp=     0.49950 grad=  1.3097e-02
  clickDecay=  -608.91736 grad= -5.0925e-04
  noiseCutoff=  5733.16064 grad=  1.1714e-02
  noiseAmp=     0.00589 grad=  9.7680e+00
  noiseDecay=   -20.00000 grad=  1.2496e-01
  drive=     3.36586 grad=  8.4730e-03
  outGain=     0.20238 grad=  5.1135e-01
  bodyAsymmetry=    -0.05479 grad=  3.2123e-02
  bodyHarmonic=    -0.62062 grad= -2.7074e-03
epoch=160 loss=1.754486
  fStart=   331.43619 grad= -4.2248e-01
  fEnd=    47.06668 grad=  1.0748e+00
  pitchDecay=   -65.38287 grad=  2.0121e-01
  bodyAmp=     1.00000 grad= -1.1260e-02
  ampDecay=   -13.83173 grad=  3.0978e-03
  clickFreq=   601.34564 grad= -8.4553e-03
  clickAmp=     0.48582 grad=  1.9419e-02
  clickDecay=  -616.63708 grad= -6.8685e-04
  noiseCutoff=  6233.24756 grad= -1.3575e-01
  noiseAmp=     0.00370 grad= -1.8665e+01
  noiseDecay=   -20.00000 grad=  3.2210e-01
  drive=     3.41344 grad= -2.0778e-02
  outGain=     0.20218 grad= -2.2064e-01
  bodyAsymmetry=    -0.05148 grad=  2.2086e-01
  bodyHarmonic=    -0.64445 grad=  1.3099e-02
epoch=170 loss=1.751731
  fStart=   331.55823 grad=  1.2326e-01
  fEnd=    46.99598 grad= -1.1048e-01
  pitchDecay=   -65.33543 grad= -5.5579e-02
  bodyAmp=     1.00000 grad= -2.7623e-02
  ampDecay=   -14.03985 grad= -9.2360e-04
  clickFreq=   607.90430 grad=  6.1681e-03
  clickAmp=     0.46490 grad=  5.0766e-03
  clickDecay=  -656.65436 grad=  8.7192e-04
  noiseCutoff=  6750.31641 grad= -1.4559e-01
  noiseAmp=     0.00339 grad= -2.4080e+01
  noiseDecay=   -20.00000 grad=  3.4366e-01
  drive=     3.45942 grad= -3.0881e-02
  outGain=     0.19243 grad= -4.8056e-01
  bodyAsymmetry=    -0.04947 grad=  1.2978e-01
  bodyHarmonic=    -0.67729 grad=  1.2259e-02
epoch=180 loss=1.756556
  fStart=   331.72900 grad=  6.2053e-02
  fEnd=    47.04979 grad= -4.4566e-01
  pitchDecay=   -65.26894 grad=  6.6250e-02
  bodyAmp=     1.00000 grad= -8.4442e-02
  ampDecay=   -14.03970 grad= -4.1318e-03
  clickFreq=   606.38989 grad= -1.0615e-02
  clickAmp=     0.46560 grad= -1.2945e-02
  clickDecay=  -600.08618 grad= -9.7446e-05
  noiseCutoff=  7197.74561 grad=  9.8480e-02
  noiseAmp=     0.00518 grad=  2.5493e+01
  noiseDecay=   -20.00000 grad=  2.2274e-02
  drive=     3.51192 grad=  1.1813e-02
  outGain=     0.19624 grad=  7.1345e-01
  bodyAsymmetry=    -0.05121 grad= -1.6545e-01
  bodyHarmonic=    -0.68477 grad= -1.7309e-02
epoch=190 loss=1.736823
  fStart=   331.62021 grad=  4.3643e-01
  fEnd=    47.07220 grad=  8.5619e-01
  pitchDecay=   -65.26456 grad= -3.5777e-01
  bodyAmp=     1.00000 grad= -3.9827e-02
  ampDecay=   -13.90514 grad= -1.1922e-03
  clickFreq=   616.65057 grad=  2.6110e-03
  clickAmp=     0.47722 grad=  4.7995e-03
  clickDecay=  -567.72418 grad=  3.8240e-04
  noiseCutoff=  7504.14014 grad= -1.0028e-01
  noiseAmp=     0.00353 grad= -1.2021e+01
  noiseDecay=   -20.00000 grad=  2.9660e-01
  drive=     3.55787 grad= -2.2487e-02
  outGain=     0.18256 grad= -3.4927e-01
  bodyAsymmetry=    -0.05030 grad=  1.1144e-01
  bodyHarmonic=    -0.68839 grad=  7.5614e-03
epoch=200 loss=1.738003
  fStart=   331.58939 grad= -4.4306e-02
  fEnd=    47.01826 grad= -1.2246e-01
  pitchDecay=   -65.25821 grad= -9.0076e-02
  bodyAmp=     1.00000 grad= -4.0895e-02
  ampDecay=   -13.75186 grad= -8.8868e-04
  clickFreq=   620.79132 grad= -7.9573e-03
  clickAmp=     0.48954 grad= -1.2474e-02
  clickDecay=  -538.25861 grad=  3.3126e-04
  noiseCutoff=  7749.71191 grad= -1.1735e-01
  noiseAmp=     0.00338 grad= -1.8096e+01
  noiseDecay=   -20.00000 grad=  3.2612e-01
  drive=     3.60001 grad= -3.0022e-02
  outGain=     0.17438 grad= -5.5228e-01
  bodyAsymmetry=    -0.05257 grad= -9.3282e-02
  bodyHarmonic=    -0.69193 grad= -4.6410e-03
epoch=210 loss=1.750865
  fStart=   331.73123 grad= -1.1001e+00
  fEnd=    46.99166 grad= -2.1817e+00
  pitchDecay=   -65.23170 grad=  1.0141e+00
  bodyAmp=     1.00000 grad= -8.6182e-02
  ampDecay=   -13.61146 grad= -2.2969e-03
  clickFreq=   622.24438 grad=  2.7877e-03
  clickAmp=     0.49911 grad=  1.9536e-03
  clickDecay=  -509.38998 grad= -5.7840e-04
  noiseCutoff=  7973.12939 grad=  1.0707e-01
  noiseAmp=     0.00506 grad=  2.7546e+01
  noiseDecay=   -20.00000 grad=  1.7120e-02
  drive=     3.64466 grad=  1.4876e-02
  outGain=     0.17886 grad=  7.9835e-01
  bodyAsymmetry=    -0.05453 grad= -7.3664e-02
  bodyHarmonic=    -0.64714 grad= -2.5376e-03
epoch=220 loss=1.732575
  fStart=   331.74435 grad=  3.5392e-01
  fEnd=    46.95713 grad=  1.1010e+00
  pitchDecay=   -65.22272 grad= -3.7662e-01
  bodyAmp=     1.00000 grad= -4.1186e-02
  ampDecay=   -13.51320 grad=  1.7448e-03
  clickFreq=   622.62073 grad=  4.9841e-03
  clickAmp=     0.49763 grad=  1.6608e-02
  clickDecay=  -490.39206 grad=  1.9321e-04
  noiseCutoff=  8000.00000 grad= -9.1726e-02
  noiseAmp=     0.00357 grad= -1.0402e+01
  noiseDecay=   -20.00000 grad=  2.9503e-01
  drive=     3.68096 grad= -1.9037e-02
  outGain=     0.16955 grad= -3.4333e-01
  bodyAsymmetry=    -0.05134 grad=  2.2955e-01
  bodyHarmonic=    -0.66382 grad=  1.4153e-02
epoch=230 loss=1.735163
  fStart=   331.45944 grad=  5.0409e-01
  fEnd=    46.98499 grad=  9.6446e-01
  pitchDecay=   -65.24066 grad= -4.1939e-01
  bodyAmp=     1.00000 grad= -3.0736e-02
  ampDecay=   -13.51810 grad=  1.6536e-03
  clickFreq=   624.91571 grad= -1.1320e-02
  clickAmp=     0.49412 grad= -2.1970e-02
  clickDecay=  -504.91016 grad=  9.5717e-04
  noiseCutoff=  8000.00000 grad= -1.1146e-01
  noiseAmp=     0.00344 grad= -1.6486e+01
  noiseDecay=   -20.00000 grad=  3.2292e-01
  drive=     3.71390 grad= -2.6455e-02
  outGain=     0.16605 grad= -5.6212e-01
  bodyAsymmetry=    -0.05395 grad= -2.1798e-01
  bodyHarmonic=    -0.68294 grad=  5.5608e-04
epoch=240 loss=1.744888
  fStart=   331.55649 grad= -3.5152e-01
  fEnd=    47.00649 grad= -5.8070e-01
  pitchDecay=   -65.18761 grad=  3.4721e-01
  bodyAmp=     1.00000 grad= -8.3142e-02
  ampDecay=   -13.56382 grad= -1.1576e-03
  clickFreq=   624.12988 grad=  7.1223e-03
  clickAmp=     0.49583 grad=  8.8229e-03
  clickDecay=  -505.15988 grad= -7.8094e-04
  noiseCutoff=  8000.00000 grad=  8.7352e-02
  noiseAmp=     0.00497 grad=  2.4646e+01
  noiseDecay=   -20.00000 grad=  4.7078e-02
  drive=     3.74732 grad=  1.1637e-02
  outGain=     0.17271 grad=  6.9947e-01
  bodyAsymmetry=    -0.05297 grad=  4.1161e-02
  bodyHarmonic=    -0.67220 grad= -6.8420e-03
epoch=250 loss=1.730302
  fStart=   331.73013 grad= -3.6484e-01
  fEnd=    47.01673 grad=  6.9667e-01
  pitchDecay=   -65.14672 grad=  2.8078e-01
  bodyAmp=     1.00000 grad= -4.7121e-02
  ampDecay=   -13.58415 grad=  6.6307e-04
  clickFreq=   623.17822 grad=  4.5438e-03
  clickAmp=     0.49109 grad=  1.6876e-02
  clickDecay=  -510.11700 grad=  2.6724e-04
  noiseCutoff=  8000.00000 grad= -8.1917e-02
  noiseAmp=     0.00362 grad= -7.5583e+00
  noiseDecay=   -20.00000 grad=  2.8264e-01
  drive=     3.77615 grad= -1.7532e-02
  outGain=     0.16766 grad= -2.9661e-01
  bodyAsymmetry=    -0.05074 grad=  2.3779e-01
  bodyHarmonic=    -0.67626 grad=  9.3493e-03
epoch=260 loss=1.731423
  fStart=   331.84720 grad=  8.4070e-02
  fEnd=    46.96682 grad= -6.6495e-01
  pitchDecay=   -65.10294 grad= -2.4328e-02
  bodyAmp=     1.00000 grad= -3.0979e-02
  ampDecay=   -13.58876 grad=  8.4151e-04
  clickFreq=   624.37573 grad= -1.0036e-02
  clickAmp=     0.48616 grad= -2.1959e-02
  clickDecay=  -509.00635 grad=  5.8614e-04
  noiseCutoff=  8000.00000 grad= -1.0080e-01
  noiseAmp=     0.00350 grad= -1.2604e+01
  noiseDecay=   -20.00000 grad=  3.0677e-01
  drive=     3.80416 grad= -2.2558e-02
  outGain=     0.16522 grad= -4.8544e-01
  bodyAsymmetry=    -0.05360 grad= -2.4843e-01
  bodyHarmonic=    -0.68274 grad=  1.1856e-03
epoch=270 loss=1.741627
  fStart=   331.67065 grad= -3.5089e-01
  fEnd=    46.97931 grad= -3.7781e-02
  pitchDecay=   -65.10355 grad=  3.4889e-01
  bodyAmp=     1.00000 grad= -8.2493e-02
  ampDecay=   -13.59600 grad= -1.1300e-03
  clickFreq=   624.58746 grad=  6.9231e-03
  clickAmp=     0.48778 grad=  9.4812e-03
  clickDecay=  -512.19000 grad= -6.7720e-04
  noiseCutoff=  8000.00000 grad=  7.6059e-02
  noiseAmp=     0.00487 grad=  2.3215e+01
  noiseDecay=   -20.00000 grad=  6.3438e-02
  drive=     3.83208 grad=  9.1607e-03
  outGain=     0.16964 grad=  6.3349e-01
  bodyAsymmetry=    -0.05184 grad=  8.0005e-02
  bodyHarmonic=    -0.68607 grad= -6.0980e-03
epoch=280 loss=1.728651
  fStart=   331.68457 grad=  3.9084e-01
  fEnd=    46.97687 grad=  7.6409e-01
  pitchDecay=   -65.07639 grad= -3.2014e-01
  bodyAmp=     1.00000 grad= -4.0496e-02
  ampDecay=   -13.60474 grad=  1.2252e-03
  clickFreq=   624.81415 grad=  6.2296e-04
  clickAmp=     0.48794 grad=  4.0820e-03
  clickDecay=  -515.16553 grad=  6.2455e-05
  noiseCutoff=  8000.00000 grad= -7.6442e-02
  noiseAmp=     0.00367 grad= -6.2091e+00
  noiseDecay=   -20.00000 grad=  2.7693e-01
  drive=     3.85654 grad= -1.5898e-02
  outGain=     0.16525 grad= -2.8681e-01
  bodyAsymmetry=    -0.05183 grad=  6.4243e-02
  bodyHarmonic=    -0.68902 grad=  6.2459e-03
epoch=290 loss=1.729594
  fStart=   331.59555 grad= -9.1214e-01
  fEnd=    46.97011 grad= -1.4574e+00
  pitchDecay=   -65.07680 grad=  7.3107e-01
  bodyAmp=     1.00000 grad= -3.3671e-02
  ampDecay=   -13.61737 grad=  9.8877e-04
  clickFreq=   624.44183 grad= -7.6954e-03
  clickAmp=     0.48608 grad= -1.2648e-02
  clickDecay=  -520.62555 grad=  9.4144e-04
  noiseCutoff=  8000.00000 grad= -9.0033e-02
  noiseAmp=     0.00357 grad= -9.7754e+00
  noiseDecay=   -20.00000 grad=  2.9453e-01
  drive=     3.88000 grad= -1.9263e-02
  outGain=     0.16368 grad= -4.0766e-01
  bodyAsymmetry=    -0.05281 grad= -1.3419e-01
  bodyHarmonic=    -0.69316 grad=  3.2321e-03
epoch=300 loss=1.738527
  fStart=   331.60962 grad=  3.6377e-01
  fEnd=    46.97688 grad=  6.4045e-01
  pitchDecay=   -65.06687 grad= -2.5873e-01
  bodyAmp=     1.00000 grad= -7.9939e-02
  ampDecay=   -13.63041 grad= -1.1583e-03
  clickFreq=   625.21259 grad=  7.3169e-03
  clickAmp=     0.48636 grad=  9.6634e-03
  clickDecay=  -519.90735 grad= -9.2295e-04
  noiseCutoff=  8000.00000 grad=  6.3802e-02
  noiseAmp=     0.00477 grad=  2.1459e+01
  noiseDecay=   -20.00000 grad=  8.1722e-02
  drive=     3.90316 grad=  6.9267e-03
  outGain=     0.16702 grad=  5.5891e-01
  bodyAsymmetry=    -0.05157 grad=  7.9256e-02
  bodyHarmonic=    -0.69674 grad= -6.6198e-03
epoch=310 loss=1.727651
  fStart=   331.58179 grad= -8.3289e-02
  fEnd=    46.97492 grad= -1.6582e-02
  pitchDecay=   -65.06758 grad=  5.2540e-02
  bodyAmp=     1.00000 grad= -4.0989e-02
  ampDecay=   -13.63838 grad=  1.0510e-03
  clickFreq=   624.46088 grad= -2.3471e-03
  clickAmp=     0.48464 grad= -2.3253e-03
  clickDecay=  -523.03845 grad=  3.4255e-04
  noiseCutoff=  8000.00000 grad= -6.9098e-02
  noiseAmp=     0.00372 grad= -4.4122e+00
  noiseDecay=   -20.00000 grad=  2.6896e-01
  drive=     3.92395 grad= -1.4921e-02
  outGain=     0.16357 grad= -2.5847e-01
  bodyAsymmetry=    -0.05205 grad= -1.8040e-02
  bodyHarmonic=    -0.69743 grad=  3.1823e-03
epoch=320 loss=1.728116
  fStart=   331.54874 grad=  6.2401e-02
  fEnd=    46.97681 grad= -3.8514e-02
  pitchDecay=   -65.06628 grad= -4.4105e-02
  bodyAmp=     1.00000 grad= -4.1684e-02
  ampDecay=   -13.64566 grad=  7.8103e-04
  clickFreq=   624.57343 grad= -3.3702e-03
  clickAmp=     0.48371 grad= -4.6437e-03
  clickDecay=  -524.33472 grad=  4.5381e-04
  noiseCutoff=  8000.00000 grad= -8.0398e-02
  noiseAmp=     0.00364 grad= -7.1712e+00
  noiseDecay=   -20.00000 grad=  2.8258e-01
  drive=     3.94448 grad= -1.7757e-02
  outGain=     0.16250 grad= -3.4375e-01
  bodyAsymmetry=    -0.05210 grad= -4.2838e-02
  bodyHarmonic=    -0.69764 grad=  4.8363e-03
epoch=330 loss=1.735591
  fStart=   331.53943 grad=  1.8309e-01
  fEnd=    46.97537 grad=  1.8210e-01
  pitchDecay=   -65.05605 grad= -8.7776e-02
  bodyAmp=     1.00000 grad= -7.6813e-02
  ampDecay=   -13.65206 grad= -1.1136e-03
  clickFreq=   624.61902 grad=  3.0570e-03
  clickAmp=     0.48318 grad=  4.9142e-03
  clickDecay=  -523.37201 grad= -5.8612e-04
  noiseCutoff=  8000.00000 grad=  5.1088e-02
  noiseAmp=     0.00467 grad=  1.9480e+01
  noiseDecay=   -20.00000 grad=  1.0221e-01
  drive=     3.96506 grad=  4.1506e-03
  outGain=     0.16473 grad=  4.7144e-01
  bodyAsymmetry=    -0.05170 grad=  3.0611e-02
  bodyHarmonic=    -0.70058 grad= -6.2463e-03
epoch=340 loss=1.726906
  fStart=   331.49008 grad=  2.9415e-02
  fEnd=    46.97611 grad= -3.4578e-02
  pitchDecay=   -65.05238 grad= -8.5506e-03
  bodyAmp=     1.00000 grad= -4.5394e-02
  ampDecay=   -13.65634 grad=  9.2550e-04
  clickFreq=   623.80078 grad=  4.5195e-04
  clickAmp=     0.48201 grad=  5.0906e-04
  clickDecay=  -520.92950 grad=  3.6520e-04
  noiseCutoff=  8000.00000 grad= -6.2648e-02
  noiseAmp=     0.00378 grad= -2.6472e+00
  noiseDecay=   -20.00000 grad=  2.5981e-01
  drive=     3.98374 grad= -1.3842e-02
  outGain=     0.16212 grad= -2.1215e-01
  bodyAsymmetry=    -0.05162 grad=  1.2427e-02
  bodyHarmonic=    -0.70098 grad=  2.9590e-03
epoch=350 loss=1.727170
  fStart=   331.44727 grad= -4.3549e-01
  fEnd=    46.97416 grad= -7.1731e-01
  pitchDecay=   -65.04333 grad=  3.8125e-01
  bodyAmp=     1.00000 grad= -4.1350e-02
  ampDecay=   -13.66243 grad=  8.5675e-04
  clickFreq=   623.40411 grad= -3.5214e-04
  clickAmp=     0.48089 grad= -3.2385e-03
  clickDecay=  -516.85883 grad=  4.5676e-04
  noiseCutoff=  8000.00000 grad= -7.1926e-02
  noiseAmp=     0.00371 grad= -5.1052e+00
  noiseDecay=   -20.00000 grad=  2.7235e-01
  drive=     4.00000 grad= -1.5459e-02
  outGain=     0.16131 grad= -2.8797e-01
  bodyAsymmetry=    -0.05179 grad= -3.2440e-02
  bodyHarmonic=    -0.69866 grad=  4.1282e-03
epoch=360 loss=1.733354
  fStart=   331.42435 grad=  4.5735e-01
  fEnd=    46.97748 grad=  5.9468e-01
  pitchDecay=   -65.02754 grad= -3.0842e-01
  bodyAmp=     1.00000 grad= -7.4349e-02
  ampDecay=   -13.66870 grad= -1.0045e-03
  clickFreq=   623.05432 grad= -1.0480e-03
  clickAmp=     0.48051 grad=  2.8164e-03
  clickDecay=  -505.62161 grad= -1.7499e-04
  noiseCutoff=  8000.00000 grad=  3.8435e-02
  noiseAmp=     0.00457 grad=  1.7535e+01
  noiseDecay=   -20.00000 grad=  1.2072e-01
  drive=     4.00000 grad=  1.7822e-03
  outGain=     0.16337 grad=  3.9312e-01
  bodyAsymmetry=    -0.05155 grad=  2.1723e-02
  bodyHarmonic=    -0.69931 grad= -5.8247e-03
epoch=370 loss=1.726551
  fStart=   331.35971 grad=  5.4671e-02
  fEnd=    46.97525 grad= -7.5807e-03
  pitchDecay=   -65.01964 grad= -2.1836e-02
  bodyAmp=     1.00000 grad= -4.8002e-02
  ampDecay=   -13.67057 grad=  6.3737e-04
  clickFreq=   623.48499 grad=  8.0751e-04
  clickAmp=     0.48040 grad=  8.5548e-04
  clickDecay=  -484.65387 grad=  3.8334e-04
  noiseCutoff=  8000.00000 grad= -5.6643e-02
  noiseAmp=     0.00383 grad= -1.2867e+00
  noiseDecay=   -20.00000 grad=  2.5326e-01
  drive=     4.00000 grad= -1.3128e-02
  outGain=     0.16180 grad= -1.8087e-01
  bodyAsymmetry=    -0.05164 grad=  1.4114e-02
  bodyHarmonic=    -0.69698 grad=  2.2762e-03
epoch=380 loss=1.726760
  fStart=   331.31595 grad= -9.9662e-03
  fEnd=    46.97633 grad= -5.3409e-02
  pitchDecay=   -65.01073 grad=  1.6286e-02
  bodyAmp=     1.00000 grad= -4.6307e-02
  ampDecay=   -13.66953 grad=  4.9003e-04
  clickFreq=   624.02393 grad= -4.4780e-04
  clickAmp=     0.47934 grad= -2.0742e-03
  clickDecay=  -468.69107 grad=  4.2260e-04
  noiseCutoff=  8000.00000 grad= -6.3606e-02
  noiseAmp=     0.00377 grad= -2.9073e+00
  noiseDecay=   -20.00000 grad=  2.6079e-01
  drive=     4.00000 grad= -1.4567e-02
  outGain=     0.16152 grad= -2.3279e-01
  bodyAsymmetry=    -0.05186 grad= -2.3856e-02
  bodyHarmonic=    -0.69208 grad=  1.9474e-03
epoch=390 loss=1.728501
  fStart=   331.29495 grad=  5.9362e-02
  fEnd=    46.97448 grad= -1.0228e-02
  pitchDecay=   -65.00169 grad= -1.2902e-02
  bodyAmp=     1.00000 grad= -5.6041e-02
  ampDecay=   -13.67184 grad=  8.7775e-04
  clickFreq=   623.26831 grad=  2.4373e-03
  clickAmp=     0.47718 grad=  5.1330e-03
  clickDecay=  -459.92435 grad= -1.9086e-04
  noiseCutoff=  8000.00000 grad= -1.3471e-04
  noiseAmp=     0.00417 grad=  1.1130e+01
  noiseDecay=   -20.00000 grad=  1.7474e-01
  drive=     4.00000 grad= -1.8068e-03
  outGain=     0.16694 grad=  2.4759e-01
  bodyAsymmetry=    -0.05184 grad=  2.8255e-03
  bodyHarmonic=    -0.68996 grad= -1.9940e-03
epoch=400 loss=1.726668
  fStart=   331.28278 grad=  1.4917e-01
  fEnd=    46.97553 grad=  2.1056e-01
  pitchDecay=   -64.99589 grad= -1.1511e-01
  bodyAmp=     1.00000 grad= -1.9126e-02
  ampDecay=   -13.72545 grad=  3.9318e-03
  clickFreq=   622.11383 grad=  5.1692e-04
  clickAmp=     0.46619 grad=  6.6996e-03
  clickDecay=  -461.43964 grad= -1.4351e-04
  noiseCutoff=  8000.00000 grad= -7.9815e-02
  noiseAmp=     0.00342 grad= -7.2629e+00
  noiseDecay=   -20.00000 grad=  2.7850e-01
  drive=     4.00000 grad= -1.0201e-02
  outGain=     0.17161 grad= -1.1390e-01
  bodyAsymmetry=    -0.05126 grad= -3.7123e-03
  bodyHarmonic=    -0.69275 grad=  3.0917e-03
epoch=410 loss=1.727003
  fStart=   331.26697 grad=  3.0185e-02
  fEnd=    46.97638 grad=  9.1885e-02
  pitchDecay=   -64.99493 grad= -2.8630e-02
  bodyAmp=     1.00000 grad= -2.2866e-02
  ampDecay=   -13.81285 grad=  2.7481e-03
  clickFreq=   622.07709 grad= -4.0659e-04
  clickAmp=     0.45080 grad=  1.9624e-03
  clickDecay=  -466.82974 grad=  1.8813e-04
  noiseCutoff=  8000.00000 grad= -8.9310e-02
  noiseAmp=     0.00333 grad= -9.8857e+00
  noiseDecay=   -20.00000 grad=  2.9022e-01
  drive=     4.00000 grad= -1.3721e-02
  outGain=     0.17211 grad= -2.0383e-01
  bodyAsymmetry=    -0.04999 grad= -3.2809e-03
  bodyHarmonic=    -0.69667 grad=  3.1102e-03
epoch=420 loss=1.727064
  fStart=   331.26160 grad=  8.4069e-02
  fEnd=    46.97490 grad= -2.3451e-03
  pitchDecay=   -64.99387 grad= -4.6011e-02
  bodyAmp=     1.00000 grad= -4.8852e-02
  ampDecay=   -13.88685 grad=  6.9222e-04
  clickFreq=   622.45239 grad= -4.0864e-05
  clickAmp=     0.44044 grad=  1.2840e-03
  clickDecay=  -466.85068 grad= -2.8502e-04
  noiseCutoff=  8000.00000 grad= -8.0389e-03
  noiseAmp=     0.00388 grad=  1.0291e+01
  noiseDecay=   -20.00000 grad=  1.8369e-01
  drive=     4.00000 grad= -2.1009e-03
  outGain=     0.17501 grad=  2.6088e-01
  bodyAsymmetry=    -0.04930 grad= -1.0985e-02
  bodyHarmonic=    -0.69979 grad= -4.9946e-03
epoch=430 loss=1.725830
  fStart=   331.24817 grad= -1.8250e-02
  fEnd=    46.97721 grad= -1.5289e-03
  pitchDecay=   -64.99378 grad=  1.3778e-02
  bodyAmp=     1.00000 grad= -2.9375e-02
  ampDecay=   -13.94054 grad=  1.3950e-03
  clickFreq=   622.64624 grad= -2.0089e-06
  clickAmp=     0.43507 grad=  1.1097e-04
  clickDecay=  -463.49002 grad=  3.5203e-04
  noiseCutoff=  8000.00000 grad= -7.3845e-02
  noiseAmp=     0.00339 grad= -5.6723e+00
  noiseDecay=   -20.00000 grad=  2.6971e-01
  drive=     4.00000 grad= -1.2140e-02
  outGain=     0.17439 grad= -1.2359e-01
  bodyAsymmetry=    -0.04883 grad=  7.1899e-03
  bodyHarmonic=    -0.70012 grad=  2.2589e-03
epoch=440 loss=1.725868
  fStart=   331.25577 grad=  2.5227e-02
  fEnd=    46.97556 grad= -2.9914e-02
  pitchDecay=   -64.99103 grad= -1.9185e-02
  bodyAmp=     1.00000 grad= -3.0090e-02
  ampDecay=   -13.97425 grad=  9.3874e-04
  clickFreq=   622.58270 grad=  1.9162e-03
  clickAmp=     0.43324 grad=  1.8118e-03
  clickDecay=  -459.58521 grad=  3.7149e-05
  noiseCutoff=  8000.00000 grad= -7.6313e-02
  noiseAmp=     0.00336 grad= -6.4209e+00
  noiseDecay=   -20.00000 grad=  2.7330e-01
  drive=     4.00000 grad= -1.2720e-02
  outGain=     0.17481 grad= -1.4446e-01
  bodyAsymmetry=    -0.04868 grad=  2.2682e-02
  bodyHarmonic=    -0.69982 grad=  3.4876e-03
epoch=450 loss=1.726614
  fStart=   331.23996 grad=  3.6020e-02
  fEnd=    46.97741 grad=  1.7713e-01
  pitchDecay=   -64.99214 grad= -1.6645e-02
  bodyAmp=     1.00000 grad= -4.9423e-02
  ampDecay=   -13.99314 grad= -4.2237e-04
  clickFreq=   622.51270 grad=  2.8600e-04
  clickAmp=     0.43225 grad=  2.8915e-05
  clickDecay=  -460.63174 grad= -1.9212e-04
  noiseCutoff=  8000.00000 grad= -1.5815e-02
  noiseAmp=     0.00379 grad=  8.6414e+00
  noiseDecay=   -20.00000 grad=  1.9478e-01
  drive=     4.00000 grad= -4.1575e-03
  outGain=     0.17567 grad=  1.8849e-01
  bodyAsymmetry=    -0.04869 grad= -1.5298e-03
  bodyHarmonic=    -0.69965 grad= -2.8044e-03
epoch=460 loss=1.725502
  fStart=   331.24030 grad= -2.5079e-02
  fEnd=    46.97640 grad= -6.3069e-02
  pitchDecay=   -64.99075 grad=  2.1384e-02
  bodyAmp=     1.00000 grad= -3.3999e-02
  ampDecay=   -14.00260 grad=  4.9537e-04
  clickFreq=   622.40228 grad= -1.1404e-03
  clickAmp=     0.43204 grad= -1.0780e-03
  clickDecay=  -460.49380 grad=  1.8814e-04
  noiseCutoff=  8000.00000 grad= -6.5889e-02
  noiseAmp=     0.00343 grad= -3.5398e+00
  noiseDecay=   -20.00000 grad=  2.6049e-01
  drive=     4.00000 grad= -1.1648e-02
  outGain=     0.17527 grad= -9.0203e-02
  bodyAsymmetry=    -0.04867 grad= -7.0584e-03
  bodyHarmonic=    -0.69953 grad=  1.0487e-03
epoch=470 loss=1.725588
  fStart=   331.23477 grad= -7.4630e-02
  fEnd=    46.97689 grad= -2.9345e-02
  pitchDecay=   -64.99053 grad=  5.3550e-02
  bodyAmp=     1.00000 grad= -3.3572e-02
  ampDecay=   -14.00748 grad=  4.9867e-04
  clickFreq=   622.46338 grad= -8.3246e-04
  clickAmp=     0.43211 grad=  8.0467e-04
  clickDecay=  -460.19812 grad=  8.0391e-05
  noiseCutoff=  8000.00000 grad= -6.8474e-02
  noiseAmp=     0.00341 grad= -4.2475e+00
  noiseDecay=   -20.00000 grad=  2.6368e-01
  drive=     4.00000 grad= -1.1923e-02
  outGain=     0.17530 grad= -1.0272e-01
  bodyAsymmetry=    -0.04863 grad=  1.1835e-02
  bodyHarmonic=    -0.69958 grad=  1.8532e-03
epoch=480 loss=1.726041
  fStart=   331.23618 grad=  5.1415e-02
  fEnd=    46.97707 grad=  1.3573e-02
  pitchDecay=   -64.98947 grad= -3.1342e-02
  bodyAmp=     1.00000 grad= -4.7669e-02
  ampDecay=   -14.01025 grad= -5.2820e-04
  clickFreq=   622.49426 grad= -3.7786e-04
  clickAmp=     0.43206 grad= -4.5465e-04
  clickDecay=  -460.29251 grad= -2.8191e-04
  noiseCutoff=  8000.00000 grad= -2.4804e-02
  noiseAmp=     0.00373 grad=  6.7899e+00
  noiseDecay=   -20.00000 grad=  2.0549e-01
  drive=     4.00000 grad= -5.6369e-03
  outGain=     0.17564 grad=  1.3751e-01
  bodyAsymmetry=    -0.04869 grad= -1.3483e-02
  bodyHarmonic=    -0.69964 grad= -2.8146e-03
epoch=490 loss=1.725405
  fStart=   331.23190 grad= -3.1199e-02
  fEnd=    46.97714 grad= -1.6951e-02
  pitchDecay=   -64.98941 grad=  2.5158e-02
  bodyAmp=     1.00000 grad= -3.5158e-02
  ampDecay=   -14.01155 grad=  3.2698e-04
  clickFreq=   622.45239 grad= -1.8739e-04
  clickAmp=     0.43208 grad=  1.0215e-03
  clickDecay=  -460.48569 grad=  1.1459e-04
  noiseCutoff=  8000.00000 grad= -6.1507e-02
  noiseAmp=     0.00346 grad= -2.4721e+00
  noiseDecay=   -20.00000 grad=  2.5540e-01
  drive=     4.00000 grad= -1.0815e-02
  outGain=     0.17541 grad= -6.6703e-02
  bodyAsymmetry=    -0.04863 grad=  1.6692e-02
  bodyHarmonic=    -0.69945 grad=  2.1078e-03
epoch=500 loss=1.725444
  fStart=   331.23224 grad= -1.1453e-02
  fEnd=    46.97667 grad=  3.1473e-03
  pitchDecay=   -64.98867 grad=  1.0946e-02
  bodyAmp=     1.00000 grad= -3.4802e-02
  ampDecay=   -14.01261 grad=  3.6114e-04
  clickFreq=   622.43463 grad= -2.1024e-04
  clickAmp=     0.43204 grad= -2.1251e-04
  clickDecay=  -460.65237 grad=  2.4487e-04
  noiseCutoff=  8000.00000 grad= -6.3286e-02
  noiseAmp=     0.00344 grad= -2.9287e+00
  noiseDecay=   -20.00000 grad=  2.5788e-01
  drive=     4.00000 grad= -1.1245e-02
  outGain=     0.17541 grad= -7.6823e-02
  bodyAsymmetry=    -0.04867 grad=  2.3438e-03
  bodyHarmonic=    -0.69954 grad=  1.2601e-03
epoch=510 loss=1.725675
  fStart=   331.23035 grad=  3.9204e-02
  fEnd=    46.97668 grad=  1.9941e-02
  pitchDecay=   -64.98820 grad= -2.3812e-02
  bodyAmp=     1.00000 grad= -4.5281e-02
  ampDecay=   -14.01362 grad= -3.7763e-04
  clickFreq=   622.51740 grad=  3.1948e-04
  clickAmp=     0.43206 grad=  9.9620e-05
  clickDecay=  -460.46130 grad= -2.2419e-04
  noiseCutoff=  8000.00000 grad= -3.1100e-02
  noiseAmp=     0.00368 grad=  5.1817e+00
  noiseDecay=   -20.00000 grad=  2.1497e-01
  drive=     4.00000 grad= -6.5452e-03
  outGain=     0.17561 grad=  9.9838e-02
  bodyAsymmetry=    -0.04867 grad= -2.4008e-03
  bodyHarmonic=    -0.69965 grad= -1.9561e-03
epoch=520 loss=1.725327
  fStart=   331.22827 grad= -1.2186e-02
  fEnd=    46.97711 grad= -1.4144e-02
  pitchDecay=   -64.98789 grad=  1.2107e-02
  bodyAmp=     1.00000 grad= -3.6391e-02
  ampDecay=   -14.01427 grad=  2.4574e-04
  clickFreq=   622.43695 grad= -9.0740e-04
  clickAmp=     0.43206 grad=  2.5611e-04
  clickDecay=  -460.54477 grad=  8.5953e-05
  noiseCutoff=  8000.00000 grad= -5.7732e-02
  noiseAmp=     0.00348 grad= -1.4591e+00
  noiseDecay=   -20.00000 grad=  2.5067e-01
  drive=     4.00000 grad= -1.0340e-02
  outGain=     0.17549 grad= -4.5604e-02
  bodyAsymmetry=    -0.04866 grad=  1.7912e-03
  bodyHarmonic=    -0.69950 grad=  8.5927e-04
epoch=530 loss=1.725317
  fStart=   331.22687 grad= -2.7607e-02
  fEnd=    46.97668 grad= -8.8419e-03
  pitchDecay=   -64.98756 grad=  2.3624e-02
  bodyAmp=     1.00000 grad= -3.6057e-02
  ampDecay=   -14.01489 grad=  2.6994e-04
  clickFreq=   622.48657 grad= -3.9406e-04
  clickAmp=     0.43204 grad= -1.3840e-04
  clickDecay=  -460.52106 grad=  2.2322e-04
  noiseCutoff=  8000.00000 grad= -5.9400e-02
  noiseAmp=     0.00347 grad= -1.8792e+00
  noiseDecay=   -20.00000 grad=  2.5245e-01
  drive=     4.00000 grad= -1.0660e-02
  outGain=     0.17547 grad= -5.5134e-02
  bodyAsymmetry=    -0.04868 grad=  1.8367e-03
  bodyHarmonic=    -0.69943 grad=  9.5106e-04
epoch=540 loss=1.725517
  fStart=   331.22766 grad=  4.6086e-02
  fEnd=    46.97666 grad=  2.7891e-02
  pitchDecay=   -64.98693 grad= -2.7724e-02
  bodyAmp=     1.00000 grad= -4.3189e-02
  ampDecay=   -14.01556 grad= -2.3654e-04
  clickFreq=   622.48535 grad=  2.2487e-04
  clickAmp=     0.43204 grad= -1.9572e-04
  clickDecay=  -460.43079 grad= -1.8997e-04
  noiseCutoff=  8000.00000 grad= -3.5986e-02
  noiseAmp=     0.00364 grad=  3.9222e+00
  noiseDecay=   -20.00000 grad=  2.2239e-01
  drive=     4.00000 grad= -7.2486e-03
  outGain=     0.17558 grad=  7.0228e-02
  bodyAsymmetry=    -0.04869 grad= -5.4954e-03
  bodyHarmonic=    -0.69951 grad= -1.3499e-03
epoch=550 loss=1.725327
  fStart=   331.22574 grad= -1.7564e-02
  fEnd=    46.97678 grad= -3.6190e-03
  pitchDecay=   -64.98678 grad=  1.4173e-02
  bodyAmp=     1.00000 grad= -3.6558e-02
  ampDecay=   -14.01612 grad=  2.3460e-04
  clickFreq=   622.46637 grad= -4.2101e-04
  clickAmp=     0.43202 grad= -1.0233e-04
  clickDecay=  -460.68842 grad=  2.0922e-04
  noiseCutoff=  8000.00000 grad= -5.7228e-02
  noiseAmp=     0.00348 grad= -1.3211e+00
  noiseDecay=   -20.00000 grad=  2.4991e-01
  drive=     4.00000 grad= -1.0301e-02
  outGain=     0.17555 grad= -4.2977e-02
  bodyAsymmetry=    -0.04867 grad=  3.2028e-04
  bodyHarmonic=    -0.69951 grad=  7.4620e-04
epoch=560 loss=1.725345
  fStart=   331.22543 grad= -3.6006e-03
  fEnd=    46.97680 grad=  3.2500e-03
  pitchDecay=   -64.98647 grad=  3.9275e-03
  bodyAmp=     1.00000 grad= -3.5140e-02
  ampDecay=   -14.01695 grad=  3.1764e-04
  clickFreq=   622.54327 grad=  1.4856e-03
  clickAmp=     0.43195 grad=  4.4797e-04
  clickDecay=  -460.79321 grad=  5.5603e-05
  noiseCutoff=  8000.00000 grad= -5.9278e-02
  noiseAmp=     0.00347 grad= -1.8249e+00
  noiseDecay=   -20.00000 grad=  2.5220e-01
  drive=     4.00000 grad= -1.0318e-02
  outGain=     0.17584 grad= -4.7050e-02
  bodyAsymmetry=    -0.04868 grad=  8.9911e-04
  bodyHarmonic=    -0.69960 grad=  1.2383e-03
epoch=570 loss=1.725423
  fStart=   331.22464 grad=  2.1548e-03
  fEnd=    46.97667 grad=  5.7110e-03
  pitchDecay=   -64.98622 grad=  2.3272e-03
  bodyAmp=     1.00000 grad= -4.0438e-02
  ampDecay=   -14.01818 grad=  2.8310e-05
  clickFreq=   622.46075 grad=  4.2263e-04
  clickAmp=     0.43176 grad=  5.6445e-04
  clickDecay=  -461.09344 grad= -1.5626e-04
  noiseCutoff=  8000.00000 grad= -4.1314e-02
  noiseAmp=     0.00359 grad=  2.8016e+00
  noiseDecay=   -20.00000 grad=  2.2948e-01
  drive=     4.00000 grad= -7.5343e-03
  outGain=     0.17620 grad=  5.4184e-02
  bodyAsymmetry=    -0.04868 grad=  1.5242e-03
  bodyHarmonic=    -0.69985 grad= -1.0299e-03
epoch=580 loss=1.725301
  fStart=   331.22433 grad= -6.6841e-03
  fEnd=    46.97655 grad= -5.4138e-02
  pitchDecay=   -64.98591 grad=  1.0747e-02
  bodyAmp=     1.00000 grad= -3.5578e-02
  ampDecay=   -14.01978 grad=  3.6129e-04
  clickFreq=   622.43695 grad=  2.6071e-05
  clickAmp=     0.43152 grad=  2.4540e-04
  clickDecay=  -461.32391 grad=  1.3632e-04
  noiseCutoff=  8000.00000 grad= -5.5965e-02
  noiseAmp=     0.00348 grad= -9.5736e-01
  noiseDecay=   -20.00000 grad=  2.4835e-01
  drive=     4.00000 grad= -9.7002e-03
  outGain=     0.17628 grad= -2.4676e-02
  bodyAsymmetry=    -0.04867 grad= -6.4637e-04
  bodyHarmonic=    -0.70002 grad=  6.3925e-04
epoch=590 loss=1.725376
  fStart=   331.22403 grad=  1.7273e-03
  fEnd=    46.97662 grad=  8.6637e-03
  pitchDecay=   -64.98560 grad=  5.3398e-04
  bodyAmp=     1.00000 grad= -3.5397e-02
  ampDecay=   -14.02166 grad=  3.8508e-04
  clickFreq=   622.44324 grad= -5.0281e-04
  clickAmp=     0.43131 grad=  5.6669e-04
  clickDecay=  -460.96045 grad=  1.3091e-05
  noiseCutoff=  8000.00000 grad= -5.8684e-02
  noiseAmp=     0.00346 grad= -1.6079e+00
  noiseDecay=   -20.00000 grad=  2.5117e-01
  drive=     4.00000 grad= -1.0180e-02
  outGain=     0.17636 grad= -3.7683e-02
  bodyAsymmetry=    -0.04865 grad= -8.7282e-04
  bodyHarmonic=    -0.70017 grad=  5.7495e-04
epoch=599 loss=1.725295
  fStart=   331.22275 grad=  6.3844e-03
  fEnd=    46.97659 grad=  9.1246e-03
  pitchDecay=   -64.98547 grad=  1.5461e-03
  bodyAmp=     1.00000 grad= -3.8950e-02
  ampDecay=   -14.02351 grad=  1.4645e-04
  clickFreq=   622.45239 grad=  1.0036e-03
  clickAmp=     0.43104 grad=  1.5267e-04
  clickDecay=  -461.05188 grad= -2.3334e-05
  noiseCutoff=  8000.00000 grad= -4.6064e-02
  noiseAmp=     0.00355 grad=  1.6674e+00
  noiseDecay=   -20.00000 grad=  2.3588e-01
  drive=     4.00000 grad= -8.2417e-03
  outGain=     0.17648 grad=  3.0739e-02
  bodyAsymmetry=    -0.04863 grad= -3.6337e-03
  bodyHarmonic=    -0.70023 grad= -6.5113e-04
refine epoch=0 loss=1.725267
refine epoch=10 loss=1.725301
refine epoch=20 loss=1.725323
refine epoch=30 loss=1.725331
refine epoch=40 loss=1.725322
refine epoch=50 loss=1.725279
refine epoch=60 loss=1.725331
refine epoch=70 loss=1.725312
refine epoch=80 loss=1.725308
refine epoch=90 loss=1.725327
refine epoch=100 loss=1.725363
refine epoch=110 loss=1.725388
refine epoch=120 loss=1.725279
refine epoch=130 loss=1.725312
refine epoch=140 loss=1.725333
refine epoch=150 loss=1.725299
refine epoch=160 loss=1.725350
refine epoch=170 loss=1.725326
refine epoch=180 loss=1.725273
refine epoch=190 loss=1.725322
refine epoch=200 loss=1.725326
refine epoch=210 loss=1.725358
refine epoch=220 loss=1.725259
refine epoch=230 loss=1.725279
refine epoch=240 loss=1.725362
refine epoch=250 loss=1.725350
refine epoch=260 loss=1.725350
refine epoch=270 loss=1.725358
refine epoch=280 loss=1.725350
refine epoch=290 loss=1.725350
epoch=0 loss=2.524523
  fStart=   242.09064 grad=  5.4890e-02
  fEnd=    47.40552 grad= -2.0915e-01
  pitchDecay=   -67.81052 grad= -2.4378e-02
  bodyAmp=     0.48422 grad=  7.7889e-02
  ampDecay=   -24.46040 grad= -1.9661e-02
  clickFreq=   814.71661 grad= -9.7738e-03
  clickAmp=     0.12972 grad= -7.9190e-04
  clickDecay=  -253.88960 grad=  1.4630e-03
  noiseCutoff=  5274.28613 grad=  1.9361e-02
  noiseAmp=     0.01358 grad=  1.6309e+00
  noiseDecay=   -88.89571 grad=  8.6611e-02
  drive=     1.81097 grad=  3.2996e-02
  outGain=     0.78850 grad=  1.0579e-01
  bodyAsymmetry=    -0.39663 grad= -3.8059e-01
  bodyHarmonic=     0.16379 grad= -5.6332e-02
epoch=10 loss=2.406857
  fStart=   241.40613 grad=  1.3834e+00
  fEnd=    47.46782 grad=  1.9206e+00
  pitchDecay=   -67.94769 grad= -1.0876e+00
  bodyAmp=     0.28428 grad= -4.4950e-01
  ampDecay=   -24.16176 grad= -1.7710e-02
  clickFreq=   834.38947 grad=  2.5221e-01
  clickAmp=     0.35797 grad=  2.8873e-01
  clickDecay=  -226.57881 grad=  2.7097e-03
  noiseCutoff=  5308.15039 grad= -1.3096e-01
  noiseAmp=     0.00301 grad= -3.1506e+01
  noiseDecay=   -68.21220 grad=  2.3583e-01
  drive=     1.78630 grad= -6.6702e-02
  outGain=     0.68928 grad= -1.7488e-01
  bodyAsymmetry=    -0.10751 grad=  5.2934e-01
  bodyHarmonic=     0.45595 grad= -1.6436e-02
epoch=20 loss=2.248847
  fStart=   240.56487 grad=  9.8231e-01
  fEnd=    47.44286 grad=  5.8387e-01
  pitchDecay=   -68.11546 grad= -6.7484e-01
  bodyAmp=     0.51235 grad= -1.4667e-01
  ampDecay=   -23.86340 grad= -2.0015e-02
  clickFreq=   778.73810 grad= -8.3536e-03
  clickAmp=     0.17060 grad=  1.3149e-01
  clickDecay=  -230.61543 grad=  7.6589e-03
  noiseCutoff=  5308.80322 grad= -1.3212e-01
  noiseAmp=     0.00286 grad= -3.2447e+01
  noiseDecay=   -52.82024 grad=  2.6086e-01
  drive=     1.81610 grad= -8.0160e-02
  outGain=     0.73604 grad= -2.0003e-01
  bodyAsymmetry=    -0.07122 grad=  4.1881e-01
  bodyHarmonic=     0.67911 grad= -3.8749e-04
epoch=30 loss=2.156287
  fStart=   239.25867 grad= -4.0602e-01
  fEnd=    47.38469 grad= -6.5848e-01
  pitchDecay=   -68.38835 grad=  3.5075e-01
  bodyAmp=     0.70717 grad= -8.3688e-02
  ampDecay=   -23.55580 grad= -2.0986e-02
  clickFreq=   763.69012 grad= -6.0864e-03
  clickAmp=     0.02636 grad= -4.4277e-02
  clickDecay=  -196.88597 grad=  1.1587e-03
  noiseCutoff=  5281.89697 grad=  1.4363e-01
  noiseAmp=     0.00746 grad=  1.5343e+01
  noiseDecay=   -42.02773 grad=  1.1721e-02
  drive=     1.86163 grad=  2.9108e-02
  outGain=     0.81141 grad=  1.3636e-01
  bodyAsymmetry=    -0.04153 grad= -7.5902e-01
  bodyHarmonic=     0.81247 grad= -3.9706e-03
epoch=40 loss=2.455307
  fStart=   238.21080 grad= -4.5469e-02
  fEnd=    47.33926 grad= -3.5721e-01
  pitchDecay=   -68.59673 grad=  1.1951e-01
  bodyAmp=     0.85620 grad= -4.6038e-02
  ampDecay=   -23.24460 grad= -2.1415e-02
  clickFreq=   764.39038 grad=  0.0000e+00
  clickAmp=     0.00000 grad=  1.3617e-01
  clickDecay=  -177.70659 grad=  0.0000e+00
  noiseCutoff=  5148.83105 grad=  0.0000e+00
  noiseAmp=     0.00000 grad= -3.4435e+00
  noiseDecay=   -36.38571 grad=  0.0000e+00
  drive=     1.88805 grad= -2.0877e-02
  outGain=     0.80271 grad= -1.2769e-02
  bodyAsymmetry=    -0.03659 grad=  4.6737e-01
  bodyHarmonic=     0.83858 grad=  1.2433e-02
epoch=50 loss=2.277315
  fStart=   238.16843 grad=  9.4200e-01
  fEnd=    47.48690 grad=  2.3025e+00
  pitchDecay=   -68.50392 grad= -6.7915e-01
  bodyAmp=     0.94103 grad=  3.6901e-02
  ampDecay=   -22.94006 grad= -1.8947e-02
  clickFreq=   764.66669 grad=  0.0000e+00
  clickAmp=     0.00000 grad=  7.2011e-02
  clickDecay=  -170.75873 grad=  0.0000e+00
  noiseCutoff=  5076.60107 grad= -1.6634e-01
  noiseAmp=     0.00054 grad= -2.4243e+02
  noiseDecay=   -31.98166 grad=  2.4398e-01
  drive=     1.90364 grad= -5.0633e-02
  outGain=     0.75681 grad= -1.4952e-01
  bodyAsymmetry=    -0.03901 grad= -1.2393e-01
  bodyHarmonic=     0.75126 grad=  1.2377e-02
epoch=60 loss=2.202708
  fStart=   237.69510 grad=  3.3460e-02
  fEnd=    47.58390 grad= -1.7713e-01
  pitchDecay=   -68.55333 grad=  5.2029e-02
  bodyAmp=     0.96667 grad= -1.0237e-04
  ampDecay=   -22.64767 grad= -1.9038e-02
  clickFreq=   764.77246 grad=  0.0000e+00
  clickAmp=     0.00000 grad=  5.7101e-03
  clickDecay=  -168.17719 grad=  0.0000e+00
  noiseCutoff=  5021.80371 grad= -2.0771e-01
  noiseAmp=     0.00070 grad= -2.3661e+02
  noiseDecay=   -26.19744 grad=  3.1879e-01
  drive=     1.88972 grad= -8.7860e-02
  outGain=     0.64015 grad= -2.9249e-01
  bodyAsymmetry=    -0.03983 grad= -5.0459e-02
  bodyHarmonic=     0.57867 grad= -4.6212e-03
epoch=70 loss=2.156073
  fStart=   237.18515 grad=  1.2589e-01
  fEnd=    47.67801 grad= -1.1840e-01
  pitchDecay=   -68.59332 grad= -4.8365e-02
  bodyAmp=     1.00000 grad= -3.6133e-02
  ampDecay=   -22.35842 grad= -1.9316e-02
  clickFreq=   764.81183 grad=  0.0000e+00
  clickAmp=     0.00000 grad= -5.3219e-02
  clickDecay=  -167.21530 grad=  0.0000e+00
  noiseCutoff=  4916.25977 grad= -2.3425e-01
  noiseAmp=     0.00078 grad= -2.4393e+02
  noiseDecay=   -21.69876 grad=  3.6760e-01
  drive=     1.87993 grad= -1.2062e-01
  outGain=     0.53961 grad= -4.5778e-01
  bodyAsymmetry=    -0.04021 grad= -1.5929e-01
  bodyHarmonic=     0.50571 grad= -2.2860e-02
epoch=80 loss=2.144112
  fStart=   236.67776 grad=  1.5013e-01
  fEnd=    47.69021 grad=  3.9014e-01
  pitchDecay=   -68.65101 grad= -1.2891e-01
  bodyAmp=     1.00000 grad= -4.8415e-02
  ampDecay=   -22.07018 grad= -1.9441e-02
  clickFreq=   764.73419 grad=  6.3806e-04
  clickAmp=     0.02202 grad= -4.4423e-02
  clickDecay=  -166.48764 grad=  1.1036e-03
  noiseCutoff=  4770.65381 grad= -2.4524e-01
  noiseAmp=     0.00084 grad= -2.4114e+02
  noiseDecay=   -20.00000 grad=  3.8390e-01
  drive=     1.87987 grad= -1.3340e-01
  outGain=     0.47640 grad= -5.7388e-01
  bodyAsymmetry=    -0.04326 grad=  2.5303e-02
  bodyHarmonic=     0.58200 grad= -1.9964e-02
epoch=90 loss=2.133975
  fStart=   236.50922 grad= -6.9812e-01
  fEnd=    47.70922 grad= -1.1644e+00
  pitchDecay=   -68.64875 grad=  5.2896e-01
  bodyAmp=     1.00000 grad= -3.2546e-02
  ampDecay=   -21.78366 grad= -1.9422e-02
  clickFreq=   764.89862 grad= -8.7983e-02
  clickAmp=     0.08468 grad= -1.0828e-02
  clickDecay=  -154.27988 grad=  6.5089e-03
  noiseCutoff=  4657.76953 grad= -2.4671e-01
  noiseAmp=     0.00088 grad= -2.2742e+02
  noiseDecay=   -20.00000 grad=  3.8485e-01
  drive=     1.89370 grad= -1.2349e-01
  outGain=     0.46548 grad= -5.4282e-01
  bodyAsymmetry=    -0.05017 grad=  3.7270e-02
  bodyHarmonic=     0.70873 grad= -9.0277e-03
epoch=100 loss=2.117382
  fStart=   237.23526 grad= -8.4224e-01
  fEnd=    47.91201 grad= -2.6233e+00
  pitchDecay=   -68.44333 grad=  6.9466e-01
  bodyAmp=     1.00000 grad= -1.2543e-02
  ampDecay=   -21.50134 grad= -1.8947e-02
  clickFreq=   780.98718 grad= -1.9272e-02
  clickAmp=     0.11366 grad= -1.7012e-02
  clickDecay=  -150.00002 grad=  1.1501e-02
  noiseCutoff=  4593.08545 grad= -2.4882e-01
  noiseAmp=     0.00093 grad= -2.1566e+02
  noiseDecay=   -20.00000 grad=  3.8957e-01
  drive=     1.91114 grad= -1.1209e-01
  outGain=     0.46750 grad= -5.0264e-01
  bodyAsymmetry=    -0.05452 grad= -1.3547e-01
  bodyHarmonic=     0.76917 grad= -3.2873e-03
epoch=110 loss=2.105892
  fStart=   237.50261 grad= -1.0607e-01
  fEnd=    47.99115 grad= -2.8889e-01
  pitchDecay=   -68.34366 grad=  9.0297e-02
  bodyAmp=     1.00000 grad= -1.2680e-02
  ampDecay=   -21.22563 grad= -1.8723e-02
  clickFreq=   780.54224 grad=  6.7613e-02
  clickAmp=     0.10662 grad= -1.5248e-02
  clickDecay=  -150.00002 grad=  1.2035e-02
  noiseCutoff=  4557.54150 grad= -2.5076e-01
  noiseAmp=     0.00097 grad= -2.0618e+02
  noiseDecay=   -20.00000 grad=  3.9396e-01
  drive=     1.92560 grad= -1.1157e-01
  outGain=     0.46175 grad= -5.1382e-01
  bodyAsymmetry=    -0.05319 grad=  1.7650e-02
  bodyHarmonic=     0.76471 grad= -1.0443e-03
epoch=120 loss=2.090028
  fStart=   237.03806 grad= -6.0350e-02
  fEnd=    47.96139 grad= -3.8692e-01
  pitchDecay=   -68.43393 grad=  2.0051e-02
  bodyAmp=     1.00000 grad= -1.4925e-02
  ampDecay=   -20.95605 grad= -1.8706e-02
  clickFreq=   776.02100 grad=  8.5214e-02
  clickAmp=     0.09417 grad= -2.2881e-02
  clickDecay=  -150.00002 grad=  9.1550e-03
  noiseCutoff=  4543.58936 grad= -2.5255e-01
  noiseAmp=     0.00102 grad= -1.9651e+02
  noiseDecay=   -20.00000 grad=  4.0010e-01
  drive=     1.94136 grad= -1.1218e-01
  outGain=     0.46089 grad= -5.1693e-01
  bodyAsymmetry=    -0.05190 grad= -4.5151e-02
  bodyHarmonic=     0.74501 grad= -4.2143e-03
epoch=130 loss=2.072243
  fStart=   236.21213 grad= -2.9599e-01
  fEnd=    47.87288 grad= -4.9349e-01
  pitchDecay=   -68.64152 grad=  1.9880e-01
  bodyAmp=     1.00000 grad= -1.2673e-02
  ampDecay=   -20.69213 grad= -1.8433e-02
  clickFreq=   769.09210 grad= -9.1427e-02
  clickAmp=     0.08949 grad= -1.8560e-02
  clickDecay=  -150.00002 grad=  8.8868e-03
  noiseCutoff=  4540.15869 grad= -2.5411e-01
  noiseAmp=     0.00107 grad= -1.8744e+02
  noiseDecay=   -20.00000 grad=  4.0732e-01
  drive=     1.95834 grad= -1.1000e-01
  outGain=     0.46375 grad= -5.0730e-01
  bodyAsymmetry=    -0.05083 grad= -4.7899e-02
  bodyHarmonic=     0.72480 grad= -5.2291e-03
epoch=140 loss=2.056193
  fStart=   236.10245 grad= -2.6002e-01
  fEnd=    47.87423 grad= -1.8896e-01
  pitchDecay=   -68.68604 grad=  1.7248e-01
  bodyAmp=     1.00000 grad= -9.3451e-03
  ampDecay=   -20.43431 grad= -1.7984e-02
  clickFreq=   768.55872 grad= -7.4134e-02
  clickAmp=     0.08228 grad= -7.8557e-03
  clickDecay=  -150.00002 grad=  6.2912e-03
  noiseCutoff=  4539.36182 grad= -2.5480e-01
  noiseAmp=     0.00113 grad= -1.7803e+02
  noiseDecay=   -20.00000 grad=  4.1303e-01
  drive=     1.97481 grad= -1.0664e-01
  outGain=     0.46401 grad= -4.9822e-01
  bodyAsymmetry=    -0.04997 grad= -4.9069e-02
  bodyHarmonic=     0.70910 grad= -5.5545e-03
epoch=150 loss=2.040983
  fStart=   236.21912 grad= -1.4812e+00
  fEnd=    47.90763 grad= -3.2797e+00
  pitchDecay=   -68.71320 grad=  1.0884e+00
  bodyAmp=     1.00000 grad= -6.2454e-03
  ampDecay=   -20.18477 grad= -1.7675e-02
  clickFreq=   770.86145 grad=  1.6968e-02
  clickAmp=     0.07632 grad= -2.2793e-02
  clickDecay=  -150.00002 grad=  7.3625e-03
  noiseCutoff=  4540.83008 grad= -2.5416e-01
  noiseAmp=     0.00118 grad= -1.6833e+02
  noiseDecay=   -20.00000 grad=  4.1673e-01
  drive=     1.99034 grad= -1.0410e-01
  outGain=     0.46199 grad= -4.9390e-01
  bodyAsymmetry=    -0.04919 grad= -2.9286e-02
  bodyHarmonic=     0.69528 grad= -4.0116e-03
epoch=160 loss=2.026647
  fStart=   236.41812 grad=  2.0696e-01
  fEnd=    47.89365 grad=  4.6099e-01
  pitchDecay=   -68.67435 grad= -2.2080e-01
  bodyAmp=     1.00000 grad= -4.2219e-03
  ampDecay=   -19.94223 grad= -1.7282e-02
  clickFreq=   771.39276 grad= -2.0512e-02
  clickAmp=     0.08349 grad= -1.5961e-02
  clickDecay=  -150.00002 grad=  7.3552e-03
  noiseCutoff=  4546.38916 grad= -2.5423e-01
  noiseAmp=     0.00124 grad= -1.5875e+02
  noiseDecay=   -20.00000 grad=  4.1954e-01
  drive=     2.00525 grad= -1.0115e-01
  outGain=     0.45845 grad= -4.8776e-01
  bodyAsymmetry=    -0.04942 grad= -1.4099e-03
  bodyHarmonic=     0.67318 grad= -2.8657e-03
epoch=170 loss=2.012763
  fStart=   236.53720 grad= -1.4369e-01
  fEnd=    47.91530 grad= -9.4351e-02
  pitchDecay=   -68.66744 grad=  1.0907e-01
  bodyAmp=     1.00000 grad= -1.5535e-03
  ampDecay=   -19.70635 grad= -1.7007e-02
  clickFreq=   772.65765 grad= -4.2064e-02
  clickAmp=     0.09015 grad= -1.9965e-02
  clickDecay=  -150.00002 grad=  1.0449e-02
  noiseCutoff=  4557.10254 grad= -2.5387e-01
  noiseAmp=     0.00130 grad= -1.4980e+02
  noiseDecay=   -20.00000 grad=  4.2162e-01
  drive=     2.01996 grad= -9.8394e-02
  outGain=     0.45407 grad= -4.8453e-01
  bodyAsymmetry=    -0.04958 grad=  5.6073e-02
  bodyHarmonic=     0.64862 grad= -1.0737e-03
epoch=180 loss=1.999311
  fStart=   236.52118 grad= -2.5494e-01
  fEnd=    47.92369 grad=  1.7960e-01
  pitchDecay=   -68.69630 grad=  1.3168e-01
  bodyAmp=     1.00000 grad= -8.8159e-04
  ampDecay=   -19.47758 grad= -1.6826e-02
  clickFreq=   772.80060 grad=  4.0488e-02
  clickAmp=     0.10142 grad= -1.5652e-02
  clickDecay=  -150.00002 grad=  1.0196e-02
  noiseCutoff=  4573.44238 grad= -2.5237e-01
  noiseAmp=     0.00137 grad= -1.4082e+02
  noiseDecay=   -20.00000 grad=  4.2288e-01
  drive=     2.03455 grad= -9.5935e-02
  outGain=     0.44975 grad= -4.7702e-01
  bodyAsymmetry=    -0.05033 grad= -1.5846e-02
  bodyHarmonic=     0.61879 grad= -3.3091e-03
epoch=190 loss=1.986565
  fStart=   236.40887 grad= -5.0450e-01
  fEnd=    47.86293 grad= -2.8493e-01
  pitchDecay=   -68.75479 grad=  3.1317e-01
  bodyAmp=     1.00000 grad=  2.8501e-03
  ampDecay=   -19.25575 grad= -1.6534e-02
  clickFreq=   773.11798 grad=  1.0326e-01
  clickAmp=     0.10893 grad= -2.5132e-02
  clickDecay=  -150.00002 grad=  1.1915e-02
  noiseCutoff=  4594.53076 grad= -2.5089e-01
  noiseAmp=     0.00143 grad= -1.3276e+02
  noiseDecay=   -20.00000 grad=  4.2548e-01
  drive=     2.04927 grad= -9.2899e-02
  outGain=     0.44526 grad= -4.7178e-01
  bodyAsymmetry=    -0.05075 grad= -5.0995e-02
  bodyHarmonic=     0.59674 grad= -2.1310e-03
epoch=200 loss=1.973707
  fStart=   236.74763 grad=  9.0740e-02
  fEnd=    47.83925 grad=  2.7712e-01
  pitchDecay=   -68.69332 grad= -8.7325e-02
  bodyAmp=     1.00000 grad= -4.5512e-04
  ampDecay=   -19.04128 grad= -1.6285e-02
  clickFreq=   771.84717 grad= -5.8819e-02
  clickAmp=     0.11783 grad= -2.4262e-03
  clickDecay=  -150.00002 grad=  9.3169e-03
  noiseCutoff=  4619.68896 grad= -2.5038e-01
  noiseAmp=     0.00150 grad= -1.2538e+02
  noiseDecay=   -20.00000 grad=  4.2689e-01
  drive=     2.06371 grad= -9.1689e-02
  outGain=     0.43999 grad= -4.6707e-01
  bodyAsymmetry=    -0.05119 grad= -1.1540e-02
  bodyHarmonic=     0.57708 grad= -4.8440e-03
epoch=210 loss=1.961431
  fStart=   236.86157 grad= -5.0107e-02
  fEnd=    47.82785 grad= -3.0494e-01
  pitchDecay=   -68.69801 grad=  1.2740e-02
  bodyAmp=     1.00000 grad=  9.1464e-04
  ampDecay=   -18.83448 grad= -1.5869e-02
  clickFreq=   772.46796 grad= -3.8208e-02
  clickAmp=     0.11407 grad= -1.0272e-02
  clickDecay=  -150.00002 grad=  9.8013e-03
  noiseCutoff=  4649.12891 grad= -2.4775e-01
  noiseAmp=     0.00157 grad= -1.1765e+02
  noiseDecay=   -20.00000 grad=  4.2720e-01
  drive=     2.07832 grad= -8.9198e-02
  outGain=     0.43446 grad= -4.6335e-01
  bodyAsymmetry=    -0.05091 grad= -1.1773e-02
  bodyHarmonic=     0.57493 grad= -4.1381e-03
epoch=220 loss=1.949287
  fStart=   236.79890 grad= -1.2289e-02
  fEnd=    47.84235 grad=  1.4047e-01
  pitchDecay=   -68.74529 grad= -2.6530e-02
  bodyAmp=     1.00000 grad=  4.1995e-04
  ampDecay=   -18.63600 grad= -1.5641e-02
  clickFreq=   772.41193 grad= -1.2660e-02
  clickAmp=     0.11483 grad= -1.2032e-02
  clickDecay=  -150.00002 grad=  1.0104e-02
  noiseCutoff=  4682.36719 grad= -2.4382e-01
  noiseAmp=     0.00165 grad= -1.0999e+02
  noiseDecay=   -20.00000 grad=  4.2632e-01
  drive=     2.09299 grad= -8.6937e-02
  outGain=     0.42941 grad= -4.5796e-01
  bodyAsymmetry=    -0.05101 grad= -1.0742e-02
  bodyHarmonic=     0.57686 grad= -3.9892e-03
epoch=230 loss=1.938013
  fStart=   236.77766 grad= -8.2711e-02
  fEnd=    47.84796 grad=  1.3403e-01
  pitchDecay=   -68.77378 grad=  2.2300e-02
  bodyAmp=     1.00000 grad=  9.4013e-04
  ampDecay=   -18.44580 grad= -1.5316e-02
  clickFreq=   772.88574 grad=  8.1375e-03
  clickAmp=     0.11989 grad= -9.0943e-03
  clickDecay=  -150.00002 grad=  1.0550e-02
  noiseCutoff=  4718.57373 grad= -2.3959e-01
  noiseAmp=     0.00172 grad= -1.0264e+02
  noiseDecay=   -20.00000 grad=  4.2480e-01
  drive=     2.10746 grad= -8.3800e-02
  outGain=     0.42392 grad= -4.4858e-01
  bodyAsymmetry=    -0.05140 grad=  1.7722e-02
  bodyHarmonic=     0.57589 grad= -2.6691e-03
epoch=240 loss=1.927505
  fStart=   236.84181 grad= -3.9530e-02
  fEnd=    47.84321 grad=  4.2006e-02
  pitchDecay=   -68.77873 grad=  4.4105e-03
  bodyAmp=     1.00000 grad= -1.5763e-04
  ampDecay=   -18.26403 grad= -1.4981e-02
  clickFreq=   772.31140 grad= -3.3212e-02
  clickAmp=     0.12228 grad= -4.2930e-03
  clickDecay=  -150.00002 grad=  9.9027e-03
  noiseCutoff=  4757.31494 grad= -2.3583e-01
  noiseAmp=     0.00179 grad= -9.6020e+01
  noiseDecay=   -20.00000 grad=  4.2358e-01
  drive=     2.12160 grad= -8.1525e-02
  outGain=     0.41745 grad= -4.4368e-01
  bodyAsymmetry=    -0.05150 grad=  5.4893e-02
  bodyHarmonic=     0.57068 grad= -2.1087e-03
epoch=250 loss=1.917408
  fStart=   236.87794 grad= -7.2091e-02
  fEnd=    47.84085 grad= -4.8149e-02
  pitchDecay=   -68.78736 grad=  2.4177e-02
  bodyAmp=     1.00000 grad= -1.6423e-04
  ampDecay=   -18.09063 grad= -1.4616e-02
  clickFreq=   773.00439 grad=  3.0665e-03
  clickAmp=     0.12408 grad= -8.3648e-03
  clickDecay=  -150.00002 grad=  9.9658e-03
  noiseCutoff=  4798.74854 grad= -2.3233e-01
  noiseAmp=     0.00187 grad= -8.9880e+01
  noiseDecay=   -20.00000 grad=  4.2182e-01
  drive=     2.13579 grad= -7.9274e-02
  outGain=     0.41123 grad= -4.3825e-01
  bodyAsymmetry=    -0.05170 grad=  3.5097e-02
  bodyHarmonic=     0.56649 grad= -1.9269e-03
epoch=260 loss=1.907586
  fStart=   236.90031 grad= -1.0567e-02
  fEnd=    47.84311 grad=  1.0172e-01
  pitchDecay=   -68.79969 grad= -1.7120e-02
  bodyAmp=     1.00000 grad=  1.0096e-03
  ampDecay=   -17.92565 grad= -1.4222e-02
  clickFreq=   773.07080 grad= -7.8434e-03
  clickAmp=     0.12834 grad= -1.0182e-02
  clickDecay=  -150.00002 grad=  9.5936e-03
  noiseCutoff=  4842.54688 grad= -2.2930e-01
  noiseAmp=     0.00195 grad= -8.4437e+01
  noiseDecay=   -20.00000 grad=  4.2156e-01
  drive=     2.15005 grad= -7.6622e-02
  outGain=     0.40545 grad= -4.2998e-01
  bodyAsymmetry=    -0.05223 grad= -1.3674e-02
  bodyHarmonic=     0.56327 grad= -2.2183e-03
epoch=270 loss=1.898169
  fStart=   236.93443 grad= -4.5105e-02
  fEnd=    47.84127 grad=  6.2692e-03
  pitchDecay=   -68.81114 grad=  5.6750e-03
  bodyAmp=     1.00000 grad= -6.5650e-04
  ampDecay=   -17.76900 grad= -1.3936e-02
  clickFreq=   773.49884 grad=  1.6163e-02
  clickAmp=     0.13242 grad= -7.0081e-03
  clickDecay=  -150.00002 grad=  9.0488e-03
  noiseCutoff=  4888.37646 grad= -2.2361e-01
  noiseAmp=     0.00203 grad= -7.8346e+01
  noiseDecay=   -20.00000 grad=  4.1696e-01
  drive=     2.16427 grad= -7.4050e-02
  outGain=     0.39979 grad= -4.1857e-01
  bodyAsymmetry=    -0.05265 grad= -2.1968e-02
  bodyHarmonic=     0.56040 grad= -2.5262e-03
epoch=280 loss=1.889416
  fStart=   237.00325 grad=  1.7509e-02
  fEnd=    47.83877 grad=  5.6008e-02
  pitchDecay=   -68.81800 grad= -2.7759e-02
  bodyAmp=     1.00000 grad= -2.7912e-03
  ampDecay=   -17.62044 grad= -1.3684e-02
  clickFreq=   773.57520 grad=  2.9862e-03
  clickAmp=     0.13609 grad= -9.1124e-04
  clickDecay=  -150.00002 grad=  7.7294e-03
  noiseCutoff=  4935.87793 grad= -2.2025e-01
  noiseAmp=     0.00210 grad= -7.3361e+01
  noiseDecay=   -20.00000 grad=  4.1504e-01
  drive=     2.17832 grad= -7.2192e-02
  outGain=     0.39409 grad= -4.1193e-01
  bodyAsymmetry=    -0.05286 grad=  3.1819e-03
  bodyHarmonic=     0.55733 grad= -2.5170e-03
epoch=290 loss=1.881237
  fStart=   237.05841 grad=  1.0874e-02
  fEnd=    47.83817 grad=  1.2206e-01
  pitchDecay=   -68.83139 grad= -2.8918e-02
  bodyAmp=     1.00000 grad= -2.1472e-03
  ampDecay=   -17.48000 grad= -1.3331e-02
  clickFreq=   774.54077 grad=  9.1032e-03
  clickAmp=     0.13867 grad= -6.9066e-03
  clickDecay=  -150.00002 grad=  8.1694e-03
  noiseCutoff=  4984.89600 grad= -2.1276e-01
  noiseAmp=     0.00218 grad= -6.7612e+01
  noiseDecay=   -20.00000 grad=  4.0806e-01
  drive=     2.19221 grad= -6.8735e-02
  outGain=     0.38822 grad= -3.9887e-01
  bodyAsymmetry=    -0.05322 grad= -1.1095e-02
  bodyHarmonic=     0.55570 grad= -1.7175e-03
epoch=300 loss=1.873588
  fStart=   237.12273 grad=  5.9950e-02
  fEnd=    47.83745 grad=  2.0403e-01
  pitchDecay=   -68.84656 grad= -5.7689e-02
  bodyAmp=     1.00000 grad= -2.4624e-03
  ampDecay=   -17.34781 grad= -1.2961e-02
  clickFreq=   774.81006 grad= -1.2640e-02
  clickAmp=     0.14241 grad= -6.5157e-03
  clickDecay=  -150.00002 grad=  7.3516e-03
  noiseCutoff=  5034.94824 grad= -2.0564e-01
  noiseAmp=     0.00226 grad= -6.2429e+01
  noiseDecay=   -20.00000 grad=  4.0172e-01
  drive=     2.20584 grad= -6.5545e-02
  outGain=     0.38246 grad= -3.8480e-01
  bodyAsymmetry=    -0.05356 grad= -4.3898e-03
  bodyHarmonic=     0.55351 grad= -1.0676e-03
epoch=310 loss=1.866547
  fStart=   237.18153 grad=  6.4469e-02
  fEnd=    47.83371 grad= -4.6060e-02
  pitchDecay=   -68.86389 grad= -4.1185e-02
  bodyAmp=     1.00000 grad= -4.2512e-03
  ampDecay=   -17.22383 grad= -1.2569e-02
  clickFreq=   774.76538 grad= -2.2965e-02
  clickAmp=     0.14570 grad= -7.9162e-03
  clickDecay=  -150.00002 grad=  7.0828e-03
  noiseCutoff=  5085.39600 grad= -2.0046e-01
  noiseAmp=     0.00234 grad= -5.8013e+01
  noiseDecay=   -20.00000 grad=  3.9668e-01
  drive=     2.21920 grad= -6.3620e-02
  outGain=     0.37669 grad= -3.7555e-01
  bodyAsymmetry=    -0.05389 grad= -3.3979e-03
  bodyHarmonic=     0.55122 grad= -6.0882e-04
epoch=320 loss=1.859868
  fStart=   237.17961 grad= -6.3243e-02
  fEnd=    47.83813 grad= -5.1794e-02
  pitchDecay=   -68.89188 grad=  8.6298e-03
  bodyAmp=     1.00000 grad=  2.5167e-03
  ampDecay=   -17.10758 grad= -1.2214e-02
  clickFreq=   781.19202 grad=  3.4809e-03
  clickAmp=     0.15174 grad= -2.2066e-02
  clickDecay=  -150.00002 grad=  1.5030e-02
  noiseCutoff=  5136.09961 grad= -1.9537e-01
  noiseAmp=     0.00242 grad= -5.4077e+01
  noiseDecay=   -20.00000 grad=  3.9193e-01
  drive=     2.23231 grad= -5.8977e-02
  outGain=     0.37125 grad= -3.6362e-01
  bodyAsymmetry=    -0.05457 grad= -2.0939e-02
  bodyHarmonic=     0.54564 grad=  4.3153e-03
epoch=330 loss=1.853860
  fStart=   237.20450 grad= -1.1321e-01
  fEnd=    47.83905 grad= -1.7043e-01
  pitchDecay=   -68.91645 grad=  5.8887e-02
  bodyAmp=     1.00000 grad= -6.2016e-03
  ampDecay=   -16.99839 grad= -1.2363e-02
  clickFreq=   781.59662 grad=  6.2786e-02
  clickAmp=     0.15928 grad= -8.9409e-03
  clickDecay=  -150.00002 grad=  1.1198e-02
  noiseCutoff=  5186.94775 grad= -1.8785e-01
  noiseAmp=     0.00250 grad= -4.9498e+01
  noiseDecay=   -20.00000 grad=  3.8366e-01
  drive=     2.24454 grad= -5.8471e-02
  outGain=     0.36566 grad= -3.5163e-01
  bodyAsymmetry=    -0.05486 grad=  6.8866e-03
  bodyHarmonic=     0.52578 grad=  1.0844e-03
epoch=340 loss=1.847825
  fStart=   237.30881 grad=  3.4205e-02
  fEnd=    47.83344 grad= -6.7255e-02
  pitchDecay=   -68.92027 grad= -4.2999e-02
  bodyAmp=     1.00000 grad= -7.8208e-03
  ampDecay=   -16.89541 grad= -1.2113e-02
  clickFreq=   776.13867 grad= -9.2858e-03
  clickAmp=     0.16375 grad= -1.2273e-02
  clickDecay=  -150.00002 grad=  1.0289e-02
  noiseCutoff=  5237.82471 grad= -1.8028e-01
  noiseAmp=     0.00257 grad= -4.5077e+01
  noiseDecay=   -20.00000 grad=  3.7545e-01
  drive=     2.25667 grad= -5.5788e-02
  outGain=     0.36125 grad= -3.3397e-01
  bodyAsymmetry=    -0.05510 grad=  2.3016e-03
  bodyHarmonic=     0.51508 grad=  8.9632e-04
epoch=350 loss=1.842123
  fStart=   237.32419 grad=  1.2798e-02
  fEnd=    47.83630 grad= -3.6561e-03
  pitchDecay=   -68.94087 grad= -2.7704e-02
  bodyAmp=     1.00000 grad= -9.9124e-03
  ampDecay=   -16.79896 grad= -1.1912e-02
  clickFreq=   777.98315 grad= -3.1433e-02
  clickAmp=     0.16736 grad= -1.3077e-02
  clickDecay=  -150.00002 grad=  1.1955e-02
  noiseCutoff=  5287.84424 grad= -1.7317e-01
  noiseAmp=     0.00265 grad= -4.1233e+01
  noiseDecay=   -20.00000 grad=  3.6810e-01
  drive=     2.26862 grad= -5.3523e-02
  outGain=     0.35743 grad= -3.1745e-01
  bodyAsymmetry=    -0.05550 grad= -6.1447e-03
  bodyHarmonic=     0.51194 grad=  9.5358e-04
epoch=360 loss=1.837267
  fStart=   237.35780 grad=  3.4863e-02
  fEnd=    47.83584 grad= -2.9431e-02
  pitchDecay=   -68.95682 grad= -4.5075e-02
  bodyAmp=     1.00000 grad= -9.1806e-03
  ampDecay=   -16.70902 grad= -1.1701e-02
  clickFreq=   779.32391 grad=  7.2450e-04
  clickAmp=     0.17206 grad= -1.1784e-02
  clickDecay=  -150.00002 grad=  9.8153e-03
  noiseCutoff=  5336.19824 grad= -1.6613e-01
  noiseAmp=     0.00273 grad= -3.7741e+01
  noiseDecay=   -20.00000 grad=  3.6003e-01
  drive=     2.27989 grad= -5.0054e-02
  outGain=     0.35314 grad= -2.9888e-01
  bodyAsymmetry=    -0.05591 grad= -5.4146e-03
  bodyHarmonic=     0.50503 grad=  2.5733e-03
epoch=370 loss=1.832775
  fStart=   237.38724 grad= -4.2474e-02
  fEnd=    47.83697 grad= -9.9421e-04
  pitchDecay=   -68.97319 grad= -4.9639e-03
  bodyAmp=     1.00000 grad= -1.3835e-02
  ampDecay=   -16.62525 grad= -1.1641e-02
  clickFreq=   780.70380 grad=  7.4050e-02
  clickAmp=     0.17671 grad= -1.0417e-02
  clickDecay=  -150.00002 grad=  1.1783e-02
  noiseCutoff=  5383.13037 grad= -1.5784e-01
  noiseAmp=     0.00280 grad= -3.4305e+01
  noiseDecay=   -20.00000 grad=  3.5116e-01
  drive=     2.29068 grad= -4.8790e-02
  outGain=     0.34880 grad= -2.8346e-01
  bodyAsymmetry=    -0.05627 grad= -9.4429e-03
  bodyHarmonic=     0.49727 grad=  1.2217e-03
epoch=380 loss=1.828621
  fStart=   237.42131 grad=  4.1839e-02
  fEnd=    47.83722 grad=  1.8272e-02
  pitchDecay=   -68.98675 grad= -5.1504e-02
  bodyAmp=     1.00000 grad= -1.7379e-02
  ampDecay=   -16.54710 grad= -1.1616e-02
  clickFreq=   780.20105 grad=  3.3991e-02
  clickAmp=     0.18006 grad= -6.3230e-03
  clickDecay=  -150.00002 grad=  9.6446e-03
  noiseCutoff=  5428.80811 grad= -1.4994e-01
  noiseAmp=     0.00287 grad= -3.1214e+01
  noiseDecay=   -20.00000 grad=  3.4360e-01
  drive=     2.30116 grad= -4.7024e-02
  outGain=     0.34500 grad= -2.6893e-01
  bodyAsymmetry=    -0.05650 grad=  6.5265e-03
  bodyHarmonic=     0.49395 grad=  1.1169e-03
epoch=390 loss=1.824869
  fStart=   237.45244 grad=  6.8991e-02
  fEnd=    47.83649 grad= -3.1651e-02
  pitchDecay=   -68.99836 grad= -5.7702e-02
  bodyAmp=     1.00000 grad= -1.8667e-02
  ampDecay=   -16.47437 grad= -1.1588e-02
  clickFreq=   779.88672 grad= -2.5038e-03
  clickAmp=     0.18296 grad= -8.1993e-03
  clickDecay=  -150.00002 grad=  9.3924e-03
  noiseCutoff=  5472.89502 grad= -1.4285e-01
  noiseAmp=     0.00294 grad= -2.8255e+01
  noiseDecay=   -20.00000 grad=  3.3651e-01
  drive=     2.31120 grad= -4.4721e-02
  outGain=     0.34164 grad= -2.5307e-01
  bodyAsymmetry=    -0.05682 grad= -7.3634e-03
  bodyHarmonic=     0.49163 grad=  1.6815e-03
epoch=400 loss=1.821509
  fStart=   237.46796 grad= -6.0971e-03
  fEnd=    47.83791 grad= -7.8638e-02
  pitchDecay=   -69.01096 grad= -1.5406e-02
  bodyAmp=     1.00000 grad= -2.0899e-02
  ampDecay=   -16.40693 grad= -1.1486e-02
  clickFreq=   780.07867 grad=  3.2822e-02
  clickAmp=     0.18575 grad= -4.9288e-03
  clickDecay=  -150.00002 grad=  9.0356e-03
  noiseCutoff=  5515.06201 grad= -1.3751e-01
  noiseAmp=     0.00301 grad= -2.5858e+01
  noiseDecay=   -20.00000 grad=  3.3037e-01
  drive=     2.32071 grad= -4.2976e-02
  outGain=     0.33852 grad= -2.3745e-01
  bodyAsymmetry=    -0.05702 grad=  1.0219e-03
  bodyHarmonic=     0.48818 grad=  1.5260e-03
epoch=410 loss=1.818372
  fStart=   237.50658 grad=  3.6951e-02
  fEnd=    47.83695 grad=  1.3891e-02
  pitchDecay=   -69.01823 grad= -5.7344e-02
  bodyAmp=     1.00000 grad= -2.3304e-02
  ampDecay=   -16.34468 grad= -1.1426e-02
  clickFreq=   780.04071 grad=  3.5611e-02
  clickAmp=     0.18832 grad= -6.1479e-03
  clickDecay=  -150.00002 grad=  8.8214e-03
  noiseCutoff=  5555.45557 grad= -1.3078e-01
  noiseAmp=     0.00308 grad= -2.3302e+01
  noiseDecay=   -20.00000 grad=  3.2375e-01
  drive=     2.32969 grad= -4.1310e-02
  outGain=     0.33558 grad= -2.2092e-01
  bodyAsymmetry=    -0.05728 grad= -1.2712e-02
  bodyHarmonic=     0.48419 grad=  1.0364e-03
epoch=420 loss=1.815739
  fStart=   237.52673 grad= -6.8088e-02
  fEnd=    47.83754 grad= -9.4987e-02
  pitchDecay=   -69.03104 grad=  3.1463e-03
  bodyAmp=     1.00000 grad= -2.9003e-02
  ampDecay=   -16.28732 grad= -1.1442e-02
  clickFreq=   780.31451 grad=  9.3762e-02
  clickAmp=     0.19148 grad=  1.8494e-03
  clickDecay=  -150.00002 grad=  7.2338e-03
  noiseCutoff=  5593.80762 grad= -1.2491e-01
  noiseAmp=     0.00314 grad= -2.0917e+01
  noiseDecay=   -20.00000 grad=  3.1657e-01
  drive=     2.33816 grad= -4.0385e-02
  outGain=     0.33283 grad= -2.0523e-01
  bodyAsymmetry=    -0.05757 grad= -1.5330e-02
  bodyHarmonic=     0.47998 grad= -1.3693e-03
epoch=430 loss=1.813195
  fStart=   237.56989 grad=  2.6694e-02
  fEnd=    47.83717 grad=  3.2407e-02
  pitchDecay=   -69.04137 grad= -5.9153e-02
  bodyAmp=     1.00000 grad= -2.6259e-02
  ampDecay=   -16.23467 grad= -1.1327e-02
  clickFreq=   779.37555 grad=  3.4113e-02
  clickAmp=     0.19488 grad= -8.4477e-03
  clickDecay=  -150.00002 grad=  9.0225e-03
  noiseCutoff=  5629.94385 grad= -1.2013e-01
  noiseAmp=     0.00321 grad= -1.9036e+01
  noiseDecay=   -20.00000 grad=  3.1017e-01
  drive=     2.34621 grad= -3.7912e-02
  outGain=     0.33014 grad= -1.8919e-01
  bodyAsymmetry=    -0.05777 grad= -9.2212e-03
  bodyHarmonic=     0.47749 grad=  2.1794e-03
epoch=440 loss=1.810997
  fStart=   237.60207 grad= -2.4899e-02
  fEnd=    47.83628 grad= -1.5959e-01
  pitchDecay=   -69.05685 grad= -3.5475e-03
  bodyAmp=     1.00000 grad= -2.9639e-02
  ampDecay=   -16.18655 grad= -1.1298e-02
  clickFreq=   778.97729 grad=  2.1717e-02
  clickAmp=     0.20089 grad= -4.5244e-03
  clickDecay=  -150.00002 grad=  7.8219e-03
  noiseCutoff=  5664.10352 grad= -1.1452e-01
  noiseAmp=     0.00327 grad= -1.7119e+01
  noiseDecay=   -20.00000 grad=  3.0300e-01
  drive=     2.35377 grad= -3.6737e-02
  outGain=     0.32751 grad= -1.7290e-01
  bodyAsymmetry=    -0.05823 grad= -1.9785e-04
  bodyHarmonic=     0.47200 grad=  1.4795e-03
epoch=450 loss=1.809200
  fStart=   237.62404 grad= -4.9465e-03
  fEnd=    47.83781 grad= -1.2569e-01
  pitchDecay=   -69.07032 grad= -1.3949e-02
  bodyAmp=     1.00000 grad= -3.0234e-02
  ampDecay=   -16.14270 grad= -1.1171e-02
  clickFreq=   778.42181 grad= -1.6657e-02
  clickAmp=     0.20588 grad= -7.3112e-03
  clickDecay=  -150.00002 grad=  8.4730e-03
  noiseCutoff=  5696.31299 grad= -1.0918e-01
  noiseAmp=     0.00332 grad= -1.5421e+01
  noiseDecay=   -20.00000 grad=  2.9700e-01
  drive=     2.36081 grad= -3.5153e-02
  outGain=     0.32490 grad= -1.5913e-01
  bodyAsymmetry=    -0.05866 grad= -1.1767e-02
  bodyHarmonic=     0.46647 grad=  2.1132e-03
epoch=460 loss=1.807422
  fStart=   237.64603 grad=  1.1692e-02
  fEnd=    47.83829 grad=  1.6723e-02
  pitchDecay=   -69.08000 grad= -3.2632e-02
  bodyAmp=     1.00000 grad= -3.3298e-02
  ampDecay=   -16.10282 grad= -1.1263e-02
  clickFreq=   778.49493 grad= -3.0633e-04
  clickAmp=     0.20994 grad= -4.3047e-03
  clickDecay=  -150.00002 grad=  7.7371e-03
  noiseCutoff=  5726.54834 grad= -1.0288e-01
  noiseAmp=     0.00338 grad= -1.3579e+01
  noiseDecay=   -20.00000 grad=  2.8990e-01
  drive=     2.36731 grad= -3.3819e-02
  outGain=     0.32255 grad= -1.4374e-01
  bodyAsymmetry=    -0.05895 grad= -4.1232e-03
  bodyHarmonic=     0.46018 grad=  1.6664e-03
epoch=470 loss=1.805938
  fStart=   237.66891 grad=  2.4525e-02
  fEnd=    47.83862 grad=  4.0835e-02
  pitchDecay=   -69.08692 grad= -3.7572e-02
  bodyAmp=     1.00000 grad= -3.5767e-02
  ampDecay=   -16.06650 grad= -1.1299e-02
  clickFreq=   778.32086 grad= -4.9810e-03
  clickAmp=     0.21289 grad= -3.5258e-03
  clickDecay=  -150.00002 grad=  7.6782e-03
  noiseCutoff=  5754.69922 grad= -9.8854e-02
  noiseAmp=     0.00343 grad= -1.2144e+01
  noiseDecay=   -20.00000 grad=  2.8385e-01
  drive=     2.37332 grad= -3.2927e-02
  outGain=     0.32050 grad= -1.3238e-01
  bodyAsymmetry=    -0.05911 grad=  3.2237e-03
  bodyHarmonic=     0.45494 grad=  1.6598e-03
epoch=480 loss=1.804634
  fStart=   237.68274 grad=  3.1228e-02
  fEnd=    47.83913 grad=  3.7171e-02
  pitchDecay=   -69.09354 grad= -3.6761e-02
  bodyAmp=     1.00000 grad= -3.7934e-02
  ampDecay=   -16.03349 grad= -1.1348e-02
  clickFreq=   778.20062 grad=  7.6070e-04
  clickAmp=     0.21512 grad= -2.2162e-03
  clickDecay=  -150.00002 grad=  6.9504e-03
  noiseCutoff=  5780.81592 grad= -9.3514e-02
  noiseAmp=     0.00348 grad= -1.0614e+01
  noiseDecay=   -20.00000 grad=  2.7795e-01
  drive=     2.37888 grad= -3.1653e-02
  outGain=     0.31879 grad= -1.1920e-01
  bodyAsymmetry=    -0.05928 grad= -3.2224e-03
  bodyHarmonic=     0.45088 grad=  8.8647e-04
epoch=490 loss=1.803514
  fStart=   237.68988 grad=  5.0190e-02
  fEnd=    47.83996 grad=  4.0310e-02
  pitchDecay=   -69.09977 grad= -3.8054e-02
  bodyAmp=     1.00000 grad= -3.8820e-02
  ampDecay=   -16.00364 grad= -1.1297e-02
  clickFreq=   778.00806 grad= -1.7689e-02
  clickAmp=     0.21669 grad= -2.1750e-03
  clickDecay=  -150.00002 grad=  6.8154e-03
  noiseCutoff=  5804.77539 grad= -8.9437e-02
  noiseAmp=     0.00352 grad= -9.3876e+00
  noiseDecay=   -20.00000 grad=  2.7208e-01
  drive=     2.38396 grad= -3.0341e-02
  outGain=     0.31733 grad= -1.0634e-01
  bodyAsymmetry=    -0.05937 grad=  1.5039e-04
  bodyHarmonic=     0.44803 grad=  1.0507e-03
epoch=500 loss=1.802510
  fStart=   237.69328 grad= -1.3627e-02
  fEnd=    47.84040 grad= -6.9010e-03
  pitchDecay=   -69.10517 grad= -9.2331e-03
  bodyAmp=     1.00000 grad= -4.1563e-02
  ampDecay=   -15.97677 grad= -1.1402e-02
  clickFreq=   778.19318 grad=  8.4919e-03
  clickAmp=     0.21759 grad=  1.1918e-03
  clickDecay=  -150.00002 grad=  6.1848e-03
  noiseCutoff=  5826.64453 grad= -8.5821e-02
  noiseAmp=     0.00356 grad= -8.1484e+00
  noiseDecay=   -20.00000 grad=  2.6579e-01
  drive=     2.38856 grad= -2.9437e-02
  outGain=     0.31595 grad= -9.4448e-02
  bodyAsymmetry=    -0.05939 grad=  2.3567e-03
  bodyHarmonic=     0.44598 grad=  3.1769e-04
epoch=510 loss=1.801585
  fStart=   237.70168 grad=  2.4659e-02
  fEnd=    47.84058 grad=  8.6966e-03
  pitchDecay=   -69.10902 grad= -2.2496e-02
  bodyAmp=     1.00000 grad= -4.3198e-02
  ampDecay=   -15.95263 grad= -1.1386e-02
  clickFreq=   778.11713 grad= -1.8341e-02
  clickAmp=     0.21787 grad=  9.8911e-04
  clickDecay=  -150.00002 grad=  6.2791e-03
  noiseCutoff=  5846.59375 grad= -8.2599e-02
  noiseAmp=     0.00360 grad= -7.3089e+00
  noiseDecay=   -20.00000 grad=  2.6219e-01
  drive=     2.39275 grad= -2.8953e-02
  outGain=     0.31470 grad= -8.7522e-02
  bodyAsymmetry=    -0.05938 grad=  1.4347e-02
  bodyHarmonic=     0.44511 grad=  2.4416e-04
epoch=520 loss=1.800887
  fStart=   237.71097 grad=  3.0457e-02
  fEnd=    47.84089 grad=  4.0678e-02
  pitchDecay=   -69.11192 grad= -3.0237e-02
  bodyAmp=     1.00000 grad= -4.4499e-02
  ampDecay=   -15.93096 grad= -1.1372e-02
  clickFreq=   778.16534 grad= -1.1541e-02
  clickAmp=     0.21814 grad=  9.4989e-04
  clickDecay=  -150.00002 grad=  6.3829e-03
  noiseCutoff=  5864.75977 grad= -7.8632e-02
  noiseAmp=     0.00363 grad= -6.3149e+00
  noiseDecay=   -20.00000 grad=  2.5767e-01
  drive=     2.39656 grad= -2.8049e-02
  outGain=     0.31362 grad= -7.6752e-02
  bodyAsymmetry=    -0.05940 grad=  1.9235e-02
  bodyHarmonic=     0.44493 grad=  5.3590e-04
epoch=530 loss=1.800290
  fStart=   237.71878 grad=  1.3799e-02
  fEnd=    47.84032 grad=  9.4483e-03
  pitchDecay=   -69.11479 grad= -2.1956e-02
  bodyAmp=     1.00000 grad= -4.4967e-02
  ampDecay=   -15.91158 grad= -1.1297e-02
  clickFreq=   778.21472 grad= -2.7055e-03
  clickAmp=     0.21857 grad=  2.7845e-04
  clickDecay=  -150.00002 grad=  6.1400e-03
  noiseCutoff=  5881.26025 grad= -7.7281e-02
  noiseAmp=     0.00365 grad= -5.8378e+00
  noiseDecay=   -20.00000 grad=  2.5518e-01
  drive=     2.40002 grad= -2.7580e-02
  outGain=     0.31265 grad= -7.0621e-02
  bodyAsymmetry=    -0.05952 grad=  1.4062e-03
  bodyHarmonic=     0.44462 grad= -3.0802e-07
epoch=540 loss=1.799769
  fStart=   237.72786 grad=  2.2910e-02
  fEnd=    47.84032 grad=  2.5350e-02
  pitchDecay=   -69.11703 grad= -2.7810e-02
  bodyAmp=     1.00000 grad= -4.5379e-02
  ampDecay=   -15.89423 grad= -1.1271e-02
  clickFreq=   778.24402 grad= -3.4204e-03
  clickAmp=     0.21894 grad=  1.9285e-04
  clickDecay=  -150.00002 grad=  6.1470e-03
  noiseCutoff=  5896.48535 grad= -7.4955e-02
  noiseAmp=     0.00366 grad= -5.2486e+00
  noiseDecay=   -20.00000 grad=  2.5177e-01
  drive=     2.40319 grad= -2.6869e-02
  outGain=     0.31192 grad= -6.3159e-02
  bodyAsymmetry=    -0.05954 grad=  2.1389e-03
  bodyHarmonic=     0.44466 grad=  1.6348e-05
epoch=550 loss=1.799387
  fStart=   237.73488 grad=  1.1602e-02
  fEnd=    47.84016 grad=  1.3687e-02
  pitchDecay=   -69.11941 grad= -2.3835e-02
  bodyAmp=     1.00000 grad= -4.5832e-02
  ampDecay=   -15.87862 grad= -1.1223e-02
  clickFreq=   778.30713 grad=  1.7271e-03
  clickAmp=     0.21922 grad=  8.2637e-04
  clickDecay=  -150.00002 grad=  6.0488e-03
  noiseCutoff=  5910.58838 grad= -7.5278e-02
  noiseAmp=     0.00366 grad= -5.2485e+00
  noiseDecay=   -20.00000 grad=  2.5196e-01
  drive=     2.40610 grad= -2.6962e-02
  outGain=     0.31136 grad= -6.2470e-02
  bodyAsymmetry=    -0.05959 grad=  2.3990e-03
  bodyHarmonic=     0.44483 grad= -6.8875e-05
epoch=560 loss=1.798967
  fStart=   237.74010 grad=  1.5429e-02
  fEnd=    47.84013 grad=  8.1962e-03
  pitchDecay=   -69.12175 grad= -2.1489e-02
  bodyAmp=     1.00000 grad= -4.5733e-02
  ampDecay=   -15.86449 grad= -1.1143e-02
  clickFreq=   778.31561 grad= -4.8972e-03
  clickAmp=     0.21938 grad= -3.1772e-04
  clickDecay=  -150.00002 grad=  6.2962e-03
  noiseCutoff=  5923.91748 grad= -7.3404e-02
  noiseAmp=     0.00367 grad= -4.7225e+00
  noiseDecay=   -20.00000 grad=  2.4911e-01
  drive=     2.40880 grad= -2.6216e-02
  outGain=     0.31107 grad= -5.4786e-02
  bodyAsymmetry=    -0.05962 grad=  1.1830e-03
  bodyHarmonic=     0.44506 grad=  2.3398e-04
epoch=570 loss=1.798522
  fStart=   237.74361 grad=  1.4479e-02
  fEnd=    47.84026 grad=  6.3949e-03
  pitchDecay=   -69.12412 grad= -2.1853e-02
  bodyAmp=     1.00000 grad= -4.5514e-02
  ampDecay=   -15.85154 grad= -1.1050e-02
  clickFreq=   778.30823 grad= -5.3997e-03
  clickAmp=     0.21959 grad= -3.0871e-04
  clickDecay=  -150.00002 grad=  6.3388e-03
  noiseCutoff=  5936.45020 grad= -7.2302e-02
  noiseAmp=     0.00368 grad= -4.3875e+00
  noiseDecay=   -20.00000 grad=  2.4721e-01
  drive=     2.41129 grad= -2.5599e-02
  outGain=     0.31079 grad= -4.8427e-02
  bodyAsymmetry=    -0.05962 grad=  2.2276e-04
  bodyHarmonic=     0.44488 grad=  2.9263e-04
epoch=580 loss=1.798183
  fStart=   237.74644 grad=  1.6380e-02
  fEnd=    47.84051 grad=  1.4524e-02
  pitchDecay=   -69.12643 grad= -2.3228e-02
  bodyAmp=     1.00000 grad= -4.5936e-02
  ampDecay=   -15.83949 grad= -1.1017e-02
  clickFreq=   778.31824 grad= -8.9701e-03
  clickAmp=     0.21969 grad=  3.7690e-06
  clickDecay=  -150.00002 grad=  6.1940e-03
  noiseCutoff=  5948.32861 grad= -6.8156e-02
  noiseAmp=     0.00371 grad= -3.4817e+00
  noiseDecay=   -20.00000 grad=  2.4248e-01
  drive=     2.41363 grad= -2.4387e-02
  outGain=     0.31045 grad= -3.5189e-02
  bodyAsymmetry=    -0.05963 grad= -1.8008e-04
  bodyHarmonic=     0.44442 grad=  6.3985e-04
epoch=590 loss=1.797634
  fStart=   237.74916 grad= -1.4835e-02
  fEnd=    47.84074 grad= -3.9187e-03
  pitchDecay=   -69.12864 grad= -5.8680e-03
  bodyAmp=     1.00000 grad= -5.2038e-02
  ampDecay=   -15.82802 grad= -1.1265e-02
  clickFreq=   778.36981 grad=  5.9863e-03
  clickAmp=     0.21964 grad=  6.7637e-04
  clickDecay=  -150.00002 grad=  5.7293e-03
  noiseCutoff=  5959.86670 grad= -4.8830e-02
  noiseAmp=     0.00388 grad=  7.6824e-01
  noiseDecay=   -20.00000 grad=  2.1916e-01
  drive=     2.41588 grad= -2.0244e-02
  outGain=     0.31011 grad=  1.7822e-02
  bodyAsymmetry=    -0.05963 grad= -1.1214e-04
  bodyHarmonic=     0.44372 grad=  1.7740e-04
epoch=599 loss=1.797339
  fStart=   237.75269 grad= -1.8071e-03
  fEnd=    47.84091 grad=  4.8958e-03
  pitchDecay=   -69.13029 grad= -1.1302e-02
  bodyAmp=     1.00000 grad= -4.9757e-02
  ampDecay=   -15.81792 grad= -1.1123e-02
  clickFreq=   778.38318 grad= -7.7319e-03
  clickAmp=     0.21961 grad= -2.2520e-04
  clickDecay=  -150.00002 grad=  5.9346e-03
  noiseCutoff=  5970.02100 grad= -5.5949e-02
  noiseAmp=     0.00381 grad= -6.9980e-01
  noiseDecay=   -20.00000 grad=  2.2682e-01
  drive=     2.41786 grad= -2.1701e-02
  outGain=     0.30971 grad= -1.0447e-03
  bodyAsymmetry=    -0.05961 grad=  8.6701e-04
  bodyHarmonic=     0.44308 grad=  3.0868e-04
refine epoch=0 loss=1.797339
refine epoch=10 loss=1.797405
refine epoch=20 loss=1.797327
refine epoch=30 loss=1.797287
refine epoch=40 loss=1.797395
refine epoch=50 loss=1.797391
refine epoch=60 loss=1.797383
refine epoch=70 loss=1.797349
refine epoch=80 loss=1.797363
refine epoch=90 loss=1.797371
refine epoch=100 loss=1.797430
refine epoch=110 loss=1.797462
refine epoch=120 loss=1.797369
refine epoch=130 loss=1.797423
refine epoch=140 loss=1.797318
refine epoch=150 loss=1.797407
refine epoch=160 loss=1.797419
refine epoch=170 loss=1.797421
refine epoch=180 loss=1.797361
refine epoch=190 loss=1.797403
refine epoch=200 loss=1.797369
refine epoch=210 loss=1.797405
refine epoch=220 loss=1.797421
refine epoch=230 loss=1.797387
refine epoch=240 loss=1.797349
refine epoch=250 loss=1.797397
refine epoch=260 loss=1.797345
refine epoch=270 loss=1.797345
refine epoch=280 loss=1.797382
refine epoch=290 loss=1.797372
epoch=0 loss=1.724160
  fStart=   272.89340 grad=  5.3005e-02
  fEnd=    46.79093 grad=  1.4174e-01
  pitchDecay=   -45.90602 grad= -5.2957e-02
  bodyAmp=     1.00000 grad= -5.5227e-03
  ampDecay=   -13.93739 grad= -7.1624e-05
  clickFreq=   625.36523 grad= -5.4551e-02
  clickAmp=     0.50000 grad= -2.1417e-02
  clickDecay=  -278.84970 grad=  3.0040e-04
  noiseCutoff=  8000.00000 grad= -5.3805e-02
  noiseAmp=     0.00357 grad=  1.3467e+00
  noiseDecay=   -20.00000 grad=  2.3120e-01
  drive=     4.00000 grad= -2.8549e-03
  outGain=     0.17684 grad=  1.3119e-01
  bodyAsymmetry=    -0.05514 grad= -5.4416e-01
  bodyHarmonic=    -0.56710 grad= -1.3861e-03
epoch=10 loss=2.273901
  fStart=   273.49524 grad=  1.5444e-01
  fEnd=    46.74462 grad=  5.0516e-01
  pitchDecay=   -45.84426 grad= -1.8298e-01
  bodyAmp=     1.00000 grad= -6.6688e-02
  ampDecay=   -13.91023 grad= -7.4564e-04
  clickFreq=   637.97260 grad=  2.0760e-02
  clickAmp=     0.49681 grad=  7.2393e-02
  clickDecay=  -214.09254 grad=  6.9491e-03
  noiseCutoff=  8000.00000 grad=  0.0000e+00
  noiseAmp=     0.00000 grad= -1.1813e+01
  noiseDecay=   -20.00000 grad=  0.0000e+00
  drive=     4.00000 grad= -7.6814e-03
  outGain=     0.17642 grad= -3.8665e-02
  bodyAsymmetry=    -0.04004 grad=  1.0247e+00
  bodyHarmonic=    -0.66835 grad=  2.8336e-02
epoch=20 loss=1.909434
  fStart=   273.58292 grad= -1.0058e+00
  fEnd=    46.71424 grad= -1.4960e+00
  pitchDecay=   -45.89431 grad=  5.7097e-01
  bodyAmp=     1.00000 grad= -1.1794e-01
  ampDecay=   -13.99875 grad=  1.0724e-03
  clickFreq=   639.91278 grad=  1.2910e-01
  clickAmp=     0.50000 grad=  8.3550e-02
  clickDecay=  -165.61612 grad= -1.7617e-02
  noiseCutoff=  8000.00000 grad=  4.4035e-01
  noiseAmp=     0.00658 grad=  6.5127e+01
  noiseDecay=   -20.00000 grad= -5.3800e-01
  drive=     4.00000 grad=  8.8042e-02
  outGain=     0.20996 grad=  2.7029e+00
  bodyAsymmetry=    -0.05122 grad=  8.5182e-02
  bodyHarmonic=    -0.74876 grad= -6.1673e-02
epoch=30 loss=1.727164
  fStart=   273.60730 grad= -2.6943e-01
  fEnd=    46.75130 grad= -4.1033e-01
  pitchDecay=   -45.96463 grad=  1.5555e-01
  bodyAmp=     1.00000 grad= -5.2541e-02
  ampDecay=   -14.02073 grad= -4.7707e-03
  clickFreq=   638.70648 grad= -2.5450e-02
  clickAmp=     0.43216 grad= -1.5286e-02
  clickDecay=  -181.24913 grad= -4.5116e-03
  noiseCutoff=  7778.73779 grad= -9.1953e-02
  noiseAmp=     0.00365 grad= -7.5755e+00
  noiseDecay=   -20.00000 grad=  2.8227e-01
  drive=     3.98169 grad= -2.1808e-02
  outGain=     0.16326 grad= -4.3253e-01
  bodyAsymmetry=    -0.04736 grad= -9.3542e-02
  bodyHarmonic=    -0.58858 grad= -2.5071e-03
epoch=40 loss=1.727005
  fStart=   273.92740 grad=  1.2043e+00
  fEnd=    46.79490 grad=  1.9139e+00
  pitchDecay=   -45.99913 grad= -8.7677e-01
  bodyAmp=     1.00000 grad= -4.2433e-02
  ampDecay=   -13.95704 grad= -1.4663e-03
  clickFreq=   630.54901 grad= -7.3062e-02
  clickAmp=     0.40048 grad=  1.7361e-02
  clickDecay=  -206.57463 grad= -4.9453e-04
  noiseCutoff=  7915.53467 grad= -5.5654e-03
  noiseAmp=     0.00393 grad=  1.2797e+01
  noiseDecay=   -20.00000 grad=  1.5669e-01
  drive=     3.99807 grad=  3.7157e-03
  outGain=     0.18159 grad=  3.8835e-01
  bodyAsymmetry=    -0.04589 grad=  1.2876e-01
  bodyHarmonic=    -0.49125 grad=  1.4834e-02
epoch=50 loss=1.727012
  fStart=   273.94620 grad=  3.6427e-01
  fEnd=    46.75225 grad=  4.4318e-01
  pitchDecay=   -46.04971 grad= -4.6788e-01
  bodyAmp=     1.00000 grad= -4.8073e-04
  ampDecay=   -13.94310 grad=  3.9073e-03
  clickFreq=   640.89056 grad=  4.0827e-02
  clickAmp=     0.37455 grad=  1.1600e-02
  clickDecay=  -220.54683 grad= -7.7955e-04
  noiseCutoff=  8000.00000 grad= -1.1760e-01
  noiseAmp=     0.00291 grad= -1.7640e+01
  noiseDecay=   -20.00000 grad=  3.1313e-01
  drive=     4.00000 grad= -1.1872e-02
  outGain=     0.18600 grad= -1.1965e-01
  bodyAsymmetry=    -0.04350 grad=  1.8172e-01
  bodyHarmonic=    -0.53763 grad=  3.2851e-03
epoch=60 loss=1.722018
  fStart=   274.15543 grad= -2.4350e-01
  fEnd=    46.76496 grad= -4.0213e-02
  pitchDecay=   -46.04956 grad=  4.5612e-02
  bodyAmp=     1.00000 grad= -3.2657e-02
  ampDecay=   -13.94334 grad=  3.0025e-04
  clickFreq=   636.26068 grad=  2.6808e-02
  clickAmp=     0.39158 grad= -2.2467e-03
  clickDecay=  -227.36758 grad=  1.5810e-03
  noiseCutoff=  8000.00000 grad= -6.1344e-02
  noiseAmp=     0.00348 grad=  3.8543e-02
  noiseDecay=   -20.00000 grad=  2.3886e-01
  drive=     4.00000 grad= -8.3509e-03
  outGain=     0.17927 grad=  6.6143e-02
  bodyAsymmetry=    -0.04467 grad=  4.7356e-02
  bodyHarmonic=    -0.55089 grad= -5.0342e-03
epoch=70 loss=1.724450
  fStart=   274.25897 grad= -2.9028e-01
  fEnd=    46.75473 grad= -6.5384e-01
  pitchDecay=   -46.08755 grad=  1.3455e-01
  bodyAmp=     1.00000 grad= -4.5550e-02
  ampDecay=   -13.94556 grad= -3.6271e-04
  clickFreq=   633.06158 grad=  2.9985e-02
  clickAmp=     0.39925 grad=  1.2049e-03
  clickDecay=  -228.18544 grad= -2.4300e-04
  noiseCutoff=  8000.00000 grad= -1.1230e-02
  noiseAmp=     0.00382 grad=  1.1845e+01
  noiseDecay=   -20.00000 grad=  1.6870e-01
  drive=     4.00000 grad=  3.9407e-05
  outGain=     0.18136 grad=  3.5862e-01
  bodyAsymmetry=    -0.04586 grad= -4.9499e-02
  bodyHarmonic=    -0.55229 grad= -1.0032e-02
epoch=80 loss=1.743044
  fStart=   274.38364 grad=  8.2947e-01
  fEnd=    46.75707 grad=  1.9130e-01
  pitchDecay=   -46.11536 grad= -4.0619e-01
  bodyAmp=     1.00000 grad= -6.8479e-04
  ampDecay=   -13.96726 grad=  2.8354e-04
  clickFreq=   633.21796 grad=  1.9297e-02
  clickAmp=     0.39596 grad= -9.4332e-03
  clickDecay=  -222.97340 grad=  3.5268e-03
  noiseCutoff=  8000.00000 grad= -1.7787e-01
  noiseAmp=     0.00261 grad= -4.4831e+01
  noiseDecay=   -20.00000 grad=  4.0078e-01
  drive=     4.00000 grad= -3.0362e-02
  outGain=     0.16996 grad= -8.4195e-01
  bodyAsymmetry=    -0.04455 grad=  4.1947e-03
  bodyHarmonic=    -0.53968 grad=  2.1060e-02
epoch=90 loss=1.722492
  fStart=   274.38141 grad= -1.3719e+00
  fEnd=    46.74120 grad= -2.5862e+00
  pitchDecay=   -46.14418 grad=  9.5343e-01
  bodyAmp=     1.00000 grad= -1.9359e-02
  ampDecay=   -13.95399 grad=  9.6005e-04
  clickFreq=   632.82104 grad= -1.5303e-02
  clickAmp=     0.40468 grad= -1.2522e-02
  clickDecay=  -215.20767 grad= -2.8664e-04
  noiseCutoff=  8000.00000 grad= -6.5893e-02
  noiseAmp=     0.00341 grad= -1.1636e+00
  noiseDecay=   -20.00000 grad=  2.4531e-01
  drive=     4.00000 grad= -7.0974e-03
  outGain=     0.18117 grad=  7.8620e-02
  bodyAsymmetry=    -0.04706 grad= -2.3464e-01
  bodyHarmonic=    -0.55012 grad= -9.7261e-03
epoch=100 loss=1.721617
  fStart=   274.64056 grad= -1.3398e+00
  fEnd=    46.73027 grad= -2.9569e+00
  pitchDecay=   -46.14827 grad=  9.8371e-01
  bodyAmp=     1.00000 grad= -3.9950e-02
  ampDecay=   -13.94479 grad= -1.4025e-03
  clickFreq=   635.88306 grad= -7.8518e-03
  clickAmp=     0.40618 grad=  7.5327e-03
  clickDecay=  -213.96712 grad= -4.6936e-05
  noiseCutoff=  8000.00000 grad= -6.4398e-02
  noiseAmp=     0.00358 grad= -5.0674e-01
  noiseDecay=   -20.00000 grad=  2.4321e-01
  drive=     4.00000 grad= -9.6755e-03
  outGain=     0.17349 grad= -2.6221e-02
  bodyAsymmetry=    -0.04550 grad=  1.0802e-01
  bodyHarmonic=    -0.53863 grad=  4.5364e-03
epoch=110 loss=1.728662
  fStart=   274.77039 grad=  8.4075e-01
  fEnd=    46.78829 grad=  7.5005e-01
  pitchDecay=   -46.16436 grad= -7.9515e-01
  bodyAmp=     1.00000 grad= -5.1230e-02
  ampDecay=   -13.90921 grad= -1.2172e-03
  clickFreq=   638.19501 grad=  1.3423e-02
  clickAmp=     0.40731 grad= -1.3686e-02
  clickDecay=  -214.13686 grad= -7.7452e-04
  noiseCutoff=  8000.00000 grad=  2.1150e-02
  noiseAmp=     0.00410 grad=  1.8698e+01
  noiseDecay=   -20.00000 grad=  1.1892e-01
  drive=     4.00000 grad=  4.9826e-03
  outGain=     0.18026 grad=  5.3451e-01
  bodyAsymmetry=    -0.04792 grad= -3.0560e-01
  bodyHarmonic=    -0.54606 grad= -2.1233e-02
epoch=120 loss=1.721806
  fStart=   274.65341 grad= -5.7556e-01
  fEnd=    46.77776 grad= -5.1788e-01
  pitchDecay=   -46.22232 grad=  2.7888e-01
  bodyAmp=     1.00000 grad= -3.9511e-02
  ampDecay=   -13.90979 grad= -3.1447e-04
  clickFreq=   635.19727 grad= -1.6436e-02
  clickAmp=     0.39581 grad=  2.9140e-03
  clickDecay=  -215.50023 grad=  1.1665e-03
  noiseCutoff=  8000.00000 grad= -4.4047e-02
  noiseAmp=     0.00366 grad=  4.7805e+00
  noiseDecay=   -20.00000 grad=  2.1237e-01
  drive=     4.00000 grad= -5.2164e-03
  outGain=     0.17773 grad=  1.5812e-01
  bodyAsymmetry=    -0.04518 grad=  7.4659e-02
  bodyHarmonic=    -0.53365 grad=  6.5236e-04
epoch=130 loss=1.722060
  fStart=   274.85400 grad=  2.7949e-01
  fEnd=    46.79589 grad=  1.3321e+00
  pitchDecay=   -46.22433 grad= -4.2617e-01
  bodyAmp=     1.00000 grad= -4.4413e-02
  ampDecay=   -13.90253 grad= -2.1161e-03
  clickFreq=   637.66333 grad=  6.2875e-03
  clickAmp=     0.39789 grad= -2.8757e-03
  clickDecay=  -212.92734 grad=  8.0449e-04
  noiseCutoff=  8000.00000 grad= -8.7939e-02
  noiseAmp=     0.00346 grad= -6.7292e+00
  noiseDecay=   -20.00000 grad=  2.7458e-01
  drive=     4.00000 grad= -1.7214e-02
  outGain=     0.16973 grad= -2.4831e-01
  bodyAsymmetry=    -0.04501 grad=  7.3305e-02
  bodyHarmonic=    -0.53006 grad=  2.8253e-03
epoch=140 loss=1.721369
  fStart=   274.92505 grad= -4.3145e-01
  fEnd=    46.79475 grad= -9.5415e-01
  pitchDecay=   -46.24787 grad=  1.6902e-01
  bodyAmp=     1.00000 grad= -4.3715e-02
  ampDecay=   -13.87122 grad= -7.2575e-04
  clickFreq=   638.40594 grad=  1.4236e-02
  clickAmp=     0.40829 grad=  7.1643e-03
  clickDecay=  -211.06018 grad= -5.8475e-04
  noiseCutoff=  8000.00000 grad= -4.2007e-02
  noiseAmp=     0.00370 grad=  5.0117e+00
  noiseDecay=   -20.00000 grad=  2.1175e-01
  drive=     4.00000 grad= -5.5562e-03
  outGain=     0.17588 grad=  1.5715e-01
  bodyAsymmetry=    -0.04677 grad=  2.1810e-02
  bodyHarmonic=    -0.52928 grad= -1.9066e-03
epoch=150 loss=1.721054
  fStart=   275.03690 grad= -1.5019e-01
  fEnd=    46.79374 grad=  2.2041e-01
  pitchDecay=   -46.26193 grad= -7.3142e-02
  bodyAmp=     1.00000 grad= -3.2937e-02
  ampDecay=   -13.85633 grad= -1.2816e-04
  clickFreq=   637.83636 grad= -3.0558e-03
  clickAmp=     0.40609 grad=  7.8450e-05
  clickDecay=  -211.73767 grad= -3.5563e-04
  noiseCutoff=  8000.00000 grad= -7.6999e-02
  noiseAmp=     0.00347 grad= -3.7036e+00
  noiseDecay=   -20.00000 grad=  2.5993e-01
  drive=     4.00000 grad= -1.1439e-02
  outGain=     0.17420 grad= -6.0275e-02
  bodyAsymmetry=    -0.04670 grad= -9.8575e-03
  bodyHarmonic=    -0.52616 grad=  6.0529e-04
epoch=160 loss=1.720837
  fStart=   275.11520 grad= -4.2504e-01
  fEnd=    46.79176 grad= -8.3990e-01
  pitchDecay=   -46.27388 grad=  1.8473e-01
  bodyAmp=     1.00000 grad= -4.1474e-02
  ampDecay=   -13.84843 grad= -7.0484e-04
  clickFreq=   638.25861 grad=  6.5350e-03
  clickAmp=     0.40449 grad= -1.0920e-03
  clickDecay=  -212.52351 grad=  3.2684e-04
  noiseCutoff=  8000.00000 grad= -5.9179e-02
  noiseAmp=     0.00364 grad=  9.7948e-01
  noiseDecay=   -20.00000 grad=  2.3619e-01
  drive=     4.00000 grad= -9.5887e-03
  outGain=     0.17350 grad=  2.3194e-02
  bodyAsymmetry=    -0.04646 grad=  5.7503e-03
  bodyHarmonic=    -0.52459 grad= -3.3124e-04
epoch=170 loss=1.720858
  fStart=   275.14563 grad= -2.3615e-01
  fEnd=    46.79259 grad= -5.4150e-01
  pitchDecay=   -46.28670 grad=  3.4133e-02
  bodyAmp=     1.00000 grad= -3.5301e-02
  ampDecay=   -13.84292 grad= -3.1540e-04
  clickFreq=   637.93030 grad= -6.4504e-03
  clickAmp=     0.40508 grad= -6.2292e-04
  clickDecay=  -212.40701 grad=  2.6750e-04
  noiseCutoff=  8000.00000 grad= -7.0716e-02
  noiseAmp=     0.00353 grad= -1.8841e+00
  noiseDecay=   -20.00000 grad=  2.5065e-01
  drive=     4.00000 grad= -1.0551e-02
  outGain=     0.17407 grad= -2.2998e-02
  bodyAsymmetry=    -0.04658 grad=  3.2731e-03
  bodyHarmonic=    -0.52440 grad=  9.1582e-04
epoch=180 loss=1.720688
  fStart=   275.18854 grad=  2.3295e-01
  fEnd=    46.79542 grad=  1.1132e+00
  pitchDecay=   -46.29253 grad= -3.5242e-01
  bodyAmp=     1.00000 grad= -4.0111e-02
  ampDecay=   -13.83957 grad= -4.7168e-04
  clickFreq=   638.08002 grad= -7.0695e-04
  clickAmp=     0.40567 grad= -5.7649e-04
  clickDecay=  -212.27589 grad= -5.5131e-05
  noiseCutoff=  8000.00000 grad= -5.9154e-02
  noiseAmp=     0.00363 grad=  9.8173e-01
  noiseDecay=   -20.00000 grad=  2.3570e-01
  drive=     4.00000 grad= -9.1955e-03
  outGain=     0.17393 grad=  3.6402e-02
  bodyAsymmetry=    -0.04668 grad= -2.3197e-03
  bodyHarmonic=    -0.52457 grad= -4.2806e-04
epoch=190 loss=1.720616
  fStart=   275.22174 grad= -2.3244e-01
  fEnd=    46.79397 grad=  1.9791e-02
  pitchDecay=   -46.29674 grad=  2.0238e-02
  bodyAmp=     1.00000 grad= -3.8954e-02
  ampDecay=   -13.83722 grad= -4.2212e-04
  clickFreq=   638.23517 grad= -5.0473e-03
  clickAmp=     0.40616 grad= -1.7568e-04
  clickDecay=  -212.23308 grad=  1.3311e-04
  noiseCutoff=  8000.00000 grad= -6.6731e-02
  noiseAmp=     0.00358 grad= -7.4500e-01
  noiseDecay=   -20.00000 grad=  2.4510e-01
  drive=     4.00000 grad= -1.0423e-02
  outGain=     0.17353 grad= -9.4025e-03
  bodyAsymmetry=    -0.04666 grad=  5.8647e-03
  bodyHarmonic=    -0.52465 grad=  7.8214e-04
epoch=199 loss=1.720712
  fStart=   275.24326 grad= -3.4004e-01
  fEnd=    46.79248 grad= -3.6252e-01
  pitchDecay=   -46.30054 grad=  9.5631e-02
  bodyAmp=     1.00000 grad= -4.0597e-02
  ampDecay=   -13.83515 grad= -5.3413e-04
  clickFreq=   638.41962 grad= -3.0686e-04
  clickAmp=     0.40655 grad= -8.0734e-04
  clickDecay=  -212.11794 grad=  3.7227e-04
  noiseCutoff=  8000.00000 grad= -6.5261e-02
  noiseAmp=     0.00359 grad= -4.9569e-01
  noiseDecay=   -20.00000 grad=  2.4382e-01
  drive=     4.00000 grad= -1.0677e-02
  outGain=     0.17329 grad= -9.3719e-03
  bodyAsymmetry=    -0.04671 grad=  1.0346e-03
  bodyHarmonic=    -0.52482 grad= -4.1768e-04
refine epoch=0 loss=1.720616
refine epoch=10 loss=1.720574
refine epoch=20 loss=1.720690
refine epoch=30 loss=1.720514
refine epoch=40 loss=1.720507
refine epoch=50 loss=1.720408
refine epoch=60 loss=1.720182
refine epoch=70 loss=1.720274
refine epoch=80 loss=1.720094
refine epoch=90 loss=1.720051
refine epoch=100 loss=1.719939
refine epoch=110 loss=1.719823
refine epoch=120 loss=1.719944
refine epoch=130 loss=1.719972
refine epoch=140 loss=1.719924
refine epoch=150 loss=1.719798
refine epoch=160 loss=1.719547
refine epoch=170 loss=1.719447
refine epoch=180 loss=1.719610
refine epoch=190 loss=1.719380
refine epoch=200 loss=1.719488
refine epoch=210 loss=1.719297
refine epoch=220 loss=1.719402
refine epoch=230 loss=1.719252
refine epoch=240 loss=1.719218
refine epoch=250 loss=1.719187
refine epoch=260 loss=1.719128
refine epoch=270 loss=1.719180
refine epoch=280 loss=1.719108
refine epoch=290 loss=1.719160
  stitch: base=1.72449 stitched=1.72416 tuned=1.71908
refine_start=0
refine_pass=0 learned_mrstft=0.029503 improvement=22.64%
refine_pass=1 learned_mrstft=0.029055 improvement=23.81%
refine_pass=2 learned_mrstft=0.028357 improvement=25.64%
refine_pass=3 learned_mrstft=0.028057 improvement=26.43%
refine_pass=4 learned_mrstft=0.027445 improvement=28.03%
refine_pass=5 learned_mrstft=0.027010 improvement=29.17%
refine_start=1
refine_pass=0 learned_mrstft=0.030814 improvement=19.20%
refine_pass=1 learned_mrstft=0.030121 improvement=21.02%
refine_pass=2 learned_mrstft=0.029383 improvement=22.95%
refine_pass=3 learned_mrstft=0.029032 improvement=23.87%
refine_pass=4 learned_mrstft=0.027860 improvement=26.95%
refine_pass=5 learned_mrstft=0.027254 improvement=28.53%
refined_initial_mrstft=0.038135 refined_learned_mrstft=0.027010 improvement=29.17% pass=false
initial_mrstft=0.038135 learned_mrstft=0.027011 improvement=29.17% pass=false
rung3 pass=false improvement=29.17%
