{"target_sample_rate": 2048, "num_samples": 512, "duration_seconds": 0.25, "detected_pitch_hz": 131.64, "samples": [-0.018592577427625656, 0.0329771488904953, -0.027412014082074165, 0.043166302144527435, -0.038267508149147034, 0.04017673060297966, 0.003693529637530446, 0.007878408767282963, 0.013446569442749023, -0.024203279986977577, -0.16445975005626678, 0.0036395234055817127, -0.08634287118911743, -0.03284817188978195, 0.12010108679533005, 0.15593241155147552, 0.16511015594005585, 0.09978190809488297, -0.062054041773080826, 0.16120128333568573, -0.23921580612659454, -0.3584774434566498, -0.011794057674705982, 0.09769020974636078, 0.030140146613121033, 0.19337774813175201, -0.005910657811909914, -0.28160059452056885, 0.013560221530497074, 0.09899451583623886, -0.29223865270614624, -0.09821998327970505, 0.2588249146938324, 0.04616478458046913, 0.29293912649154663, 0.20653530955314636, 0.34610724449157715, -0.09960499405860901, 0.0752120092511177, 0.09978336095809937, -0.03435835987329483, -0.3865892291069031, -0.8228557109832764, -0.8987184166908264, -0.05419456958770752, 0.29430636763572693, 0.15358781814575195, 0.6476874351501465, 0.282471626996994, 0.7283904552459717, 0.37959742546081543, -0.17001274228096008, 0.11062923818826675, -0.4991082549095154, -0.28222811222076416, -0.2571255564689636, 0.11424349248409271, -0.10427077114582062, -0.36419764161109924, -0.5589067935943604, 0.21603724360466003, 0.23371557891368866, 0.5286720991134644, -0.08307752013206482, -0.2726742625236511, 0.6326891779899597, -0.1318490207195282, 0.08362900465726852, -0.06120702996850014, -0.049716051667928696, 0.28136733174324036, 0.09905976057052612, 0.1282249093055725, 0.0797213613986969, -0.5510531067848206, -0.7778194546699524, -0.16312283277511597, -0.054726939648389816, 0.38404324650764465, -0.28636640310287476, 0.3803526759147644, 0.41506633162498474, 0.07364713400602341, 0.1168072298169136, -0.10347094386816025, 0.2886109948158264, 0.17866668105125427, 0.1245037168264389, 0.09895174205303192, -0.17974774539470673, -0.8785388469696045, -0.48438721895217896, -0.29535356163978577, -0.09771654009819031, 0.20956727862358093, 0.13835063576698303, 0.7689194083213806, 0.3355393707752228, 0.3522627055644989, -0.14926761388778687, -0.27599382400512695, 0.06074555963277817, 0.14244338870048523, -0.10208289325237274, 0.10254112631082535, -0.19900795817375183, -0.7061836123466492, -0.07305636256933212, -0.29146677255630493, 0.2436397224664688, -0.25944411754608154, 0.06177513301372528, 0.6156749725341797, 0.44355660676956177, 0.3720279932022095, -0.09318774938583374, -0.09994284808635712, -0.05645796284079552, -0.06658656895160675, -0.27967947721481323, 0.30832454562187195, -0.6647862792015076, -0.42059165239334106, -0.11273599416017532, 0.09743738174438477, 0.44839343428611755, -0.3331550061702728, 0.3506423532962799, 0.3401792049407959, 0.38037458062171936, 0.20054297149181366, -0.07733670622110367, -0.1650245487689972, -0.10628746449947357, -0.2990065813064575, 0.12252812087535858, 0.060895856469869614, -0.8552349209785461, -0.10593105107545853, -0.2932867407798767, 0.4777090847492218, 0.19917680323123932, -0.12611642479896545, 0.4641329050064087, 0.4168661832809448, 0.47505784034729004, 0.07986287772655487, -0.13309094309806824, -0.2516559660434723, -0.2975602149963379, -0.446195125579834, 0.27390918135643005, -0.3936437964439392, -0.5825052261352539, 0.03212350606918335, 0.04602329060435295, 0.6790524125099182, -0.17615576088428497, -0.04239543527364731, 0.24258708953857422, 0.40354952216148376, 0.2760833501815796, -0.05466357246041298, -0.08372317999601364, -0.024882765486836433, -0.0672343522310257, -0.0794367864727974, 0.27736696600914, -0.7896134257316589, -0.4922969341278076, -0.34367844462394714, 0.2205028384923935, 0.4447133541107178, -0.3151305913925171, 0.274211049079895, 0.37439289689064026, 0.5766021609306335, 0.30919963121414185, 0.017173483967781067, -0.1687680035829544, 0.06712734699249268, -0.2189512997865677, 0.11813186854124069, -0.20078212022781372, -0.9990531206130981, -0.33011239767074585, -0.31774115562438965, 0.5545168519020081, 0.05345970764756203, -0.23462176322937012, 0.4007062315940857, 0.45355138182640076, 0.6130448579788208, 0.3102496862411499, -0.10645701736211777, -0.23738811910152435, -0.07473721355199814, -0.23943686485290527, 0.2663700580596924, -0.5897137522697449, -0.7549229264259338, -0.22838519513607025, 0.025902120396494865, 0.685132622718811, -0.15971487760543823, 0.009084618650376797, 0.29516080021858215, 0.4803817868232727, 0.4641243517398834, 0.0629827156662941, -0.18053743243217468, -0.14513246715068817, -0.21289069950580597, 0.002972349990159273, 0.2090299427509308, -0.8785016536712646, -0.4728088080883026, -0.2495947927236557, 0.4043918251991272, 0.43477725982666016, -0.2933144271373749, 0.16915664076805115, 0.3191325068473816, 0.5686656832695007, 0.3651677370071411, -0.021341422572731972, -0.2790606915950775, -0.16722041368484497, -0.3395441770553589, 0.22494977712631226, -0.16542567312717438, -0.8755902051925659, -0.2324681580066681, -0.004077490884810686, 0.7313355803489685, 0.09260780364274979, -0.21139144897460938, 0.13985006511211395, 0.32429298758506775, 0.5167863965034485, 0.2329053431749344, -0.1575058549642563, -0.1726117879152298, -0.11031032353639603, -0.1727672964334488, 0.27679529786109924, -0.62656569480896, -0.7166125178337097, -0.26083552837371826, 0.1780824214220047, 0.6607517004013062, -0.19935160875320435, -0.04037337377667427, 0.25337475538253784, 0.5374252200126648, 0.5253050327301025, 0.13167299330234528, -0.26687607169151306, -0.1506277471780777, -0.22505149245262146, 0.06852342188358307, 0.07252991944551468, -0.9102701544761658, -0.4336980879306793, -0.14968346059322357, 0.4582938551902771, 0.3653694689273834, -0.37885117530822754, 0.0029457148630172014, 0.30584511160850525, 0.6513752341270447, 0.5059715509414673, 0.07582099735736847, -0.2390495091676712, -0.10167215764522552, -0.2416073977947235, 0.23795315623283386, -0.36330321431159973, -0.9300423264503479, -0.3185228109359741, -0.024131715297698975, 0.619996190071106, 0.0648125559091568, -0.24820244312286377, 0.14916948974132538, 0.4214188754558563, 0.6232479214668274, 0.32352712750434875, -0.1228824183344841, -0.1778615117073059, -0.15014152228832245, -0.09591453522443771, 0.24988961219787598, -0.7542341351509094, -0.7492702007293701, -0.2382049411535263, 0.23770968616008759, 0.5602496266365051, -0.1868267059326172, -0.06886542588472366, 0.26092812418937683, 0.554993212223053, 0.5688900351524353, 0.14959315955638885, -0.23794706165790558, -0.15634183585643768, -0.24320007860660553, 0.08681656420230865, -0.004427074920386076, -0.8983703255653381, -0.42861664295196533, -0.10222236812114716, 0.5165687203407288, 0.3227137625217438, -0.2751642167568207, 0.026957223191857338, 0.32633185386657715, 0.5828958749771118, 0.4265472888946533, -0.04209322854876518, -0.2656373083591461, -0.16018278896808624, -0.22096869349479675, 0.2562994062900543, -0.3745289146900177, -0.8264343738555908, -0.26459071040153503, 0.07274016737937927, 0.5933747291564941, 0.03022938221693039, -0.1968354731798172, 0.10706961154937744, 0.440758615732193, 0.5815296173095703, 0.3070424199104309, -0.19807782769203186, -0.20296762883663177, -0.23241671919822693, -0.05161963030695915, 0.21627628803253174, -0.6699255704879761, -0.5835394859313965, -0.16527870297431946, 0.3157822787761688, 0.4675365090370178, -0.19788825511932373, -0.1525423526763916, 0.16017776727676392, 0.50632244348526, 0.5535698533058167, 0.19693593680858612, -0.19116437435150146, -0.10406146198511124, -0.25165632367134094, 0.12905296683311462, -0.13774365186691284, -0.8803139328956604, -0.4568727910518646, -0.05667112395167351, 0.5153234601020813, 0.2822381854057312, -0.19342273473739624, -0.011843967251479626, 0.30212584137916565, 0.5588148832321167, 0.4516926407814026, -0.009195510298013687, -0.22234605252742767, -0.16159915924072266, -0.17657017707824707, 0.24999473989009857, -0.4698064923286438, 