{
  "sample_rate": 44100,
  "num_points": 64,
  "duration_seconds": 3.3092743764172337,
  "envelope": [
    0.36134319943775367,
    0.9422916952674153,
    0.9983935322176725,
    0.946397882384252,
    0.8796357125540872,
    0.6310800559333525,
    0.5667401907262186,
    0.5616607666058518,
    0.4667062915672132,
    0.4874072155666331,
    0.4725301212624507,
    0.4234669123361887,
    0.40567295669538356,
    0.40568276676324355,
    0.3725499368633086,
    0.33188930732686744,
    0.31376658280013986,
    0.29480605934505694,
    0.27497750664612125,
    0.26733282573301737,
    0.2635198489050671,
    0.24705641328712785,
    0.23752899858713475,
    0.23073163619483242,
    0.21116256124027186,
    0.2094001866077614,
    0.21179997068937104,
    0.20899464582375693,
    0.1938152930085237,
    0.1785523850275414,
    0.16810815976753288,
    0.1487132049655665,
    0.13836709386430443,
    0.1359038355417575,
    0.13628916161412058,
    0.13852166012232828,
    0.1396273155032833,
    0.13830586761897057,
    0.14212741405141283,
    0.14963490403546123,
    0.1501848264644857,
    0.1457557578069727,
    0.14155076672475625,
    0.14355220697108162,
    0.14286674384383202,
    0.14260276909361533,
    0.1415431921869879,
    0.1347379036135274,
    0.13249093206637436,
    0.12194486111116863,
    0.1125161090524393,
    0.10675471867076748,
    0.1053121186226009,
    0.103190186159806,
    0.09812751670188023,
    0.0914317866415971,
    0.08785387457797775,
    0.08241075132341358,
    0.07605447244036667,
    0.07245534980116924,
    0.07277963371191862,
    0.07504799252603157,
    0.07678882117372889,
    0.0771345859152502
  ]
}