delta,transformedValue,naturalValue,delta2,transformedValue2,naturalValue2,delta3,transformedValue3,naturalValue3,loss
-0.5,-0.22833744,-0.22833744,-0.47,-0.1787464,-0.1787464,-1.0,-1.50629,0.22173108,1.8354262
-0.5,-0.22833744,-0.22833744,-0.47,-0.1787464,-0.1787464,-0.75,-1.25629,0.28470835,2.2881942
-0.5,-0.22833744,-0.22833744,-0.47,-0.1787464,-0.1787464,-0.5,-1.00629,0.36557275,2.8871505
-0.5,-0.22833744,-0.22833744,-0.47,-0.1787464,-0.1787464,-0.25,-0.75629,0.4694047,3.6645243
-0.5,-0.22833744,-0.22833744,-0.47,-0.1787464,-0.1787464,0.0,-0.50629,0.60272753,4.621096
-0.5,-0.22833744,-0.22833744,-0.47,-0.1787464,-0.1787464,0.25,-0.25629002,0.7739175,5.688968
-0.5,-0.22833744,-0.22833744,-0.47,-0.1787464,-0.1787464,0.5,-0.0062900186,0.9937297,6.871263
-0.5,-0.22833744,-0.22833744,-0.47,-0.1787464,-0.1787464,0.75,0.24370998,1.2759743,8.175176
-0.5,-0.22833744,-0.22833744,-0.47,-0.1787464,-0.1787464,1.0,0.49370998,1.6383834,9.613234
-0.5,-0.22833744,-0.22833744,-0.4553125,-0.1640589,-0.1640589,-1.0,-1.50629,0.22173108,1.8354262
-0.5,-0.22833744,-0.22833744,-0.4553125,-0.1640589,-0.1640589,-0.75,-1.25629,0.28470835,2.2881942
-0.5,-0.22833744,-0.22833744,-0.4553125,-0.1640589,-0.1640589,-0.5,-1.00629,0.36557275,2.8871505
-0.5,-0.22833744,-0.22833744,-0.4553125,-0.1640589,-0.1640589,-0.25,-0.75629,0.4694047,3.6645243
-0.5,-0.22833744,-0.22833744,-0.4553125,-0.1640589,-0.1640589,0.0,-0.50629,0.60272753,4.621096
-0.5,-0.22833744,-0.22833744,-0.4553125,-0.1640589,-0.1640589,0.25,-0.25629002,0.7739175,5.688968
-0.5,-0.22833744,-0.22833744,-0.4553125,-0.1640589,-0.1640589,0.5,-0.0062900186,0.9937297,6.871263
-0.5,-0.22833744,-0.22833744,-0.4553125,-0.1640589,-0.1640589,0.75,0.24370998,1.2759743,8.175176
-0.5,-0.22833744,-0.22833744,-0.4553125,-0.1640589,-0.1640589,1.0,0.49370998,1.6383834,9.613234
-0.5,-0.22833744,-0.22833744,-0.440625,-0.14937142,-0.14937142,-1.0,-1.50629,0.22173108,1.8354262
-0.5,-0.22833744,-0.22833744,-0.440625,-0.14937142,-0.14937142,-0.75,-1.25629,0.28470835,2.2881942
-0.5,-0.22833744,-0.22833744,-0.440625,-0.14937142,-0.14937142,-0.5,-1.00629,0.36557275,2.8871505
-0.5,-0.22833744,-0.22833744,-0.440625,-0.14937142,-0.14937142,-0.25,-0.75629,0.4694047,3.6645243
-0.5,-0.22833744,-0.22833744,-0.440625,-0.14937142,-0.14937142,0.0,-0.50629,0.60272753,4.621096
-0.5,-0.22833744,-0.22833744,-0.440625,-0.14937142,-0.14937142,0.25,-0.25629002,0.7739175,5.688968
-0.5,-0.22833744,-0.22833744,-0.440625,-0.14937142,-0.14937142,0.5,-0.0062900186,0.9937297,6.871263
-0.5,-0.22833744,-0.22833744,-0.440625,-0.14937142,-0.14937142,0.75,0.24370998,1.2759743,8.175176
-0.5,-0.22833744,-0.22833744,-0.440625,-0.14937142,-0.14937142,1.0,0.49370998,1.6383834,9.613234
-0.5,-0.22833744,-0.22833744,-0.4259375,-0.1346839,-0.1346839,-1.0,-1.50629,0.22173108,1.8354262
-0.5,-0.22833744,-0.22833744,-0.4259375,-0.1346839,-0.1346839,-0.75,-1.25629,0.28470835,2.2881942
-0.5,-0.22833744,-0.22833744,-0.4259375,-0.1346839,-0.1346839,-0.5,-1.00629,0.36557275,2.8871505
-0.5,-0.22833744,-0.22833744,-0.4259375,-0.1346839,-0.1346839,-0.25,-0.75629,0.4694047,3.6645243
-0.5,-0.22833744,-0.22833744,-0.4259375,-0.1346839,-0.1346839,0.0,-0.50629,0.60272753,4.621096
-0.5,-0.22833744,-0.22833744,-0.4259375,-0.1346839,-0.1346839,0.25,-0.25629002,0.7739175,5.688968
-0.5,-0.22833744,-0.22833744,-0.4259375,-0.1346839,-0.1346839,0.5,-0.0062900186,0.9937297,6.871263
-0.5,-0.22833744,-0.22833744,-0.4259375,-0.1346839,-0.1346839,0.75,0.24370998,1.2759743,8.175176
-0.5,-0.22833744,-0.22833744,-0.4259375,-0.1346839,-0.1346839,1.0,0.49370998,1.6383834,9.613234
-0.5,-0.22833744,-0.22833744,-0.41125,-0.1199964,-0.1199964,-1.0,-1.50629,0.22173108,1.8354262
-0.5,-0.22833744,-0.22833744,-0.41125,-0.1199964,-0.1199964,-0.75,-1.25629,0.28470835,2.2881942
-0.5,-0.22833744,-0.22833744,-0.41125,-0.1199964,-0.1199964,-0.5,-1.00629,0.36557275,2.8871505
-0.5,-0.22833744,-0.22833744,-0.41125,-0.1199964,-0.1199964,-0.25,-0.75629,0.4694047,3.6645243
-0.5,-0.22833744,-0.22833744,-0.41125,-0.1199964,-0.1199964,0.0,-0.50629,0.60272753,4.621096
-0.5,-0.22833744,-0.22833744,-0.41125,-0.1199964,-0.1199964,0.25,-0.25629002,0.7739175,5.688968
-0.5,-0.22833744,-0.22833744,-0.41125,-0.1199964,-0.1199964,0.5,-0.0062900186,0.9937297,6.871263
-0.5,-0.22833744,-0.22833744,-0.41125,-0.1199964,-0.1199964,0.75,0.24370998,1.2759743,8.175176
-0.5,-0.22833744,-0.22833744,-0.41125,-0.1199964,-0.1199964,1.0,0.49370998,1.6383834,9.613234
-0.5,-0.22833744,-0.22833744,-0.39656252,-0.10530892,-0.10530892,-1.0,-1.50629,0.22173108,1.8354262
-0.5,-0.22833744,-0.22833744,-0.39656252,-0.10530892,-0.10530892,-0.75,-1.25629,0.28470835,2.2881942
-0.5,-0.22833744,-0.22833744,-0.39656252,-0.10530892,-0.10530892,-0.5,-1.00629,0.36557275,2.8871505
-0.5,-0.22833744,-0.22833744,-0.39656252,-0.10530892,-0.10530892,-0.25,-0.75629,0.4694047,3.6645243
-0.5,-0.22833744,-0.22833744,-0.39656252,-0.10530892,-0.10530892,0.0,-0.50629,0.60272753,4.621096
-0.5,-0.22833744,-0.22833744,-0.39656252,-0.10530892,-0.10530892,0.25,-0.25629002,0.7739175,5.688968
-0.5,-0.22833744,-0.22833744,-0.39656252,-0.10530892,-0.10530892,0.5,-0.0062900186,0.9937297,6.871263
-0.5,-0.22833744,-0.22833744,-0.39656252,-0.10530892,-0.10530892,0.75,0.24370998,1.2759743,8.175176
-0.5,-0.22833744,-0.22833744,-0.39656252,-0.10530892,-0.10530892,1.0,0.49370998,1.6383834,9.613234
-0.5,-0.22833744,-0.22833744,-0.381875,-0.09062141,-0.09062141,-1.0,-1.50629,0.22173108,1.8354262
-0.5,-0.22833744,-0.22833744,-0.381875,-0.09062141,-0.09062141,-0.75,-1.25629,0.28470835,2.2881942
-0.5,-0.22833744,-0.22833744,-0.381875,-0.09062141,-0.09062141,-0.5,-1.00629,0.36557275,2.8871505
-0.5,-0.22833744,-0.22833744,-0.381875,-0.09062141,-0.09062141,-0.25,-0.75629,0.4694047,3.6645243
-0.5,-0.22833744,-0.22833744,-0.381875,-0.09062141,-0.09062141,0.0,-0.50629,0.60272753,4.621096
-0.5,-0.22833744,-0.22833744,-0.381875,-0.09062141,-0.09062141,0.25,-0.25629002,0.7739175,5.688968
-0.5,-0.22833744,-0.22833744,-0.381875,-0.09062141,-0.09062141,0.5,-0.0062900186,0.9937297,6.871263
-0.5,-0.22833744,-0.22833744,-0.381875,-0.09062141,-0.09062141,0.75,0.24370998,1.2759743,8.175176
-0.5,-0.22833744,-0.22833744,-0.381875,-0.09062141,-0.09062141,1.0,0.49370998,1.6383834,9.613234
-0.5,-0.22833744,-0.22833744,-0.3671875,-0.0759339,-0.0759339,-1.0,-1.50629,0.22173108,1.8354262
-0.5,-0.22833744,-0.22833744,-0.3671875,-0.0759339,-0.0759339,-0.75,-1.25629,0.28470835,2.2881942
-0.5,-0.22833744,-0.22833744,-0.3671875,-0.0759339,-0.0759339,-0.5,-1.00629,0.36557275,2.8871505
-0.5,-0.22833744,-0.22833744,-0.3671875,-0.0759339,-0.0759339,-0.25,-0.75629,0.4694047,3.6645243
-0.5,-0.22833744,-0.22833744,-0.3671875,-0.0759339,-0.0759339,0.0,-0.50629,0.60272753,4.621096
-0.5,-0.22833744,-0.22833744,-0.3671875,-0.0759339,-0.0759339,0.25,-0.25629002,0.7739175,5.688968
-0.5,-0.22833744,-0.22833744,-0.3671875,-0.0759339,-0.0759339,0.5,-0.0062900186,0.9937297,6.871263
-0.5,-0.22833744,-0.22833744,-0.3671875,-0.0759339,-0.0759339,0.75,0.24370998,1.2759743,8.175176
-0.5,-0.22833744,-0.22833744,-0.3671875,-0.0759339,-0.0759339,1.0,0.49370998,1.6383834,9.613234
-0.5,-0.22833744,-0.22833744,-0.3525,-0.061246395,-0.061246395,-1.0,-1.50629,0.22173108,1.8354262
-0.5,-0.22833744,-0.22833744,-0.3525,-0.061246395,-0.061246395,-0.75,-1.25629,0.28470835,2.2881942
-0.5,-0.22833744,-0.22833744,-0.3525,-0.061246395,-0.061246395,-0.5,-1.00629,0.36557275,2.8871505
-0.5,-0.22833744,-0.22833744,-0.3525,-0.061246395,-0.061246395,-0.25,-0.75629,0.4694047,3.6645243
-0.5,-0.22833744,-0.22833744,-0.3525,-0.061246395,-0.061246395,0.0,-0.50629,0.60272753,4.621096
-0.5,-0.22833744,-0.22833744,-0.3525,-0.061246395,-0.061246395,0.25,-0.25629002,0.7739175,5.688968
-0.5,-0.22833744,-0.22833744,-0.3525,-0.061246395,-0.061246395,0.5,-0.0062900186,0.9937297,6.871263
-0.5,-0.22833744,-0.22833744,-0.3525,-0.061246395,-0.061246395,0.75,0.24370998,1.2759743,8.175176
-0.5,-0.22833744,-0.22833744,-0.3525,-0.061246395,-0.061246395,1.0,0.49370998,1.6383834,9.613234
-0.5,-0.22833744,-0.22833744,-0.33781248,-0.046558887,-0.046558887,-1.0,-1.50629,0.22173108,1.8354262
-0.5,-0.22833744,-0.22833744,-0.33781248,-0.046558887,-0.046558887,-0.75,-1.25629,0.28470835,2.2881942
-0.5,-0.22833744,-0.22833744,-0.33781248,-0.046558887,-0.046558887,-0.5,-1.00629,0.36557275,2.8871505
-0.5,-0.22833744,-0.22833744,-0.33781248,-0.046558887,-0.046558887,-0.25,-0.75629,0.4694047,3.6645243
-0.5,-0.22833744,-0.22833744,-0.33781248,-0.046558887,-0.046558887,0.0,-0.50629,0.60272753,4.621096
-0.5,-0.22833744,-0.22833744,-0.33781248,-0.046558887,-0.046558887,0.25,-0.25629002,0.7739175,5.688968
-0.5,-0.22833744,-0.22833744,-0.33781248,-0.046558887,-0.046558887,0.5,-0.0062900186,0.9937297,6.871263
-0.5,-0.22833744,-0.22833744,-0.33781248,-0.046558887,-0.046558887,0.75,0.24370998,1.2759743,8.175176
-0.5,-0.22833744,-0.22833744,-0.33781248,-0.046558887,-0.046558887,1.0,0.49370998,1.6383834,9.613234
-0.5,-0.22833744,-0.22833744,-0.323125,-0.03187141,-0.03187141,-1.0,-1.50629,0.22173108,1.8354262
-0.5,-0.22833744,-0.22833744,-0.323125,-0.03187141,-0.03187141,-0.75,-1.25629,0.28470835,2.2881942
-0.5,-0.22833744,-0.22833744,-0.323125,-0.03187141,-0.03187141,-0.5,-1.00629,0.36557275,2.8871505
-0.5,-0.22833744,-0.22833744,-0.323125,-0.03187141,-0.03187141,-0.25,-0.75629,0.4694047,3.6645243
-0.5,-0.22833744,-0.22833744,-0.323125,-0.03187141,-0.03187141,0.0,-0.50629,0.60272753,4.621096
-0.5,-0.22833744,-0.22833744,-0.323125,-0.03187141,-0.03187141,0.25,-0.25629002,0.7739175,5.688968
-0.5,-0.22833744,-0.22833744,-0.323125,-0.03187141,-0.03187141,0.5,-0.0062900186,0.9937297,6.871263
-0.5,-0.22833744,-0.22833744,-0.323125,-0.03187141,-0.03187141,0.75,0.24370998,1.2759743,8.175176
-0.5,-0.22833744,-0.22833744,-0.323125,-0.03187141,-0.03187141,1.0,0.49370998,1.6383834,9.613234
-0.5,-0.22833744,-0.22833744,-0.3084375,-0.0171839,-0.0171839,-1.0,-1.50629,0.22173108,1.8354262
-0.5,-0.22833744,-0.22833744,-0.3084375,-0.0171839,-0.0171839,-0.75,-1.25629,0.28470835,2.2881942
-0.5,-0.22833744,-0.22833744,-0.3084375,-0.0171839,-0.0171839,-0.5,-1.00629,0.36557275,2.8871505
-0.5,-0.22833744,-0.22833744,-0.3084375,-0.0171839,-0.0171839,-0.25,-0.75629,0.4694047,3.6645243
-0.5,-0.22833744,-0.22833744,-0.3084375,-0.0171839,-0.0171839,0.0,-0.50629,0.60272753,4.621096
-0.5,-0.22833744,-0.22833744,-0.3084375,-0.0171839,-0.0171839,0.25,-0.25629002,0.7739175,5.688968
-0.5,-0.22833744,-0.22833744,-0.3084375,-0.0171839,-0.0171839,0.5,-0.0062900186,0.9937297,6.871263
-0.5,-0.22833744,-0.22833744,-0.3084375,-0.0171839,-0.0171839,0.75,0.24370998,1.2759743,8.175176
-0.5,-0.22833744,-0.22833744,-0.3084375,-0.0171839,-0.0171839,1.0,0.49370998,1.6383834,9.613234
-0.5,-0.22833744,-0.22833744,-0.29375,-0.0024963915,-0.0024963915,-1.0,-1.50629,0.22173108,1.8354262
-0.5,-0.22833744,-0.22833744,-0.29375,-0.0024963915,-0.0024963915,-0.75,-1.25629,0.28470835,2.2881942
-0.5,-0.22833744,-0.22833744,-0.29375,-0.0024963915,-0.0024963915,-0.5,-1.00629,0.36557275,2.8871505
-0.5,-0.22833744,-0.22833744,-0.29375,-0.0024963915,-0.0024963915,-0.25,-0.75629,0.4694047,3.6645243
-0.5,-0.22833744,-0.22833744,-0.29375,-0.0024963915,-0.0024963915,0.0,-0.50629,0.60272753,4.621096
-0.5,-0.22833744,-0.22833744,-0.29375,-0.0024963915,-0.0024963915,0.25,-0.25629002,0.7739175,5.688968
-0.5,-0.22833744,-0.22833744,-0.29375,-0.0024963915,-0.0024963915,0.5,-0.0062900186,0.9937297,6.871263
-0.5,-0.22833744,-0.22833744,-0.29375,-0.0024963915,-0.0024963915,0.75,0.24370998,1.2759743,8.175176
-0.5,-0.22833744,-0.22833744,-0.29375,-0.0024963915,-0.0024963915,1.0,0.49370998,1.6383834,9.613234
-0.5,-0.22833744,-0.22833744,-0.2790625,0.012191087,0.012191087,-1.0,-1.50629,0.22173108,1.8294011
-0.5,-0.22833744,-0.22833744,-0.2790625,0.012191087,0.012191087,-0.75,-1.25629,0.28470835,2.2798595
-0.5,-0.22833744,-0.22833744,-0.2790625,0.012191087,0.012191087,-0.5,-1.00629,0.36557275,2.876053
-0.5,-0.22833744,-0.22833744,-0.2790625,0.012191087,0.012191087,-0.25,-0.75629,0.4694047,3.650014
-0.5,-0.22833744,-0.22833744,-0.2790625,0.012191087,0.012191087,0.0,-0.50629,0.60272753,4.602506
-0.5,-0.22833744,-0.22833744,-0.2790625,0.012191087,0.012191087,0.25,-0.25629002,0.7739175,5.666114
-0.5,-0.22833744,-0.22833744,-0.2790625,0.012191087,0.012191087,0.5,-0.0062900186,0.9937297,6.8432493
-0.5,-0.22833744,-0.22833744,-0.2790625,0.012191087,0.012191087,0.75,0.24370998,1.2759743,8.141393
-0.5,-0.22833744,-0.22833744,-0.2790625,0.012191087,0.012191087,1.0,0.49370998,1.6383834,9.572986
-0.5,-0.22833744,-0.22833744,-0.264375,0.026878595,0.026878595,-1.0,-1.50629,0.22173108,1.8246981
-0.5,-0.22833744,-0.22833744,-0.264375,0.026878595,0.026878595,-0.75,-1.25629,0.28470835,2.2829657
-0.5,-0.22833744,-0.22833744,-0.264375,0.026878595,0.026878595,-0.5,-1.00629,0.36557275,2.885285
-0.5,-0.22833744,-0.22833744,-0.264375,0.026878595,0.026878595,-0.25,-0.75629,0.4694047,3.6662362
-0.5,-0.22833744,-0.22833744,-0.264375,0.026878595,0.026878595,0.0,-0.50629,0.60272753,4.625068
-0.5,-0.22833744,-0.22833744,-0.264375,0.026878595,0.026878595,0.25,-0.25629002,0.7739175,5.693465
-0.5,-0.22833744,-0.22833744,-0.264375,0.026878595,0.026878595,0.5,-0.0062900186,0.9937297,6.874683
-0.5,-0.22833744,-0.22833744,-0.264375,0.026878595,0.026878595,0.75,0.24370998,1.2759743,8.177427
-0.5,-0.22833744,-0.22833744,-0.264375,0.026878595,0.026878595,1.0,0.49370998,1.6383834,9.613789
-0.5,-0.22833744,-0.22833744,-0.2496875,0.041566104,0.041566104,-1.0,-1.50629,0.22173108,1.7983272
-0.5,-0.22833744,-0.22833744,-0.2496875,0.041566104,0.041566104,-0.75,-1.25629,0.28470835,2.263359
-0.5,-0.22833744,-0.22833744,-0.2496875,0.041566104,0.041566104,-0.5,-1.00629,0.36557275,2.8716226
-0.5,-0.22833744,-0.22833744,-0.2496875,0.041566104,0.041566104,-0.25,-0.75629,0.4694047,3.6567655
-0.5,-0.22833744,-0.22833744,-0.2496875,0.041566104,0.041566104,0.0,-0.50629,0.60272753,4.6173577
-0.5,-0.22833744,-0.22833744,-0.2496875,0.041566104,0.041566104,0.25,-0.25629002,0.7739175,5.686981
-0.5,-0.22833744,-0.22833744,-0.2496875,0.041566104,0.041566104,0.5,-0.0062900186,0.9937297,6.868235
-0.5,-0.22833744,-0.22833744,-0.2496875,0.041566104,0.041566104,0.75,0.24370998,1.2759743,8.169022
-0.5,-0.22833744,-0.22833744,-0.2496875,0.041566104,0.041566104,1.0,0.49370998,1.6383834,9.60177
-0.5,-0.22833744,-0.22833744,-0.235,0.056253597,0.056253597,-1.0,-1.50629,0.22173108,1.7758743
-0.5,-0.22833744,-0.22833744,-0.235,0.056253597,0.056253597,-0.75,-1.25629,0.28470835,2.2737272
-0.5,-0.22833744,-0.22833744,-0.235,0.056253597,0.056253597,-0.5,-1.00629,0.36557275,2.9106283
-0.5,-0.22833744,-0.22833744,-0.235,0.056253597,0.056253597,-0.25,-0.75629,0.4694047,3.7208307
-0.5,-0.22833744,-0.22833744,-0.235,0.056253597,0.056253597,0.0,-0.50629,0.60272753,4.7028794
-0.5,-0.22833744,-0.22833744,-0.235,0.056253597,0.056253597,0.25,-0.25629002,0.7739175,5.791313
-0.5,-0.22833744,-0.22833744,-0.235,0.056253597,0.056253597,0.5,-0.0062900186,0.9937297,6.9901385
-0.5,-0.22833744,-0.22833744,-0.235,0.056253597,0.056253597,0.75,0.24370998,1.2759743,8.308212
-0.5,-0.22833744,-0.22833744,-0.235,0.056253597,0.056253597,1.0,0.49370998,1.6383834,9.758409
-0.5,-0.22833744,-0.22833744,-0.2203125,0.07094109,0.07094109,-1.0,-1.50629,0.22173108,1.6561329
-0.5,-0.22833744,-0.22833744,-0.2203125,0.07094109,0.07094109,-0.75,-1.25629,0.28470835,2.188229
-0.5,-0.22833744,-0.22833744,-0.2203125,0.07094109,0.07094109,-0.5,-1.00629,0.36557275,2.8479698
-0.5,-0.22833744,-0.22833744,-0.2203125,0.07094109,0.07094109,-0.25,-0.75629,0.4694047,3.6740227
-0.5,-0.22833744,-0.22833744,-0.2203125,0.07094109,0.07094109,0.0,-0.50629,0.60272753,4.6662583
-0.5,-0.22833744,-0.22833744,-0.2203125,0.07094109,0.07094109,0.25,-0.25629002,0.7739175,5.760454
-0.5,-0.22833744,-0.22833744,-0.2203125,0.07094109,0.07094109,0.5,-0.0062900186,0.9937297,6.9613786
-0.5,-0.22833744,-0.22833744,-0.2203125,0.07094109,0.07094109,0.75,0.24370998,1.2759743,8.278854
-0.5,-0.22833744,-0.22833744,-0.2203125,0.07094109,0.07094109,1.0,0.49370998,1.6383834,9.726534
-0.5,-0.22833744,-0.22833744,-0.205625,0.0856286,0.0856286,-1.0,-1.50629,0.22173108,1.6222447
-0.5,-0.22833744,-0.22833744,-0.205625,0.0856286,0.0856286,-0.75,-1.25629,0.28470835,2.1877434
-0.5,-0.22833744,-0.22833744,-0.205625,0.0856286,0.0856286,-0.5,-1.00629,0.36557275,2.8724937
-0.5,-0.22833744,-0.22833744,-0.205625,0.0856286,0.0856286,-0.25,-0.75629,0.4694047,3.7204397
-0.5,-0.22833744,-0.22833744,-0.205625,0.0856286,0.0856286,0.0,-0.50629,0.60272753,4.7319336
-0.5,-0.22833744,-0.22833744,-0.205625,0.0856286,0.0856286,0.25,-0.25629002,0.7739175,5.843952
-0.5,-0.22833744,-0.22833744,-0.205625,0.0856286,0.0856286,0.5,-0.0062900186,0.9937297,7.0614104
-0.5,-0.22833744,-0.22833744,-0.205625,0.0856286,0.0856286,0.75,0.24370998,1.2759743,8.394246
-0.5,-0.22833744,-0.22833744,-0.205625,0.0856286,0.0856286,1.0,0.49370998,1.6383834,9.8558855
-0.5,-0.22833744,-0.22833744,-0.19093749,0.10031611,0.10031611,-1.0,-1.50629,0.22173108,1.7478915
-0.5,-0.22833744,-0.22833744,-0.19093749,0.10031611,0.10031611,-0.75,-1.25629,0.28470835,2.291784
-0.5,-0.22833744,-0.22833744,-0.19093749,0.10031611,0.10031611,-0.5,-1.00629,0.36557275,2.9601598
-0.5,-0.22833744,-0.22833744,-0.19093749,0.10031611,0.10031611,-0.25,-0.75629,0.4694047,3.7977068
-0.5,-0.22833744,-0.22833744,-0.19093749,0.10031611,0.10031611,0.0,-0.50629,0.60272753,4.7991834
-0.5,-0.22833744,-0.22833744,-0.19093749,0.10031611,0.10031611,0.25,-0.25629002,0.7739175,5.9054685
-0.5,-0.22833744,-0.22833744,-0.19093749,0.10031611,0.10031611,0.5,-0.0062900186,0.9937297,7.1197486
-0.5,-0.22833744,-0.22833744,-0.19093749,0.10031611,0.10031611,0.75,0.24370998,1.2759743,8.451181
-0.5,-0.22833744,-0.22833744,-0.19093749,0.10031611,0.10031611,1.0,0.49370998,1.6383834,9.912956
-0.5,-0.22833744,-0.22833744,-0.17625001,0.115003586,0.115003586,-1.0,-1.50629,0.22173108,1.9504434
-0.5,-0.22833744,-0.22833744,-0.17625001,0.115003586,0.115003586,-0.75,-1.25629,0.28470835,2.4673014
-0.5,-0.22833744,-0.22833744,-0.17625001,0.115003586,0.115003586,-0.5,-1.00629,0.36557275,3.1168804
-0.5,-0.22833744,-0.22833744,-0.17625001,0.115003586,0.115003586,-0.25,-0.75629,0.4694047,3.9436383
-0.5,-0.22833744,-0.22833744,-0.17625001,0.115003586,0.115003586,0.0,-0.50629,0.60272753,4.9377127
-0.5,-0.22833744,-0.22833744,-0.17625001,0.115003586,0.115003586,0.25,-0.25629002,0.7739175,6.0416446
-0.5,-0.22833744,-0.22833744,-0.17625001,0.115003586,0.115003586,0.5,-0.0062900186,0.9937297,7.2564554
-0.5,-0.22833744,-0.22833744,-0.17625001,0.115003586,0.115003586,0.75,0.24370998,1.2759743,8.590401
-0.5,-0.22833744,-0.22833744,-0.17625001,0.115003586,0.115003586,1.0,0.49370998,1.6383834,10.056086
-0.5,-0.22833744,-0.22833744,-0.1615625,0.1296911,0.1296911,-1.0,-1.50629,0.22173108,2.0742419
-0.5,-0.22833744,-0.22833744,-0.1615625,0.1296911,0.1296911,-0.75,-1.25629,0.28470835,2.5829005
-0.5,-0.22833744,-0.22833744,-0.1615625,0.1296911,0.1296911,-0.5,-1.00629,0.36557275,3.2255003
-0.5,-0.22833744,-0.22833744,-0.1615625,0.1296911,0.1296911,-0.25,-0.75629,0.4694047,4.048082
-0.5,-0.22833744,-0.22833744,-0.1615625,0.1296911,0.1296911,0.0,-0.50629,0.60272753,5.040511
-0.5,-0.22833744,-0.22833744,-0.1615625,0.1296911,0.1296911,0.25,-0.25629002,0.7739175,6.1434236
-0.5,-0.22833744,-0.22833744,-0.1615625,0.1296911,0.1296911,0.5,-0.0062900186,0.9937297,7.3603196
-0.5,-0.22833744,-0.22833744,-0.1615625,0.1296911,0.1296911,0.75,0.24370998,1.2759743,8.697207
-0.5,-0.22833744,-0.22833744,-0.1615625,0.1296911,0.1296911,1.0,0.49370998,1.6383834,10.166605
-0.5,-0.22833744,-0.22833744,-0.146875,0.1443786,0.1443786,-1.0,-1.50629,0.22173108,2.1590438
-0.5,-0.22833744,-0.22833744,-0.146875,0.1443786,0.1443786,-0.75,-1.25629,0.28470835,2.6673198
-0.5,-0.22833744,-0.22833744,-0.146875,0.1443786,0.1443786,-0.5,-1.00629,0.36557275,3.3096435
-0.5,-0.22833744,-0.22833744,-0.146875,0.1443786,0.1443786,-0.25,-0.75629,0.4694047,4.1341324
-0.5,-0.22833744,-0.22833744,-0.146875,0.1443786,0.1443786,0.0,-0.50629,0.60272753,5.126952
-0.5,-0.22833744,-0.22833744,-0.146875,0.1443786,0.1443786,0.25,-0.25629002,0.7739175,6.2319827
-0.5,-0.22833744,-0.22833744,-0.146875,0.1443786,0.1443786,0.5,-0.0062900186,0.9937297,7.4504375
-0.5,-0.22833744,-0.22833744,-0.146875,0.1443786,0.1443786,0.75,0.24370998,1.2759743,8.790758
-0.5,-0.22833744,-0.22833744,-0.146875,0.1443786,0.1443786,1.0,0.49370998,1.6383834,10.264028
-0.5,-0.22833744,-0.22833744,-0.13218749,0.15906611,0.15906611,-1.0,-1.50629,0.22173108,2.2254593
-0.5,-0.22833744,-0.22833744,-0.13218749,0.15906611,0.15906611,-0.75,-1.25629,0.28470835,2.7427151
-0.5,-0.22833744,-0.22833744,-0.13218749,0.15906611,0.15906611,-0.5,-1.00629,0.36557275,3.3944495
-0.5,-0.22833744,-0.22833744,-0.13218749,0.15906611,0.15906611,-0.25,-0.75629,0.4694047,4.228545
-0.5,-0.22833744,-0.22833744,-0.13218749,0.15906611,0.15906611,0.0,-0.50629,0.60272753,5.228808
-0.5,-0.22833744,-0.22833744,-0.13218749,0.15906611,0.15906611,0.25,-0.25629002,0.7739175,6.342653
-0.5,-0.22833744,-0.22833744,-0.13218749,0.15906611,0.15906611,0.5,-0.0062900186,0.9937297,7.569832
-0.5,-0.22833744,-0.22833744,-0.13218749,0.15906611,0.15906611,0.75,0.24370998,1.2759743,8.917902
-0.5,-0.22833744,-0.22833744,-0.13218749,0.15906611,0.15906611,1.0,0.49370998,1.6383834,10.399572
-0.5,-0.22833744,-0.22833744,-0.11750001,0.17375359,0.17375359,-1.0,-1.50629,0.22173108,2.320817
-0.5,-0.22833744,-0.22833744,-0.11750001,0.17375359,0.17375359,-0.75,-1.25629,0.28470835,2.8498664
-0.5,-0.22833744,-0.22833744,-0.11750001,0.17375359,0.17375359,-0.5,-1.00629,0.36557275,3.5125144
-0.5,-0.22833744,-0.22833744,-0.11750001,0.17375359,0.17375359,-0.25,-0.75629,0.4694047,4.3591757
-0.5,-0.22833744,-0.22833744,-0.11750001,0.17375359,0.17375359,0.0,-0.50629,0.60272753,5.370989
-0.5,-0.22833744,-0.22833744,-0.11750001,0.17375359,0.17375359,0.25,-0.25629002,0.7739175,6.4980426
-0.5,-0.22833744,-0.22833744,-0.11750001,0.17375359,0.17375359,0.5,-0.0062900186,0.9937297,7.7406316
-0.5,-0.22833744,-0.22833744,-0.11750001,0.17375359,0.17375359,0.75,0.24370998,1.2759743,9.104083
-0.5,-0.22833744,-0.22833744,-0.11750001,0.17375359,0.17375359,1.0,0.49370998,1.6383834,10.600015
-0.5,-0.22833744,-0.22833744,-0.1028125,0.1884411,0.1884411,-1.0,-1.50629,0.22173108,2.3513455
-0.5,-0.22833744,-0.22833744,-0.1028125,0.1884411,0.1884411,-0.75,-1.25629,0.28470835,2.8926685
-0.5,-0.22833744,-0.22833744,-0.1028125,0.1884411,0.1884411,-0.5,-1.00629,0.36557275,3.5691304
-0.5,-0.22833744,-0.22833744,-0.1028125,0.1884411,0.1884411,-0.25,-0.75629,0.4694047,4.434772
-0.5,-0.22833744,-0.22833744,-0.1028125,0.1884411,0.1884411,0.0,-0.50629,0.60272753,5.463573
-0.5,-0.22833744,-0.22833744,-0.1028125,0.1884411,0.1884411,0.25,-0.25629002,0.7739175,6.606638
-0.5,-0.22833744,-0.22833744,-0.1028125,0.1884411,0.1884411,0.5,-0.0062900186,0.9937297,7.8639708
-0.5,-0.22833744,-0.22833744,-0.1028125,0.1884411,0.1884411,0.75,0.24370998,1.2759743,9.241977
-0.5,-0.22833744,-0.22833744,-0.1028125,0.1884411,0.1884411,1.0,0.49370998,1.6383834,10.751216
-0.5,-0.22833744,-0.22833744,-0.08812499,0.2031286,0.2031286,-1.0,-1.50629,0.22173108,2.4767976
-0.5,-0.22833744,-0.22833744,-0.08812499,0.2031286,0.2031286,-0.75,-1.25629,0.28470835,3.030717
-0.5,-0.22833744,-0.22833744,-0.08812499,0.2031286,0.2031286,-0.5,-1.00629,0.36557275,3.706224
-0.5,-0.22833744,-0.22833744,-0.08812499,0.2031286,0.2031286,-0.25,-0.75629,0.4694047,4.564523
-0.5,-0.22833744,-0.22833744,-0.08812499,0.2031286,0.2031286,0.0,-0.50629,0.60272753,5.583954
-0.5,-0.22833744,-0.22833744,-0.08812499,0.2031286,0.2031286,0.25,-0.25629002,0.7739175,6.7195425
-0.5,-0.22833744,-0.22833744,-0.08812499,0.2031286,0.2031286,0.5,-0.0062900186,0.9937297,7.97383
-0.5,-0.22833744,-0.22833744,-0.08812499,0.2031286,0.2031286,0.75,0.24370998,1.2759743,9.350911
-0.5,-0.22833744,-0.22833744,-0.08812499,0.2031286,0.2031286,1.0,0.49370998,1.6383834,10.861484
-0.5,-0.22833744,-0.22833744,-0.07343751,0.21781608,0.21781608,-1.0,-1.50629,0.22173108,2.5873024
-0.5,-0.22833744,-0.22833744,-0.07343751,0.21781608,0.21781608,-0.75,-1.25629,0.28470835,3.1466632
-0.5,-0.22833744,-0.22833744,-0.07343751,0.21781608,0.21781608,-0.5,-1.00629,0.36557275,3.8271213
-0.5,-0.22833744,-0.22833744,-0.07343751,0.21781608,0.21781608,-0.25,-0.75629,0.4694047,4.6915545
-0.5,-0.22833744,-0.22833744,-0.07343751,0.21781608,0.21781608,0.0,-0.50629,0.60272753,5.712433
-0.5,-0.22833744,-0.22833744,-0.07343751,0.21781608,0.21781608,0.25,-0.25629002,0.7739175,6.8503447
-0.5,-0.22833744,-0.22833744,-0.07343751,0.21781608,0.21781608,0.5,-0.0062900186,0.9937297,8.108739
-0.5,-0.22833744,-0.22833744,-0.07343751,0.21781608,0.21781608,0.75,0.24370998,1.2759743,9.493337
-0.5,-0.22833744,-0.22833744,-0.07343751,0.21781608,0.21781608,1.0,0.49370998,1.6383834,11.012555
-0.5,-0.22833744,-0.22833744,-0.058750004,0.2325036,0.2325036,-1.0,-1.50629,0.22173108,2.68083
-0.5,-0.22833744,-0.22833744,-0.058750004,0.2325036,0.2325036,-0.75,-1.25629,0.28470835,3.2480662
-0.5,-0.22833744,-0.22833744,-0.058750004,0.2325036,0.2325036,-0.5,-1.00629,0.36557275,3.9289484
-0.5,-0.22833744,-0.22833744,-0.058750004,0.2325036,0.2325036,-0.25,-0.75629,0.4694047,4.792841
-0.5,-0.22833744,-0.22833744,-0.058750004,0.2325036,0.2325036,0.0,-0.50629,0.60272753,5.810097
-0.5,-0.22833744,-0.22833744,-0.058750004,0.2325036,0.2325036,0.25,-0.25629002,0.7739175,6.9405146
-0.5,-0.22833744,-0.22833744,-0.058750004,0.2325036,0.2325036,0.5,-0.0062900186,0.9937297,8.189937
-0.5,-0.22833744,-0.22833744,-0.058750004,0.2325036,0.2325036,0.75,0.24370998,1.2759743,9.567343
-0.5,-0.22833744,-0.22833744,-0.058750004,0.2325036,0.2325036,1.0,0.49370998,1.6383834,11.082023
-0.5,-0.22833744,-0.22833744,-0.044062495,0.2471911,0.2471911,-1.0,-1.50629,0.22173108,2.8172257
-0.5,-0.22833744,-0.22833744,-0.044062495,0.2471911,0.2471911,-0.75,-1.25629,0.28470835,3.3713787
-0.5,-0.22833744,-0.22833744,-0.044062495,0.2471911,0.2471911,-0.5,-1.00629,0.36557275,4.049519
-0.5,-0.22833744,-0.22833744,-0.044062495,0.2471911,0.2471911,-0.25,-0.75629,0.4694047,4.9148846
-0.5,-0.22833744,-0.22833744,-0.044062495,0.2471911,0.2471911,0.0,-0.50629,0.60272753,5.9299107
-0.5,-0.22833744,-0.22833744,-0.044062495,0.2471911,0.2471911,0.25,-0.25629002,0.7739175,7.060511
-0.5,-0.22833744,-0.22833744,-0.044062495,0.2471911,0.2471911,0.5,-0.0062900186,0.9937297,8.314935
-0.5,-0.22833744,-0.22833744,-0.044062495,0.2471911,0.2471911,0.75,0.24370998,1.2759743,9.701166
-0.5,-0.22833744,-0.22833744,-0.044062495,0.2471911,0.2471911,1.0,0.49370998,1.6383834,11.231322
-0.5,-0.22833744,-0.22833744,-0.029374987,0.2618786,0.2618786,-1.0,-1.50629,0.22173108,2.9773726
-0.5,-0.22833744,-0.22833744,-0.029374987,0.2618786,0.2618786,-0.75,-1.25629,0.28470835,3.4748886
-0.5,-0.22833744,-0.22833744,-0.029374987,0.2618786,0.2618786,-0.5,-1.00629,0.36557275,4.0739193
-0.5,-0.22833744,-0.22833744,-0.029374987,0.2618786,0.2618786,-0.25,-0.75629,0.4694047,4.8515306
-0.5,-0.22833744,-0.22833744,-0.029374987,0.2618786,0.2618786,0.0,-0.50629,0.60272753,5.7766185
-0.5,-0.22833744,-0.22833744,-0.029374987,0.2618786,0.2618786,0.25,-0.25629002,0.7739175,6.819804
-0.5,-0.22833744,-0.22833744,-0.029374987,0.2618786,0.2618786,0.5,-0.0062900186,0.9937297,7.994315
-0.5,-0.22833744,-0.22833744,-0.029374987,0.2618786,0.2618786,0.75,0.24370998,1.2759743,9.312535
-0.5,-0.22833744,-0.22833744,-0.029374987,0.2618786,0.2618786,1.0,0.49370998,1.6383834,10.789102
-0.5,-0.22833744,-0.22833744,-0.014687508,0.2765661,0.2765661,-1.0,-1.50629,0.22173108,2.9227722
-0.5,-0.22833744,-0.22833744,-0.014687508,0.2765661,0.2765661,-0.75,-1.25629,0.28470835,3.4872096
-0.5,-0.22833744,-0.22833744,-0.014687508,0.2765661,0.2765661,-0.5,-1.00629,0.36557275,4.1724
-0.5,-0.22833744,-0.22833744,-0.014687508,0.2765661,0.2765661,-0.25,-0.75629,0.4694047,5.0533285
-0.5,-0.22833744,-0.22833744,-0.014687508,0.2765661,0.2765661,0.0,-0.50629,0.60272753,6.0843725
-0.5,-0.22833744,-0.22833744,-0.014687508,0.2765661,0.2765661,0.25,-0.25629002,0.7739175,7.23323
-0.5,-0.22833744,-0.22833744,-0.014687508,0.2765661,0.2765661,0.5,-0.0062900186,0.9937297,8.510319
-0.5,-0.22833744,-0.22833744,-0.014687508,0.2765661,0.2765661,0.75,0.24370998,1.2759743,9.930344
-0.5,-0.22833744,-0.22833744,-0.014687508,0.2765661,0.2765661,1.0,0.49370998,1.6383834,11.497635
-0.5,-0.22833744,-0.22833744,0.0,0.2912536,0.2912536,-1.0,-1.50629,0.22173108,2.962659
-0.5,-0.22833744,-0.22833744,0.0,0.2912536,0.2912536,-0.75,-1.25629,0.28470835,3.5858545
-0.5,-0.22833744,-0.22833744,0.0,0.2912536,0.2912536,-0.5,-1.00629,0.36557275,4.3177123
-0.5,-0.22833744,-0.22833744,0.0,0.2912536,0.2912536,-0.25,-0.75629,0.4694047,5.2383757
-0.5,-0.22833744,-0.22833744,0.0,0.2912536,0.2912536,0.0,-0.50629,0.60272753,6.310537
-0.5,-0.22833744,-0.22833744,0.0,0.2912536,0.2912536,0.25,-0.25629002,0.7739175,7.5014815
-0.5,-0.22833744,-0.22833744,0.0,0.2912536,0.2912536,0.5,-0.0062900186,0.9937297,8.819088
-0.5,-0.22833744,-0.22833744,0.0,0.2912536,0.2912536,0.75,0.24370998,1.2759743,10.264207
-0.5,-0.22833744,-0.22833744,0.0,0.2912536,0.2912536,1.0,0.49370998,1.6383834,11.844874
-0.5,-0.22833744,-0.22833744,0.014687508,0.3059411,0.3059411,-1.0,-1.50629,0.22173108,3.0340161
-0.5,-0.22833744,-0.22833744,0.014687508,0.3059411,0.3059411,-0.75,-1.25629,0.28470835,3.6713781
-0.5,-0.22833744,-0.22833744,0.014687508,0.3059411,0.3059411,-0.5,-1.00629,0.36557275,4.421356
-0.5,-0.22833744,-0.22833744,0.014687508,0.3059411,0.3059411,-0.25,-0.75629,0.4694047,5.3640747
-0.5,-0.22833744,-0.22833744,0.014687508,0.3059411,0.3059411,0.0,-0.50629,0.60272753,6.456974
-0.5,-0.22833744,-0.22833744,0.014687508,0.3059411,0.3059411,0.25,-0.25629002,0.7739175,7.6675315
-0.5,-0.22833744,-0.22833744,0.014687508,0.3059411,0.3059411,0.5,-0.0062900186,0.9937297,8.994826
-0.5,-0.22833744,-0.22833744,0.014687508,0.3059411,0.3059411,0.75,0.24370998,1.2759743,10.444351
-0.5,-0.22833744,-0.22833744,0.014687508,0.3059411,0.3059411,1.0,0.49370998,1.6383834,12.026483
-0.5,-0.22833744,-0.22833744,0.029374987,0.32062858,0.32062858,-1.0,-1.50629,0.22173108,3.0712578
-0.5,-0.22833744,-0.22833744,0.029374987,0.32062858,0.32062858,-0.75,-1.25629,0.28470835,3.7207663
-0.5,-0.22833744,-0.22833744,0.029374987,0.32062858,0.32062858,-0.5,-1.00629,0.36557275,4.481052
-0.5,-0.22833744,-0.22833744,0.029374987,0.32062858,0.32062858,-0.25,-0.75629,0.4694047,5.4340663
-0.5,-0.22833744,-0.22833744,0.029374987,0.32062858,0.32062858,0.0,-0.50629,0.60272753,6.5352006
-0.5,-0.22833744,-0.22833744,0.029374987,0.32062858,0.32062858,0.25,-0.25629002,0.7739175,7.7488856
-0.5,-0.22833744,-0.22833744,0.029374987,0.32062858,0.32062858,0.5,-0.0062900186,0.9937297,9.07699
-0.5,-0.22833744,-0.22833744,0.029374987,0.32062858,0.32062858,0.75,0.24370998,1.2759743,10.526275
-0.5,-0.22833744,-0.22833744,0.029374987,0.32062858,0.32062858,1.0,0.49370998,1.6383834,12.108063
-0.5,-0.22833744,-0.22833744,0.044062525,0.33531612,0.33531612,-1.0,-1.50629,0.22173108,3.133865
-0.5,-0.22833744,-0.22833744,0.044062525,0.33531612,0.33531612,-0.75,-1.25629,0.28470835,3.7986329
-0.5,-0.22833744,-0.22833744,0.044062525,0.33531612,0.33531612,-0.5,-1.00629,0.36557275,4.578292
-0.5,-0.22833744,-0.22833744,0.044062525,0.33531612,0.33531612,-0.25,-0.75629,0.4694047,5.5566726
-0.5,-0.22833744,-0.22833744,0.044062525,0.33531612,0.33531612,0.0,-0.50629,0.60272753,6.680072
-0.5,-0.22833744,-0.22833744,0.044062525,0.33531612,0.33531612,0.25,-0.25629002,0.7739175,7.914131
-0.5,-0.22833744,-0.22833744,0.044062525,0.33531612,0.33531612,0.5,-0.0062900186,0.9937297,9.261594
-0.5,-0.22833744,-0.22833744,0.044062525,0.33531612,0.33531612,0.75,0.24370998,1.2759743,10.730055
-0.5,-0.22833744,-0.22833744,0.044062525,0.33531612,0.33531612,1.0,0.49370998,1.6383834,12.331061
-0.5,-0.22833744,-0.22833744,0.058750004,0.3500036,0.3500036,-1.0,-1.50629,0.22173108,3.188371
-0.5,-0.22833744,-0.22833744,0.058750004,0.3500036,0.3500036,-0.75,-1.25629,0.28470835,3.8625453
-0.5,-0.22833744,-0.22833744,0.058750004,0.3500036,0.3500036,-0.5,-1.00629,0.36557275,4.6491346
-0.5,-0.22833744,-0.22833744,0.058750004,0.3500036,0.3500036,-0.25,-0.75629,0.4694047,5.6320004
-0.5,-0.22833744,-0.22833744,0.058750004,0.3500036,0.3500036,0.0,-0.50629,0.60272753,6.7568364
-0.5,-0.22833744,-0.22833744,0.058750004,0.3500036,0.3500036,0.25,-0.25629002,0.7739175,7.992296
-0.5,-0.22833744,-0.22833744,0.058750004,0.3500036,0.3500036,0.5,-0.0062900186,0.9937297,9.341461
-0.5,-0.22833744,-0.22833744,0.058750004,0.3500036,0.3500036,0.75,0.24370998,1.2759743,10.811923
-0.5,-0.22833744,-0.22833744,0.058750004,0.3500036,0.3500036,1.0,0.49370998,1.6383834,12.415017
-0.5,-0.22833744,-0.22833744,0.07343748,0.36469108,0.36469108,-1.0,-1.50629,0.22173108,3.2491
-0.5,-0.22833744,-0.22833744,0.07343748,0.36469108,0.36469108,-0.75,-1.25629,0.28470835,3.9337392
-0.5,-0.22833744,-0.22833744,0.07343748,0.36469108,0.36469108,-0.5,-1.00629,0.36557275,4.731656
-0.5,-0.22833744,-0.22833744,0.07343748,0.36469108,0.36469108,-0.25,-0.75629,0.4694047,5.7274804
-0.5,-0.22833744,-0.22833744,0.07343748,0.36469108,0.36469108,0.0,-0.50629,0.60272753,6.8655505
-0.5,-0.22833744,-0.22833744,0.07343748,0.36469108,0.36469108,0.25,-0.25629002,0.7739175,8.11557
-0.5,-0.22833744,-0.22833744,0.07343748,0.36469108,0.36469108,0.5,-0.0062900186,0.9937297,9.479613
-0.5,-0.22833744,-0.22833744,0.07343748,0.36469108,0.36469108,0.75,0.24370998,1.2759743,10.964393
-0.5,-0.22833744,-0.22833744,0.07343748,0.36469108,0.36469108,1.0,0.49370998,1.6383834,12.58205
-0.5,-0.22833744,-0.22833744,0.08812502,0.37937862,0.37937862,-1.0,-1.50629,0.22173108,3.2425945
-0.5,-0.22833744,-0.22833744,0.08812502,0.37937862,0.37937862,-0.75,-1.25629,0.28470835,3.9285762
-0.5,-0.22833744,-0.22833744,0.08812502,0.37937862,0.37937862,-0.5,-1.00629,0.36557275,4.727533
-0.5,-0.22833744,-0.22833744,0.08812502,0.37937862,0.37937862,-0.25,-0.75629,0.4694047,5.7233214
-0.5,-0.22833744,-0.22833744,0.08812502,0.37937862,0.37937862,0.0,-0.50629,0.60272753,6.8588276
-0.5,-0.22833744,-0.22833744,0.08812502,0.37937862,0.37937862,0.25,-0.25629002,0.7739175,8.10474
-0.5,-0.22833744,-0.22833744,0.08812502,0.37937862,0.37937862,0.5,-0.0062900186,0.9937297,9.462927
-0.5,-0.22833744,-0.22833744,0.08812502,0.37937862,0.37937862,0.75,0.24370998,1.2759743,10.940891
-0.5,-0.22833744,-0.22833744,0.08812502,0.37937862,0.37937862,1.0,0.49370998,1.6383834,12.551148
-0.5,-0.22833744,-0.22833744,0.1028125,0.3940661,0.3940661,-1.0,-1.50629,0.22173108,3.2179663
-0.5,-0.22833744,-0.22833744,0.1028125,0.3940661,0.3940661,-0.75,-1.25629,0.28470835,3.9185047
-0.5,-0.22833744,-0.22833744,0.1028125,0.3940661,0.3940661,-0.5,-1.00629,0.36557275,4.734031
-0.5,-0.22833744,-0.22833744,0.1028125,0.3940661,0.3940661,-0.25,-0.75629,0.4694047,5.7457385
-0.5,-0.22833744,-0.22833744,0.1028125,0.3940661,0.3940661,0.0,-0.50629,0.60272753,6.893735
-0.5,-0.22833744,-0.22833744,0.1028125,0.3940661,0.3940661,0.25,-0.25629002,0.7739175,8.149185
-0.5,-0.22833744,-0.22833744,0.1028125,0.3940661,0.3940661,0.5,-0.0062900186,0.9937297,9.515192
-0.5,-0.22833744,-0.22833744,0.1028125,0.3940661,0.3940661,0.75,0.24370998,1.2759743,11.000383
-0.5,-0.22833744,-0.22833744,0.1028125,0.3940661,0.3940661,1.0,0.49370998,1.6383834,12.618002
-0.5,-0.22833744,-0.22833744,0.11749998,0.40875357,0.40875357,-1.0,-1.50629,0.22173108,3.22584
-0.5,-0.22833744,-0.22833744,0.11749998,0.40875357,0.40875357,-0.75,-1.25629,0.28470835,3.938097
-0.5,-0.22833744,-0.22833744,0.11749998,0.40875357,0.40875357,-0.5,-1.00629,0.36557275,4.764274
-0.5,-0.22833744,-0.22833744,0.11749998,0.40875357,0.40875357,-0.25,-0.75629,0.4694047,5.7846007
-0.5,-0.22833744,-0.22833744,0.11749998,0.40875357,0.40875357,0.0,-0.50629,0.60272753,6.9393487
-0.5,-0.22833744,-0.22833744,0.11749998,0.40875357,0.40875357,0.25,-0.25629002,0.7739175,8.200492
-0.5,-0.22833744,-0.22833744,0.11749998,0.40875357,0.40875357,0.5,-0.0062900186,0.9937297,9.57138
-0.5,-0.22833744,-0.22833744,0.11749998,0.40875357,0.40875357,0.75,0.24370998,1.2759743,11.060898
-0.5,-0.22833744,-0.22833744,0.11749998,0.40875357,0.40875357,1.0,0.49370998,1.6383834,12.682678
-0.5,-0.22833744,-0.22833744,0.13218752,0.4234411,0.4234411,-1.0,-1.50629,0.22173108,3.2589564
-0.5,-0.22833744,-0.22833744,0.13218752,0.4234411,0.4234411,-0.75,-1.25629,0.28470835,3.9537175
-0.5,-0.22833744,-0.22833744,0.13218752,0.4234411,0.4234411,-0.5,-1.00629,0.36557275,4.7606583
-0.5,-0.22833744,-0.22833744,0.13218752,0.4234411,0.4234411,-0.25,-0.75629,0.4694047,5.76162
-0.5,-0.22833744,-0.22833744,0.13218752,0.4234411,0.4234411,0.0,-0.50629,0.60272753,6.897437
-0.5,-0.22833744,-0.22833744,0.13218752,0.4234411,0.4234411,0.25,-0.25629002,0.7739175,8.1412115
-0.5,-0.22833744,-0.22833744,0.13218752,0.4234411,0.4234411,0.5,-0.0062900186,0.9937297,9.496098
-0.5,-0.22833744,-0.22833744,0.13218752,0.4234411,0.4234411,0.75,0.24370998,1.2759743,10.970694
-0.5,-0.22833744,-0.22833744,0.13218752,0.4234411,0.4234411,1.0,0.49370998,1.6383834,12.5781355
-0.5,-0.22833744,-0.22833744,0.146875,0.4381286,0.4381286,-1.0,-1.50629,0.22173108,3.3298206
-0.5,-0.22833744,-0.22833744,0.146875,0.4381286,0.4381286,-0.75,-1.25629,0.28470835,4.0351825
-0.5,-0.22833744,-0.22833744,0.146875,0.4381286,0.4381286,-0.5,-1.00629,0.36557275,4.8511214
-0.5,-0.22833744,-0.22833744,0.146875,0.4381286,0.4381286,-0.25,-0.75629,0.4694047,5.861954
-0.5,-0.22833744,-0.22833744,0.146875,0.4381286,0.4381286,0.0,-0.50629,0.60272753,7.0090613
-0.5,-0.22833744,-0.22833744,0.146875,0.4381286,0.4381286,0.25,-0.25629002,0.7739175,8.265973
-0.5,-0.22833744,-0.22833744,0.146875,0.4381286,0.4381286,0.5,-0.0062900186,0.9937297,9.635753
-0.5,-0.22833744,-0.22833744,0.146875,0.4381286,0.4381286,0.75,0.24370998,1.2759743,11.126772
-0.5,-0.22833744,-0.22833744,0.146875,0.4381286,0.4381286,1.0,0.49370998,1.6383834,12.751755
-0.5,-0.22833744,-0.22833744,0.16156247,0.45281607,0.45281607,-1.0,-1.50629,0.22173108,3.3123257
-0.5,-0.22833744,-0.22833744,0.16156247,0.45281607,0.45281607,-0.75,-1.25629,0.28470835,4.013956
-0.5,-0.22833744,-0.22833744,0.16156247,0.45281607,0.45281607,-0.5,-1.00629,0.36557275,4.8273377
-0.5,-0.22833744,-0.22833744,0.16156247,0.45281607,0.45281607,-0.25,-0.75629,0.4694047,5.8347716
-0.5,-0.22833744,-0.22833744,0.16156247,0.45281607,0.45281607,0.0,-0.50629,0.60272753,6.9764194
-0.5,-0.22833744,-0.22833744,0.16156247,0.45281607,0.45281607,0.25,-0.25629002,0.7739175,8.22602
-0.5,-0.22833744,-0.22833744,0.16156247,0.45281607,0.45281607,0.5,-0.0062900186,0.9937297,9.587454
-0.5,-0.22833744,-0.22833744,0.16156247,0.45281607,0.45281607,0.75,0.24370998,1.2759743,11.069376
-0.5,-0.22833744,-0.22833744,0.16156247,0.45281607,0.45281607,1.0,0.49370998,1.6383834,12.685622
-0.5,-0.22833744,-0.22833744,0.17625001,0.4675036,0.4675036,-1.0,-1.50629,0.22173108,3.325683
-0.5,-0.22833744,-0.22833744,0.17625001,0.4675036,0.4675036,-0.75,-1.25629,0.28470835,4.0367794
-0.5,-0.22833744,-0.22833744,0.17625001,0.4675036,0.4675036,-0.5,-1.00629,0.36557275,4.856079
-0.5,-0.22833744,-0.22833744,0.17625001,0.4675036,0.4675036,-0.25,-0.75629,0.4694047,5.8671885
-0.5,-0.22833744,-0.22833744,0.17625001,0.4675036,0.4675036,0.0,-0.50629,0.60272753,7.0114794
-0.5,-0.22833744,-0.22833744,0.17625001,0.4675036,0.4675036,0.25,-0.25629002,0.7739175,8.263604
-0.5,-0.22833744,-0.22833744,0.17625001,0.4675036,0.4675036,0.5,-0.0062900186,0.9937297,9.62716
-0.5,-0.22833744,-0.22833744,0.17625001,0.4675036,0.4675036,0.75,0.24370998,1.2759743,11.111765
-0.5,-0.22833744,-0.22833744,0.17625001,0.4675036,0.4675036,1.0,0.49370998,1.6383834,12.732431
-0.5,-0.22833744,-0.22833744,0.19093749,0.4821911,0.4821911,-1.0,-1.50629,0.22173108,3.3440154
-0.5,-0.22833744,-0.22833744,0.19093749,0.4821911,0.4821911,-0.75,-1.25629,0.28470835,4.0549006
-0.5,-0.22833744,-0.22833744,0.19093749,0.4821911,0.4821911,-0.5,-1.00629,0.36557275,4.876785
-0.5,-0.22833744,-0.22833744,0.19093749,0.4821911,0.4821911,-0.25,-0.75629,0.4694047,5.8908105
-0.5,-0.22833744,-0.22833744,0.19093749,0.4821911,0.4821911,0.0,-0.50629,0.60272753,7.038177
-0.5,-0.22833744,-0.22833744,0.19093749,0.4821911,0.4821911,0.25,-0.25629002,0.7739175,8.292559
-0.5,-0.22833744,-0.22833744,0.19093749,0.4821911,0.4821911,0.5,-0.0062900186,0.9937297,9.659108
-0.5,-0.22833744,-0.22833744,0.19093749,0.4821911,0.4821911,0.75,0.24370998,1.2759743,11.1481
-0.5,-0.22833744,-0.22833744,0.19093749,0.4821911,0.4821911,1.0,0.49370998,1.6383834,12.773739
-0.5,-0.22833744,-0.22833744,0.20562503,0.49687862,0.49687862,-1.0,-1.50629,0.22173108,3.3298302
-0.5,-0.22833744,-0.22833744,0.20562503,0.49687862,0.49687862,-0.75,-1.25629,0.28470835,4.0352335
-0.5,-0.22833744,-0.22833744,0.20562503,0.49687862,0.49687862,-0.5,-1.00629,0.36557275,4.8509107
-0.5,-0.22833744,-0.22833744,0.20562503,0.49687862,0.49687862,-0.25,-0.75629,0.4694047,5.8573856
-0.5,-0.22833744,-0.22833744,0.20562503,0.49687862,0.49687862,0.0,-0.50629,0.60272753,6.9974647
-0.5,-0.22833744,-0.22833744,0.20562503,0.49687862,0.49687862,0.25,-0.25629002,0.7739175,8.243108
-0.5,-0.22833744,-0.22833744,0.20562503,0.49687862,0.49687862,0.5,-0.0062900186,0.9937297,9.599815
-0.5,-0.22833744,-0.22833744,0.20562503,0.49687862,0.49687862,0.75,0.24370998,1.2759743,11.079805
-0.5,-0.22833744,-0.22833744,0.20562503,0.49687862,0.49687862,1.0,0.49370998,1.6383834,12.695563
-0.5,-0.22833744,-0.22833744,0.2203125,0.5115661,0.5115661,-1.0,-1.50629,0.22173108,3.3428197
-0.5,-0.22833744,-0.22833744,0.2203125,0.5115661,0.5115661,-0.75,-1.25629,0.28470835,4.0573707
-0.5,-0.22833744,-0.22833744,0.2203125,0.5115661,0.5115661,-0.5,-1.00629,0.36557275,4.8823133
-0.5,-0.22833744,-0.22833744,0.2203125,0.5115661,0.5115661,-0.25,-0.75629,0.4694047,5.8978004
-0.5,-0.22833744,-0.22833744,0.2203125,0.5115661,0.5115661,0.0,-0.50629,0.60272753,7.0460925
-0.5,-0.22833744,-0.22833744,0.2203125,0.5115661,0.5115661,0.25,-0.25629002,0.7739175,8.302291
-0.5,-0.22833744,-0.22833744,0.2203125,0.5115661,0.5115661,0.5,-0.0062900186,0.9937297,9.672064
-0.5,-0.22833744,-0.22833744,0.2203125,0.5115661,0.5115661,0.75,0.24370998,1.2759743,11.165323
-0.5,-0.22833744,-0.22833744,0.2203125,0.5115661,0.5115661,1.0,0.49370998,1.6383834,12.794251
-0.5,-0.22833744,-0.22833744,0.23499998,0.5262536,0.5262536,-1.0,-1.50629,0.22173108,3.313693
-0.5,-0.22833744,-0.22833744,0.23499998,0.5262536,0.5262536,-0.75,-1.25629,0.28470835,4.023901
-0.5,-0.22833744,-0.22833744,0.23499998,0.5262536,0.5262536,-0.5,-1.00629,0.36557275,4.843036
-0.5,-0.22833744,-0.22833744,0.23499998,0.5262536,0.5262536,-0.25,-0.75629,0.4694047,5.8513947
-0.5,-0.22833744,-0.22833744,0.23499998,0.5262536,0.5262536,0.0,-0.50629,0.60272753,6.991696
-0.5,-0.22833744,-0.22833744,0.23499998,0.5262536,0.5262536,0.25,-0.25629002,0.7739175,8.238302
-0.5,-0.22833744,-0.22833744,0.23499998,0.5262536,0.5262536,0.5,-0.0062900186,0.9937297,9.598074
-0.5,-0.22833744,-0.22833744,0.23499998,0.5262536,0.5262536,0.75,0.24370998,1.2759743,11.080138
-0.5,-0.22833744,-0.22833744,0.23499998,0.5262536,0.5262536,1.0,0.49370998,1.6383834,12.697403
-0.5,-0.22833744,-0.22833744,0.24968752,0.5409411,0.5409411,-1.0,-1.50629,0.22173108,3.3099005
-0.5,-0.22833744,-0.22833744,0.24968752,0.5409411,0.5409411,-0.75,-1.25629,0.28470835,4.032057
-0.5,-0.22833744,-0.22833744,0.24968752,0.5409411,0.5409411,-0.5,-1.00629,0.36557275,4.865877
-0.5,-0.22833744,-0.22833744,0.24968752,0.5409411,0.5409411,-0.25,-0.75629,0.4694047,5.8889756
-0.5,-0.22833744,-0.22833744,0.24968752,0.5409411,0.5409411,0.0,-0.50629,0.60272753,7.043194
-0.5,-0.22833744,-0.22833744,0.24968752,0.5409411,0.5409411,0.25,-0.25629002,0.7739175,8.305608
-0.5,-0.22833744,-0.22833744,0.24968752,0.5409411,0.5409411,0.5,-0.0062900186,0.9937297,9.682305
-0.5,-0.22833744,-0.22833744,0.24968752,0.5409411,0.5409411,0.75,0.24370998,1.2759743,11.18118
-0.5,-0.22833744,-0.22833744,0.24968752,0.5409411,0.5409411,1.0,0.49370998,1.6383834,12.8153925
-0.5,-0.22833744,-0.22833744,0.264375,0.5556286,0.5556286,-1.0,-1.50629,0.22173108,3.2500677
-0.5,-0.22833744,-0.22833744,0.264375,0.5556286,0.5556286,-0.75,-1.25629,0.28470835,3.9702716
-0.5,-0.22833744,-0.22833744,0.264375,0.5556286,0.5556286,-0.5,-1.00629,0.36557275,4.798929
-0.5,-0.22833744,-0.22833744,0.264375,0.5556286,0.5556286,-0.25,-0.75629,0.4694047,5.813201
-0.5,-0.22833744,-0.22833744,0.264375,0.5556286,0.5556286,0.0,-0.50629,0.60272753,6.957854
-0.5,-0.22833744,-0.22833744,0.264375,0.5556286,0.5556286,0.25,-0.25629002,0.7739175,8.210629
-0.5,-0.22833744,-0.22833744,0.264375,0.5556286,0.5556286,0.5,-0.0062900186,0.9937297,9.575676
-0.5,-0.22833744,-0.22833744,0.264375,0.5556286,0.5556286,0.75,0.24370998,1.2759743,11.061555
-0.5,-0.22833744,-0.22833744,0.264375,0.5556286,0.5556286,1.0,0.49370998,1.6383834,12.682059
-0.5,-0.22833744,-0.22833744,0.27906248,0.5703161,0.5703161,-1.0,-1.50629,0.22173108,3.2196999
-0.5,-0.22833744,-0.22833744,0.27906248,0.5703161,0.5703161,-0.75,-1.25629,0.28470835,3.9543715
-0.5,-0.22833744,-0.22833744,0.27906248,0.5703161,0.5703161,-0.5,-1.00629,0.36557275,4.7983522
-0.5,-0.22833744,-0.22833744,0.27906248,0.5703161,0.5703161,-0.25,-0.75629,0.4694047,5.826667
-0.5,-0.22833744,-0.22833744,0.27906248,0.5703161,0.5703161,0.0,-0.50629,0.60272753,6.9852834
-0.5,-0.22833744,-0.22833744,0.27906248,0.5703161,0.5703161,0.25,-0.25629002,0.7739175,8.253179
-0.5,-0.22833744,-0.22833744,0.27906248,0.5703161,0.5703161,0.5,-0.0062900186,0.9937297,9.632339
-0.5,-0.22833744,-0.22833744,0.27906248,0.5703161,0.5703161,0.75,0.24370998,1.2759743,11.132555
-0.5,-0.22833744,-0.22833744,0.27906248,0.5703161,0.5703161,1.0,0.49370998,1.6383834,12.767498
-0.5,-0.22833744,-0.22833744,0.29375002,0.5850036,0.5850036,-1.0,-1.50629,0.22173108,3.1376262
-0.5,-0.22833744,-0.22833744,0.29375002,0.5850036,0.5850036,-0.75,-1.25629,0.28470835,3.8806276
-0.5,-0.22833744,-0.22833744,0.29375002,0.5850036,0.5850036,-0.5,-1.00629,0.36557275,4.7290735
-0.5,-0.22833744,-0.22833744,0.29375002,0.5850036,0.5850036,-0.25,-0.75629,0.4694047,5.7576604
-0.5,-0.22833744,-0.22833744,0.29375002,0.5850036,0.5850036,0.0,-0.50629,0.60272753,6.915688
-0.5,-0.22833744,-0.22833744,0.29375002,0.5850036,0.5850036,0.25,-0.25629002,0.7739175,8.180481
-0.5,-0.22833744,-0.22833744,0.29375002,0.5850036,0.5850036,0.5,-0.0062900186,0.9937297,9.554822
-0.5,-0.22833744,-0.22833744,0.29375002,0.5850036,0.5850036,0.75,0.24370998,1.2759743,11.0489435
-0.5,-0.22833744,-0.22833744,0.29375002,0.5850036,0.5850036,1.0,0.49370998,1.6383834,12.677052
-0.5,-0.22833744,-0.22833744,0.3084375,0.5996911,0.5996911,-1.0,-1.50629,0.22173108,3.1075199
-0.5,-0.22833744,-0.22833744,0.3084375,0.5996911,0.5996911,-0.75,-1.25629,0.28470835,3.8565202
-0.5,-0.22833744,-0.22833744,0.3084375,0.5996911,0.5996911,-0.5,-1.00629,0.36557275,4.709203
-0.5,-0.22833744,-0.22833744,0.3084375,0.5996911,0.5996911,-0.25,-0.75629,0.4694047,5.7390876
-0.5,-0.22833744,-0.22833744,0.3084375,0.5996911,0.5996911,0.0,-0.50629,0.60272753,6.898656
-0.5,-0.22833744,-0.22833744,0.3084375,0.5996911,0.5996911,0.25,-0.25629002,0.7739175,8.16375
-0.5,-0.22833744,-0.22833744,0.3084375,0.5996911,0.5996911,0.5,-0.0062900186,0.9937297,9.537837
-0.5,-0.22833744,-0.22833744,0.3084375,0.5996911,0.5996911,0.75,0.24370998,1.2759743,11.031361
-0.5,-0.22833744,-0.22833744,0.3084375,0.5996911,0.5996911,1.0,0.49370998,1.6383834,12.65867
-0.5,-0.22833744,-0.22833744,0.32312497,0.6143786,0.6143786,-1.0,-1.50629,0.22173108,3.1225948
-0.5,-0.22833744,-0.22833744,0.32312497,0.6143786,0.6143786,-0.75,-1.25629,0.28470835,3.8602936
-0.5,-0.22833744,-0.22833744,0.32312497,0.6143786,0.6143786,-0.5,-1.00629,0.36557275,4.704721
-0.5,-0.22833744,-0.22833744,0.32312497,0.6143786,0.6143786,-0.25,-0.75629,0.4694047,5.729307
-0.5,-0.22833744,-0.22833744,0.32312497,0.6143786,0.6143786,0.0,-0.50629,0.60272753,6.887775
-0.5,-0.22833744,-0.22833744,0.32312497,0.6143786,0.6143786,0.25,-0.25629002,0.7739175,8.153073
-0.5,-0.22833744,-0.22833744,0.32312497,0.6143786,0.6143786,0.5,-0.0062900186,0.9937297,9.528853
-0.5,-0.22833744,-0.22833744,0.32312497,0.6143786,0.6143786,0.75,0.24370998,1.2759743,11.025128
-0.5,-0.22833744,-0.22833744,0.32312497,0.6143786,0.6143786,1.0,0.49370998,1.6383834,12.656034
-0.5,-0.22833744,-0.22833744,0.3378125,0.6290661,0.6290661,-1.0,-1.50629,0.22173108,3.1252265
-0.5,-0.22833744,-0.22833744,0.3378125,0.6290661,0.6290661,-0.75,-1.25629,0.28470835,3.841755
-0.5,-0.22833744,-0.22833744,0.3378125,0.6290661,0.6290661,-0.5,-1.00629,0.36557275,4.6677566
-0.5,-0.22833744,-0.22833744,0.3378125,0.6290661,0.6290661,-0.25,-0.75629,0.4694047,5.677603
-0.5,-0.22833744,-0.22833744,0.3378125,0.6290661,0.6290661,0.0,-0.50629,0.60272753,6.823401
-0.5,-0.22833744,-0.22833744,0.3378125,0.6290661,0.6290661,0.25,-0.25629002,0.7739175,8.076922
-0.5,-0.22833744,-0.22833744,0.3378125,0.6290661,0.6290661,0.5,-0.0062900186,0.9937297,9.441618
-0.5,-0.22833744,-0.22833744,0.3378125,0.6290661,0.6290661,0.75,0.24370998,1.2759743,10.927223
-0.5,-0.22833744,-0.22833744,0.3378125,0.6290661,0.6290661,1.0,0.49370998,1.6383834,12.547687
-0.5,-0.22833744,-0.22833744,0.3525,0.6437536,0.6437536,-1.0,-1.50629,0.22173108,3.1273906
-0.5,-0.22833744,-0.22833744,0.3525,0.6437536,0.6437536,-0.75,-1.25629,0.28470835,3.8316717
-0.5,-0.22833744,-0.22833744,0.3525,0.6437536,0.6437536,-0.5,-1.00629,0.36557275,4.6482396
-0.5,-0.22833744,-0.22833744,0.3525,0.6437536,0.6437536,-0.25,-0.75629,0.4694047,5.650341
-0.5,-0.22833744,-0.22833744,0.3525,0.6437536,0.6437536,0.0,-0.50629,0.60272753,6.7891083
-0.5,-0.22833744,-0.22833744,0.3525,0.6437536,0.6437536,0.25,-0.25629002,0.7739175,8.037448
-0.5,-0.22833744,-0.22833744,0.3525,0.6437536,0.6437536,0.5,-0.0062900186,0.9937297,9.398457
-0.5,-0.22833744,-0.22833744,0.3525,0.6437536,0.6437536,0.75,0.24370998,1.2759743,10.880881
-0.5,-0.22833744,-0.22833744,0.3525,0.6437536,0.6437536,1.0,0.49370998,1.6383834,12.498534
-0.5,-0.22833744,-0.22833744,0.36718747,0.65844107,0.65844107,-1.0,-1.50629,0.22173108,3.1216333
-0.5,-0.22833744,-0.22833744,0.36718747,0.65844107,0.65844107,-0.75,-1.25629,0.28470835,3.8198256
-0.5,-0.22833744,-0.22833744,0.36718747,0.65844107,0.65844107,-0.5,-1.00629,0.36557275,4.632435
-0.5,-0.22833744,-0.22833744,0.36718747,0.65844107,0.65844107,-0.25,-0.75629,0.4694047,5.6318974
-0.5,-0.22833744,-0.22833744,0.36718747,0.65844107,0.65844107,0.0,-0.50629,0.60272753,6.770796
-0.5,-0.22833744,-0.22833744,0.36718747,0.65844107,0.65844107,0.25,-0.25629002,0.7739175,8.021587
-0.5,-0.22833744,-0.22833744,0.36718747,0.65844107,0.65844107,0.5,-0.0062900186,0.9937297,9.38686
-0.5,-0.22833744,-0.22833744,0.36718747,0.65844107,0.65844107,0.75,0.24370998,1.2759743,10.874899
-0.5,-0.22833744,-0.22833744,0.36718747,0.65844107,0.65844107,1.0,0.49370998,1.6383834,12.498553
-0.5,-0.22833744,-0.22833744,0.381875,0.6731286,0.6731286,-1.0,-1.50629,0.22173108,3.1042554
-0.5,-0.22833744,-0.22833744,0.381875,0.6731286,0.6731286,-0.75,-1.25629,0.28470835,3.798446
-0.5,-0.22833744,-0.22833744,0.381875,0.6731286,0.6731286,-0.5,-1.00629,0.36557275,4.607472
-0.5,-0.22833744,-0.22833744,0.381875,0.6731286,0.6731286,-0.25,-0.75629,0.4694047,5.603654
-0.5,-0.22833744,-0.22833744,0.381875,0.6731286,0.6731286,0.0,-0.50629,0.60272753,6.7417994
-0.5,-0.22833744,-0.22833744,0.381875,0.6731286,0.6731286,0.25,-0.25629002,0.7739175,7.992602
-0.5,-0.22833744,-0.22833744,0.381875,0.6731286,0.6731286,0.5,-0.0062900186,0.9937297,9.358642
-0.5,-0.22833744,-0.22833744,0.381875,0.6731286,0.6731286,0.75,0.24370998,1.2759743,10.847604
-0.5,-0.22833744,-0.22833744,0.381875,0.6731286,0.6731286,1.0,0.49370998,1.6383834,12.472545
-0.5,-0.22833744,-0.22833744,0.3965625,0.6878161,0.6878161,-1.0,-1.50629,0.22173108,3.0767798
-0.5,-0.22833744,-0.22833744,0.3965625,0.6878161,0.6878161,-0.75,-1.25629,0.28470835,3.7645788
-0.5,-0.22833744,-0.22833744,0.3965625,0.6878161,0.6878161,-0.5,-1.00629,0.36557275,4.570036
-0.5,-0.22833744,-0.22833744,0.3965625,0.6878161,0.6878161,-0.25,-0.75629,0.4694047,5.5613046
-0.5,-0.22833744,-0.22833744,0.3965625,0.6878161,0.6878161,0.0,-0.50629,0.60272753,6.6959023
-0.5,-0.22833744,-0.22833744,0.3965625,0.6878161,0.6878161,0.25,-0.25629002,0.7739175,7.9435925
-0.5,-0.22833744,-0.22833744,0.3965625,0.6878161,0.6878161,0.5,-0.0062900186,0.9937297,9.307588
-0.5,-0.22833744,-0.22833744,0.3965625,0.6878161,0.6878161,0.75,0.24370998,1.2759743,10.79495
-0.5,-0.22833744,-0.22833744,0.3965625,0.6878161,0.6878161,1.0,0.49370998,1.6383834,12.418444
-0.5,-0.22833744,-0.22833744,0.41125003,0.7025036,0.7025036,-1.0,-1.50629,0.22173108,3.0334544
-0.5,-0.22833744,-0.22833744,0.41125003,0.7025036,0.7025036,-0.75,-1.25629,0.28470835,3.713968
-0.5,-0.22833744,-0.22833744,0.41125003,0.7025036,0.7025036,-0.5,-1.00629,0.36557275,4.5133266
-0.5,-0.22833744,-0.22833744,0.41125003,0.7025036,0.7025036,-0.25,-0.75629,0.4694047,5.497335
-0.5,-0.22833744,-0.22833744,0.41125003,0.7025036,0.7025036,0.0,-0.50629,0.60272753,6.625665
-0.5,-0.22833744,-0.22833744,0.41125003,0.7025036,0.7025036,0.25,-0.25629002,0.7739175,7.866858
-0.5,-0.22833744,-0.22833744,0.41125003,0.7025036,0.7025036,0.5,-0.0062900186,0.9937297,9.2242775
-0.5,-0.22833744,-0.22833744,0.41125003,0.7025036,0.7025036,0.75,0.24370998,1.2759743,10.704651
-0.5,-0.22833744,-0.22833744,0.41125003,0.7025036,0.7025036,1.0,0.49370998,1.6383834,12.320726
-0.5,-0.22833744,-0.22833744,0.4259375,0.7171911,0.7171911,-1.0,-1.50629,0.22173108,2.9792867
-0.5,-0.22833744,-0.22833744,0.4259375,0.7171911,0.7171911,-0.75,-1.25629,0.28470835,3.648038
-0.5,-0.22833744,-0.22833744,0.4259375,0.7171911,0.7171911,-0.5,-1.00629,0.36557275,4.4389153
-0.5,-0.22833744,-0.22833744,0.4259375,0.7171911,0.7171911,-0.25,-0.75629,0.4694047,5.409404
-0.5,-0.22833744,-0.22833744,0.4259375,0.7171911,0.7171911,0.0,-0.50629,0.60272753,6.5245547
-0.5,-0.22833744,-0.22833744,0.4259375,0.7171911,0.7171911,0.25,-0.25629002,0.7739175,7.7547965
-0.5,-0.22833744,-0.22833744,0.4259375,0.7171911,0.7171911,0.5,-0.0062900186,0.9937297,9.101614
-0.5,-0.22833744,-0.22833744,0.4259375,0.7171911,0.7171911,0.75,0.24370998,1.2759743,10.571177
-0.5,-0.22833744,-0.22833744,0.4259375,0.7171911,0.7171911,1.0,0.49370998,1.6383834,12.176322
-0.5,-0.22833744,-0.22833744,0.44062498,0.7318786,0.7318786,-1.0,-1.50629,0.22173108,2.9318879
-0.5,-0.22833744,-0.22833744,0.44062498,0.7318786,0.7318786,-0.75,-1.25629,0.28470835,3.5940166
-0.5,-0.22833744,-0.22833744,0.44062498,0.7318786,0.7318786,-0.5,-1.00629,0.36557275,4.375641
-0.5,-0.22833744,-0.22833744,0.44062498,0.7318786,0.7318786,-0.25,-0.75629,0.4694047,5.338154
-0.5,-0.22833744,-0.22833744,0.44062498,0.7318786,0.7318786,0.0,-0.50629,0.60272753,6.4497247
-0.5,-0.22833744,-0.22833744,0.44062498,0.7318786,0.7318786,0.25,-0.25629002,0.7739175,7.6759677
-0.5,-0.22833744,-0.22833744,0.44062498,0.7318786,0.7318786,0.5,-0.0062900186,0.9937297,9.017975
-0.5,-0.22833744,-0.22833744,0.44062498,0.7318786,0.7318786,0.75,0.24370998,1.2759743,10.48374
-0.5,-0.22833744,-0.22833744,0.44062498,0.7318786,0.7318786,1.0,0.49370998,1.6383834,12.086026
-0.5,-0.22833744,-0.22833744,0.45531252,0.7465661,0.7465661,-1.0,-1.50629,0.22173108,2.8752146
-0.5,-0.22833744,-0.22833744,0.45531252,0.7465661,0.7465661,-0.75,-1.25629,0.28470835,3.527017
-0.5,-0.22833744,-0.22833744,0.45531252,0.7465661,0.7465661,-0.5,-1.00629,0.36557275,4.3038316
-0.5,-0.22833744,-0.22833744,0.45531252,0.7465661,0.7465661,-0.25,-0.75629,0.4694047,5.2595186
-0.5,-0.22833744,-0.22833744,0.45531252,0.7465661,0.7465661,0.0,-0.50629,0.60272753,6.363877
-0.5,-0.22833744,-0.22833744,0.45531252,0.7465661,0.7465661,0.25,-0.25629002,0.7739175,7.5837045
-0.5,-0.22833744,-0.22833744,0.45531252,0.7465661,0.7465661,0.5,-0.0062900186,0.9937297,8.919592
-0.5,-0.22833744,-0.22833744,0.45531252,0.7465661,0.7465661,0.75,0.24370998,1.2759743,10.379223
-0.5,-0.22833744,-0.22833744,0.45531252,0.7465661,0.7465661,1.0,0.49370998,1.6383834,11.974987
-0.5,-0.22833744,-0.22833744,0.47,0.7612536,0.7612536,-1.0,-1.50629,0.22173108,2.7950604
-0.5,-0.22833744,-0.22833744,0.47,0.7612536,0.7612536,-0.75,-1.25629,0.28470835,3.4286485
-0.5,-0.22833744,-0.22833744,0.47,0.7612536,0.7612536,-0.5,-1.00629,0.36557275,4.1872964
-0.5,-0.22833744,-0.22833744,0.47,0.7612536,0.7612536,-0.25,-0.75629,0.4694047,5.122515
-0.5,-0.22833744,-0.22833744,0.47,0.7612536,0.7612536,0.0,-0.50629,0.60272753,6.206185
-0.5,-0.22833744,-0.22833744,0.47,0.7612536,0.7612536,0.25,-0.25629002,0.7739175,7.404885
-0.5,-0.22833744,-0.22833744,0.47,0.7612536,0.7612536,0.5,-0.0062900186,0.9937297,8.720311
-0.5,-0.22833744,-0.22833744,0.47,0.7612536,0.7612536,0.75,0.24370998,1.2759743,10.159471
-0.5,-0.22833744,-0.22833744,0.47,0.7612536,0.7612536,1.0,0.49370998,1.6383834,11.734531
-0.375,-0.10333744,-0.10333744,-0.47,-0.1787464,-0.1787464,-1.0,-1.50629,0.22173108,1.657543
-0.375,-0.10333744,-0.10333744,-0.47,-0.1787464,-0.1787464,-0.75,-1.25629,0.28470835,1.9785571
-0.375,-0.10333744,-0.10333744,-0.47,-0.1787464,-0.1787464,-0.5,-1.00629,0.36557275,2.4550982
-0.375,-0.10333744,-0.10333744,-0.47,-0.1787464,-0.1787464,-0.25,-0.75629,0.4694047,3.1178777
-0.375,-0.10333744,-0.10333744,-0.47,-0.1787464,-0.1787464,0.0,-0.50629,0.60272753,3.9933968
-0.375,-0.10333744,-0.10333744,-0.47,-0.1787464,-0.1787464,0.25,-0.25629002,0.7739175,4.989958
-0.375,-0.10333744,-0.10333744,-0.47,-0.1787464,-0.1787464,0.5,-0.0062900186,0.9937297,6.1032987
-0.375,-0.10333744,-0.10333744,-0.47,-0.1787464,-0.1787464,0.75,0.24370998,1.2759743,7.33817
-0.375,-0.10333744,-0.10333744,-0.47,-0.1787464,-0.1787464,1.0,0.49370998,1.6383834,8.702477
-0.375,-0.10333744,-0.10333744,-0.4553125,-0.1640589,-0.1640589,-1.0,-1.50629,0.22173108,1.657543
-0.375,-0.10333744,-0.10333744,-0.4553125,-0.1640589,-0.1640589,-0.75,-1.25629,0.28470835,1.9785571
-0.375,-0.10333744,-0.10333744,-0.4553125,-0.1640589,-0.1640589,-0.5,-1.00629,0.36557275,2.4550982
-0.375,-0.10333744,-0.10333744,-0.4553125,-0.1640589,-0.1640589,-0.25,-0.75629,0.4694047,3.1178777
-0.375,-0.10333744,-0.10333744,-0.4553125,-0.1640589,-0.1640589,0.0,-0.50629,0.60272753,3.9933968
-0.375,-0.10333744,-0.10333744,-0.4553125,-0.1640589,-0.1640589,0.25,-0.25629002,0.7739175,4.989958
-0.375,-0.10333744,-0.10333744,-0.4553125,-0.1640589,-0.1640589,0.5,-0.0062900186,0.9937297,6.1032987
-0.375,-0.10333744,-0.10333744,-0.4553125,-0.1640589,-0.1640589,0.75,0.24370998,1.2759743,7.33817
-0.375,-0.10333744,-0.10333744,-0.4553125,-0.1640589,-0.1640589,1.0,0.49370998,1.6383834,8.702477
-0.375,-0.10333744,-0.10333744,-0.440625,-0.14937142,-0.14937142,-1.0,-1.50629,0.22173108,1.657543
-0.375,-0.10333744,-0.10333744,-0.440625,-0.14937142,-0.14937142,-0.75,-1.25629,0.28470835,1.9785571
-0.375,-0.10333744,-0.10333744,-0.440625,-0.14937142,-0.14937142,-0.5,-1.00629,0.36557275,2.4550982
-0.375,-0.10333744,-0.10333744,-0.440625,-0.14937142,-0.14937142,-0.25,-0.75629,0.4694047,3.1178777
-0.375,-0.10333744,-0.10333744,-0.440625,-0.14937142,-0.14937142,0.0,-0.50629,0.60272753,3.9933968
-0.375,-0.10333744,-0.10333744,-0.440625,-0.14937142,-0.14937142,0.25,-0.25629002,0.7739175,4.989958
-0.375,-0.10333744,-0.10333744,-0.440625,-0.14937142,-0.14937142,0.5,-0.0062900186,0.9937297,6.1032987
-0.375,-0.10333744,-0.10333744,-0.440625,-0.14937142,-0.14937142,0.75,0.24370998,1.2759743,7.33817
-0.375,-0.10333744,-0.10333744,-0.440625,-0.14937142,-0.14937142,1.0,0.49370998,1.6383834,8.702477
-0.375,-0.10333744,-0.10333744,-0.4259375,-0.1346839,-0.1346839,-1.0,-1.50629,0.22173108,1.657543
-0.375,-0.10333744,-0.10333744,-0.4259375,-0.1346839,-0.1346839,-0.75,-1.25629,0.28470835,1.9785571
-0.375,-0.10333744,-0.10333744,-0.4259375,-0.1346839,-0.1346839,-0.5,-1.00629,0.36557275,2.4550982
-0.375,-0.10333744,-0.10333744,-0.4259375,-0.1346839,-0.1346839,-0.25,-0.75629,0.4694047,3.1178777
-0.375,-0.10333744,-0.10333744,-0.4259375,-0.1346839,-0.1346839,0.0,-0.50629,0.60272753,3.9933968
-0.375,-0.10333744,-0.10333744,-0.4259375,-0.1346839,-0.1346839,0.25,-0.25629002,0.7739175,4.989958
-0.375,-0.10333744,-0.10333744,-0.4259375,-0.1346839,-0.1346839,0.5,-0.0062900186,0.9937297,6.1032987
-0.375,-0.10333744,-0.10333744,-0.4259375,-0.1346839,-0.1346839,0.75,0.24370998,1.2759743,7.33817
-0.375,-0.10333744,-0.10333744,-0.4259375,-0.1346839,-0.1346839,1.0,0.49370998,1.6383834,8.702477
-0.375,-0.10333744,-0.10333744,-0.41125,-0.1199964,-0.1199964,-1.0,-1.50629,0.22173108,1.657543
-0.375,-0.10333744,-0.10333744,-0.41125,-0.1199964,-0.1199964,-0.75,-1.25629,0.28470835,1.9785571
-0.375,-0.10333744,-0.10333744,-0.41125,-0.1199964,-0.1199964,-0.5,-1.00629,0.36557275,2.4550982
-0.375,-0.10333744,-0.10333744,-0.41125,-0.1199964,-0.1199964,-0.25,-0.75629,0.4694047,3.1178777
-0.375,-0.10333744,-0.10333744,-0.41125,-0.1199964,-0.1199964,0.0,-0.50629,0.60272753,3.9933968
-0.375,-0.10333744,-0.10333744,-0.41125,-0.1199964,-0.1199964,0.25,-0.25629002,0.7739175,4.989958
-0.375,-0.10333744,-0.10333744,-0.41125,-0.1199964,-0.1199964,0.5,-0.0062900186,0.9937297,6.1032987
-0.375,-0.10333744,-0.10333744,-0.41125,-0.1199964,-0.1199964,0.75,0.24370998,1.2759743,7.33817
-0.375,-0.10333744,-0.10333744,-0.41125,-0.1199964,-0.1199964,1.0,0.49370998,1.6383834,8.702477
-0.375,-0.10333744,-0.10333744,-0.39656252,-0.10530892,-0.10530892,-1.0,-1.50629,0.22173108,1.657543
-0.375,-0.10333744,-0.10333744,-0.39656252,-0.10530892,-0.10530892,-0.75,-1.25629,0.28470835,1.9785571
-0.375,-0.10333744,-0.10333744,-0.39656252,-0.10530892,-0.10530892,-0.5,-1.00629,0.36557275,2.4550982
-0.375,-0.10333744,-0.10333744,-0.39656252,-0.10530892,-0.10530892,-0.25,-0.75629,0.4694047,3.1178777
-0.375,-0.10333744,-0.10333744,-0.39656252,-0.10530892,-0.10530892,0.0,-0.50629,0.60272753,3.9933968
-0.375,-0.10333744,-0.10333744,-0.39656252,-0.10530892,-0.10530892,0.25,-0.25629002,0.7739175,4.989958
-0.375,-0.10333744,-0.10333744,-0.39656252,-0.10530892,-0.10530892,0.5,-0.0062900186,0.9937297,6.1032987
-0.375,-0.10333744,-0.10333744,-0.39656252,-0.10530892,-0.10530892,0.75,0.24370998,1.2759743,7.33817
-0.375,-0.10333744,-0.10333744,-0.39656252,-0.10530892,-0.10530892,1.0,0.49370998,1.6383834,8.702477
-0.375,-0.10333744,-0.10333744,-0.381875,-0.09062141,-0.09062141,-1.0,-1.50629,0.22173108,1.657543
-0.375,-0.10333744,-0.10333744,-0.381875,-0.09062141,-0.09062141,-0.75,-1.25629,0.28470835,1.9785571
-0.375,-0.10333744,-0.10333744,-0.381875,-0.09062141,-0.09062141,-0.5,-1.00629,0.36557275,2.4550982
-0.375,-0.10333744,-0.10333744,-0.381875,-0.09062141,-0.09062141,-0.25,-0.75629,0.4694047,3.1178777
-0.375,-0.10333744,-0.10333744,-0.381875,-0.09062141,-0.09062141,0.0,-0.50629,0.60272753,3.9933968
-0.375,-0.10333744,-0.10333744,-0.381875,-0.09062141,-0.09062141,0.25,-0.25629002,0.7739175,4.989958
-0.375,-0.10333744,-0.10333744,-0.381875,-0.09062141,-0.09062141,0.5,-0.0062900186,0.9937297,6.1032987
-0.375,-0.10333744,-0.10333744,-0.381875,-0.09062141,-0.09062141,0.75,0.24370998,1.2759743,7.33817
-0.375,-0.10333744,-0.10333744,-0.381875,-0.09062141,-0.09062141,1.0,0.49370998,1.6383834,8.702477
-0.375,-0.10333744,-0.10333744,-0.3671875,-0.0759339,-0.0759339,-1.0,-1.50629,0.22173108,1.657543
-0.375,-0.10333744,-0.10333744,-0.3671875,-0.0759339,-0.0759339,-0.75,-1.25629,0.28470835,1.9785571
-0.375,-0.10333744,-0.10333744,-0.3671875,-0.0759339,-0.0759339,-0.5,-1.00629,0.36557275,2.4550982
-0.375,-0.10333744,-0.10333744,-0.3671875,-0.0759339,-0.0759339,-0.25,-0.75629,0.4694047,3.1178777
-0.375,-0.10333744,-0.10333744,-0.3671875,-0.0759339,-0.0759339,0.0,-0.50629,0.60272753,3.9933968
-0.375,-0.10333744,-0.10333744,-0.3671875,-0.0759339,-0.0759339,0.25,-0.25629002,0.7739175,4.989958
-0.375,-0.10333744,-0.10333744,-0.3671875,-0.0759339,-0.0759339,0.5,-0.0062900186,0.9937297,6.1032987
-0.375,-0.10333744,-0.10333744,-0.3671875,-0.0759339,-0.0759339,0.75,0.24370998,1.2759743,7.33817
-0.375,-0.10333744,-0.10333744,-0.3671875,-0.0759339,-0.0759339,1.0,0.49370998,1.6383834,8.702477
-0.375,-0.10333744,-0.10333744,-0.3525,-0.061246395,-0.061246395,-1.0,-1.50629,0.22173108,1.657543
-0.375,-0.10333744,-0.10333744,-0.3525,-0.061246395,-0.061246395,-0.75,-1.25629,0.28470835,1.9785571
-0.375,-0.10333744,-0.10333744,-0.3525,-0.061246395,-0.061246395,-0.5,-1.00629,0.36557275,2.4550982
-0.375,-0.10333744,-0.10333744,-0.3525,-0.061246395,-0.061246395,-0.25,-0.75629,0.4694047,3.1178777
-0.375,-0.10333744,-0.10333744,-0.3525,-0.061246395,-0.061246395,0.0,-0.50629,0.60272753,3.9933968
-0.375,-0.10333744,-0.10333744,-0.3525,-0.061246395,-0.061246395,0.25,-0.25629002,0.7739175,4.989958
-0.375,-0.10333744,-0.10333744,-0.3525,-0.061246395,-0.061246395,0.5,-0.0062900186,0.9937297,6.1032987
-0.375,-0.10333744,-0.10333744,-0.3525,-0.061246395,-0.061246395,0.75,0.24370998,1.2759743,7.33817
-0.375,-0.10333744,-0.10333744,-0.3525,-0.061246395,-0.061246395,1.0,0.49370998,1.6383834,8.702477
-0.375,-0.10333744,-0.10333744,-0.33781248,-0.046558887,-0.046558887,-1.0,-1.50629,0.22173108,1.657543
-0.375,-0.10333744,-0.10333744,-0.33781248,-0.046558887,-0.046558887,-0.75,-1.25629,0.28470835,1.9785571
-0.375,-0.10333744,-0.10333744,-0.33781248,-0.046558887,-0.046558887,-0.5,-1.00629,0.36557275,2.4550982
-0.375,-0.10333744,-0.10333744,-0.33781248,-0.046558887,-0.046558887,-0.25,-0.75629,0.4694047,3.1178777
-0.375,-0.10333744,-0.10333744,-0.33781248,-0.046558887,-0.046558887,0.0,-0.50629,0.60272753,3.9933968
-0.375,-0.10333744,-0.10333744,-0.33781248,-0.046558887,-0.046558887,0.25,-0.25629002,0.7739175,4.989958
-0.375,-0.10333744,-0.10333744,-0.33781248,-0.046558887,-0.046558887,0.5,-0.0062900186,0.9937297,6.1032987
-0.375,-0.10333744,-0.10333744,-0.33781248,-0.046558887,-0.046558887,0.75,0.24370998,1.2759743,7.33817
-0.375,-0.10333744,-0.10333744,-0.33781248,-0.046558887,-0.046558887,1.0,0.49370998,1.6383834,8.702477
-0.375,-0.10333744,-0.10333744,-0.323125,-0.03187141,-0.03187141,-1.0,-1.50629,0.22173108,1.657543
-0.375,-0.10333744,-0.10333744,-0.323125,-0.03187141,-0.03187141,-0.75,-1.25629,0.28470835,1.9785571
-0.375,-0.10333744,-0.10333744,-0.323125,-0.03187141,-0.03187141,-0.5,-1.00629,0.36557275,2.4550982
-0.375,-0.10333744,-0.10333744,-0.323125,-0.03187141,-0.03187141,-0.25,-0.75629,0.4694047,3.1178777
-0.375,-0.10333744,-0.10333744,-0.323125,-0.03187141,-0.03187141,0.0,-0.50629,0.60272753,3.9933968
-0.375,-0.10333744,-0.10333744,-0.323125,-0.03187141,-0.03187141,0.25,-0.25629002,0.7739175,4.989958
-0.375,-0.10333744,-0.10333744,-0.323125,-0.03187141,-0.03187141,0.5,-0.0062900186,0.9937297,6.1032987
-0.375,-0.10333744,-0.10333744,-0.323125,-0.03187141,-0.03187141,0.75,0.24370998,1.2759743,7.33817
-0.375,-0.10333744,-0.10333744,-0.323125,-0.03187141,-0.03187141,1.0,0.49370998,1.6383834,8.702477
-0.375,-0.10333744,-0.10333744,-0.3084375,-0.0171839,-0.0171839,-1.0,-1.50629,0.22173108,1.657543
-0.375,-0.10333744,-0.10333744,-0.3084375,-0.0171839,-0.0171839,-0.75,-1.25629,0.28470835,1.9785571
-0.375,-0.10333744,-0.10333744,-0.3084375,-0.0171839,-0.0171839,-0.5,-1.00629,0.36557275,2.4550982
-0.375,-0.10333744,-0.10333744,-0.3084375,-0.0171839,-0.0171839,-0.25,-0.75629,0.4694047,3.1178777
-0.375,-0.10333744,-0.10333744,-0.3084375,-0.0171839,-0.0171839,0.0,-0.50629,0.60272753,3.9933968
-0.375,-0.10333744,-0.10333744,-0.3084375,-0.0171839,-0.0171839,0.25,-0.25629002,0.7739175,4.989958
-0.375,-0.10333744,-0.10333744,-0.3084375,-0.0171839,-0.0171839,0.5,-0.0062900186,0.9937297,6.1032987
-0.375,-0.10333744,-0.10333744,-0.3084375,-0.0171839,-0.0171839,0.75,0.24370998,1.2759743,7.33817
-0.375,-0.10333744,-0.10333744,-0.3084375,-0.0171839,-0.0171839,1.0,0.49370998,1.6383834,8.702477
-0.375,-0.10333744,-0.10333744,-0.29375,-0.0024963915,-0.0024963915,-1.0,-1.50629,0.22173108,1.657543
-0.375,-0.10333744,-0.10333744,-0.29375,-0.0024963915,-0.0024963915,-0.75,-1.25629,0.28470835,1.9785571
-0.375,-0.10333744,-0.10333744,-0.29375,-0.0024963915,-0.0024963915,-0.5,-1.00629,0.36557275,2.4550982
-0.375,-0.10333744,-0.10333744,-0.29375,-0.0024963915,-0.0024963915,-0.25,-0.75629,0.4694047,3.1178777
-0.375,-0.10333744,-0.10333744,-0.29375,-0.0024963915,-0.0024963915,0.0,-0.50629,0.60272753,3.9933968
-0.375,-0.10333744,-0.10333744,-0.29375,-0.0024963915,-0.0024963915,0.25,-0.25629002,0.7739175,4.989958
-0.375,-0.10333744,-0.10333744,-0.29375,-0.0024963915,-0.0024963915,0.5,-0.0062900186,0.9937297,6.1032987
-0.375,-0.10333744,-0.10333744,-0.29375,-0.0024963915,-0.0024963915,0.75,0.24370998,1.2759743,7.33817
-0.375,-0.10333744,-0.10333744,-0.29375,-0.0024963915,-0.0024963915,1.0,0.49370998,1.6383834,8.702477
-0.375,-0.10333744,-0.10333744,-0.2790625,0.012191087,0.012191087,-1.0,-1.50629,0.22173108,1.6564901
-0.375,-0.10333744,-0.10333744,-0.2790625,0.012191087,0.012191087,-0.75,-1.25629,0.28470835,1.9760563
-0.375,-0.10333744,-0.10333744,-0.2790625,0.012191087,0.012191087,-0.5,-1.00629,0.36557275,2.4507697
-0.375,-0.10333744,-0.10333744,-0.2790625,0.012191087,0.012191087,-0.25,-0.75629,0.4694047,3.1123426
-0.375,-0.10333744,-0.10333744,-0.2790625,0.012191087,0.012191087,0.0,-0.50629,0.60272753,3.9864523
-0.375,-0.10333744,-0.10333744,-0.2790625,0.012191087,0.012191087,0.25,-0.25629002,0.7739175,4.9809756
-0.375,-0.10333744,-0.10333744,-0.2790625,0.012191087,0.012191087,0.5,-0.0062900186,0.9937297,6.0922294
-0.375,-0.10333744,-0.10333744,-0.2790625,0.012191087,0.012191087,0.75,0.24370998,1.2759743,7.3250237
-0.375,-0.10333744,-0.10333744,-0.2790625,0.012191087,0.012191087,1.0,0.49370998,1.6383834,8.687225
-0.375,-0.10333744,-0.10333744,-0.264375,0.026878595,0.026878595,-1.0,-1.50629,0.22173108,1.6812277
-0.375,-0.10333744,-0.10333744,-0.264375,0.026878595,0.026878595,-0.75,-1.25629,0.28470835,2.0136945
-0.375,-0.10333744,-0.10333744,-0.264375,0.026878595,0.026878595,-0.5,-1.00629,0.36557275,2.498207
-0.375,-0.10333744,-0.10333744,-0.264375,0.026878595,0.026878595,-0.25,-0.75629,0.4694047,3.1617458
-0.375,-0.10333744,-0.10333744,-0.264375,0.026878595,0.026878595,0.0,-0.50629,0.60272753,4.029385
-0.375,-0.10333744,-0.10333744,-0.264375,0.026878595,0.026878595,0.25,-0.25629002,0.7739175,5.0162606
-0.375,-0.10333744,-0.10333744,-0.264375,0.026878595,0.026878595,0.5,-0.0062900186,0.9937297,6.1219015
-0.375,-0.10333744,-0.10333744,-0.264375,0.026878595,0.026878595,0.75,0.24370998,1.2759743,7.3506227
-0.375,-0.10333744,-0.10333744,-0.264375,0.026878595,0.026878595,1.0,0.49370998,1.6383834,8.711296
-0.375,-0.10333744,-0.10333744,-0.2496875,0.041566104,0.041566104,-1.0,-1.50629,0.22173108,1.714555
-0.375,-0.10333744,-0.10333744,-0.2496875,0.041566104,0.041566104,-0.75,-1.25629,0.28470835,2.0645251
-0.375,-0.10333744,-0.10333744,-0.2496875,0.041566104,0.041566104,-0.5,-1.00629,0.36557275,2.553765
-0.375,-0.10333744,-0.10333744,-0.2496875,0.041566104,0.041566104,-0.25,-0.75629,0.4694047,3.2167585
-0.375,-0.10333744,-0.10333744,-0.2496875,0.041566104,0.041566104,0.0,-0.50629,0.60272753,4.082153
-0.375,-0.10333744,-0.10333744,-0.2496875,0.041566104,0.041566104,0.25,-0.25629002,0.7739175,5.065841
-0.375,-0.10333744,-0.10333744,-0.2496875,0.041566104,0.041566104,0.5,-0.0062900186,0.9937297,6.1698084
-0.375,-0.10333744,-0.10333744,-0.2496875,0.041566104,0.041566104,0.75,0.24370998,1.2759743,7.39929
-0.375,-0.10333744,-0.10333744,-0.2496875,0.041566104,0.041566104,1.0,0.49370998,1.6383834,8.763733
-0.375,-0.10333744,-0.10333744,-0.235,0.056253597,0.056253597,-1.0,-1.50629,0.22173108,1.7406636
-0.375,-0.10333744,-0.10333744,-0.235,0.056253597,0.056253597,-0.75,-1.25629,0.28470835,2.0942514
-0.375,-0.10333744,-0.10333744,-0.235,0.056253597,0.056253597,-0.5,-1.00629,0.36557275,2.582491
-0.375,-0.10333744,-0.10333744,-0.235,0.056253597,0.056253597,-0.25,-0.75629,0.4694047,3.2415135
-0.375,-0.10333744,-0.10333744,-0.235,0.056253597,0.056253597,0.0,-0.50629,0.60272753,4.1007586
-0.375,-0.10333744,-0.10333744,-0.235,0.056253597,0.056253597,0.25,-0.25629002,0.7739175,5.0774527
-0.375,-0.10333744,-0.10333744,-0.235,0.056253597,0.056253597,0.5,-0.0062900186,0.9937297,6.1732845
-0.375,-0.10333744,-0.10333744,-0.235,0.056253597,0.056253597,0.75,0.24370998,1.2759743,7.3946357
-0.375,-0.10333744,-0.10333744,-0.235,0.056253597,0.056253597,1.0,0.49370998,1.6383834,8.75168
-0.375,-0.10333744,-0.10333744,-0.2203125,0.07094109,0.07094109,-1.0,-1.50629,0.22173108,1.7767837
-0.375,-0.10333744,-0.10333744,-0.2203125,0.07094109,0.07094109,-0.75,-1.25629,0.28470835,2.1210074
-0.375,-0.10333744,-0.10333744,-0.2203125,0.07094109,0.07094109,-0.5,-1.00629,0.36557275,2.6084883
-0.375,-0.10333744,-0.10333744,-0.2203125,0.07094109,0.07094109,-0.25,-0.75629,0.4694047,3.2664957
-0.375,-0.10333744,-0.10333744,-0.2203125,0.07094109,0.07094109,0.0,-0.50629,0.60272753,4.1203895
-0.375,-0.10333744,-0.10333744,-0.2203125,0.07094109,0.07094109,0.25,-0.25629002,0.7739175,5.0883536
-0.375,-0.10333744,-0.10333744,-0.2203125,0.07094109,0.07094109,0.5,-0.0062900186,0.9937297,6.1734276
-0.375,-0.10333744,-0.10333744,-0.2203125,0.07094109,0.07094109,0.75,0.24370998,1.2759743,7.382484
-0.375,-0.10333744,-0.10333744,-0.2203125,0.07094109,0.07094109,1.0,0.49370998,1.6383834,8.726714
-0.375,-0.10333744,-0.10333744,-0.205625,0.0856286,0.0856286,-1.0,-1.50629,0.22173108,1.8592663
-0.375,-0.10333744,-0.10333744,-0.205625,0.0856286,0.0856286,-0.75,-1.25629,0.28470835,2.1944728
-0.375,-0.10333744,-0.10333744,-0.205625,0.0856286,0.0856286,-0.5,-1.00629,0.36557275,2.6745508
-0.375,-0.10333744,-0.10333744,-0.205625,0.0856286,0.0856286,-0.25,-0.75629,0.4694047,3.3298655
-0.375,-0.10333744,-0.10333744,-0.205625,0.0856286,0.0856286,0.0,-0.50629,0.60272753,4.182604
-0.375,-0.10333744,-0.10333744,-0.205625,0.0856286,0.0856286,0.25,-0.25629002,0.7739175,5.1502047
-0.375,-0.10333744,-0.10333744,-0.205625,0.0856286,0.0856286,0.5,-0.0062900186,0.9937297,6.2365894
-0.375,-0.10333744,-0.10333744,-0.205625,0.0856286,0.0856286,0.75,0.24370998,1.2759743,7.4490213
-0.375,-0.10333744,-0.10333744,-0.205625,0.0856286,0.0856286,1.0,0.49370998,1.6383834,8.798955
-0.375,-0.10333744,-0.10333744,-0.19093749,0.10031611,0.10031611,-1.0,-1.50629,0.22173108,2.0184042
-0.375,-0.10333744,-0.10333744,-0.19093749,0.10031611,0.10031611,-0.75,-1.25629,0.28470835,2.3355525
-0.375,-0.10333744,-0.10333744,-0.19093749,0.10031611,0.10031611,-0.5,-1.00629,0.36557275,2.7856212
-0.375,-0.10333744,-0.10333744,-0.19093749,0.10031611,0.10031611,-0.25,-0.75629,0.4694047,3.4080172
-0.375,-0.10333744,-0.10333744,-0.19093749,0.10031611,0.10031611,0.0,-0.50629,0.60272753,4.22564
-0.375,-0.10333744,-0.10333744,-0.19093749,0.10031611,0.10031611,0.25,-0.25629002,0.7739175,5.159766
-0.375,-0.10333744,-0.10333744,-0.19093749,0.10031611,0.10031611,0.5,-0.0062900186,0.9937297,6.214514
-0.375,-0.10333744,-0.10333744,-0.19093749,0.10031611,0.10031611,0.75,0.24370998,1.2759743,7.3987246
-0.375,-0.10333744,-0.10333744,-0.19093749,0.10031611,0.10031611,1.0,0.49370998,1.6383834,8.724125
-0.375,-0.10333744,-0.10333744,-0.17625001,0.115003586,0.115003586,-1.0,-1.50629,0.22173108,2.130099
-0.375,-0.10333744,-0.10333744,-0.17625001,0.115003586,0.115003586,-0.75,-1.25629,0.28470835,2.4367104
-0.375,-0.10333744,-0.10333744,-0.17625001,0.115003586,0.115003586,-0.5,-1.00629,0.36557275,2.863609
-0.375,-0.10333744,-0.10333744,-0.17625001,0.115003586,0.115003586,-0.25,-0.75629,0.4694047,3.4503887
-0.375,-0.10333744,-0.10333744,-0.17625001,0.115003586,0.115003586,0.0,-0.50629,0.60272753,4.2213545
-0.375,-0.10333744,-0.10333744,-0.17625001,0.115003586,0.115003586,0.25,-0.25629002,0.7739175,5.103494
-0.375,-0.10333744,-0.10333744,-0.17625001,0.115003586,0.115003586,0.5,-0.0062900186,0.9937297,6.1041436
-0.375,-0.10333744,-0.10333744,-0.17625001,0.115003586,0.115003586,0.75,0.24370998,1.2759743,7.234369
-0.375,-0.10333744,-0.10333744,-0.17625001,0.115003586,0.115003586,1.0,0.49370998,1.6383834,8.505283
-0.375,-0.10333744,-0.10333744,-0.1615625,0.1296911,0.1296911,-1.0,-1.50629,0.22173108,2.0328646
-0.375,-0.10333744,-0.10333744,-0.1615625,0.1296911,0.1296911,-0.75,-1.25629,0.28470835,2.356202
-0.375,-0.10333744,-0.10333744,-0.1615625,0.1296911,0.1296911,-0.5,-1.00629,0.36557275,2.8059368
-0.375,-0.10333744,-0.10333744,-0.1615625,0.1296911,0.1296911,-0.25,-0.75629,0.4694047,3.422409
-0.375,-0.10333744,-0.10333744,-0.1615625,0.1296911,0.1296911,0.0,-0.50629,0.60272753,4.226041
-0.375,-0.10333744,-0.10333744,-0.1615625,0.1296911,0.1296911,0.25,-0.25629002,0.7739175,5.1418037
-0.375,-0.10333744,-0.10333744,-0.1615625,0.1296911,0.1296911,0.5,-0.0062900186,0.9937297,6.176052
-0.375,-0.10333744,-0.10333744,-0.1615625,0.1296911,0.1296911,0.75,0.24370998,1.2759743,7.339047
-0.375,-0.10333744,-0.10333744,-0.1615625,0.1296911,0.1296911,1.0,0.49370998,1.6383834,8.646154
-0.375,-0.10333744,-0.10333744,-0.146875,0.1443786,0.1443786,-1.0,-1.50629,0.22173108,1.8752971
-0.375,-0.10333744,-0.10333744,-0.146875,0.1443786,0.1443786,-0.75,-1.25629,0.28470835,2.2210793
-0.375,-0.10333744,-0.10333744,-0.146875,0.1443786,0.1443786,-0.5,-1.00629,0.36557275,2.7061815
-0.375,-0.10333744,-0.10333744,-0.146875,0.1443786,0.1443786,-0.25,-0.75629,0.4694047,3.3673396
-0.375,-0.10333744,-0.10333744,-0.146875,0.1443786,0.1443786,0.0,-0.50629,0.60272753,4.2218337
-0.375,-0.10333744,-0.10333744,-0.146875,0.1443786,0.1443786,0.25,-0.25629002,0.7739175,5.1916575
-0.375,-0.10333744,-0.10333744,-0.146875,0.1443786,0.1443786,0.5,-0.0062900186,0.9937297,6.2793875
-0.375,-0.10333744,-0.10333744,-0.146875,0.1443786,0.1443786,0.75,0.24370998,1.2759743,7.5000896
-0.375,-0.10333744,-0.10333744,-0.146875,0.1443786,0.1443786,1.0,0.49370998,1.6383834,8.870506
-0.375,-0.10333744,-0.10333744,-0.13218749,0.15906611,0.15906611,-1.0,-1.50629,0.22173108,1.8431824
-0.375,-0.10333744,-0.10333744,-0.13218749,0.15906611,0.15906611,-0.75,-1.25629,0.28470835,2.227332
-0.375,-0.10333744,-0.10333744,-0.13218749,0.15906611,0.15906611,-0.5,-1.00629,0.36557275,2.753321
-0.375,-0.10333744,-0.10333744,-0.13218749,0.15906611,0.15906611,-0.25,-0.75629,0.4694047,3.4521828
-0.375,-0.10333744,-0.10333744,-0.13218749,0.15906611,0.15906611,0.0,-0.50629,0.60272753,4.3374267
-0.375,-0.10333744,-0.10333744,-0.13218749,0.15906611,0.15906611,0.25,-0.25629002,0.7739175,5.3416166
-0.375,-0.10333744,-0.10333744,-0.13218749,0.15906611,0.15906611,0.5,-0.0062900186,0.9937297,6.4704685
-0.375,-0.10333744,-0.10333744,-0.13218749,0.15906611,0.15906611,0.75,0.24370998,1.2759743,7.736177
-0.375,-0.10333744,-0.10333744,-0.13218749,0.15906611,0.15906611,1.0,0.49370998,1.6383834,9.139224
-0.375,-0.10333744,-0.10333744,-0.11750001,0.17375359,0.17375359,-1.0,-1.50629,0.22173108,1.8313359
-0.375,-0.10333744,-0.10333744,-0.11750001,0.17375359,0.17375359,-0.75,-1.25629,0.28470835,2.2204034
-0.375,-0.10333744,-0.10333744,-0.11750001,0.17375359,0.17375359,-0.5,-1.00629,0.36557275,2.743901
-0.375,-0.10333744,-0.10333744,-0.11750001,0.17375359,0.17375359,-0.25,-0.75629,0.4694047,3.4407427
-0.375,-0.10333744,-0.10333744,-0.11750001,0.17375359,0.17375359,0.0,-0.50629,0.60272753,4.327191
-0.375,-0.10333744,-0.10333744,-0.11750001,0.17375359,0.17375359,0.25,-0.25629002,0.7739175,5.3324876
-0.375,-0.10333744,-0.10333744,-0.11750001,0.17375359,0.17375359,0.5,-0.0062900186,0.9937297,6.464365
-0.375,-0.10333744,-0.10333744,-0.11750001,0.17375359,0.17375359,0.75,0.24370998,1.2759743,7.720695
-0.375,-0.10333744,-0.10333744,-0.11750001,0.17375359,0.17375359,1.0,0.49370998,1.6383834,9.106797
-0.375,-0.10333744,-0.10333744,-0.1028125,0.1884411,0.1884411,-1.0,-1.50629,0.22173108,1.8483316
-0.375,-0.10333744,-0.10333744,-0.1028125,0.1884411,0.1884411,-0.75,-1.25629,0.28470835,2.2508237
-0.375,-0.10333744,-0.10333744,-0.1028125,0.1884411,0.1884411,-0.5,-1.00629,0.36557275,2.7836208
-0.375,-0.10333744,-0.10333744,-0.1028125,0.1884411,0.1884411,-0.25,-0.75629,0.4694047,3.4956057
-0.375,-0.10333744,-0.10333744,-0.1028125,0.1884411,0.1884411,0.0,-0.50629,0.60272753,4.400098
-0.375,-0.10333744,-0.10333744,-0.1028125,0.1884411,0.1884411,0.25,-0.25629002,0.7739175,5.4328017
-0.375,-0.10333744,-0.10333744,-0.1028125,0.1884411,0.1884411,0.5,-0.0062900186,0.9937297,6.5870943
-0.375,-0.10333744,-0.10333744,-0.1028125,0.1884411,0.1884411,0.75,0.24370998,1.2759743,7.863562
-0.375,-0.10333744,-0.10333744,-0.1028125,0.1884411,0.1884411,1.0,0.49370998,1.6383834,9.269308
-0.375,-0.10333744,-0.10333744,-0.08812499,0.2031286,0.2031286,-1.0,-1.50629,0.22173108,1.8577291
-0.375,-0.10333744,-0.10333744,-0.08812499,0.2031286,0.2031286,-0.75,-1.25629,0.28470835,2.2698336
-0.375,-0.10333744,-0.10333744,-0.08812499,0.2031286,0.2031286,-0.5,-1.00629,0.36557275,2.8159678
-0.375,-0.10333744,-0.10333744,-0.08812499,0.2031286,0.2031286,-0.25,-0.75629,0.4694047,3.5409403
-0.375,-0.10333744,-0.10333744,-0.08812499,0.2031286,0.2031286,0.0,-0.50629,0.60272753,4.456525
-0.375,-0.10333744,-0.10333744,-0.08812499,0.2031286,0.2031286,0.25,-0.25629002,0.7739175,5.4949985
-0.375,-0.10333744,-0.10333744,-0.08812499,0.2031286,0.2031286,0.5,-0.0062900186,0.9937297,6.649713
-0.375,-0.10333744,-0.10333744,-0.08812499,0.2031286,0.2031286,0.75,0.24370998,1.2759743,7.9233217
-0.375,-0.10333744,-0.10333744,-0.08812499,0.2031286,0.2031286,1.0,0.49370998,1.6383834,9.326011
-0.375,-0.10333744,-0.10333744,-0.07343751,0.21781608,0.21781608,-1.0,-1.50629,0.22173108,1.855659
-0.375,-0.10333744,-0.10333744,-0.07343751,0.21781608,0.21781608,-0.75,-1.25629,0.28470835,2.2694364
-0.375,-0.10333744,-0.10333744,-0.07343751,0.21781608,0.21781608,-0.5,-1.00629,0.36557275,2.8233943
-0.375,-0.10333744,-0.10333744,-0.07343751,0.21781608,0.21781608,-0.25,-0.75629,0.4694047,3.5546908
-0.375,-0.10333744,-0.10333744,-0.07343751,0.21781608,0.21781608,0.0,-0.50629,0.60272753,4.4781885
-0.375,-0.10333744,-0.10333744,-0.07343751,0.21781608,0.21781608,0.25,-0.25629002,0.7739175,5.5181746
-0.375,-0.10333744,-0.10333744,-0.07343751,0.21781608,0.21781608,0.5,-0.0062900186,0.9937297,6.6719766
-0.375,-0.10333744,-0.10333744,-0.07343751,0.21781608,0.21781608,0.75,0.24370998,1.2759743,7.9434156
-0.375,-0.10333744,-0.10333744,-0.07343751,0.21781608,0.21781608,1.0,0.49370998,1.6383834,9.34294
-0.375,-0.10333744,-0.10333744,-0.058750004,0.2325036,0.2325036,-1.0,-1.50629,0.22173108,1.8522354
-0.375,-0.10333744,-0.10333744,-0.058750004,0.2325036,0.2325036,-0.75,-1.25629,0.28470835,2.256454
-0.375,-0.10333744,-0.10333744,-0.058750004,0.2325036,0.2325036,-0.5,-1.00629,0.36557275,2.8231342
-0.375,-0.10333744,-0.10333744,-0.058750004,0.2325036,0.2325036,-0.25,-0.75629,0.4694047,3.5839353
-0.375,-0.10333744,-0.10333744,-0.058750004,0.2325036,0.2325036,0.0,-0.50629,0.60272753,4.536611
-0.375,-0.10333744,-0.10333744,-0.058750004,0.2325036,0.2325036,0.25,-0.25629002,0.7739175,5.604864
-0.375,-0.10333744,-0.10333744,-0.058750004,0.2325036,0.2325036,0.5,-0.0062900186,0.9937297,6.7854156
-0.375,-0.10333744,-0.10333744,-0.058750004,0.2325036,0.2325036,0.75,0.24370998,1.2759743,8.082246
-0.375,-0.10333744,-0.10333744,-0.058750004,0.2325036,0.2325036,1.0,0.49370998,1.6383834,9.506615
-0.375,-0.10333744,-0.10333744,-0.044062495,0.2471911,0.2471911,-1.0,-1.50629,0.22173108,1.8965317
-0.375,-0.10333744,-0.10333744,-0.044062495,0.2471911,0.2471911,-0.75,-1.25629,0.28470835,2.3199277
-0.375,-0.10333744,-0.10333744,-0.044062495,0.2471911,0.2471911,-0.5,-1.00629,0.36557275,2.8926497
-0.375,-0.10333744,-0.10333744,-0.044062495,0.2471911,0.2471911,-0.25,-0.75629,0.4694047,3.6600647
-0.375,-0.10333744,-0.10333744,-0.044062495,0.2471911,0.2471911,0.0,-0.50629,0.60272753,4.615973
-0.375,-0.10333744,-0.10333744,-0.044062495,0.2471911,0.2471911,0.25,-0.25629002,0.7739175,5.690524
-0.375,-0.10333744,-0.10333744,-0.044062495,0.2471911,0.2471911,0.5,-0.0062900186,0.9937297,6.878046
-0.375,-0.10333744,-0.10333744,-0.044062495,0.2471911,0.2471911,0.75,0.24370998,1.2759743,8.182803
-0.375,-0.10333744,-0.10333744,-0.044062495,0.2471911,0.2471911,1.0,0.49370998,1.6383834,9.615767
-0.375,-0.10333744,-0.10333744,-0.029374987,0.2618786,0.2618786,-1.0,-1.50629,0.22173108,1.9626768
-0.375,-0.10333744,-0.10333744,-0.029374987,0.2618786,0.2618786,-0.75,-1.25629,0.28470835,2.404631
-0.375,-0.10333744,-0.10333744,-0.029374987,0.2618786,0.2618786,-0.5,-1.00629,0.36557275,2.9853384
-0.375,-0.10333744,-0.10333744,-0.029374987,0.2618786,0.2618786,-0.25,-0.75629,0.4694047,3.754825
-0.375,-0.10333744,-0.10333744,-0.029374987,0.2618786,0.2618786,0.0,-0.50629,0.60272753,4.707475
-0.375,-0.10333744,-0.10333744,-0.029374987,0.2618786,0.2618786,0.25,-0.25629002,0.7739175,5.775391
-0.375,-0.10333744,-0.10333744,-0.029374987,0.2618786,0.2618786,0.5,-0.0062900186,0.9937297,6.9554276
-0.375,-0.10333744,-0.10333744,-0.029374987,0.2618786,0.2618786,0.75,0.24370998,1.2759743,8.25467
-0.375,-0.10333744,-0.10333744,-0.029374987,0.2618786,0.2618786,1.0,0.49370998,1.6383834,9.684169
-0.375,-0.10333744,-0.10333744,-0.014687508,0.2765661,0.2765661,-1.0,-1.50629,0.22173108,2.0076349
-0.375,-0.10333744,-0.10333744,-0.014687508,0.2765661,0.2765661,-0.75,-1.25629,0.28470835,2.4607193
-0.375,-0.10333744,-0.10333744,-0.014687508,0.2765661,0.2765661,-0.5,-1.00629,0.36557275,3.0540223
-0.375,-0.10333744,-0.10333744,-0.014687508,0.2765661,0.2765661,-0.25,-0.75629,0.4694047,3.8323035
-0.375,-0.10333744,-0.10333744,-0.014687508,0.2765661,0.2765661,0.0,-0.50629,0.60272753,4.7904973
-0.375,-0.10333744,-0.10333744,-0.014687508,0.2765661,0.2765661,0.25,-0.25629002,0.7739175,5.8634872
-0.375,-0.10333744,-0.10333744,-0.014687508,0.2765661,0.2765661,0.5,-0.0062900186,0.9937297,7.048998
-0.375,-0.10333744,-0.10333744,-0.014687508,0.2765661,0.2765661,0.75,0.24370998,1.2759743,8.354325
-0.375,-0.10333744,-0.10333744,-0.014687508,0.2765661,0.2765661,1.0,0.49370998,1.6383834,9.791797
-0.375,-0.10333744,-0.10333744,0.0,0.2912536,0.2912536,-1.0,-1.50629,0.22173108,2.0297031
-0.375,-0.10333744,-0.10333744,0.0,0.2912536,0.2912536,-0.75,-1.25629,0.28470835,2.4908533
-0.375,-0.10333744,-0.10333744,0.0,0.2912536,0.2912536,-0.5,-1.00629,0.36557275,3.0938394
-0.375,-0.10333744,-0.10333744,0.0,0.2912536,0.2912536,-0.25,-0.75629,0.4694047,3.8792076
-0.375,-0.10333744,-0.10333744,0.0,0.2912536,0.2912536,0.0,-0.50629,0.60272753,4.842576
-0.375,-0.10333744,-0.10333744,0.0,0.2912536,0.2912536,0.25,-0.25629002,0.7739175,5.918847
-0.375,-0.10333744,-0.10333744,0.0,0.2912536,0.2912536,0.5,-0.0062900186,0.9937297,7.108542
-0.375,-0.10333744,-0.10333744,0.0,0.2912536,0.2912536,0.75,0.24370998,1.2759743,8.418678
-0.375,-0.10333744,-0.10333744,0.0,0.2912536,0.2912536,1.0,0.49370998,1.6383834,9.860615
-0.375,-0.10333744,-0.10333744,0.014687508,0.3059411,0.3059411,-1.0,-1.50629,0.22173108,2.0641527
-0.375,-0.10333744,-0.10333744,0.014687508,0.3059411,0.3059411,-0.75,-1.25629,0.28470835,2.536423
-0.375,-0.10333744,-0.10333744,0.014687508,0.3059411,0.3059411,-0.5,-1.00629,0.36557275,3.149864
-0.375,-0.10333744,-0.10333744,0.014687508,0.3059411,0.3059411,-0.25,-0.75629,0.4694047,3.9444816
-0.375,-0.10333744,-0.10333744,0.014687508,0.3059411,0.3059411,0.0,-0.50629,0.60272753,4.917382
-0.375,-0.10333744,-0.10333744,0.014687508,0.3059411,0.3059411,0.25,-0.25629002,0.7739175,6.0039916
-0.375,-0.10333744,-0.10333744,0.014687508,0.3059411,0.3059411,0.5,-0.0062900186,0.9937297,7.203845
-0.375,-0.10333744,-0.10333744,0.014687508,0.3059411,0.3059411,0.75,0.24370998,1.2759743,8.523567
-0.375,-0.10333744,-0.10333744,0.014687508,0.3059411,0.3059411,1.0,0.49370998,1.6383834,9.975168
-0.375,-0.10333744,-0.10333744,0.029374987,0.32062858,0.32062858,-1.0,-1.50629,0.22173108,2.0851755
-0.375,-0.10333744,-0.10333744,0.029374987,0.32062858,0.32062858,-0.75,-1.25629,0.28470835,2.5673575
-0.375,-0.10333744,-0.10333744,0.029374987,0.32062858,0.32062858,-0.5,-1.00629,0.36557275,3.1904407
-0.375,-0.10333744,-0.10333744,0.029374987,0.32062858,0.32062858,-0.25,-0.75629,0.4694047,3.9949021
-0.375,-0.10333744,-0.10333744,0.029374987,0.32062858,0.32062858,0.0,-0.50629,0.60272753,4.974713
-0.375,-0.10333744,-0.10333744,0.029374987,0.32062858,0.32062858,0.25,-0.25629002,0.7739175,6.0671644
-0.375,-0.10333744,-0.10333744,0.029374987,0.32062858,0.32062858,0.5,-0.0062900186,0.9937297,7.27209
-0.375,-0.10333744,-0.10333744,0.029374987,0.32062858,0.32062858,0.75,0.24370998,1.2759743,8.596866
-0.375,-0.10333744,-0.10333744,0.029374987,0.32062858,0.32062858,1.0,0.49370998,1.6383834,10.053415
-0.375,-0.10333744,-0.10333744,0.044062525,0.33531612,0.33531612,-1.0,-1.50629,0.22173108,2.0873098
-0.375,-0.10333744,-0.10333744,0.044062525,0.33531612,0.33531612,-0.75,-1.25629,0.28470835,2.573572
-0.375,-0.10333744,-0.10333744,0.044062525,0.33531612,0.33531612,-0.5,-1.00629,0.36557275,3.198727
-0.375,-0.10333744,-0.10333744,0.044062525,0.33531612,0.33531612,-0.25,-0.75629,0.4694047,4.003141
-0.375,-0.10333744,-0.10333744,0.044062525,0.33531612,0.33531612,0.0,-0.50629,0.60272753,4.979657
-0.375,-0.10333744,-0.10333744,0.044062525,0.33531612,0.33531612,0.25,-0.25629002,0.7739175,6.065362
-0.375,-0.10333744,-0.10333744,0.044062525,0.33531612,0.33531612,0.5,-0.0062900186,0.9937297,7.262708
-0.375,-0.10333744,-0.10333744,0.044062525,0.33531612,0.33531612,0.75,0.24370998,1.2759743,8.578645
-0.375,-0.10333744,-0.10333744,0.044062525,0.33531612,0.33531612,1.0,0.49370998,1.6383834,10.025673
-0.375,-0.10333744,-0.10333744,0.058750004,0.3500036,0.3500036,-1.0,-1.50629,0.22173108,2.119746
-0.375,-0.10333744,-0.10333744,0.058750004,0.3500036,0.3500036,-0.75,-1.25629,0.28470835,2.6171837
-0.375,-0.10333744,-0.10333744,0.058750004,0.3500036,0.3500036,-0.5,-1.00629,0.36557275,3.2521849
-0.375,-0.10333744,-0.10333744,0.058750004,0.3500036,0.3500036,-0.25,-0.75629,0.4694047,4.0665326
-0.375,-0.10333744,-0.10333744,0.058750004,0.3500036,0.3500036,0.0,-0.50629,0.60272753,5.0509315
-0.375,-0.10333744,-0.10333744,0.058750004,0.3500036,0.3500036,0.25,-0.25629002,0.7739175,6.1456485
-0.375,-0.10333744,-0.10333744,0.058750004,0.3500036,0.3500036,0.5,-0.0062900186,0.9937297,7.3514576
-0.375,-0.10333744,-0.10333744,0.058750004,0.3500036,0.3500036,0.75,0.24370998,1.2759743,8.676749
-0.375,-0.10333744,-0.10333744,0.058750004,0.3500036,0.3500036,1.0,0.49370998,1.6383834,10.133529
-0.375,-0.10333744,-0.10333744,0.07343748,0.36469108,0.36469108,-1.0,-1.50629,0.22173108,2.1520197
-0.375,-0.10333744,-0.10333744,0.07343748,0.36469108,0.36469108,-0.75,-1.25629,0.28470835,2.6586068
-0.375,-0.10333744,-0.10333744,0.07343748,0.36469108,0.36469108,-0.5,-1.00629,0.36557275,3.3018994
-0.375,-0.10333744,-0.10333744,0.07343748,0.36469108,0.36469108,-0.25,-0.75629,0.4694047,4.1250033
-0.375,-0.10333744,-0.10333744,0.07343748,0.36469108,0.36469108,0.0,-0.50629,0.60272753,5.1180606
-0.375,-0.10333744,-0.10333744,0.07343748,0.36469108,0.36469108,0.25,-0.25629002,0.7739175,6.2219596
-0.375,-0.10333744,-0.10333744,0.07343748,0.36469108,0.36469108,0.5,-0.0062900186,0.9937297,7.4379716
-0.375,-0.10333744,-0.10333744,0.07343748,0.36469108,0.36469108,0.75,0.24370998,1.2759743,8.77409
-0.375,-0.10333744,-0.10333744,0.07343748,0.36469108,0.36469108,1.0,0.49370998,1.6383834,10.242588
-0.375,-0.10333744,-0.10333744,0.08812502,0.37937862,0.37937862,-1.0,-1.50629,0.22173108,2.1686754
-0.375,-0.10333744,-0.10333744,0.08812502,0.37937862,0.37937862,-0.75,-1.25629,0.28470835,2.6750903
-0.375,-0.10333744,-0.10333744,0.08812502,0.37937862,0.37937862,-0.5,-1.00629,0.36557275,3.3178506
-0.375,-0.10333744,-0.10333744,0.08812502,0.37937862,0.37937862,-0.25,-0.75629,0.4694047,4.1411204
-0.375,-0.10333744,-0.10333744,0.08812502,0.37937862,0.37937862,0.0,-0.50629,0.60272753,5.1339417
-0.375,-0.10333744,-0.10333744,0.08812502,0.37937862,0.37937862,0.25,-0.25629002,0.7739175,6.2371626
-0.375,-0.10333744,-0.10333744,0.08812502,0.37937862,0.37937862,0.5,-0.0062900186,0.9937297,7.4527435
-0.375,-0.10333744,-0.10333744,0.08812502,0.37937862,0.37937862,0.75,0.24370998,1.2759743,8.788171
-0.375,-0.10333744,-0.10333744,0.08812502,0.37937862,0.37937862,1.0,0.49370998,1.6383834,10.255543
-0.375,-0.10333744,-0.10333744,0.1028125,0.3940661,0.3940661,-1.0,-1.50629,0.22173108,2.1725152
-0.375,-0.10333744,-0.10333744,0.1028125,0.3940661,0.3940661,-0.75,-1.25629,0.28470835,2.6765501
-0.375,-0.10333744,-0.10333744,0.1028125,0.3940661,0.3940661,-0.5,-1.00629,0.36557275,3.3155868
-0.375,-0.10333744,-0.10333744,0.1028125,0.3940661,0.3940661,-0.25,-0.75629,0.4694047,4.136722
-0.375,-0.10333744,-0.10333744,0.1028125,0.3940661,0.3940661,0.0,-0.50629,0.60272753,5.126319
-0.375,-0.10333744,-0.10333744,0.1028125,0.3940661,0.3940661,0.25,-0.25629002,0.7739175,6.2267046
-0.375,-0.10333744,-0.10333744,0.1028125,0.3940661,0.3940661,0.5,-0.0062900186,0.9937297,7.4384995
-0.375,-0.10333744,-0.10333744,0.1028125,0.3940661,0.3940661,0.75,0.24370998,1.2759743,8.770073
-0.375,-0.10333744,-0.10333744,0.1028125,0.3940661,0.3940661,1.0,0.49370998,1.6383834,10.2339115
-0.375,-0.10333744,-0.10333744,0.11749998,0.40875357,0.40875357,-1.0,-1.50629,0.22173108,2.2021437
-0.375,-0.10333744,-0.10333744,0.11749998,0.40875357,0.40875357,-0.75,-1.25629,0.28470835,2.7150085
-0.375,-0.10333744,-0.10333744,0.11749998,0.40875357,0.40875357,-0.5,-1.00629,0.36557275,3.3618782
-0.375,-0.10333744,-0.10333744,0.11749998,0.40875357,0.40875357,-0.25,-0.75629,0.4694047,4.190403
-0.375,-0.10333744,-0.10333744,0.11749998,0.40875357,0.40875357,0.0,-0.50629,0.60272753,5.1869884
-0.375,-0.10333744,-0.10333744,0.11749998,0.40875357,0.40875357,0.25,-0.25629002,0.7739175,6.294256
-0.375,-0.10333744,-0.10333744,0.11749998,0.40875357,0.40875357,0.5,-0.0062900186,0.9937297,7.5141997
-0.375,-0.10333744,-0.10333744,0.11749998,0.40875357,0.40875357,0.75,0.24370998,1.2759743,8.854129
-0.375,-0.10333744,-0.10333744,0.11749998,0.40875357,0.40875357,1.0,0.49370998,1.6383834,10.326351
-0.375,-0.10333744,-0.10333744,0.13218752,0.4234411,0.4234411,-1.0,-1.50629,0.22173108,2.2039878
-0.375,-0.10333744,-0.10333744,0.13218752,0.4234411,0.4234411,-0.75,-1.25629,0.28470835,2.7181942
-0.375,-0.10333744,-0.10333744,0.13218752,0.4234411,0.4234411,-0.5,-1.00629,0.36557275,3.3651464
-0.375,-0.10333744,-0.10333744,0.13218752,0.4234411,0.4234411,-0.25,-0.75629,0.4694047,4.1935363
-0.375,-0.10333744,-0.10333744,0.13218752,0.4234411,0.4234411,0.0,-0.50629,0.60272753,5.189204
-0.375,-0.10333744,-0.10333744,0.13218752,0.4234411,0.4234411,0.25,-0.25629002,0.7739175,6.2952714
-0.375,-0.10333744,-0.10333744,0.13218752,0.4234411,0.4234411,0.5,-0.0062900186,0.9937297,7.5134463
-0.375,-0.10333744,-0.10333744,0.13218752,0.4234411,0.4234411,0.75,0.24370998,1.2759743,8.851978
-0.375,-0.10333744,-0.10333744,0.13218752,0.4234411,0.4234411,1.0,0.49370998,1.6383834,10.324385
-0.375,-0.10333744,-0.10333744,0.146875,0.4381286,0.4381286,-1.0,-1.50629,0.22173108,2.2023797
-0.375,-0.10333744,-0.10333744,0.146875,0.4381286,0.4381286,-0.75,-1.25629,0.28470835,2.7179005
-0.375,-0.10333744,-0.10333744,0.146875,0.4381286,0.4381286,-0.5,-1.00629,0.36557275,3.3635724
-0.375,-0.10333744,-0.10333744,0.146875,0.4381286,0.4381286,-0.25,-0.75629,0.4694047,4.190419
-0.375,-0.10333744,-0.10333744,0.146875,0.4381286,0.4381286,0.0,-0.50629,0.60272753,5.1824613
-0.375,-0.10333744,-0.10333744,0.146875,0.4381286,0.4381286,0.25,-0.25629002,0.7739175,6.284762
-0.375,-0.10333744,-0.10333744,0.146875,0.4381286,0.4381286,0.5,-0.0062900186,0.9937297,7.4985332
-0.375,-0.10333744,-0.10333744,0.146875,0.4381286,0.4381286,0.75,0.24370998,1.2759743,8.831137
-0.375,-0.10333744,-0.10333744,0.146875,0.4381286,0.4381286,1.0,0.49370998,1.6383834,10.296521
-0.375,-0.10333744,-0.10333744,0.16156247,0.45281607,0.45281607,-1.0,-1.50629,0.22173108,2.2188263
-0.375,-0.10333744,-0.10333744,0.16156247,0.45281607,0.45281607,-0.75,-1.25629,0.28470835,2.7413516
-0.375,-0.10333744,-0.10333744,0.16156247,0.45281607,0.45281607,-0.5,-1.00629,0.36557275,3.3940172
-0.375,-0.10333744,-0.10333744,0.16156247,0.45281607,0.45281607,-0.25,-0.75629,0.4694047,4.2276106
-0.375,-0.10333744,-0.10333744,0.16156247,0.45281607,0.45281607,0.0,-0.50629,0.60272753,5.2274604
-0.375,-0.10333744,-0.10333744,0.16156247,0.45281607,0.45281607,0.25,-0.25629002,0.7739175,6.3382015
-0.375,-0.10333744,-0.10333744,0.16156247,0.45281607,0.45281607,0.5,-0.0062900186,0.9937297,7.5614085
-0.375,-0.10333744,-0.10333744,0.16156247,0.45281607,0.45281607,0.75,0.24370998,1.2759743,8.905547
-0.375,-0.10333744,-0.10333744,0.16156247,0.45281607,0.45281607,1.0,0.49370998,1.6383834,10.384079
-0.375,-0.10333744,-0.10333744,0.17625001,0.4675036,0.4675036,-1.0,-1.50629,0.22173108,2.2181852
-0.375,-0.10333744,-0.10333744,0.17625001,0.4675036,0.4675036,-0.75,-1.25629,0.28470835,2.7411106
-0.375,-0.10333744,-0.10333744,0.17625001,0.4675036,0.4675036,-0.5,-1.00629,0.36557275,3.3939593
-0.375,-0.10333744,-0.10333744,0.17625001,0.4675036,0.4675036,-0.25,-0.75629,0.4694047,4.229031
-0.375,-0.10333744,-0.10333744,0.17625001,0.4675036,0.4675036,0.0,-0.50629,0.60272753,5.228547
-0.375,-0.10333744,-0.10333744,0.17625001,0.4675036,0.4675036,0.25,-0.25629002,0.7739175,6.3382807
-0.375,-0.10333744,-0.10333744,0.17625001,0.4675036,0.4675036,0.5,-0.0062900186,0.9937297,7.5597396
-0.375,-0.10333744,-0.10333744,0.17625001,0.4675036,0.4675036,0.75,0.24370998,1.2759743,8.903073
-0.375,-0.10333744,-0.10333744,0.17625001,0.4675036,0.4675036,1.0,0.49370998,1.6383834,10.381076
-0.375,-0.10333744,-0.10333744,0.19093749,0.4821911,0.4821911,-1.0,-1.50629,0.22173108,2.2074482
-0.375,-0.10333744,-0.10333744,0.19093749,0.4821911,0.4821911,-0.75,-1.25629,0.28470835,2.7297976
-0.375,-0.10333744,-0.10333744,0.19093749,0.4821911,0.4821911,-0.5,-1.00629,0.36557275,3.3816955
-0.375,-0.10333744,-0.10333744,0.19093749,0.4821911,0.4821911,-0.25,-0.75629,0.4694047,4.213156
-0.375,-0.10333744,-0.10333744,0.19093749,0.4821911,0.4821911,0.0,-0.50629,0.60272753,5.2081947
-0.375,-0.10333744,-0.10333744,0.19093749,0.4821911,0.4821911,0.25,-0.25629002,0.7739175,6.312668
-0.375,-0.10333744,-0.10333744,0.19093749,0.4821911,0.4821911,0.5,-0.0062900186,0.9937297,7.528525
-0.375,-0.10333744,-0.10333744,0.19093749,0.4821911,0.4821911,0.75,0.24370998,1.2759743,8.866259
-0.375,-0.10333744,-0.10333744,0.19093749,0.4821911,0.4821911,1.0,0.49370998,1.6383834,10.337506
-0.375,-0.10333744,-0.10333744,0.20562503,0.49687862,0.49687862,-1.0,-1.50629,0.22173108,2.2208602
-0.375,-0.10333744,-0.10333744,0.20562503,0.49687862,0.49687862,-0.75,-1.25629,0.28470835,2.7523773
-0.375,-0.10333744,-0.10333744,0.20562503,0.49687862,0.49687862,-0.5,-1.00629,0.36557275,3.4136992
-0.375,-0.10333744,-0.10333744,0.20562503,0.49687862,0.49687862,-0.25,-0.75629,0.4694047,4.254429
-0.375,-0.10333744,-0.10333744,0.20562503,0.49687862,0.49687862,0.0,-0.50629,0.60272753,5.2585664
-0.375,-0.10333744,-0.10333744,0.20562503,0.49687862,0.49687862,0.25,-0.25629002,0.7739175,6.372925
-0.375,-0.10333744,-0.10333744,0.20562503,0.49687862,0.49687862,0.5,-0.0062900186,0.9937297,7.600753
-0.375,-0.10333744,-0.10333744,0.20562503,0.49687862,0.49687862,0.75,0.24370998,1.2759743,8.951332
-0.375,-0.10333744,-0.10333744,0.20562503,0.49687862,0.49687862,1.0,0.49370998,1.6383834,10.434907
-0.375,-0.10333744,-0.10333744,0.2203125,0.5115661,0.5115661,-1.0,-1.50629,0.22173108,2.1929352
-0.375,-0.10333744,-0.10333744,0.2203125,0.5115661,0.5115661,-0.75,-1.25629,0.28470835,2.7205908
-0.375,-0.10333744,-0.10333744,0.2203125,0.5115661,0.5115661,-0.5,-1.00629,0.36557275,3.378411
-0.375,-0.10333744,-0.10333744,0.2203125,0.5115661,0.5115661,-0.25,-0.75629,0.4694047,4.2149577
-0.375,-0.10333744,-0.10333744,0.2203125,0.5115661,0.5115661,0.0,-0.50629,0.60272753,5.21269
-0.375,-0.10333744,-0.10333744,0.2203125,0.5115661,0.5115661,0.25,-0.25629002,0.7739175,6.319119
-0.375,-0.10333744,-0.10333744,0.2203125,0.5115661,0.5115661,0.5,-0.0062900186,0.9937297,7.537461
-0.375,-0.10333744,-0.10333744,0.2203125,0.5115661,0.5115661,0.75,0.24370998,1.2759743,8.877452
-0.375,-0.10333744,-0.10333744,0.2203125,0.5115661,0.5115661,1.0,0.49370998,1.6383834,10.349566
-0.375,-0.10333744,-0.10333744,0.23499998,0.5262536,0.5262536,-1.0,-1.50629,0.22173108,2.1817355
-0.375,-0.10333744,-0.10333744,0.23499998,0.5262536,0.5262536,-0.75,-1.25629,0.28470835,2.7156508
-0.375,-0.10333744,-0.10333744,0.23499998,0.5262536,0.5262536,-0.5,-1.00629,0.36557275,3.3795373
-0.375,-0.10333744,-0.10333744,0.23499998,0.5262536,0.5262536,-0.25,-0.75629,0.4694047,4.221956
-0.375,-0.10333744,-0.10333744,0.23499998,0.5262536,0.5262536,0.0,-0.50629,0.60272753,5.227877
-0.375,-0.10333744,-0.10333744,0.23499998,0.5262536,0.5262536,0.25,-0.25629002,0.7739175,6.3439856
-0.375,-0.10333744,-0.10333744,0.23499998,0.5262536,0.5262536,0.5,-0.0062900186,0.9937297,7.572988
-0.375,-0.10333744,-0.10333744,0.23499998,0.5262536,0.5262536,0.75,0.24370998,1.2759743,8.923641
-0.375,-0.10333744,-0.10333744,0.23499998,0.5262536,0.5262536,1.0,0.49370998,1.6383834,10.406631
-0.375,-0.10333744,-0.10333744,0.24968752,0.5409411,0.5409411,-1.0,-1.50629,0.22173108,2.1647015
-0.375,-0.10333744,-0.10333744,0.24968752,0.5409411,0.5409411,-0.75,-1.25629,0.28470835,2.7035875
-0.375,-0.10333744,-0.10333744,0.24968752,0.5409411,0.5409411,-0.5,-1.00629,0.36557275,3.3728306
-0.375,-0.10333744,-0.10333744,0.24968752,0.5409411,0.5409411,-0.25,-0.75629,0.4694047,4.2209306
-0.375,-0.10333744,-0.10333744,0.24968752,0.5409411,0.5409411,0.0,-0.50629,0.60272753,5.231009
-0.375,-0.10333744,-0.10333744,0.24968752,0.5409411,0.5409411,0.25,-0.25629002,0.7739175,6.3505826
-0.375,-0.10333744,-0.10333744,0.24968752,0.5409411,0.5409411,0.5,-0.0062900186,0.9937297,7.583178
-0.375,-0.10333744,-0.10333744,0.24968752,0.5409411,0.5409411,0.75,0.24370998,1.2759743,8.936267
-0.375,-0.10333744,-0.10333744,0.24968752,0.5409411,0.5409411,1.0,0.49370998,1.6383834,10.421368
-0.375,-0.10333744,-0.10333744,0.264375,0.5556286,0.5556286,-1.0,-1.50629,0.22173108,2.127975
-0.375,-0.10333744,-0.10333744,0.264375,0.5556286,0.5556286,-0.75,-1.25629,0.28470835,2.6667633
-0.375,-0.10333744,-0.10333744,0.264375,0.5556286,0.5556286,-0.5,-1.00629,0.36557275,3.335286
-0.375,-0.10333744,-0.10333744,0.264375,0.5556286,0.5556286,-0.25,-0.75629,0.4694047,4.1812954
-0.375,-0.10333744,-0.10333744,0.264375,0.5556286,0.5556286,0.0,-0.50629,0.60272753,5.187974
-0.375,-0.10333744,-0.10333744,0.264375,0.5556286,0.5556286,0.25,-0.25629002,0.7739175,6.303732
-0.375,-0.10333744,-0.10333744,0.264375,0.5556286,0.5556286,0.5,-0.0062900186,0.9937297,7.532404
-0.375,-0.10333744,-0.10333744,0.264375,0.5556286,0.5556286,0.75,0.24370998,1.2759743,8.880999
-0.375,-0.10333744,-0.10333744,0.264375,0.5556286,0.5556286,1.0,0.49370998,1.6383834,10.361462
-0.375,-0.10333744,-0.10333744,0.27906248,0.5703161,0.5703161,-1.0,-1.50629,0.22173108,2.089983
-0.375,-0.10333744,-0.10333744,0.27906248,0.5703161,0.5703161,-0.75,-1.25629,0.28470835,2.6353147
-0.375,-0.10333744,-0.10333744,0.27906248,0.5703161,0.5703161,-0.5,-1.00629,0.36557275,3.3098538
-0.375,-0.10333744,-0.10333744,0.27906248,0.5703161,0.5703161,-0.25,-0.75629,0.4694047,4.1609507
-0.375,-0.10333744,-0.10333744,0.27906248,0.5703161,0.5703161,0.0,-0.50629,0.60272753,5.172056
-0.375,-0.10333744,-0.10333744,0.27906248,0.5703161,0.5703161,0.25,-0.25629002,0.7739175,6.293288
-0.375,-0.10333744,-0.10333744,0.27906248,0.5703161,0.5703161,0.5,-0.0062900186,0.9937297,7.527556
-0.375,-0.10333744,-0.10333744,0.27906248,0.5703161,0.5703161,0.75,0.24370998,1.2759743,8.881509
-0.375,-0.10333744,-0.10333744,0.27906248,0.5703161,0.5703161,1.0,0.49370998,1.6383834,10.3676405
-0.375,-0.10333744,-0.10333744,0.29375002,0.5850036,0.5850036,-1.0,-1.50629,0.22173108,2.0199552
-0.375,-0.10333744,-0.10333744,0.29375002,0.5850036,0.5850036,-0.75,-1.25629,0.28470835,2.5713906
-0.375,-0.10333744,-0.10333744,0.29375002,0.5850036,0.5850036,-0.5,-1.00629,0.36557275,3.2484834
-0.375,-0.10333744,-0.10333744,0.29375002,0.5850036,0.5850036,-0.25,-0.75629,0.4694047,4.097623
-0.375,-0.10333744,-0.10333744,0.29375002,0.5850036,0.5850036,0.0,-0.50629,0.60272753,5.1052957
-0.375,-0.10333744,-0.10333744,0.29375002,0.5850036,0.5850036,0.25,-0.25629002,0.7739175,6.222145
-0.375,-0.10333744,-0.10333744,0.29375002,0.5850036,0.5850036,0.5,-0.0062900186,0.9937297,7.4502306
-0.375,-0.10333744,-0.10333744,0.29375002,0.5850036,0.5850036,0.75,0.24370998,1.2759743,8.796322
-0.375,-0.10333744,-0.10333744,0.29375002,0.5850036,0.5850036,1.0,0.49370998,1.6383834,10.27295
-0.375,-0.10333744,-0.10333744,0.3084375,0.5996911,0.5996911,-1.0,-1.50629,0.22173108,1.9733454
-0.375,-0.10333744,-0.10333744,0.3084375,0.5996911,0.5996911,-0.75,-1.25629,0.28470835,2.5450907
-0.375,-0.10333744,-0.10333744,0.3084375,0.5996911,0.5996911,-0.5,-1.00629,0.36557275,3.2392783
-0.375,-0.10333744,-0.10333744,0.3084375,0.5996911,0.5996911,-0.25,-0.75629,0.4694047,4.1030316
-0.375,-0.10333744,-0.10333744,0.3084375,0.5996911,0.5996911,0.0,-0.50629,0.60272753,5.1245584
-0.375,-0.10333744,-0.10333744,0.3084375,0.5996911,0.5996911,0.25,-0.25629002,0.7739175,6.2554035
-0.375,-0.10333744,-0.10333744,0.3084375,0.5996911,0.5996911,0.5,-0.0062900186,0.9937297,7.496652
-0.375,-0.10333744,-0.10333744,0.3084375,0.5996911,0.5996911,0.75,0.24370998,1.2759743,8.855762
-0.375,-0.10333744,-0.10333744,0.3084375,0.5996911,0.5996911,1.0,0.49370998,1.6383834,10.345175
-0.375,-0.10333744,-0.10333744,0.32312497,0.6143786,0.6143786,-1.0,-1.50629,0.22173108,1.9091761
-0.375,-0.10333744,-0.10333744,0.32312497,0.6143786,0.6143786,-0.75,-1.25629,0.28470835,2.4916935
-0.375,-0.10333744,-0.10333744,0.32312497,0.6143786,0.6143786,-0.5,-1.00629,0.36557275,3.1922936
-0.375,-0.10333744,-0.10333744,0.32312497,0.6143786,0.6143786,-0.25,-0.75629,0.4694047,4.058932
-0.375,-0.10333744,-0.10333744,0.32312497,0.6143786,0.6143786,0.0,-0.50629,0.60272753,5.082313
-0.375,-0.10333744,-0.10333744,0.32312497,0.6143786,0.6143786,0.25,-0.25629002,0.7739175,6.2137775
-0.375,-0.10333744,-0.10333744,0.32312497,0.6143786,0.6143786,0.5,-0.0062900186,0.9937297,7.453821
-0.375,-0.10333744,-0.10333744,0.32312497,0.6143786,0.6143786,0.75,0.24370998,1.2759743,8.810885
-0.375,-0.10333744,-0.10333744,0.32312497,0.6143786,0.6143786,1.0,0.49370998,1.6383834,10.297737
-0.375,-0.10333744,-0.10333744,0.3378125,0.6290661,0.6290661,-1.0,-1.50629,0.22173108,1.9028634
-0.375,-0.10333744,-0.10333744,0.3378125,0.6290661,0.6290661,-0.75,-1.25629,0.28470835,2.482021
-0.375,-0.10333744,-0.10333744,0.3378125,0.6290661,0.6290661,-0.5,-1.00629,0.36557275,3.1800272
-0.375,-0.10333744,-0.10333744,0.3378125,0.6290661,0.6290661,-0.25,-0.75629,0.4694047,4.0432663
-0.375,-0.10333744,-0.10333744,0.3378125,0.6290661,0.6290661,0.0,-0.50629,0.60272753,5.0647407
-0.375,-0.10333744,-0.10333744,0.3378125,0.6290661,0.6290661,0.25,-0.25629002,0.7739175,6.1949186
-0.375,-0.10333744,-0.10333744,0.3378125,0.6290661,0.6290661,0.5,-0.0062900186,0.9937297,7.4337983
-0.375,-0.10333744,-0.10333744,0.3378125,0.6290661,0.6290661,0.75,0.24370998,1.2759743,8.789859
-0.375,-0.10333744,-0.10333744,0.3378125,0.6290661,0.6290661,1.0,0.49370998,1.6383834,10.276018
-0.375,-0.10333744,-0.10333744,0.3525,0.6437536,0.6437536,-1.0,-1.50629,0.22173108,1.9348198
-0.375,-0.10333744,-0.10333744,0.3525,0.6437536,0.6437536,-0.75,-1.25629,0.28470835,2.495376
-0.375,-0.10333744,-0.10333744,0.3525,0.6437536,0.6437536,-0.5,-1.00629,0.36557275,3.1792607
-0.375,-0.10333744,-0.10333744,0.3525,0.6437536,0.6437536,-0.25,-0.75629,0.4694047,4.0299735
-0.375,-0.10333744,-0.10333744,0.3525,0.6437536,0.6437536,0.0,-0.50629,0.60272753,5.0427475
-0.375,-0.10333744,-0.10333744,0.3525,0.6437536,0.6437536,0.25,-0.25629002,0.7739175,6.165103
-0.375,-0.10333744,-0.10333744,0.3525,0.6437536,0.6437536,0.5,-0.0062900186,0.9937297,7.397005
-0.375,-0.10333744,-0.10333744,0.3525,0.6437536,0.6437536,0.75,0.24370998,1.2759743,8.746704
-0.375,-0.10333744,-0.10333744,0.3525,0.6437536,0.6437536,1.0,0.49370998,1.6383834,10.226808
-0.375,-0.10333744,-0.10333744,0.36718747,0.65844107,0.65844107,-1.0,-1.50629,0.22173108,1.9734647
-0.375,-0.10333744,-0.10333744,0.36718747,0.65844107,0.65844107,-0.75,-1.25629,0.28470835,2.5117717
-0.375,-0.10333744,-0.10333744,0.36718747,0.65844107,0.65844107,-0.5,-1.00629,0.36557275,3.1788218
-0.375,-0.10333744,-0.10333744,0.36718747,0.65844107,0.65844107,-0.25,-0.75629,0.4694047,4.016095
-0.375,-0.10333744,-0.10333744,0.36718747,0.65844107,0.65844107,0.0,-0.50629,0.60272753,5.0186205
-0.375,-0.10333744,-0.10333744,0.36718747,0.65844107,0.65844107,0.25,-0.25629002,0.7739175,6.1326995
-0.375,-0.10333744,-0.10333744,0.36718747,0.65844107,0.65844107,0.5,-0.0062900186,0.9937297,7.357962
-0.375,-0.10333744,-0.10333744,0.36718747,0.65844107,0.65844107,0.75,0.24370998,1.2759743,8.702266
-0.375,-0.10333744,-0.10333744,0.36718747,0.65844107,0.65844107,1.0,0.49370998,1.6383834,10.177562
-0.375,-0.10333744,-0.10333744,0.381875,0.6731286,0.6731286,-1.0,-1.50629,0.22173108,2.0119026
-0.375,-0.10333744,-0.10333744,0.381875,0.6731286,0.6731286,-0.75,-1.25629,0.28470835,2.532679
-0.375,-0.10333744,-0.10333744,0.381875,0.6731286,0.6731286,-0.5,-1.00629,0.36557275,3.1865735
-0.375,-0.10333744,-0.10333744,0.381875,0.6731286,0.6731286,-0.25,-0.75629,0.4694047,4.012125
-0.375,-0.10333744,-0.10333744,0.381875,0.6731286,0.6731286,0.0,-0.50629,0.60272753,5.0069265
-0.375,-0.10333744,-0.10333744,0.381875,0.6731286,0.6731286,0.25,-0.25629002,0.7739175,6.114291
-0.375,-0.10333744,-0.10333744,0.381875,0.6731286,0.6731286,0.5,-0.0062900186,0.9937297,7.333842
-0.375,-0.10333744,-0.10333744,0.381875,0.6731286,0.6731286,0.75,0.24370998,1.2759743,8.673181
-0.375,-0.10333744,-0.10333744,0.381875,0.6731286,0.6731286,1.0,0.49370998,1.6383834,10.144399
-0.375,-0.10333744,-0.10333744,0.3965625,0.6878161,0.6878161,-1.0,-1.50629,0.22173108,2.0263312
-0.375,-0.10333744,-0.10333744,0.3965625,0.6878161,0.6878161,-0.75,-1.25629,0.28470835,2.5356495
-0.375,-0.10333744,-0.10333744,0.3965625,0.6878161,0.6878161,-0.5,-1.00629,0.36557275,3.1806328
-0.375,-0.10333744,-0.10333744,0.3965625,0.6878161,0.6878161,-0.25,-0.75629,0.4694047,3.9979618
-0.375,-0.10333744,-0.10333744,0.3965625,0.6878161,0.6878161,0.0,-0.50629,0.60272753,4.986817
-0.375,-0.10333744,-0.10333744,0.3965625,0.6878161,0.6878161,0.25,-0.25629002,0.7739175,6.08875
-0.375,-0.10333744,-0.10333744,0.3965625,0.6878161,0.6878161,0.5,-0.0062900186,0.9937297,7.304082
-0.375,-0.10333744,-0.10333744,0.3965625,0.6878161,0.6878161,0.75,0.24370998,1.2759743,8.640339
-0.375,-0.10333744,-0.10333744,0.3965625,0.6878161,0.6878161,1.0,0.49370998,1.6383834,10.10969
-0.375,-0.10333744,-0.10333744,0.41125003,0.7025036,0.7025036,-1.0,-1.50629,0.22173108,2.0265803
-0.375,-0.10333744,-0.10333744,0.41125003,0.7025036,0.7025036,-0.75,-1.25629,0.28470835,2.5225375
-0.375,-0.10333744,-0.10333744,0.41125003,0.7025036,0.7025036,-0.5,-1.00629,0.36557275,3.1546676
-0.375,-0.10333744,-0.10333744,0.41125003,0.7025036,0.7025036,-0.25,-0.75629,0.4694047,3.9600186
-0.375,-0.10333744,-0.10333744,0.41125003,0.7025036,0.7025036,0.0,-0.50629,0.60272753,4.9363713
-0.375,-0.10333744,-0.10333744,0.41125003,0.7025036,0.7025036,0.25,-0.25629002,0.7739175,6.0251575
-0.375,-0.10333744,-0.10333744,0.41125003,0.7025036,0.7025036,0.5,-0.0062900186,0.9937297,7.2284284
-0.375,-0.10333744,-0.10333744,0.41125003,0.7025036,0.7025036,0.75,0.24370998,1.2759743,8.553563
-0.375,-0.10333744,-0.10333744,0.41125003,0.7025036,0.7025036,1.0,0.49370998,1.6383834,10.012078
-0.375,-0.10333744,-0.10333744,0.4259375,0.7171911,0.7171911,-1.0,-1.50629,0.22173108,2.0324872
-0.375,-0.10333744,-0.10333744,0.4259375,0.7171911,0.7171911,-0.75,-1.25629,0.28470835,2.5237613
-0.375,-0.10333744,-0.10333744,0.4259375,0.7171911,0.7171911,-0.5,-1.00629,0.36557275,3.1529694
-0.375,-0.10333744,-0.10333744,0.4259375,0.7171911,0.7171911,-0.25,-0.75629,0.4694047,3.955244
-0.375,-0.10333744,-0.10333744,0.4259375,0.7171911,0.7171911,0.0,-0.50629,0.60272753,4.932455
-0.375,-0.10333744,-0.10333744,0.4259375,0.7171911,0.7171911,0.25,-0.25629002,0.7739175,6.026026
-0.375,-0.10333744,-0.10333744,0.4259375,0.7171911,0.7171911,0.5,-0.0062900186,0.9937297,7.2348294
-0.375,-0.10333744,-0.10333744,0.4259375,0.7171911,0.7171911,0.75,0.24370998,1.2759743,8.565766
-0.375,-0.10333744,-0.10333744,0.4259375,0.7171911,0.7171911,1.0,0.49370998,1.6383834,10.031452
-0.375,-0.10333744,-0.10333744,0.44062498,0.7318786,0.7318786,-1.0,-1.50629,0.22173108,2.011493
-0.375,-0.10333744,-0.10333744,0.44062498,0.7318786,0.7318786,-0.75,-1.25629,0.28470835,2.48777
-0.375,-0.10333744,-0.10333744,0.44062498,0.7318786,0.7318786,-0.5,-1.00629,0.36557275,3.1020792
-0.375,-0.10333744,-0.10333744,0.44062498,0.7318786,0.7318786,-0.25,-0.75629,0.4694047,3.891981
-0.375,-0.10333744,-0.10333744,0.44062498,0.7318786,0.7318786,0.0,-0.50629,0.60272753,4.8563046
-0.375,-0.10333744,-0.10333744,0.44062498,0.7318786,0.7318786,0.25,-0.25629002,0.7739175,5.935222
-0.375,-0.10333744,-0.10333744,0.44062498,0.7318786,0.7318786,0.5,-0.0062900186,0.9937297,7.128701
-0.375,-0.10333744,-0.10333744,0.44062498,0.7318786,0.7318786,0.75,0.24370998,1.2759743,8.444241
-0.375,-0.10333744,-0.10333744,0.44062498,0.7318786,0.7318786,1.0,0.49370998,1.6383834,9.893884
-0.375,-0.10333744,-0.10333744,0.45531252,0.7465661,0.7465661,-1.0,-1.50629,0.22173108,2.006742
-0.375,-0.10333744,-0.10333744,0.45531252,0.7465661,0.7465661,-0.75,-1.25629,0.28470835,2.481414
-0.375,-0.10333744,-0.10333744,0.45531252,0.7465661,0.7465661,-0.5,-1.00629,0.36557275,3.0960205
-0.375,-0.10333744,-0.10333744,0.45531252,0.7465661,0.7465661,-0.25,-0.75629,0.4694047,3.8865066
-0.375,-0.10333744,-0.10333744,0.45531252,0.7465661,0.7465661,0.0,-0.50629,0.60272753,4.8530293
-0.375,-0.10333744,-0.10333744,0.45531252,0.7465661,0.7465661,0.25,-0.25629002,0.7739175,5.9343967
-0.375,-0.10333744,-0.10333744,0.45531252,0.7465661,0.7465661,0.5,-0.0062900186,0.9937297,7.131824
-0.375,-0.10333744,-0.10333744,0.45531252,0.7465661,0.7465661,0.75,0.24370998,1.2759743,8.452695
-0.375,-0.10333744,-0.10333744,0.45531252,0.7465661,0.7465661,1.0,0.49370998,1.6383834,9.908113
-0.375,-0.10333744,-0.10333744,0.47,0.7612536,0.7612536,-1.0,-1.50629,0.22173108,1.9996824
-0.375,-0.10333744,-0.10333744,0.47,0.7612536,0.7612536,-0.75,-1.25629,0.28470835,2.473439
-0.375,-0.10333744,-0.10333744,0.47,0.7612536,0.7612536,-0.5,-1.00629,0.36557275,3.0860672
-0.375,-0.10333744,-0.10333744,0.47,0.7612536,0.7612536,-0.25,-0.75629,0.4694047,3.874212
-0.375,-0.10333744,-0.10333744,0.47,0.7612536,0.7612536,0.0,-0.50629,0.60272753,4.84074
-0.375,-0.10333744,-0.10333744,0.47,0.7612536,0.7612536,0.25,-0.25629002,0.7739175,5.9243073
-0.375,-0.10333744,-0.10333744,0.47,0.7612536,0.7612536,0.5,-0.0062900186,0.9937297,7.12399
-0.375,-0.10333744,-0.10333744,0.47,0.7612536,0.7612536,0.75,0.24370998,1.2759743,8.4466715
-0.375,-0.10333744,-0.10333744,0.47,0.7612536,0.7612536,1.0,0.49370998,1.6383834,9.904653
-0.25,0.021662563,0.021662563,-0.47,-0.1787464,-0.1787464,-1.0,-1.50629,0.22173108,1.2368094
-0.25,0.021662563,0.021662563,-0.47,-0.1787464,-0.1787464,-0.75,-1.25629,0.28470835,1.4666595
-0.25,0.021662563,0.021662563,-0.47,-0.1787464,-0.1787464,-0.5,-1.00629,0.36557275,1.9022614
-0.25,0.021662563,0.021662563,-0.47,-0.1787464,-0.1787464,-0.25,-0.75629,0.4694047,2.5223212
-0.25,0.021662563,0.021662563,-0.47,-0.1787464,-0.1787464,0.0,-0.50629,0.60272753,3.3560345
-0.25,0.021662563,0.021662563,-0.47,-0.1787464,-0.1787464,0.25,-0.25629002,0.7739175,4.3115015
-0.25,0.021662563,0.021662563,-0.47,-0.1787464,-0.1787464,0.5,-0.0062900186,0.9937297,5.380128
-0.25,0.021662563,0.021662563,-0.47,-0.1787464,-0.1787464,0.75,0.24370998,1.2759743,6.566367
-0.25,0.021662563,0.021662563,-0.47,-0.1787464,-0.1787464,1.0,0.49370998,1.6383834,7.8811393
-0.25,0.021662563,0.021662563,-0.4553125,-0.1640589,-0.1640589,-1.0,-1.50629,0.22173108,1.2368094
-0.25,0.021662563,0.021662563,-0.4553125,-0.1640589,-0.1640589,-0.75,-1.25629,0.28470835,1.4666595
-0.25,0.021662563,0.021662563,-0.4553125,-0.1640589,-0.1640589,-0.5,-1.00629,0.36557275,1.9022614
-0.25,0.021662563,0.021662563,-0.4553125,-0.1640589,-0.1640589,-0.25,-0.75629,0.4694047,2.5223212
-0.25,0.021662563,0.021662563,-0.4553125,-0.1640589,-0.1640589,0.0,-0.50629,0.60272753,3.3560345
-0.25,0.021662563,0.021662563,-0.4553125,-0.1640589,-0.1640589,0.25,-0.25629002,0.7739175,4.3115015
-0.25,0.021662563,0.021662563,-0.4553125,-0.1640589,-0.1640589,0.5,-0.0062900186,0.9937297,5.380128
-0.25,0.021662563,0.021662563,-0.4553125,-0.1640589,-0.1640589,0.75,0.24370998,1.2759743,6.566367
-0.25,0.021662563,0.021662563,-0.4553125,-0.1640589,-0.1640589,1.0,0.49370998,1.6383834,7.8811393
-0.25,0.021662563,0.021662563,-0.440625,-0.14937142,-0.14937142,-1.0,-1.50629,0.22173108,1.2368094
-0.25,0.021662563,0.021662563,-0.440625,-0.14937142,-0.14937142,-0.75,-1.25629,0.28470835,1.4666595
-0.25,0.021662563,0.021662563,-0.440625,-0.14937142,-0.14937142,-0.5,-1.00629,0.36557275,1.9022614
-0.25,0.021662563,0.021662563,-0.440625,-0.14937142,-0.14937142,-0.25,-0.75629,0.4694047,2.5223212
-0.25,0.021662563,0.021662563,-0.440625,-0.14937142,-0.14937142,0.0,-0.50629,0.60272753,3.3560345
-0.25,0.021662563,0.021662563,-0.440625,-0.14937142,-0.14937142,0.25,-0.25629002,0.7739175,4.3115015
-0.25,0.021662563,0.021662563,-0.440625,-0.14937142,-0.14937142,0.5,-0.0062900186,0.9937297,5.380128
-0.25,0.021662563,0.021662563,-0.440625,-0.14937142,-0.14937142,0.75,0.24370998,1.2759743,6.566367
-0.25,0.021662563,0.021662563,-0.440625,-0.14937142,-0.14937142,1.0,0.49370998,1.6383834,7.8811393
-0.25,0.021662563,0.021662563,-0.4259375,-0.1346839,-0.1346839,-1.0,-1.50629,0.22173108,1.2368094
-0.25,0.021662563,0.021662563,-0.4259375,-0.1346839,-0.1346839,-0.75,-1.25629,0.28470835,1.4666595
-0.25,0.021662563,0.021662563,-0.4259375,-0.1346839,-0.1346839,-0.5,-1.00629,0.36557275,1.9022614
-0.25,0.021662563,0.021662563,-0.4259375,-0.1346839,-0.1346839,-0.25,-0.75629,0.4694047,2.5223212
-0.25,0.021662563,0.021662563,-0.4259375,-0.1346839,-0.1346839,0.0,-0.50629,0.60272753,3.3560345
-0.25,0.021662563,0.021662563,-0.4259375,-0.1346839,-0.1346839,0.25,-0.25629002,0.7739175,4.3115015
-0.25,0.021662563,0.021662563,-0.4259375,-0.1346839,-0.1346839,0.5,-0.0062900186,0.9937297,5.380128
-0.25,0.021662563,0.021662563,-0.4259375,-0.1346839,-0.1346839,0.75,0.24370998,1.2759743,6.566367
-0.25,0.021662563,0.021662563,-0.4259375,-0.1346839,-0.1346839,1.0,0.49370998,1.6383834,7.8811393
-0.25,0.021662563,0.021662563,-0.41125,-0.1199964,-0.1199964,-1.0,-1.50629,0.22173108,1.2368094
-0.25,0.021662563,0.021662563,-0.41125,-0.1199964,-0.1199964,-0.75,-1.25629,0.28470835,1.4666595
-0.25,0.021662563,0.021662563,-0.41125,-0.1199964,-0.1199964,-0.5,-1.00629,0.36557275,1.9022614
-0.25,0.021662563,0.021662563,-0.41125,-0.1199964,-0.1199964,-0.25,-0.75629,0.4694047,2.5223212
-0.25,0.021662563,0.021662563,-0.41125,-0.1199964,-0.1199964,0.0,-0.50629,0.60272753,3.3560345
-0.25,0.021662563,0.021662563,-0.41125,-0.1199964,-0.1199964,0.25,-0.25629002,0.7739175,4.3115015
-0.25,0.021662563,0.021662563,-0.41125,-0.1199964,-0.1199964,0.5,-0.0062900186,0.9937297,5.380128
-0.25,0.021662563,0.021662563,-0.41125,-0.1199964,-0.1199964,0.75,0.24370998,1.2759743,6.566367
-0.25,0.021662563,0.021662563,-0.41125,-0.1199964,-0.1199964,1.0,0.49370998,1.6383834,7.8811393
-0.25,0.021662563,0.021662563,-0.39656252,-0.10530892,-0.10530892,-1.0,-1.50629,0.22173108,1.2368094
-0.25,0.021662563,0.021662563,-0.39656252,-0.10530892,-0.10530892,-0.75,-1.25629,0.28470835,1.4666595
-0.25,0.021662563,0.021662563,-0.39656252,-0.10530892,-0.10530892,-0.5,-1.00629,0.36557275,1.9022614
-0.25,0.021662563,0.021662563,-0.39656252,-0.10530892,-0.10530892,-0.25,-0.75629,0.4694047,2.5223212
-0.25,0.021662563,0.021662563,-0.39656252,-0.10530892,-0.10530892,0.0,-0.50629,0.60272753,3.3560345
-0.25,0.021662563,0.021662563,-0.39656252,-0.10530892,-0.10530892,0.25,-0.25629002,0.7739175,4.3115015
-0.25,0.021662563,0.021662563,-0.39656252,-0.10530892,-0.10530892,0.5,-0.0062900186,0.9937297,5.380128
-0.25,0.021662563,0.021662563,-0.39656252,-0.10530892,-0.10530892,0.75,0.24370998,1.2759743,6.566367
-0.25,0.021662563,0.021662563,-0.39656252,-0.10530892,-0.10530892,1.0,0.49370998,1.6383834,7.8811393
-0.25,0.021662563,0.021662563,-0.381875,-0.09062141,-0.09062141,-1.0,-1.50629,0.22173108,1.2368094
-0.25,0.021662563,0.021662563,-0.381875,-0.09062141,-0.09062141,-0.75,-1.25629,0.28470835,1.4666595
-0.25,0.021662563,0.021662563,-0.381875,-0.09062141,-0.09062141,-0.5,-1.00629,0.36557275,1.9022614
-0.25,0.021662563,0.021662563,-0.381875,-0.09062141,-0.09062141,-0.25,-0.75629,0.4694047,2.5223212
-0.25,0.021662563,0.021662563,-0.381875,-0.09062141,-0.09062141,0.0,-0.50629,0.60272753,3.3560345
-0.25,0.021662563,0.021662563,-0.381875,-0.09062141,-0.09062141,0.25,-0.25629002,0.7739175,4.3115015
-0.25,0.021662563,0.021662563,-0.381875,-0.09062141,-0.09062141,0.5,-0.0062900186,0.9937297,5.380128
-0.25,0.021662563,0.021662563,-0.381875,-0.09062141,-0.09062141,0.75,0.24370998,1.2759743,6.566367
-0.25,0.021662563,0.021662563,-0.381875,-0.09062141,-0.09062141,1.0,0.49370998,1.6383834,7.8811393
-0.25,0.021662563,0.021662563,-0.3671875,-0.0759339,-0.0759339,-1.0,-1.50629,0.22173108,1.2368094
-0.25,0.021662563,0.021662563,-0.3671875,-0.0759339,-0.0759339,-0.75,-1.25629,0.28470835,1.4666595
-0.25,0.021662563,0.021662563,-0.3671875,-0.0759339,-0.0759339,-0.5,-1.00629,0.36557275,1.9022614
-0.25,0.021662563,0.021662563,-0.3671875,-0.0759339,-0.0759339,-0.25,-0.75629,0.4694047,2.5223212
-0.25,0.021662563,0.021662563,-0.3671875,-0.0759339,-0.0759339,0.0,-0.50629,0.60272753,3.3560345
-0.25,0.021662563,0.021662563,-0.3671875,-0.0759339,-0.0759339,0.25,-0.25629002,0.7739175,4.3115015
-0.25,0.021662563,0.021662563,-0.3671875,-0.0759339,-0.0759339,0.5,-0.0062900186,0.9937297,5.380128
-0.25,0.021662563,0.021662563,-0.3671875,-0.0759339,-0.0759339,0.75,0.24370998,1.2759743,6.566367
-0.25,0.021662563,0.021662563,-0.3671875,-0.0759339,-0.0759339,1.0,0.49370998,1.6383834,7.8811393
-0.25,0.021662563,0.021662563,-0.3525,-0.061246395,-0.061246395,-1.0,-1.50629,0.22173108,1.2368094
-0.25,0.021662563,0.021662563,-0.3525,-0.061246395,-0.061246395,-0.75,-1.25629,0.28470835,1.4666595
-0.25,0.021662563,0.021662563,-0.3525,-0.061246395,-0.061246395,-0.5,-1.00629,0.36557275,1.9022614
-0.25,0.021662563,0.021662563,-0.3525,-0.061246395,-0.061246395,-0.25,-0.75629,0.4694047,2.5223212
-0.25,0.021662563,0.021662563,-0.3525,-0.061246395,-0.061246395,0.0,-0.50629,0.60272753,3.3560345
-0.25,0.021662563,0.021662563,-0.3525,-0.061246395,-0.061246395,0.25,-0.25629002,0.7739175,4.3115015
-0.25,0.021662563,0.021662563,-0.3525,-0.061246395,-0.061246395,0.5,-0.0062900186,0.9937297,5.380128
-0.25,0.021662563,0.021662563,-0.3525,-0.061246395,-0.061246395,0.75,0.24370998,1.2759743,6.566367
-0.25,0.021662563,0.021662563,-0.3525,-0.061246395,-0.061246395,1.0,0.49370998,1.6383834,7.8811393
-0.25,0.021662563,0.021662563,-0.33781248,-0.046558887,-0.046558887,-1.0,-1.50629,0.22173108,1.2368094
-0.25,0.021662563,0.021662563,-0.33781248,-0.046558887,-0.046558887,-0.75,-1.25629,0.28470835,1.4666595
-0.25,0.021662563,0.021662563,-0.33781248,-0.046558887,-0.046558887,-0.5,-1.00629,0.36557275,1.9022614
-0.25,0.021662563,0.021662563,-0.33781248,-0.046558887,-0.046558887,-0.25,-0.75629,0.4694047,2.5223212
-0.25,0.021662563,0.021662563,-0.33781248,-0.046558887,-0.046558887,0.0,-0.50629,0.60272753,3.3560345
-0.25,0.021662563,0.021662563,-0.33781248,-0.046558887,-0.046558887,0.25,-0.25629002,0.7739175,4.3115015
-0.25,0.021662563,0.021662563,-0.33781248,-0.046558887,-0.046558887,0.5,-0.0062900186,0.9937297,5.380128
-0.25,0.021662563,0.021662563,-0.33781248,-0.046558887,-0.046558887,0.75,0.24370998,1.2759743,6.566367
-0.25,0.021662563,0.021662563,-0.33781248,-0.046558887,-0.046558887,1.0,0.49370998,1.6383834,7.8811393
-0.25,0.021662563,0.021662563,-0.323125,-0.03187141,-0.03187141,-1.0,-1.50629,0.22173108,1.2368094
-0.25,0.021662563,0.021662563,-0.323125,-0.03187141,-0.03187141,-0.75,-1.25629,0.28470835,1.4666595
-0.25,0.021662563,0.021662563,-0.323125,-0.03187141,-0.03187141,-0.5,-1.00629,0.36557275,1.9022614
-0.25,0.021662563,0.021662563,-0.323125,-0.03187141,-0.03187141,-0.25,-0.75629,0.4694047,2.5223212
-0.25,0.021662563,0.021662563,-0.323125,-0.03187141,-0.03187141,0.0,-0.50629,0.60272753,3.3560345
-0.25,0.021662563,0.021662563,-0.323125,-0.03187141,-0.03187141,0.25,-0.25629002,0.7739175,4.3115015
-0.25,0.021662563,0.021662563,-0.323125,-0.03187141,-0.03187141,0.5,-0.0062900186,0.9937297,5.380128
-0.25,0.021662563,0.021662563,-0.323125,-0.03187141,-0.03187141,0.75,0.24370998,1.2759743,6.566367
-0.25,0.021662563,0.021662563,-0.323125,-0.03187141,-0.03187141,1.0,0.49370998,1.6383834,7.8811393
-0.25,0.021662563,0.021662563,-0.3084375,-0.0171839,-0.0171839,-1.0,-1.50629,0.22173108,1.2368094
-0.25,0.021662563,0.021662563,-0.3084375,-0.0171839,-0.0171839,-0.75,-1.25629,0.28470835,1.4666595
-0.25,0.021662563,0.021662563,-0.3084375,-0.0171839,-0.0171839,-0.5,-1.00629,0.36557275,1.9022614
-0.25,0.021662563,0.021662563,-0.3084375,-0.0171839,-0.0171839,-0.25,-0.75629,0.4694047,2.5223212
-0.25,0.021662563,0.021662563,-0.3084375,-0.0171839,-0.0171839,0.0,-0.50629,0.60272753,3.3560345
-0.25,0.021662563,0.021662563,-0.3084375,-0.0171839,-0.0171839,0.25,-0.25629002,0.7739175,4.3115015
-0.25,0.021662563,0.021662563,-0.3084375,-0.0171839,-0.0171839,0.5,-0.0062900186,0.9937297,5.380128
-0.25,0.021662563,0.021662563,-0.3084375,-0.0171839,-0.0171839,0.75,0.24370998,1.2759743,6.566367
-0.25,0.021662563,0.021662563,-0.3084375,-0.0171839,-0.0171839,1.0,0.49370998,1.6383834,7.8811393
-0.25,0.021662563,0.021662563,-0.29375,-0.0024963915,-0.0024963915,-1.0,-1.50629,0.22173108,1.2368094
-0.25,0.021662563,0.021662563,-0.29375,-0.0024963915,-0.0024963915,-0.75,-1.25629,0.28470835,1.4666595
-0.25,0.021662563,0.021662563,-0.29375,-0.0024963915,-0.0024963915,-0.5,-1.00629,0.36557275,1.9022614
-0.25,0.021662563,0.021662563,-0.29375,-0.0024963915,-0.0024963915,-0.25,-0.75629,0.4694047,2.5223212
-0.25,0.021662563,0.021662563,-0.29375,-0.0024963915,-0.0024963915,0.0,-0.50629,0.60272753,3.3560345
-0.25,0.021662563,0.021662563,-0.29375,-0.0024963915,-0.0024963915,0.25,-0.25629002,0.7739175,4.3115015
-0.25,0.021662563,0.021662563,-0.29375,-0.0024963915,-0.0024963915,0.5,-0.0062900186,0.9937297,5.380128
-0.25,0.021662563,0.021662563,-0.29375,-0.0024963915,-0.0024963915,0.75,0.24370998,1.2759743,6.566367
-0.25,0.021662563,0.021662563,-0.29375,-0.0024963915,-0.0024963915,1.0,0.49370998,1.6383834,7.8811393
-0.25,0.021662563,0.021662563,-0.2790625,0.012191087,0.012191087,-1.0,-1.50629,0.22173108,1.2331269
-0.25,0.021662563,0.021662563,-0.2790625,0.012191087,0.012191087,-0.75,-1.25629,0.28470835,1.4625822
-0.25,0.021662563,0.021662563,-0.2790625,0.012191087,0.012191087,-0.5,-1.00629,0.36557275,1.8980372
-0.25,0.021662563,0.021662563,-0.2790625,0.012191087,0.012191087,-0.25,-0.75629,0.4694047,2.517887
-0.25,0.021662563,0.021662563,-0.2790625,0.012191087,0.012191087,0.0,-0.50629,0.60272753,3.3512669
-0.25,0.021662563,0.021662563,-0.2790625,0.012191087,0.012191087,0.25,-0.25629002,0.7739175,4.30628
-0.25,0.021662563,0.021662563,-0.2790625,0.012191087,0.012191087,0.5,-0.0062900186,0.9937297,5.374405
-0.25,0.021662563,0.021662563,-0.2790625,0.012191087,0.012191087,0.75,0.24370998,1.2759743,6.5602317
-0.25,0.021662563,0.021662563,-0.2790625,0.012191087,0.012191087,1.0,0.49370998,1.6383834,7.8745847
-0.25,0.021662563,0.021662563,-0.264375,0.026878595,0.026878595,-1.0,-1.50629,0.22173108,1.2068738
-0.25,0.021662563,0.021662563,-0.264375,0.026878595,0.026878595,-0.75,-1.25629,0.28470835,1.4340764
-0.25,0.021662563,0.021662563,-0.264375,0.026878595,0.026878595,-0.5,-1.00629,0.36557275,1.8683894
-0.25,0.021662563,0.021662563,-0.264375,0.026878595,0.026878595,-0.25,-0.75629,0.4694047,2.485684
-0.25,0.021662563,0.021662563,-0.264375,0.026878595,0.026878595,0.0,-0.50629,0.60272753,3.3163617
-0.25,0.021662563,0.021662563,-0.264375,0.026878595,0.026878595,0.25,-0.25629002,0.7739175,4.2680526
-0.25,0.021662563,0.021662563,-0.264375,0.026878595,0.026878595,0.5,-0.0062900186,0.9937297,5.3332314
-0.25,0.021662563,0.021662563,-0.264375,0.026878595,0.026878595,0.75,0.24370998,1.2759743,6.515416
-0.25,0.021662563,0.021662563,-0.264375,0.026878595,0.026878595,1.0,0.49370998,1.6383834,7.8242526
-0.25,0.021662563,0.021662563,-0.2496875,0.041566104,0.041566104,-1.0,-1.50629,0.22173108,1.1797781
-0.25,0.021662563,0.021662563,-0.2496875,0.041566104,0.041566104,-0.75,-1.25629,0.28470835,1.4081892
-0.25,0.021662563,0.021662563,-0.2496875,0.041566104,0.041566104,-0.5,-1.00629,0.36557275,1.8454528
-0.25,0.021662563,0.021662563,-0.2496875,0.041566104,0.041566104,-0.25,-0.75629,0.4694047,2.4637992
-0.25,0.021662563,0.021662563,-0.2496875,0.041566104,0.041566104,0.0,-0.50629,0.60272753,3.2946367
-0.25,0.021662563,0.021662563,-0.2496875,0.041566104,0.041566104,0.25,-0.25629002,0.7739175,4.246418
-0.25,0.021662563,0.021662563,-0.2496875,0.041566104,0.041566104,0.5,-0.0062900186,0.9937297,5.310556
-0.25,0.021662563,0.021662563,-0.2496875,0.041566104,0.041566104,0.75,0.24370998,1.2759743,6.489813
-0.25,0.021662563,0.021662563,-0.2496875,0.041566104,0.041566104,1.0,0.49370998,1.6383834,7.7949457
-0.25,0.021662563,0.021662563,-0.235,0.056253597,0.056253597,-1.0,-1.50629,0.22173108,1.1545179
-0.25,0.021662563,0.021662563,-0.235,0.056253597,0.056253597,-0.75,-1.25629,0.28470835,1.3887845
-0.25,0.021662563,0.021662563,-0.235,0.056253597,0.056253597,-0.5,-1.00629,0.36557275,1.8329226
-0.25,0.021662563,0.021662563,-0.235,0.056253597,0.056253597,-0.25,-0.75629,0.4694047,2.4565918
-0.25,0.021662563,0.021662563,-0.235,0.056253597,0.056253597,0.0,-0.50629,0.60272753,3.2925117
-0.25,0.021662563,0.021662563,-0.235,0.056253597,0.056253597,0.25,-0.25629002,0.7739175,4.2485895
-0.25,0.021662563,0.021662563,-0.235,0.056253597,0.056253597,0.5,-0.0062900186,0.9937297,5.315533
-0.25,0.021662563,0.021662563,-0.235,0.056253597,0.056253597,0.75,0.24370998,1.2759743,6.4975905
-0.25,0.021662563,0.021662563,-0.235,0.056253597,0.056253597,1.0,0.49370998,1.6383834,7.805701
-0.25,0.021662563,0.021662563,-0.2203125,0.07094109,0.07094109,-1.0,-1.50629,0.22173108,1.132684
-0.25,0.021662563,0.021662563,-0.2203125,0.07094109,0.07094109,-0.75,-1.25629,0.28470835,1.3727447
-0.25,0.021662563,0.021662563,-0.2203125,0.07094109,0.07094109,-0.5,-1.00629,0.36557275,1.8226222
-0.25,0.021662563,0.021662563,-0.2203125,0.07094109,0.07094109,-0.25,-0.75629,0.4694047,2.4508655
-0.25,0.021662563,0.021662563,-0.2203125,0.07094109,0.07094109,0.0,-0.50629,0.60272753,3.2914827
-0.25,0.021662563,0.021662563,-0.2203125,0.07094109,0.07094109,0.25,-0.25629002,0.7739175,4.2506237
-0.25,0.021662563,0.021662563,-0.2203125,0.07094109,0.07094109,0.5,-0.0062900186,0.9937297,5.320402
-0.25,0.021662563,0.021662563,-0.2203125,0.07094109,0.07094109,0.75,0.24370998,1.2759743,6.504945
-0.25,0.021662563,0.021662563,-0.2203125,0.07094109,0.07094109,1.0,0.49370998,1.6383834,7.815485
-0.25,0.021662563,0.021662563,-0.205625,0.0856286,0.0856286,-1.0,-1.50629,0.22173108,1.1112889
-0.25,0.021662563,0.021662563,-0.205625,0.0856286,0.0856286,-0.75,-1.25629,0.28470835,1.3556415
-0.25,0.021662563,0.021662563,-0.205625,0.0856286,0.0856286,-0.5,-1.00629,0.36557275,1.8089492
-0.25,0.021662563,0.021662563,-0.205625,0.0856286,0.0856286,-0.25,-0.75629,0.4694047,2.4401813
-0.25,0.021662563,0.021662563,-0.205625,0.0856286,0.0856286,0.0,-0.50629,0.60272753,3.2824113
-0.25,0.021662563,0.021662563,-0.205625,0.0856286,0.0856286,0.25,-0.25629002,0.7739175,4.242229
-0.25,0.021662563,0.021662563,-0.205625,0.0856286,0.0856286,0.5,-0.0062900186,0.9937297,5.3128095
-0.25,0.021662563,0.021662563,-0.205625,0.0856286,0.0856286,0.75,0.24370998,1.2759743,6.497775
-0.25,0.021662563,0.021662563,-0.205625,0.0856286,0.0856286,1.0,0.49370998,1.6383834,7.8081512
-0.25,0.021662563,0.021662563,-0.19093749,0.10031611,0.10031611,-1.0,-1.50629,0.22173108,1.0885687
-0.25,0.021662563,0.021662563,-0.19093749,0.10031611,0.10031611,-0.75,-1.25629,0.28470835,1.3351332
-0.25,0.021662563,0.021662563,-0.19093749,0.10031611,0.10031611,-0.5,-1.00629,0.36557275,1.7899731
-0.25,0.021662563,0.021662563,-0.19093749,0.10031611,0.10031611,-0.25,-0.75629,0.4694047,2.421395
-0.25,0.021662563,0.021662563,-0.19093749,0.10031611,0.10031611,0.0,-0.50629,0.60272753,3.2620807
-0.25,0.021662563,0.021662563,-0.19093749,0.10031611,0.10031611,0.25,-0.25629002,0.7739175,4.219507
-0.25,0.021662563,0.021662563,-0.19093749,0.10031611,0.10031611,0.5,-0.0062900186,0.9937297,5.2870646
-0.25,0.021662563,0.021662563,-0.19093749,0.10031611,0.10031611,0.75,0.24370998,1.2759743,6.4682136
-0.25,0.021662563,0.021662563,-0.19093749,0.10031611,0.10031611,1.0,0.49370998,1.6383834,7.774221
-0.25,0.021662563,0.021662563,-0.17625001,0.115003586,0.115003586,-1.0,-1.50629,0.22173108,1.0618566
-0.25,0.021662563,0.021662563,-0.17625001,0.115003586,0.115003586,-0.75,-1.25629,0.28470835,1.3112684
-0.25,0.021662563,0.021662563,-0.17625001,0.115003586,0.115003586,-0.5,-1.00629,0.36557275,1.7680594
-0.25,0.021662563,0.021662563,-0.17625001,0.115003586,0.115003586,-0.25,-0.75629,0.4694047,2.3991396
-0.25,0.021662563,0.021662563,-0.17625001,0.115003586,0.115003586,0.0,-0.50629,0.60272753,3.239033
-0.25,0.021662563,0.021662563,-0.17625001,0.115003586,0.115003586,0.25,-0.25629002,0.7739175,4.194858
-0.25,0.021662563,0.021662563,-0.17625001,0.115003586,0.115003586,0.5,-0.0062900186,0.9937297,5.260591
-0.25,0.021662563,0.021662563,-0.17625001,0.115003586,0.115003586,0.75,0.24370998,1.2759743,6.43919
-0.25,0.021662563,0.021662563,-0.17625001,0.115003586,0.115003586,1.0,0.49370998,1.6383834,7.7417893
-0.25,0.021662563,0.021662563,-0.1615625,0.1296911,0.1296911,-1.0,-1.50629,0.22173108,1.0335648
-0.25,0.021662563,0.021662563,-0.1615625,0.1296911,0.1296911,-0.75,-1.25629,0.28470835,1.2889183
-0.25,0.021662563,0.021662563,-0.1615625,0.1296911,0.1296911,-0.5,-1.00629,0.36557275,1.7496915
-0.25,0.021662563,0.021662563,-0.1615625,0.1296911,0.1296911,-0.25,-0.75629,0.4694047,2.3825777
-0.25,0.021662563,0.021662563,-0.1615625,0.1296911,0.1296911,0.0,-0.50629,0.60272753,3.2244403
-0.25,0.021662563,0.021662563,-0.1615625,0.1296911,0.1296911,0.25,-0.25629002,0.7739175,4.1816754
-0.25,0.021662563,0.021662563,-0.1615625,0.1296911,0.1296911,0.5,-0.0062900186,0.9937297,5.2481523
-0.25,0.021662563,0.021662563,-0.1615625,0.1296911,0.1296911,0.75,0.24370998,1.2759743,6.4272075
-0.25,0.021662563,0.021662563,-0.1615625,0.1296911,0.1296911,1.0,0.49370998,1.6383834,7.7297344
-0.25,0.021662563,0.021662563,-0.146875,0.1443786,0.1443786,-1.0,-1.50629,0.22173108,1.008917
-0.25,0.021662563,0.021662563,-0.146875,0.1443786,0.1443786,-0.75,-1.25629,0.28470835,1.2731596
-0.25,0.021662563,0.021662563,-0.146875,0.1443786,0.1443786,-0.5,-1.00629,0.36557275,1.7391908
-0.25,0.021662563,0.021662563,-0.146875,0.1443786,0.1443786,-0.25,-0.75629,0.4694047,2.3761122
-0.25,0.021662563,0.021662563,-0.146875,0.1443786,0.1443786,0.0,-0.50629,0.60272753,3.2213652
-0.25,0.021662563,0.021662563,-0.146875,0.1443786,0.1443786,0.25,-0.25629002,0.7739175,4.1808076
-0.25,0.021662563,0.021662563,-0.146875,0.1443786,0.1443786,0.5,-0.0062900186,0.9937297,5.249439
-0.25,0.021662563,0.021662563,-0.146875,0.1443786,0.1443786,0.75,0.24370998,1.2759743,6.4305043
-0.25,0.021662563,0.021662563,-0.146875,0.1443786,0.1443786,1.0,0.49370998,1.6383834,7.7349625
-0.25,0.021662563,0.021662563,-0.13218749,0.15906611,0.15906611,-1.0,-1.50629,0.22173108,0.99200904
-0.25,0.021662563,0.021662563,-0.13218749,0.15906611,0.15906611,-0.75,-1.25629,0.28470835,1.264799
-0.25,0.021662563,0.021662563,-0.13218749,0.15906611,0.15906611,-0.5,-1.00629,0.36557275,1.7349446
-0.25,0.021662563,0.021662563,-0.13218749,0.15906611,0.15906611,-0.25,-0.75629,0.4694047,2.3751118
-0.25,0.021662563,0.021662563,-0.13218749,0.15906611,0.15906611,0.0,-0.50629,0.60272753,3.2230477
-0.25,0.021662563,0.021662563,-0.13218749,0.15906611,0.15906611,0.25,-0.25629002,0.7739175,4.1853175
-0.25,0.021662563,0.021662563,-0.13218749,0.15906611,0.15906611,0.5,-0.0062900186,0.9937297,5.256876
-0.25,0.021662563,0.021662563,-0.13218749,0.15906611,0.15906611,0.75,0.24370998,1.2759743,6.4410434
-0.25,0.021662563,0.021662563,-0.13218749,0.15906611,0.15906611,1.0,0.49370998,1.6383834,7.7486467
-0.25,0.021662563,0.021662563,-0.11750001,0.17375359,0.17375359,-1.0,-1.50629,0.22173108,0.9853308
-0.25,0.021662563,0.021662563,-0.11750001,0.17375359,0.17375359,-0.75,-1.25629,0.28470835,1.2605213
-0.25,0.021662563,0.021662563,-0.11750001,0.17375359,0.17375359,-0.5,-1.00629,0.36557275,1.7319373
-0.25,0.021662563,0.021662563,-0.11750001,0.17375359,0.17375359,-0.25,-0.75629,0.4694047,2.3735516
-0.25,0.021662563,0.021662563,-0.11750001,0.17375359,0.17375359,0.0,-0.50629,0.60272753,3.2237537
-0.25,0.021662563,0.021662563,-0.11750001,0.17375359,0.17375359,0.25,-0.25629002,0.7739175,4.1882143
-0.25,0.021662563,0.021662563,-0.11750001,0.17375359,0.17375359,0.5,-0.0062900186,0.9937297,5.2621913
-0.25,0.021662563,0.021662563,-0.11750001,0.17375359,0.17375359,0.75,0.24370998,1.2759743,6.449123
-0.25,0.021662563,0.021662563,-0.11750001,0.17375359,0.17375359,1.0,0.49370998,1.6383834,7.759723
-0.25,0.021662563,0.021662563,-0.1028125,0.1884411,0.1884411,-1.0,-1.50629,0.22173108,0.98793113
-0.25,0.021662563,0.021662563,-0.1028125,0.1884411,0.1884411,-0.75,-1.25629,0.28470835,1.2586015
-0.25,0.021662563,0.021662563,-0.1028125,0.1884411,0.1884411,-0.5,-1.00629,0.36557275,1.7279341
-0.25,0.021662563,0.021662563,-0.1028125,0.1884411,0.1884411,-0.25,-0.75629,0.4694047,2.36842
-0.25,0.021662563,0.021662563,-0.1028125,0.1884411,0.1884411,0.0,-0.50629,0.60272753,3.2181814
-0.25,0.021662563,0.021662563,-0.1028125,0.1884411,0.1884411,0.25,-0.25629002,0.7739175,4.1825566
-0.25,0.021662563,0.021662563,-0.1028125,0.1884411,0.1884411,0.5,-0.0062900186,0.9937297,5.2565928
-0.25,0.021662563,0.021662563,-0.1028125,0.1884411,0.1884411,0.75,0.24370998,1.2759743,6.4437647
-0.25,0.021662563,0.021662563,-0.1028125,0.1884411,0.1884411,1.0,0.49370998,1.6383834,7.754927
-0.25,0.021662563,0.021662563,-0.08812499,0.2031286,0.2031286,-1.0,-1.50629,0.22173108,0.99801433
-0.25,0.021662563,0.021662563,-0.08812499,0.2031286,0.2031286,-0.75,-1.25629,0.28470835,1.2590154
-0.25,0.021662563,0.021662563,-0.08812499,0.2031286,0.2031286,-0.5,-1.00629,0.36557275,1.7240441
-0.25,0.021662563,0.021662563,-0.08812499,0.2031286,0.2031286,-0.25,-0.75629,0.4694047,2.3617563
-0.25,0.021662563,0.021662563,-0.08812499,0.2031286,0.2031286,0.0,-0.50629,0.60272753,3.2098496
-0.25,0.021662563,0.021662563,-0.08812499,0.2031286,0.2031286,0.25,-0.25629002,0.7739175,4.172698
-0.25,0.021662563,0.021662563,-0.08812499,0.2031286,0.2031286,0.5,-0.0062900186,0.9937297,5.245197
-0.25,0.021662563,0.021662563,-0.08812499,0.2031286,0.2031286,0.75,0.24370998,1.2759743,6.431032
-0.25,0.021662563,0.021662563,-0.08812499,0.2031286,0.2031286,1.0,0.49370998,1.6383834,7.7409644
-0.25,0.021662563,0.021662563,-0.07343751,0.21781608,0.21781608,-1.0,-1.50629,0.22173108,1.0125662
-0.25,0.021662563,0.021662563,-0.07343751,0.21781608,0.21781608,-0.75,-1.25629,0.28470835,1.2611558
-0.25,0.021662563,0.021662563,-0.07343751,0.21781608,0.21781608,-0.5,-1.00629,0.36557275,1.7196456
-0.25,0.021662563,0.021662563,-0.07343751,0.21781608,0.21781608,-0.25,-0.75629,0.4694047,2.3526373
-0.25,0.021662563,0.021662563,-0.07343751,0.21781608,0.21781608,0.0,-0.50629,0.60272753,3.1972752
-0.25,0.021662563,0.021662563,-0.07343751,0.21781608,0.21781608,0.25,-0.25629002,0.7739175,4.156887
-0.25,0.021662563,0.021662563,-0.07343751,0.21781608,0.21781608,0.5,-0.0062900186,0.9937297,5.2264347
-0.25,0.021662563,0.021662563,-0.07343751,0.21781608,0.21781608,0.75,0.24370998,1.2759743,6.409405
-0.25,0.021662563,0.021662563,-0.07343751,0.21781608,0.21781608,1.0,0.49370998,1.6383834,7.716369
-0.25,0.021662563,0.021662563,-0.058750004,0.2325036,0.2325036,-1.0,-1.50629,0.22173108,1.0294108
-0.25,0.021662563,0.021662563,-0.058750004,0.2325036,0.2325036,-0.75,-1.25629,0.28470835,1.2649128
-0.25,0.021662563,0.021662563,-0.058750004,0.2325036,0.2325036,-0.5,-1.00629,0.36557275,1.7151768
-0.25,0.021662563,0.021662563,-0.058750004,0.2325036,0.2325036,-0.25,-0.75629,0.4694047,2.3423734
-0.25,0.021662563,0.021662563,-0.058750004,0.2325036,0.2325036,0.0,-0.50629,0.60272753,3.1825657
-0.25,0.021662563,0.021662563,-0.058750004,0.2325036,0.2325036,0.25,-0.25629002,0.7739175,4.1381316
-0.25,0.021662563,0.021662563,-0.058750004,0.2325036,0.2325036,0.5,-0.0062900186,0.9937297,5.2037635
-0.25,0.021662563,0.021662563,-0.058750004,0.2325036,0.2325036,0.75,0.24370998,1.2759743,6.3830433
-0.25,0.021662563,0.021662563,-0.058750004,0.2325036,0.2325036,1.0,0.49370998,1.6383834,7.6863904
-0.25,0.021662563,0.021662563,-0.044062495,0.2471911,0.2471911,-1.0,-1.50629,0.22173108,1.0473758
-0.25,0.021662563,0.021662563,-0.044062495,0.2471911,0.2471911,-0.75,-1.25629,0.28470835,1.2705578
-0.25,0.021662563,0.021662563,-0.044062495,0.2471911,0.2471911,-0.5,-1.00629,0.36557275,1.7119131
-0.25,0.021662563,0.021662563,-0.044062495,0.2471911,0.2471911,-0.25,-0.75629,0.4694047,2.3327816
-0.25,0.021662563,0.021662563,-0.044062495,0.2471911,0.2471911,0.0,-0.50629,0.60272753,3.1682527
-0.25,0.021662563,0.021662563,-0.044062495,0.2471911,0.2471911,0.25,-0.25629002,0.7739175,4.1191354
-0.25,0.021662563,0.021662563,-0.044062495,0.2471911,0.2471911,0.5,-0.0062900186,0.9937297,5.180555
-0.25,0.021662563,0.021662563,-0.044062495,0.2471911,0.2471911,0.75,0.24370998,1.2759743,6.355739
-0.25,0.021662563,0.021662563,-0.044062495,0.2471911,0.2471911,1.0,0.49370998,1.6383834,7.6549215
-0.25,0.021662563,0.021662563,-0.029374987,0.2618786,0.2618786,-1.0,-1.50629,0.22173108,1.064658
-0.25,0.021662563,0.021662563,-0.029374987,0.2618786,0.2618786,-0.75,-1.25629,0.28470835,1.2767417
-0.25,0.021662563,0.021662563,-0.029374987,0.2618786,0.2618786,-0.5,-1.00629,0.36557275,1.7093004
-0.25,0.021662563,0.021662563,-0.029374987,0.2618786,0.2618786,-0.25,-0.75629,0.4694047,2.3231745
-0.25,0.021662563,0.021662563,-0.029374987,0.2618786,0.2618786,0.0,-0.50629,0.60272753,3.1536617
-0.25,0.021662563,0.021662563,-0.029374987,0.2618786,0.2618786,0.25,-0.25629002,0.7739175,4.1000423
-0.25,0.021662563,0.021662563,-0.029374987,0.2618786,0.2618786,0.5,-0.0062900186,0.9937297,5.1567807
-0.25,0.021662563,0.021662563,-0.029374987,0.2618786,0.2618786,0.75,0.24370998,1.2759743,6.3275642
-0.25,0.021662563,0.021662563,-0.029374987,0.2618786,0.2618786,1.0,0.49370998,1.6383834,7.622392
-0.25,0.021662563,0.021662563,-0.014687508,0.2765661,0.2765661,-1.0,-1.50629,0.22173108,1.0805998
-0.25,0.021662563,0.021662563,-0.014687508,0.2765661,0.2765661,-0.75,-1.25629,0.28470835,1.2824851
-0.25,0.021662563,0.021662563,-0.014687508,0.2765661,0.2765661,-0.5,-1.00629,0.36557275,1.706698
-0.25,0.021662563,0.021662563,-0.014687508,0.2765661,0.2765661,-0.25,-0.75629,0.4694047,2.3138828
-0.25,0.021662563,0.021662563,-0.014687508,0.2765661,0.2765661,0.0,-0.50629,0.60272753,3.139262
-0.25,0.021662563,0.021662563,-0.014687508,0.2765661,0.2765661,0.25,-0.25629002,0.7739175,4.08088
-0.25,0.021662563,0.021662563,-0.014687508,0.2765661,0.2765661,0.5,-0.0062900186,0.9937297,5.1332245
-0.25,0.021662563,0.021662563,-0.014687508,0.2765661,0.2765661,0.75,0.24370998,1.2759743,6.299364
-0.25,0.021662563,0.021662563,-0.014687508,0.2765661,0.2765661,1.0,0.49370998,1.6383834,7.5896363
-0.25,0.021662563,0.021662563,0.0,0.2912536,0.2912536,-1.0,-1.50629,0.22173108,1.0950875
-0.25,0.021662563,0.021662563,0.0,0.2912536,0.2912536,-0.75,-1.25629,0.28470835,1.2875752
-0.25,0.021662563,0.021662563,0.0,0.2912536,0.2912536,-0.5,-1.00629,0.36557275,1.7038884
-0.25,0.021662563,0.021662563,0.0,0.2912536,0.2912536,-0.25,-0.75629,0.4694047,2.304524
-0.25,0.021662563,0.021662563,0.0,0.2912536,0.2912536,0.0,-0.50629,0.60272753,3.124442
-0.25,0.021662563,0.021662563,0.0,0.2912536,0.2912536,0.25,-0.25629002,0.7739175,4.0612965
-0.25,0.021662563,0.021662563,0.0,0.2912536,0.2912536,0.5,-0.0062900186,0.9937297,5.1090794
-0.25,0.021662563,0.021662563,0.0,0.2912536,0.2912536,0.75,0.24370998,1.2759743,6.271041
-0.25,0.021662563,0.021662563,0.0,0.2912536,0.2912536,1.0,0.49370998,1.6383834,7.5569067
-0.25,0.021662563,0.021662563,0.014687508,0.3059411,0.3059411,-1.0,-1.50629,0.22173108,1.1079651
-0.25,0.021662563,0.021662563,0.014687508,0.3059411,0.3059411,-0.75,-1.25629,0.28470835,1.2919352
-0.25,0.021662563,0.021662563,0.014687508,0.3059411,0.3059411,-0.5,-1.00629,0.36557275,1.7006667
-0.25,0.021662563,0.021662563,0.014687508,0.3059411,0.3059411,-0.25,-0.75629,0.4694047,2.2950635
-0.25,0.021662563,0.021662563,0.014687508,0.3059411,0.3059411,0.0,-0.50629,0.60272753,3.1097698
-0.25,0.021662563,0.021662563,0.014687508,0.3059411,0.3059411,0.25,-0.25629002,0.7739175,4.0419564
-0.25,0.021662563,0.021662563,0.014687508,0.3059411,0.3059411,0.5,-0.0062900186,0.9937297,5.085414
-0.25,0.021662563,0.021662563,0.014687508,0.3059411,0.3059411,0.75,0.24370998,1.2759743,6.2433167
-0.25,0.021662563,0.021662563,0.014687508,0.3059411,0.3059411,1.0,0.49370998,1.6383834,7.525193
-0.25,0.021662563,0.021662563,0.029374987,0.32062858,0.32062858,-1.0,-1.50629,0.22173108,1.1183366
-0.25,0.021662563,0.021662563,0.029374987,0.32062858,0.32062858,-0.75,-1.25629,0.28470835,1.2947857
-0.25,0.021662563,0.021662563,0.029374987,0.32062858,0.32062858,-0.5,-1.00629,0.36557275,1.6967798
-0.25,0.021662563,0.021662563,0.029374987,0.32062858,0.32062858,-0.25,-0.75629,0.4694047,2.2860641
-0.25,0.021662563,0.021662563,0.029374987,0.32062858,0.32062858,0.0,-0.50629,0.60272753,3.0967114
-0.25,0.021662563,0.021662563,0.029374987,0.32062858,0.32062858,0.25,-0.25629002,0.7739175,4.025144
-0.25,0.021662563,0.021662563,0.029374987,0.32062858,0.32062858,0.5,-0.0062900186,0.9937297,5.0651603
-0.25,0.021662563,0.021662563,0.029374987,0.32062858,0.32062858,0.75,0.24370998,1.2759743,6.2200675
-0.25,0.021662563,0.021662563,0.029374987,0.32062858,0.32062858,1.0,0.49370998,1.6383834,7.4993205
-0.25,0.021662563,0.021662563,0.044062525,0.33531612,0.33531612,-1.0,-1.50629,0.22173108,1.1259679
-0.25,0.021662563,0.021662563,0.044062525,0.33531612,0.33531612,-0.75,-1.25629,0.28470835,1.2962154
-0.25,0.021662563,0.021662563,0.044062525,0.33531612,0.33531612,-0.5,-1.00629,0.36557275,1.6935579
-0.25,0.021662563,0.021662563,0.044062525,0.33531612,0.33531612,-0.25,-0.75629,0.4694047,2.2796063
-0.25,0.021662563,0.021662563,0.044062525,0.33531612,0.33531612,0.0,-0.50629,0.60272753,3.0881007
-0.25,0.021662563,0.021662563,0.044062525,0.33531612,0.33531612,0.25,-0.25629002,0.7739175,4.0147495
-0.25,0.021662563,0.021662563,0.044062525,0.33531612,0.33531612,0.5,-0.0062900186,0.9937297,5.0533295
-0.25,0.021662563,0.021662563,0.044062525,0.33531612,0.33531612,0.75,0.24370998,1.2759743,6.2076283
-0.25,0.021662563,0.021662563,0.044062525,0.33531612,0.33531612,1.0,0.49370998,1.6383834,7.4860907
-0.25,0.021662563,0.021662563,0.058750004,0.3500036,0.3500036,-1.0,-1.50629,0.22173108,1.1299858
-0.25,0.021662563,0.021662563,0.058750004,0.3500036,0.3500036,-0.75,-1.25629,0.28470835,1.2951931
-0.25,0.021662563,0.021662563,0.058750004,0.3500036,0.3500036,-0.5,-1.00629,0.36557275,1.6897131
-0.25,0.021662563,0.021662563,0.058750004,0.3500036,0.3500036,-0.25,-0.75629,0.4694047,2.2742615
-0.25,0.021662563,0.021662563,0.058750004,0.3500036,0.3500036,0.0,-0.50629,0.60272753,3.08251
-0.25,0.021662563,0.021662563,0.058750004,0.3500036,0.3500036,0.25,-0.25629002,0.7739175,4.009372
-0.25,0.021662563,0.021662563,0.058750004,0.3500036,0.3500036,0.5,-0.0062900186,0.9937297,5.0490713
-0.25,0.021662563,0.021662563,0.058750004,0.3500036,0.3500036,0.75,0.24370998,1.2759743,6.2049723
-0.25,0.021662563,0.021662563,0.058750004,0.3500036,0.3500036,1.0,0.49370998,1.6383834,7.485434
-0.25,0.021662563,0.021662563,0.07343748,0.36469108,0.36469108,-1.0,-1.50629,0.22173108,1.1334963
-0.25,0.021662563,0.021662563,0.07343748,0.36469108,0.36469108,-0.75,-1.25629,0.28470835,1.2949071
-0.25,0.021662563,0.021662563,0.07343748,0.36469108,0.36469108,-0.5,-1.00629,0.36557275,1.6872056
-0.25,0.021662563,0.021662563,0.07343748,0.36469108,0.36469108,-0.25,-0.75629,0.4694047,2.270812
-0.25,0.021662563,0.021662563,0.07343748,0.36469108,0.36469108,0.0,-0.50629,0.60272753,3.0793571
-0.25,0.021662563,0.021662563,0.07343748,0.36469108,0.36469108,0.25,-0.25629002,0.7739175,4.0071745
-0.25,0.021662563,0.021662563,0.07343748,0.36469108,0.36469108,0.5,-0.0062900186,0.9937297,5.0483913
-0.25,0.021662563,0.021662563,0.07343748,0.36469108,0.36469108,0.75,0.24370998,1.2759743,6.206175
-0.25,0.021662563,0.021662563,0.07343748,0.36469108,0.36469108,1.0,0.49370998,1.6383834,7.4888687
-0.25,0.021662563,0.021662563,0.08812502,0.37937862,0.37937862,-1.0,-1.50629,0.22173108,1.1372056
-0.25,0.021662563,0.021662563,0.08812502,0.37937862,0.37937862,-0.75,-1.25629,0.28470835,1.2976444
-0.25,0.021662563,0.021662563,0.08812502,0.37937862,0.37937862,-0.5,-1.00629,0.36557275,1.6897337
-0.25,0.021662563,0.021662563,0.08812502,0.37937862,0.37937862,-0.25,-0.75629,0.4694047,2.2736392
-0.25,0.021662563,0.021662563,0.08812502,0.37937862,0.37937862,0.0,-0.50629,0.60272753,3.0835617
-0.25,0.021662563,0.021662563,0.08812502,0.37937862,0.37937862,0.25,-0.25629002,0.7739175,4.0134068
-0.25,0.021662563,0.021662563,0.08812502,0.37937862,0.37937862,0.5,-0.0062900186,0.9937297,5.0565553
-0.25,0.021662563,0.021662563,0.08812502,0.37937862,0.37937862,0.75,0.24370998,1.2759743,6.2166286
-0.25,0.021662563,0.021662563,0.08812502,0.37937862,0.37937862,1.0,0.49370998,1.6383834,7.501746
-0.25,0.021662563,0.021662563,0.1028125,0.3940661,0.3940661,-1.0,-1.50629,0.22173108,1.144239
-0.25,0.021662563,0.021662563,0.1028125,0.3940661,0.3940661,-0.75,-1.25629,0.28470835,1.3046238
-0.25,0.021662563,0.021662563,0.1028125,0.3940661,0.3940661,-0.5,-1.00629,0.36557275,1.6970053
-0.25,0.021662563,0.021662563,0.1028125,0.3940661,0.3940661,-0.25,-0.75629,0.4694047,2.2813098
-0.25,0.021662563,0.021662563,0.1028125,0.3940661,0.3940661,0.0,-0.50629,0.60272753,3.0921757
-0.25,0.021662563,0.021662563,0.1028125,0.3940661,0.3940661,0.25,-0.25629002,0.7739175,4.023506
-0.25,0.021662563,0.021662563,0.1028125,0.3940661,0.3940661,0.5,-0.0062900186,0.9937297,5.0677075
-0.25,0.021662563,0.021662563,0.1028125,0.3940661,0.3940661,0.75,0.24370998,1.2759743,6.229212
-0.25,0.021662563,0.021662563,0.1028125,0.3940661,0.3940661,1.0,0.49370998,1.6383834,7.516061
-0.25,0.021662563,0.021662563,0.11749998,0.40875357,0.40875357,-1.0,-1.50629,0.22173108,1.1526619
-0.25,0.021662563,0.021662563,0.11749998,0.40875357,0.40875357,-0.75,-1.25629,0.28470835,1.3106916
-0.25,0.021662563,0.021662563,0.11749998,0.40875357,0.40875357,-0.5,-1.00629,0.36557275,1.7007121
-0.25,0.021662563,0.021662563,0.11749998,0.40875357,0.40875357,-0.25,-0.75629,0.4694047,2.2826838
-0.25,0.021662563,0.021662563,0.11749998,0.40875357,0.40875357,0.0,-0.50629,0.60272753,3.0917764
-0.25,0.021662563,0.021662563,0.11749998,0.40875357,0.40875357,0.25,-0.25629002,0.7739175,4.021723
-0.25,0.021662563,0.021662563,0.11749998,0.40875357,0.40875357,0.5,-0.0062900186,0.9937297,5.0638413
-0.25,0.021662563,0.021662563,0.11749998,0.40875357,0.40875357,0.75,0.24370998,1.2759743,6.2232733
-0.25,0.021662563,0.021662563,0.11749998,0.40875357,0.40875357,1.0,0.49370998,1.6383834,7.5080185
-0.25,0.021662563,0.021662563,0.13218752,0.4234411,0.4234411,-1.0,-1.50629,0.22173108,1.1611143
-0.25,0.021662563,0.021662563,0.13218752,0.4234411,0.4234411,-0.75,-1.25629,0.28470835,1.3136815
-0.25,0.021662563,0.021662563,0.13218752,0.4234411,0.4234411,-0.5,-1.00629,0.36557275,1.6984148
-0.25,0.021662563,0.021662563,0.13218752,0.4234411,0.4234411,-0.25,-0.75629,0.4694047,2.2753806
-0.25,0.021662563,0.021662563,0.13218752,0.4234411,0.4234411,0.0,-0.50629,0.60272753,3.0800576
-0.25,0.021662563,0.021662563,0.13218752,0.4234411,0.4234411,0.25,-0.25629002,0.7739175,4.005347
-0.25,0.021662563,0.021662563,0.13218752,0.4234411,0.4234411,0.5,-0.0062900186,0.9937297,5.0422482
-0.25,0.021662563,0.021662563,0.13218752,0.4234411,0.4234411,0.75,0.24370998,1.2759743,6.196076
-0.25,0.021662563,0.021662563,0.13218752,0.4234411,0.4234411,1.0,0.49370998,1.6383834,7.475048
-0.25,0.021662563,0.021662563,0.146875,0.4381286,0.4381286,-1.0,-1.50629,0.22173108,1.1704676
-0.25,0.021662563,0.021662563,0.146875,0.4381286,0.4381286,-0.75,-1.25629,0.28470835,1.3162891
-0.25,0.021662563,0.021662563,0.146875,0.4381286,0.4381286,-0.5,-1.00629,0.36557275,1.6942415
-0.25,0.021662563,0.021662563,0.146875,0.4381286,0.4381286,-0.25,-0.75629,0.4694047,2.2648542
-0.25,0.021662563,0.021662563,0.146875,0.4381286,0.4381286,0.0,-0.50629,0.60272753,3.0636938
-0.25,0.021662563,0.021662563,0.146875,0.4381286,0.4381286,0.25,-0.25629002,0.7739175,3.9829717
-0.25,0.021662563,0.021662563,0.146875,0.4381286,0.4381286,0.5,-0.0062900186,0.9937297,5.0138955
-0.25,0.021662563,0.021662563,0.146875,0.4381286,0.4381286,0.75,0.24370998,1.2759743,6.161446
-0.25,0.021662563,0.021662563,0.146875,0.4381286,0.4381286,1.0,0.49370998,1.6383834,7.4338875
-0.25,0.021662563,0.021662563,0.16156247,0.45281607,0.45281607,-1.0,-1.50629,0.22173108,1.1828893
-0.25,0.021662563,0.021662563,0.16156247,0.45281607,0.45281607,-0.75,-1.25629,0.28470835,1.3237988
-0.25,0.021662563,0.021662563,0.16156247,0.45281607,0.45281607,-0.5,-1.00629,0.36557275,1.6969142
-0.25,0.021662563,0.021662563,0.16156247,0.45281607,0.45281607,-0.25,-0.75629,0.4694047,2.2631712
-0.25,0.021662563,0.021662563,0.16156247,0.45281607,0.45281607,0.0,-0.50629,0.60272753,3.0581512
-0.25,0.021662563,0.021662563,0.16156247,0.45281607,0.45281607,0.25,-0.25629002,0.7739175,3.9740274
-0.25,0.021662563,0.021662563,0.16156247,0.45281607,0.45281607,0.5,-0.0062900186,0.9937297,5.001943
-0.25,0.021662563,0.021662563,0.16156247,0.45281607,0.45281607,0.75,0.24370998,1.2759743,6.146389
-0.25,0.021662563,0.021662563,0.16156247,0.45281607,0.45281607,1.0,0.49370998,1.6383834,7.4160213
-0.25,0.021662563,0.021662563,0.17625001,0.4675036,0.4675036,-1.0,-1.50629,0.22173108,1.1950972
-0.25,0.021662563,0.021662563,0.17625001,0.4675036,0.4675036,-0.75,-1.25629,0.28470835,1.3347659
-0.25,0.021662563,0.021662563,0.17625001,0.4675036,0.4675036,-0.5,-1.00629,0.36557275,1.7071624
-0.25,0.021662563,0.021662563,0.17625001,0.4675036,0.4675036,-0.25,-0.75629,0.4694047,2.2724617
-0.25,0.021662563,0.021662563,0.17625001,0.4675036,0.4675036,0.0,-0.50629,0.60272753,3.067715
-0.25,0.021662563,0.021662563,0.17625001,0.4675036,0.4675036,0.25,-0.25629002,0.7739175,3.9841144
-0.25,0.021662563,0.021662563,0.17625001,0.4675036,0.4675036,0.5,-0.0062900186,0.9937297,5.0131006
-0.25,0.021662563,0.021662563,0.17625001,0.4675036,0.4675036,0.75,0.24370998,1.2759743,6.1596622
-0.25,0.021662563,0.021662563,0.17625001,0.4675036,0.4675036,1.0,0.49370998,1.6383834,7.4320664
-0.25,0.021662563,0.021662563,0.19093749,0.4821911,0.4821911,-1.0,-1.50629,0.22173108,1.2090211
-0.25,0.021662563,0.021662563,0.19093749,0.4821911,0.4821911,-0.75,-1.25629,0.28470835,1.3488829
-0.25,0.021662563,0.021662563,0.19093749,0.4821911,0.4821911,-0.5,-1.00629,0.36557275,1.721445
-0.25,0.021662563,0.021662563,0.19093749,0.4821911,0.4821911,-0.25,-0.75629,0.4694047,2.2873156
-0.25,0.021662563,0.021662563,0.19093749,0.4821911,0.4821911,0.0,-0.50629,0.60272753,3.0839288
-0.25,0.021662563,0.021662563,0.19093749,0.4821911,0.4821911,0.25,-0.25629002,0.7739175,4.0023937
-0.25,0.021662563,0.021662563,0.19093749,0.4821911,0.4821911,0.5,-0.0062900186,0.9937297,5.0333643
-0.25,0.021662563,0.021662563,0.19093749,0.4821911,0.4821911,0.75,0.24370998,1.2759743,6.182813
-0.25,0.021662563,0.021662563,0.19093749,0.4821911,0.4821911,1.0,0.49370998,1.6383834,7.458943
-0.25,0.021662563,0.021662563,0.20562503,0.49687862,0.49687862,-1.0,-1.50629,0.22173108,1.2251782
-0.25,0.021662563,0.021662563,0.20562503,0.49687862,0.49687862,-0.75,-1.25629,0.28470835,1.3649486
-0.25,0.021662563,0.021662563,0.20562503,0.49687862,0.49687862,-0.5,-1.00629,0.36557275,1.737288
-0.25,0.021662563,0.021662563,0.20562503,0.49687862,0.49687862,-0.25,-0.75629,0.4694047,2.3025544
-0.25,0.021662563,0.021662563,0.20562503,0.49687862,0.49687862,0.0,-0.50629,0.60272753,3.0988986
-0.25,0.021662563,0.021662563,0.20562503,0.49687862,0.49687862,0.25,-0.25629002,0.7739175,4.0178103
-0.25,0.021662563,0.021662563,0.20562503,0.49687862,0.49687862,0.5,-0.0062900186,0.9937297,5.0494037
-0.25,0.021662563,0.021662563,0.20562503,0.49687862,0.49687862,0.75,0.24370998,1.2759743,6.1989474
-0.25,0.021662563,0.021662563,0.20562503,0.49687862,0.49687862,1.0,0.49370998,1.6383834,7.4757323
-0.25,0.021662563,0.021662563,0.2203125,0.5115661,0.5115661,-1.0,-1.50629,0.22173108,1.2411864
-0.25,0.021662563,0.021662563,0.2203125,0.5115661,0.5115661,-0.75,-1.25629,0.28470835,1.3790771
-0.25,0.021662563,0.021662563,0.2203125,0.5115661,0.5115661,-0.5,-1.00629,0.36557275,1.7483222
-0.25,0.021662563,0.021662563,0.2203125,0.5115661,0.5115661,-0.25,-0.75629,0.4694047,2.3105273
-0.25,0.021662563,0.021662563,0.2203125,0.5115661,0.5115661,0.0,-0.50629,0.60272753,3.103801
-0.25,0.021662563,0.021662563,0.2203125,0.5115661,0.5115661,0.25,-0.25629002,0.7739175,4.0201035
-0.25,0.021662563,0.021662563,0.2203125,0.5115661,0.5115661,0.5,-0.0062900186,0.9937297,5.049063
-0.25,0.021662563,0.021662563,0.2203125,0.5115661,0.5115661,0.75,0.24370998,1.2759743,6.1962214
-0.25,0.021662563,0.021662563,0.2203125,0.5115661,0.5115661,1.0,0.49370998,1.6383834,7.4704385
-0.25,0.021662563,0.021662563,0.23499998,0.5262536,0.5262536,-1.0,-1.50629,0.22173108,1.2570311
-0.25,0.021662563,0.021662563,0.23499998,0.5262536,0.5262536,-0.75,-1.25629,0.28470835,1.3914573
-0.25,0.021662563,0.021662563,0.23499998,0.5262536,0.5262536,-0.5,-1.00629,0.36557275,1.755375
-0.25,0.021662563,0.021662563,0.23499998,0.5262536,0.5262536,-0.25,-0.75629,0.4694047,2.3125393
-0.25,0.021662563,0.021662563,0.23499998,0.5262536,0.5262536,0.0,-0.50629,0.60272753,3.1018066
-0.25,0.021662563,0.021662563,0.23499998,0.5262536,0.5262536,0.25,-0.25629002,0.7739175,4.0140853
-0.25,0.021662563,0.021662563,0.23499998,0.5262536,0.5262536,0.5,-0.0062900186,0.9937297,5.040013
-0.25,0.021662563,0.021662563,0.23499998,0.5262536,0.5262536,0.75,0.24370998,1.2759743,6.184146
-0.25,0.021662563,0.021662563,0.23499998,0.5262536,0.5262536,1.0,0.49370998,1.6383834,7.455343
-0.25,0.021662563,0.021662563,0.24968752,0.5409411,0.5409411,-1.0,-1.50629,0.22173108,1.2706338
-0.25,0.021662563,0.021662563,0.24968752,0.5409411,0.5409411,-0.75,-1.25629,0.28470835,1.4031866
-0.25,0.021662563,0.021662563,0.24968752,0.5409411,0.5409411,-0.5,-1.00629,0.36557275,1.7641935
-0.25,0.021662563,0.021662563,0.24968752,0.5409411,0.5409411,-0.25,-0.75629,0.4694047,2.3181756
-0.25,0.021662563,0.021662563,0.24968752,0.5409411,0.5409411,0.0,-0.50629,0.60272753,3.1058486
-0.25,0.021662563,0.021662563,0.24968752,0.5409411,0.5409411,0.25,-0.25629002,0.7739175,4.016918
-0.25,0.021662563,0.021662563,0.24968752,0.5409411,0.5409411,0.5,-0.0062900186,0.9937297,5.0416756
-0.25,0.021662563,0.021662563,0.24968752,0.5409411,0.5409411,0.75,0.24370998,1.2759743,6.1849575
-0.25,0.021662563,0.021662563,0.24968752,0.5409411,0.5409411,1.0,0.49370998,1.6383834,7.455081
-0.25,0.021662563,0.021662563,0.264375,0.5556286,0.5556286,-1.0,-1.50629,0.22173108,1.2849616
-0.25,0.021662563,0.021662563,0.264375,0.5556286,0.5556286,-0.75,-1.25629,0.28470835,1.4185114
-0.25,0.021662563,0.021662563,0.264375,0.5556286,0.5556286,-0.5,-1.00629,0.36557275,1.779287
-0.25,0.021662563,0.021662563,0.264375,0.5556286,0.5556286,-0.25,-0.75629,0.4694047,2.333233
-0.25,0.021662563,0.021662563,0.264375,0.5556286,0.5556286,0.0,-0.50629,0.60272753,3.1221318
-0.25,0.021662563,0.021662563,0.264375,0.5556286,0.5556286,0.25,-0.25629002,0.7739175,4.034675
-0.25,0.021662563,0.021662563,0.264375,0.5556286,0.5556286,0.5,-0.0062900186,0.9937297,5.0605536
-0.25,0.021662563,0.021662563,0.264375,0.5556286,0.5556286,0.75,0.24370998,1.2759743,6.205952
-0.25,0.021662563,0.021662563,0.264375,0.5556286,0.5556286,1.0,0.49370998,1.6383834,7.4794197
-0.25,0.021662563,0.021662563,0.27906248,0.5703161,0.5703161,-1.0,-1.50629,0.22173108,1.3015401
-0.25,0.021662563,0.021662563,0.27906248,0.5703161,0.5703161,-0.75,-1.25629,0.28470835,1.4355907
-0.25,0.021662563,0.021662563,0.27906248,0.5703161,0.5703161,-0.5,-1.00629,0.36557275,1.795792
-0.25,0.021662563,0.021662563,0.27906248,0.5703161,0.5703161,-0.25,-0.75629,0.4694047,2.350423
-0.25,0.021662563,0.021662563,0.27906248,0.5703161,0.5703161,0.0,-0.50629,0.60272753,3.139725
-0.25,0.021662563,0.021662563,0.27906248,0.5703161,0.5703161,0.25,-0.25629002,0.7739175,4.0538626
-0.25,0.021662563,0.021662563,0.27906248,0.5703161,0.5703161,0.5,-0.0062900186,0.9937297,5.0817227
-0.25,0.021662563,0.021662563,0.27906248,0.5703161,0.5703161,0.75,0.24370998,1.2759743,6.228258
-0.25,0.021662563,0.021662563,0.27906248,0.5703161,0.5703161,1.0,0.49370998,1.6383834,7.5029774
-0.25,0.021662563,0.021662563,0.29375002,0.5850036,0.5850036,-1.0,-1.50629,0.22173108,1.3172798
-0.25,0.021662563,0.021662563,0.29375002,0.5850036,0.5850036,-0.75,-1.25629,0.28470835,1.4502033
-0.25,0.021662563,0.021662563,0.29375002,0.5850036,0.5850036,-0.5,-1.00629,0.36557275,1.809395
-0.25,0.021662563,0.021662563,0.29375002,0.5850036,0.5850036,-0.25,-0.75629,0.4694047,2.3631191
-0.25,0.021662563,0.021662563,0.29375002,0.5850036,0.5850036,0.0,-0.50629,0.60272753,3.151646
-0.25,0.021662563,0.021662563,0.29375002,0.5850036,0.5850036,0.25,-0.25629002,0.7739175,4.065251
-0.25,0.021662563,0.021662563,0.29375002,0.5850036,0.5850036,0.5,-0.0062900186,0.9937297,5.0927124
-0.25,0.021662563,0.021662563,0.29375002,0.5850036,0.5850036,0.75,0.24370998,1.2759743,6.238157
-0.25,0.021662563,0.021662563,0.29375002,0.5850036,0.5850036,1.0,0.49370998,1.6383834,7.5112777
-0.25,0.021662563,0.021662563,0.3084375,0.5996911,0.5996911,-1.0,-1.50629,0.22173108,1.3301167
-0.25,0.021662563,0.021662563,0.3084375,0.5996911,0.5996911,-0.75,-1.25629,0.28470835,1.4596013
-0.25,0.021662563,0.021662563,0.3084375,0.5996911,0.5996911,-0.5,-1.00629,0.36557275,1.8155128
-0.25,0.021662563,0.021662563,0.3084375,0.5996911,0.5996911,-0.25,-0.75629,0.4694047,2.3664267
-0.25,0.021662563,0.021662563,0.3084375,0.5996911,0.5996911,0.0,-0.50629,0.60272753,3.1524594
-0.25,0.021662563,0.021662563,0.3084375,0.5996911,0.5996911,0.25,-0.25629002,0.7739175,4.062244
-0.25,0.021662563,0.021662563,0.3084375,0.5996911,0.5996911,0.5,-0.0062900186,0.9937297,5.0862393
-0.25,0.021662563,0.021662563,0.3084375,0.5996911,0.5996911,0.75,0.24370998,1.2759743,6.2286596
-0.25,0.021662563,0.021662563,0.3084375,0.5996911,0.5996911,1.0,0.49370998,1.6383834,7.499451
-0.25,0.021662563,0.021662563,0.32312497,0.6143786,0.6143786,-1.0,-1.50629,0.22173108,1.3392994
-0.25,0.021662563,0.021662563,0.32312497,0.6143786,0.6143786,-0.75,-1.25629,0.28470835,1.4658916
-0.25,0.021662563,0.021662563,0.32312497,0.6143786,0.6143786,-0.5,-1.00629,0.36557275,1.8177392
-0.25,0.021662563,0.021662563,0.32312497,0.6143786,0.6143786,-0.25,-0.75629,0.4694047,2.3664145
-0.25,0.021662563,0.021662563,0.32312497,0.6143786,0.6143786,0.0,-0.50629,0.60272753,3.1491396
-0.25,0.021662563,0.021662563,0.32312497,0.6143786,0.6143786,0.25,-0.25629002,0.7739175,4.0554466
-0.25,0.021662563,0.021662563,0.32312497,0.6143786,0.6143786,0.5,-0.0062900186,0.9937297,5.0767345
-0.25,0.021662563,0.021662563,0.32312497,0.6143786,0.6143786,0.75,0.24370998,1.2759743,6.2163363
-0.25,0.021662563,0.021662563,0.32312497,0.6143786,0.6143786,1.0,0.49370998,1.6383834,7.4839773
-0.25,0.021662563,0.021662563,0.3378125,0.6290661,0.6290661,-1.0,-1.50629,0.22173108,1.3474413
-0.25,0.021662563,0.021662563,0.3378125,0.6290661,0.6290661,-0.75,-1.25629,0.28470835,1.4749634
-0.25,0.021662563,0.021662563,0.3378125,0.6290661,0.6290661,-0.5,-1.00629,0.36557275,1.826945
-0.25,0.021662563,0.021662563,0.3378125,0.6290661,0.6290661,-0.25,-0.75629,0.4694047,2.3755984
-0.25,0.021662563,0.021662563,0.3378125,0.6290661,0.6290661,0.0,-0.50629,0.60272753,3.1577585
-0.25,0.021662563,0.021662563,0.3378125,0.6290661,0.6290661,0.25,-0.25629002,0.7739175,4.063629
-0.25,0.021662563,0.021662563,0.3378125,0.6290661,0.6290661,0.5,-0.0062900186,0.9937297,5.083071
-0.25,0.021662563,0.021662563,0.3378125,0.6290661,0.6290661,0.75,0.24370998,1.2759743,6.2209654
-0.25,0.021662563,0.021662563,0.3378125,0.6290661,0.6290661,1.0,0.49370998,1.6383834,7.487999
-0.25,0.021662563,0.021662563,0.3525,0.6437536,0.6437536,-1.0,-1.50629,0.22173108,1.3574328
-0.25,0.021662563,0.021662563,0.3525,0.6437536,0.6437536,-0.75,-1.25629,0.28470835,1.4887649
-0.25,0.021662563,0.021662563,0.3525,0.6437536,0.6437536,-0.5,-1.00629,0.36557275,1.8425771
-0.25,0.021662563,0.021662563,0.3525,0.6437536,0.6437536,-0.25,-0.75629,0.4694047,2.3923433
-0.25,0.021662563,0.021662563,0.3525,0.6437536,0.6437536,0.0,-0.50629,0.60272753,3.1766632
-0.25,0.021662563,0.021662563,0.3525,0.6437536,0.6437536,0.25,-0.25629002,0.7739175,4.083217
-0.25,0.021662563,0.021662563,0.3525,0.6437536,0.6437536,0.5,-0.0062900186,0.9937297,5.1031694
-0.25,0.021662563,0.021662563,0.3525,0.6437536,0.6437536,0.75,0.24370998,1.2759743,6.24226
-0.25,0.021662563,0.021662563,0.3525,0.6437536,0.6437536,1.0,0.49370998,1.6383834,7.511718
-0.25,0.021662563,0.021662563,0.36718747,0.65844107,0.65844107,-1.0,-1.50629,0.22173108,1.3694993
-0.25,0.021662563,0.021662563,0.36718747,0.65844107,0.65844107,-0.75,-1.25629,0.28470835,1.5048848
-0.25,0.021662563,0.021662563,0.36718747,0.65844107,0.65844107,-0.5,-1.00629,0.36557275,1.8597478
-0.25,0.021662563,0.021662563,0.36718747,0.65844107,0.65844107,-0.25,-0.75629,0.4694047,2.4109056
-0.25,0.021662563,0.021662563,0.36718747,0.65844107,0.65844107,0.0,-0.50629,0.60272753,3.1965888
-0.25,0.021662563,0.021662563,0.36718747,0.65844107,0.65844107,0.25,-0.25629002,0.7739175,4.1040134
-0.25,0.021662563,0.021662563,0.36718747,0.65844107,0.65844107,0.5,-0.0062900186,0.9937297,5.1256084
-0.25,0.021662563,0.021662563,0.36718747,0.65844107,0.65844107,0.75,0.24370998,1.2759743,6.26635
-0.25,0.021662563,0.021662563,0.36718747,0.65844107,0.65844107,1.0,0.49370998,1.6383834,7.536702
-0.25,0.021662563,0.021662563,0.381875,0.6731286,0.6731286,-1.0,-1.50629,0.22173108,1.3816923
-0.25,0.021662563,0.021662563,0.381875,0.6731286,0.6731286,-0.75,-1.25629,0.28470835,1.5201509
-0.25,0.021662563,0.021662563,0.381875,0.6731286,0.6731286,-0.5,-1.00629,0.36557275,1.8759784
-0.25,0.021662563,0.021662563,0.381875,0.6731286,0.6731286,-0.25,-0.75629,0.4694047,2.4279375
-0.25,0.021662563,0.021662563,0.381875,0.6731286,0.6731286,0.0,-0.50629,0.60272753,3.2138548
-0.25,0.021662563,0.021662563,0.381875,0.6731286,0.6731286,0.25,-0.25629002,0.7739175,4.1224523
-0.25,0.021662563,0.021662563,0.381875,0.6731286,0.6731286,0.5,-0.0062900186,0.9937297,5.144833
-0.25,0.021662563,0.021662563,0.381875,0.6731286,0.6731286,0.75,0.24370998,1.2759743,6.285394
-0.25,0.021662563,0.021662563,0.381875,0.6731286,0.6731286,1.0,0.49370998,1.6383834,7.555195
-0.25,0.021662563,0.021662563,0.3965625,0.6878161,0.6878161,-1.0,-1.50629,0.22173108,1.391548
-0.25,0.021662563,0.021662563,0.3965625,0.6878161,0.6878161,-0.75,-1.25629,0.28470835,1.531803
-0.25,0.021662563,0.021662563,0.3965625,0.6878161,0.6878161,-0.5,-1.00629,0.36557275,1.8882824
-0.25,0.021662563,0.021662563,0.3965625,0.6878161,0.6878161,-0.25,-0.75629,0.4694047,2.4397364
-0.25,0.021662563,0.021662563,0.3965625,0.6878161,0.6878161,0.0,-0.50629,0.60272753,3.2250807
-0.25,0.021662563,0.021662563,0.3965625,0.6878161,0.6878161,0.25,-0.25629002,0.7739175,4.1333838
-0.25,0.021662563,0.021662563,0.3965625,0.6878161,0.6878161,0.5,-0.0062900186,0.9937297,5.15465
-0.25,0.021662563,0.021662563,0.3965625,0.6878161,0.6878161,0.75,0.24370998,1.2759743,6.293504
-0.25,0.021662563,0.021662563,0.3965625,0.6878161,0.6878161,1.0,0.49370998,1.6383834,7.5613112
-0.25,0.021662563,0.021662563,0.41125003,0.7025036,0.7025036,-1.0,-1.50629,0.22173108,1.3987637
-0.25,0.021662563,0.021662563,0.41125003,0.7025036,0.7025036,-0.75,-1.25629,0.28470835,1.5404512
-0.25,0.021662563,0.021662563,0.41125003,0.7025036,0.7025036,-0.5,-1.00629,0.36557275,1.8971148
-0.25,0.021662563,0.021662563,0.41125003,0.7025036,0.7025036,-0.25,-0.75629,0.4694047,2.4473047
-0.25,0.021662563,0.021662563,0.41125003,0.7025036,0.7025036,0.0,-0.50629,0.60272753,3.2319813
-0.25,0.021662563,0.021662563,0.41125003,0.7025036,0.7025036,0.25,-0.25629002,0.7739175,4.1384335
-0.25,0.021662563,0.021662563,0.41125003,0.7025036,0.7025036,0.5,-0.0062900186,0.9937297,5.157546
-0.25,0.021662563,0.021662563,0.41125003,0.7025036,0.7025036,0.75,0.24370998,1.2759743,6.29422
-0.25,0.021662563,0.021662563,0.41125003,0.7025036,0.7025036,1.0,0.49370998,1.6383834,7.5593767
-0.25,0.021662563,0.021662563,0.4259375,0.7171911,0.7171911,-1.0,-1.50629,0.22173108,1.4046946
-0.25,0.021662563,0.021662563,0.4259375,0.7171911,0.7171911,-0.75,-1.25629,0.28470835,1.5482843
-0.25,0.021662563,0.021662563,0.4259375,0.7171911,0.7171911,-0.5,-1.00629,0.36557275,1.904686
-0.25,0.021662563,0.021662563,0.4259375,0.7171911,0.7171911,-0.25,-0.75629,0.4694047,2.4544384
-0.25,0.021662563,0.021662563,0.4259375,0.7171911,0.7171911,0.0,-0.50629,0.60272753,3.238352
-0.25,0.021662563,0.021662563,0.4259375,0.7171911,0.7171911,0.25,-0.25629002,0.7739175,4.1434417
-0.25,0.021662563,0.021662563,0.4259375,0.7171911,0.7171911,0.5,-0.0062900186,0.9937297,5.1612353
-0.25,0.021662563,0.021662563,0.4259375,0.7171911,0.7171911,0.75,0.24370998,1.2759743,6.295917
-0.25,0.021662563,0.021662563,0.4259375,0.7171911,0.7171911,1.0,0.49370998,1.6383834,7.5595455
-0.25,0.021662563,0.021662563,0.44062498,0.7318786,0.7318786,-1.0,-1.50629,0.22173108,1.4096661
-0.25,0.021662563,0.021662563,0.44062498,0.7318786,0.7318786,-0.75,-1.25629,0.28470835,1.5553261
-0.25,0.021662563,0.021662563,0.44062498,0.7318786,0.7318786,-0.5,-1.00629,0.36557275,1.9120531
-0.25,0.021662563,0.021662563,0.44062498,0.7318786,0.7318786,-0.25,-0.75629,0.4694047,2.4631293
-0.25,0.021662563,0.021662563,0.44062498,0.7318786,0.7318786,0.0,-0.50629,0.60272753,3.2474668
-0.25,0.021662563,0.021662563,0.44062498,0.7318786,0.7318786,0.25,-0.25629002,0.7739175,4.1531596
-0.25,0.021662563,0.021662563,0.44062498,0.7318786,0.7318786,0.5,-0.0062900186,0.9937297,5.17135
-0.25,0.021662563,0.021662563,0.44062498,0.7318786,0.7318786,0.75,0.24370998,1.2759743,6.307274
-0.25,0.021662563,0.021662563,0.44062498,0.7318786,0.7318786,1.0,0.49370998,1.6383834,7.571782
-0.25,0.021662563,0.021662563,0.45531252,0.7465661,0.7465661,-1.0,-1.50629,0.22173108,1.4134289
-0.25,0.021662563,0.021662563,0.45531252,0.7465661,0.7465661,-0.75,-1.25629,0.28470835,1.561505
-0.25,0.021662563,0.021662563,0.45531252,0.7465661,0.7465661,-0.5,-1.00629,0.36557275,1.9203686
-0.25,0.021662563,0.021662563,0.45531252,0.7465661,0.7465661,-0.25,-0.75629,0.4694047,2.4737911
-0.25,0.021662563,0.021662563,0.45531252,0.7465661,0.7465661,0.0,-0.50629,0.60272753,3.2599704
-0.25,0.021662563,0.021662563,0.45531252,0.7465661,0.7465661,0.25,-0.25629002,0.7739175,4.1681013
-0.25,0.021662563,0.021662563,0.45531252,0.7465661,0.7465661,0.5,-0.0062900186,0.9937297,5.1883073
-0.25,0.021662563,0.021662563,0.45531252,0.7465661,0.7465661,0.75,0.24370998,1.2759743,6.3273597
-0.25,0.021662563,0.021662563,0.45531252,0.7465661,0.7465661,1.0,0.49370998,1.6383834,7.5946794
-0.25,0.021662563,0.021662563,0.47,0.7612536,0.7612536,-1.0,-1.50629,0.22173108,1.4178153
-0.25,0.021662563,0.021662563,0.47,0.7612536,0.7612536,-0.75,-1.25629,0.28470835,1.5701505
-0.25,0.021662563,0.021662563,0.47,0.7612536,0.7612536,-0.5,-1.00629,0.36557275,1.9327338
-0.25,0.021662563,0.021662563,0.47,0.7612536,0.7612536,-0.25,-0.75629,0.4694047,2.4888432
-0.25,0.021662563,0.021662563,0.47,0.7612536,0.7612536,0.0,-0.50629,0.60272753,3.2773142
-0.25,0.021662563,0.021662563,0.47,0.7612536,0.7612536,0.25,-0.25629002,0.7739175,4.1877894
-0.25,0.021662563,0.021662563,0.47,0.7612536,0.7612536,0.5,-0.0062900186,0.9937297,5.211799
-0.25,0.021662563,0.021662563,0.47,0.7612536,0.7612536,0.75,0.24370998,1.2759743,6.353496
-0.25,0.021662563,0.021662563,0.47,0.7612536,0.7612536,1.0,0.49370998,1.6383834,7.624059
-0.125,0.14666256,0.14666256,-0.47,-0.1787464,-0.1787464,-1.0,-1.50629,0.22173108,1.4624164
-0.125,0.14666256,0.14666256,-0.47,-0.1787464,-0.1787464,-0.75,-1.25629,0.28470835,1.4729232
-0.125,0.14666256,0.14666256,-0.47,-0.1787464,-0.1787464,-0.5,-1.00629,0.36557275,1.7129247
-0.125,0.14666256,0.14666256,-0.47,-0.1787464,-0.1787464,-0.25,-0.75629,0.4694047,2.1427212
-0.125,0.14666256,0.14666256,-0.47,-0.1787464,-0.1787464,0.0,-0.50629,0.60272753,2.822604
-0.125,0.14666256,0.14666256,-0.47,-0.1787464,-0.1787464,0.25,-0.25629002,0.7739175,3.6536016
-0.125,0.14666256,0.14666256,-0.47,-0.1787464,-0.1787464,0.5,-0.0062900186,0.9937297,4.615131
-0.125,0.14666256,0.14666256,-0.47,-0.1787464,-0.1787464,0.75,0.24370998,1.2759743,5.706538
-0.125,0.14666256,0.14666256,-0.47,-0.1787464,-0.1787464,1.0,0.49370998,1.6383834,6.9328804
-0.125,0.14666256,0.14666256,-0.4553125,-0.1640589,-0.1640589,-1.0,-1.50629,0.22173108,1.4624164
-0.125,0.14666256,0.14666256,-0.4553125,-0.1640589,-0.1640589,-0.75,-1.25629,0.28470835,1.4729232
-0.125,0.14666256,0.14666256,-0.4553125,-0.1640589,-0.1640589,-0.5,-1.00629,0.36557275,1.7129247
-0.125,0.14666256,0.14666256,-0.4553125,-0.1640589,-0.1640589,-0.25,-0.75629,0.4694047,2.1427212
-0.125,0.14666256,0.14666256,-0.4553125,-0.1640589,-0.1640589,0.0,-0.50629,0.60272753,2.822604
-0.125,0.14666256,0.14666256,-0.4553125,-0.1640589,-0.1640589,0.25,-0.25629002,0.7739175,3.6536016
-0.125,0.14666256,0.14666256,-0.4553125,-0.1640589,-0.1640589,0.5,-0.0062900186,0.9937297,4.615131
-0.125,0.14666256,0.14666256,-0.4553125,-0.1640589,-0.1640589,0.75,0.24370998,1.2759743,5.706538
-0.125,0.14666256,0.14666256,-0.4553125,-0.1640589,-0.1640589,1.0,0.49370998,1.6383834,6.9328804
-0.125,0.14666256,0.14666256,-0.440625,-0.14937142,-0.14937142,-1.0,-1.50629,0.22173108,1.4624164
-0.125,0.14666256,0.14666256,-0.440625,-0.14937142,-0.14937142,-0.75,-1.25629,0.28470835,1.4729232
-0.125,0.14666256,0.14666256,-0.440625,-0.14937142,-0.14937142,-0.5,-1.00629,0.36557275,1.7129247
-0.125,0.14666256,0.14666256,-0.440625,-0.14937142,-0.14937142,-0.25,-0.75629,0.4694047,2.1427212
-0.125,0.14666256,0.14666256,-0.440625,-0.14937142,-0.14937142,0.0,-0.50629,0.60272753,2.822604
-0.125,0.14666256,0.14666256,-0.440625,-0.14937142,-0.14937142,0.25,-0.25629002,0.7739175,3.6536016
-0.125,0.14666256,0.14666256,-0.440625,-0.14937142,-0.14937142,0.5,-0.0062900186,0.9937297,4.615131
-0.125,0.14666256,0.14666256,-0.440625,-0.14937142,-0.14937142,0.75,0.24370998,1.2759743,5.706538
-0.125,0.14666256,0.14666256,-0.440625,-0.14937142,-0.14937142,1.0,0.49370998,1.6383834,6.9328804
-0.125,0.14666256,0.14666256,-0.4259375,-0.1346839,-0.1346839,-1.0,-1.50629,0.22173108,1.4624164
-0.125,0.14666256,0.14666256,-0.4259375,-0.1346839,-0.1346839,-0.75,-1.25629,0.28470835,1.4729232
-0.125,0.14666256,0.14666256,-0.4259375,-0.1346839,-0.1346839,-0.5,-1.00629,0.36557275,1.7129247
-0.125,0.14666256,0.14666256,-0.4259375,-0.1346839,-0.1346839,-0.25,-0.75629,0.4694047,2.1427212
-0.125,0.14666256,0.14666256,-0.4259375,-0.1346839,-0.1346839,0.0,-0.50629,0.60272753,2.822604
-0.125,0.14666256,0.14666256,-0.4259375,-0.1346839,-0.1346839,0.25,-0.25629002,0.7739175,3.6536016
-0.125,0.14666256,0.14666256,-0.4259375,-0.1346839,-0.1346839,0.5,-0.0062900186,0.9937297,4.615131
-0.125,0.14666256,0.14666256,-0.4259375,-0.1346839,-0.1346839,0.75,0.24370998,1.2759743,5.706538
-0.125,0.14666256,0.14666256,-0.4259375,-0.1346839,-0.1346839,1.0,0.49370998,1.6383834,6.9328804
-0.125,0.14666256,0.14666256,-0.41125,-0.1199964,-0.1199964,-1.0,-1.50629,0.22173108,1.4624164
-0.125,0.14666256,0.14666256,-0.41125,-0.1199964,-0.1199964,-0.75,-1.25629,0.28470835,1.4729232
-0.125,0.14666256,0.14666256,-0.41125,-0.1199964,-0.1199964,-0.5,-1.00629,0.36557275,1.7129247
-0.125,0.14666256,0.14666256,-0.41125,-0.1199964,-0.1199964,-0.25,-0.75629,0.4694047,2.1427212
-0.125,0.14666256,0.14666256,-0.41125,-0.1199964,-0.1199964,0.0,-0.50629,0.60272753,2.822604
-0.125,0.14666256,0.14666256,-0.41125,-0.1199964,-0.1199964,0.25,-0.25629002,0.7739175,3.6536016
-0.125,0.14666256,0.14666256,-0.41125,-0.1199964,-0.1199964,0.5,-0.0062900186,0.9937297,4.615131
-0.125,0.14666256,0.14666256,-0.41125,-0.1199964,-0.1199964,0.75,0.24370998,1.2759743,5.706538
-0.125,0.14666256,0.14666256,-0.41125,-0.1199964,-0.1199964,1.0,0.49370998,1.6383834,6.9328804
-0.125,0.14666256,0.14666256,-0.39656252,-0.10530892,-0.10530892,-1.0,-1.50629,0.22173108,1.4624164
-0.125,0.14666256,0.14666256,-0.39656252,-0.10530892,-0.10530892,-0.75,-1.25629,0.28470835,1.4729232
-0.125,0.14666256,0.14666256,-0.39656252,-0.10530892,-0.10530892,-0.5,-1.00629,0.36557275,1.7129247
-0.125,0.14666256,0.14666256,-0.39656252,-0.10530892,-0.10530892,-0.25,-0.75629,0.4694047,2.1427212
-0.125,0.14666256,0.14666256,-0.39656252,-0.10530892,-0.10530892,0.0,-0.50629,0.60272753,2.822604
-0.125,0.14666256,0.14666256,-0.39656252,-0.10530892,-0.10530892,0.25,-0.25629002,0.7739175,3.6536016
-0.125,0.14666256,0.14666256,-0.39656252,-0.10530892,-0.10530892,0.5,-0.0062900186,0.9937297,4.615131
-0.125,0.14666256,0.14666256,-0.39656252,-0.10530892,-0.10530892,0.75,0.24370998,1.2759743,5.706538
-0.125,0.14666256,0.14666256,-0.39656252,-0.10530892,-0.10530892,1.0,0.49370998,1.6383834,6.9328804
-0.125,0.14666256,0.14666256,-0.381875,-0.09062141,-0.09062141,-1.0,-1.50629,0.22173108,1.4624164
-0.125,0.14666256,0.14666256,-0.381875,-0.09062141,-0.09062141,-0.75,-1.25629,0.28470835,1.4729232
-0.125,0.14666256,0.14666256,-0.381875,-0.09062141,-0.09062141,-0.5,-1.00629,0.36557275,1.7129247
-0.125,0.14666256,0.14666256,-0.381875,-0.09062141,-0.09062141,-0.25,-0.75629,0.4694047,2.1427212
-0.125,0.14666256,0.14666256,-0.381875,-0.09062141,-0.09062141,0.0,-0.50629,0.60272753,2.822604
-0.125,0.14666256,0.14666256,-0.381875,-0.09062141,-0.09062141,0.25,-0.25629002,0.7739175,3.6536016
-0.125,0.14666256,0.14666256,-0.381875,-0.09062141,-0.09062141,0.5,-0.0062900186,0.9937297,4.615131
-0.125,0.14666256,0.14666256,-0.381875,-0.09062141,-0.09062141,0.75,0.24370998,1.2759743,5.706538
-0.125,0.14666256,0.14666256,-0.381875,-0.09062141,-0.09062141,1.0,0.49370998,1.6383834,6.9328804
-0.125,0.14666256,0.14666256,-0.3671875,-0.0759339,-0.0759339,-1.0,-1.50629,0.22173108,1.4624164
-0.125,0.14666256,0.14666256,-0.3671875,-0.0759339,-0.0759339,-0.75,-1.25629,0.28470835,1.4729232
-0.125,0.14666256,0.14666256,-0.3671875,-0.0759339,-0.0759339,-0.5,-1.00629,0.36557275,1.7129247
-0.125,0.14666256,0.14666256,-0.3671875,-0.0759339,-0.0759339,-0.25,-0.75629,0.4694047,2.1427212
-0.125,0.14666256,0.14666256,-0.3671875,-0.0759339,-0.0759339,0.0,-0.50629,0.60272753,2.822604
-0.125,0.14666256,0.14666256,-0.3671875,-0.0759339,-0.0759339,0.25,-0.25629002,0.7739175,3.6536016
-0.125,0.14666256,0.14666256,-0.3671875,-0.0759339,-0.0759339,0.5,-0.0062900186,0.9937297,4.615131
-0.125,0.14666256,0.14666256,-0.3671875,-0.0759339,-0.0759339,0.75,0.24370998,1.2759743,5.706538
-0.125,0.14666256,0.14666256,-0.3671875,-0.0759339,-0.0759339,1.0,0.49370998,1.6383834,6.9328804
-0.125,0.14666256,0.14666256,-0.3525,-0.061246395,-0.061246395,-1.0,-1.50629,0.22173108,1.4624164
-0.125,0.14666256,0.14666256,-0.3525,-0.061246395,-0.061246395,-0.75,-1.25629,0.28470835,1.4729232
-0.125,0.14666256,0.14666256,-0.3525,-0.061246395,-0.061246395,-0.5,-1.00629,0.36557275,1.7129247
-0.125,0.14666256,0.14666256,-0.3525,-0.061246395,-0.061246395,-0.25,-0.75629,0.4694047,2.1427212
-0.125,0.14666256,0.14666256,-0.3525,-0.061246395,-0.061246395,0.0,-0.50629,0.60272753,2.822604
-0.125,0.14666256,0.14666256,-0.3525,-0.061246395,-0.061246395,0.25,-0.25629002,0.7739175,3.6536016
-0.125,0.14666256,0.14666256,-0.3525,-0.061246395,-0.061246395,0.5,-0.0062900186,0.9937297,4.615131
-0.125,0.14666256,0.14666256,-0.3525,-0.061246395,-0.061246395,0.75,0.24370998,1.2759743,5.706538
-0.125,0.14666256,0.14666256,-0.3525,-0.061246395,-0.061246395,1.0,0.49370998,1.6383834,6.9328804
-0.125,0.14666256,0.14666256,-0.33781248,-0.046558887,-0.046558887,-1.0,-1.50629,0.22173108,1.4624164
-0.125,0.14666256,0.14666256,-0.33781248,-0.046558887,-0.046558887,-0.75,-1.25629,0.28470835,1.4729232
-0.125,0.14666256,0.14666256,-0.33781248,-0.046558887,-0.046558887,-0.5,-1.00629,0.36557275,1.7129247
-0.125,0.14666256,0.14666256,-0.33781248,-0.046558887,-0.046558887,-0.25,-0.75629,0.4694047,2.1427212
-0.125,0.14666256,0.14666256,-0.33781248,-0.046558887,-0.046558887,0.0,-0.50629,0.60272753,2.822604
-0.125,0.14666256,0.14666256,-0.33781248,-0.046558887,-0.046558887,0.25,-0.25629002,0.7739175,3.6536016
-0.125,0.14666256,0.14666256,-0.33781248,-0.046558887,-0.046558887,0.5,-0.0062900186,0.9937297,4.615131
-0.125,0.14666256,0.14666256,-0.33781248,-0.046558887,-0.046558887,0.75,0.24370998,1.2759743,5.706538
-0.125,0.14666256,0.14666256,-0.33781248,-0.046558887,-0.046558887,1.0,0.49370998,1.6383834,6.9328804
-0.125,0.14666256,0.14666256,-0.323125,-0.03187141,-0.03187141,-1.0,-1.50629,0.22173108,1.4624164
-0.125,0.14666256,0.14666256,-0.323125,-0.03187141,-0.03187141,-0.75,-1.25629,0.28470835,1.4729232
-0.125,0.14666256,0.14666256,-0.323125,-0.03187141,-0.03187141,-0.5,-1.00629,0.36557275,1.7129247
-0.125,0.14666256,0.14666256,-0.323125,-0.03187141,-0.03187141,-0.25,-0.75629,0.4694047,2.1427212
-0.125,0.14666256,0.14666256,-0.323125,-0.03187141,-0.03187141,0.0,-0.50629,0.60272753,2.822604
-0.125,0.14666256,0.14666256,-0.323125,-0.03187141,-0.03187141,0.25,-0.25629002,0.7739175,3.6536016
-0.125,0.14666256,0.14666256,-0.323125,-0.03187141,-0.03187141,0.5,-0.0062900186,0.9937297,4.615131
-0.125,0.14666256,0.14666256,-0.323125,-0.03187141,-0.03187141,0.75,0.24370998,1.2759743,5.706538
-0.125,0.14666256,0.14666256,-0.323125,-0.03187141,-0.03187141,1.0,0.49370998,1.6383834,6.9328804
-0.125,0.14666256,0.14666256,-0.3084375,-0.0171839,-0.0171839,-1.0,-1.50629,0.22173108,1.4624164
-0.125,0.14666256,0.14666256,-0.3084375,-0.0171839,-0.0171839,-0.75,-1.25629,0.28470835,1.4729232
-0.125,0.14666256,0.14666256,-0.3084375,-0.0171839,-0.0171839,-0.5,-1.00629,0.36557275,1.7129247
-0.125,0.14666256,0.14666256,-0.3084375,-0.0171839,-0.0171839,-0.25,-0.75629,0.4694047,2.1427212
-0.125,0.14666256,0.14666256,-0.3084375,-0.0171839,-0.0171839,0.0,-0.50629,0.60272753,2.822604
-0.125,0.14666256,0.14666256,-0.3084375,-0.0171839,-0.0171839,0.25,-0.25629002,0.7739175,3.6536016
-0.125,0.14666256,0.14666256,-0.3084375,-0.0171839,-0.0171839,0.5,-0.0062900186,0.9937297,4.615131
-0.125,0.14666256,0.14666256,-0.3084375,-0.0171839,-0.0171839,0.75,0.24370998,1.2759743,5.706538
-0.125,0.14666256,0.14666256,-0.3084375,-0.0171839,-0.0171839,1.0,0.49370998,1.6383834,6.9328804
-0.125,0.14666256,0.14666256,-0.29375,-0.0024963915,-0.0024963915,-1.0,-1.50629,0.22173108,1.4624164
-0.125,0.14666256,0.14666256,-0.29375,-0.0024963915,-0.0024963915,-0.75,-1.25629,0.28470835,1.4729232
-0.125,0.14666256,0.14666256,-0.29375,-0.0024963915,-0.0024963915,-0.5,-1.00629,0.36557275,1.7129247
-0.125,0.14666256,0.14666256,-0.29375,-0.0024963915,-0.0024963915,-0.25,-0.75629,0.4694047,2.1427212
-0.125,0.14666256,0.14666256,-0.29375,-0.0024963915,-0.0024963915,0.0,-0.50629,0.60272753,2.822604
-0.125,0.14666256,0.14666256,-0.29375,-0.0024963915,-0.0024963915,0.25,-0.25629002,0.7739175,3.6536016
-0.125,0.14666256,0.14666256,-0.29375,-0.0024963915,-0.0024963915,0.5,-0.0062900186,0.9937297,4.615131
-0.125,0.14666256,0.14666256,-0.29375,-0.0024963915,-0.0024963915,0.75,0.24370998,1.2759743,5.706538
-0.125,0.14666256,0.14666256,-0.29375,-0.0024963915,-0.0024963915,1.0,0.49370998,1.6383834,6.9328804
-0.125,0.14666256,0.14666256,-0.2790625,0.012191087,0.012191087,-1.0,-1.50629,0.22173108,1.4621152
-0.125,0.14666256,0.14666256,-0.2790625,0.012191087,0.012191087,-0.75,-1.25629,0.28470835,1.4678209
-0.125,0.14666256,0.14666256,-0.2790625,0.012191087,0.012191087,-0.5,-1.00629,0.36557275,1.702607
-0.125,0.14666256,0.14666256,-0.2790625,0.012191087,0.012191087,-0.25,-0.75629,0.4694047,2.1279624
-0.125,0.14666256,0.14666256,-0.2790625,0.012191087,0.012191087,0.0,-0.50629,0.60272753,2.8036728
-0.125,0.14666256,0.14666256,-0.2790625,0.012191087,0.012191087,0.25,-0.25629002,0.7739175,3.6301472
-0.125,0.14666256,0.14666256,-0.2790625,0.012191087,0.012191087,0.5,-0.0062900186,0.9937297,4.5866857
-0.125,0.14666256,0.14666256,-0.2790625,0.012191087,0.012191087,0.75,0.24370998,1.2759743,5.6724358
-0.125,0.14666256,0.14666256,-0.2790625,0.012191087,0.012191087,1.0,0.49370998,1.6383834,6.8931055
-0.125,0.14666256,0.14666256,-0.264375,0.026878595,0.026878595,-1.0,-1.50629,0.22173108,1.4614002
-0.125,0.14666256,0.14666256,-0.264375,0.026878595,0.026878595,-0.75,-1.25629,0.28470835,1.4676334
-0.125,0.14666256,0.14666256,-0.264375,0.026878595,0.026878595,-0.5,-1.00629,0.36557275,1.7033671
-0.125,0.14666256,0.14666256,-0.264375,0.026878595,0.026878595,-0.25,-0.75629,0.4694047,2.131284
-0.125,0.14666256,0.14666256,-0.264375,0.026878595,0.026878595,0.0,-0.50629,0.60272753,2.811188
-0.125,0.14666256,0.14666256,-0.264375,0.026878595,0.026878595,0.25,-0.25629002,0.7739175,3.6412578
-0.125,0.14666256,0.14666256,-0.264375,0.026878595,0.026878595,0.5,-0.0062900186,0.9937297,4.601901
-0.125,0.14666256,0.14666256,-0.264375,0.026878595,0.026878595,0.75,0.24370998,1.2759743,5.6930294
-0.125,0.14666256,0.14666256,-0.264375,0.026878595,0.026878595,1.0,0.49370998,1.6383834,6.9194164
-0.125,0.14666256,0.14666256,-0.2496875,0.041566104,0.041566104,-1.0,-1.50629,0.22173108,1.4643193
-0.125,0.14666256,0.14666256,-0.2496875,0.041566104,0.041566104,-0.75,-1.25629,0.28470835,1.4628493
-0.125,0.14666256,0.14666256,-0.2496875,0.041566104,0.041566104,-0.5,-1.00629,0.36557275,1.6924096
-0.125,0.14666256,0.14666256,-0.2496875,0.041566104,0.041566104,-0.25,-0.75629,0.4694047,2.1127667
-0.125,0.14666256,0.14666256,-0.2496875,0.041566104,0.041566104,0.0,-0.50629,0.60272753,2.7868812
-0.125,0.14666256,0.14666256,-0.2496875,0.041566104,0.041566104,0.25,-0.25629002,0.7739175,3.6131046
-0.125,0.14666256,0.14666256,-0.2496875,0.041566104,0.041566104,0.5,-0.0062900186,0.9937297,4.5691886
-0.125,0.14666256,0.14666256,-0.2496875,0.041566104,0.041566104,0.75,0.24370998,1.2759743,5.656343
-0.125,0.14666256,0.14666256,-0.2496875,0.041566104,0.041566104,1.0,0.49370998,1.6383834,6.878458
-0.125,0.14666256,0.14666256,-0.235,0.056253597,0.056253597,-1.0,-1.50629,0.22173108,1.4671544
-0.125,0.14666256,0.14666256,-0.235,0.056253597,0.056253597,-0.75,-1.25629,0.28470835,1.4528396
-0.125,0.14666256,0.14666256,-0.235,0.056253597,0.056253597,-0.5,-1.00629,0.36557275,1.6721022
-0.125,0.14666256,0.14666256,-0.235,0.056253597,0.056253597,-0.25,-0.75629,0.4694047,2.0838082
-0.125,0.14666256,0.14666256,-0.235,0.056253597,0.056253597,0.0,-0.50629,0.60272753,2.7515738
-0.125,0.14666256,0.14666256,-0.235,0.056253597,0.056253597,0.25,-0.25629002,0.7739175,3.5737202
-0.125,0.14666256,0.14666256,-0.235,0.056253597,0.056253597,0.5,-0.0062900186,0.9937297,4.526068
-0.125,0.14666256,0.14666256,-0.235,0.056253597,0.056253597,0.75,0.24370998,1.2759743,5.607884
-0.125,0.14666256,0.14666256,-0.235,0.056253597,0.056253597,1.0,0.49370998,1.6383834,6.823653
-0.125,0.14666256,0.14666256,-0.2203125,0.07094109,0.07094109,-1.0,-1.50629,0.22173108,1.474328
-0.125,0.14666256,0.14666256,-0.2203125,0.07094109,0.07094109,-0.75,-1.25629,0.28470835,1.4523723
-0.125,0.14666256,0.14666256,-0.2203125,0.07094109,0.07094109,-0.5,-1.00629,0.36557275,1.6648451
-0.125,0.14666256,0.14666256,-0.2203125,0.07094109,0.07094109,-0.25,-0.75629,0.4694047,2.0727365
-0.125,0.14666256,0.14666256,-0.2203125,0.07094109,0.07094109,0.0,-0.50629,0.60272753,2.73954
-0.125,0.14666256,0.14666256,-0.2203125,0.07094109,0.07094109,0.25,-0.25629002,0.7739175,3.5613236
-0.125,0.14666256,0.14666256,-0.2203125,0.07094109,0.07094109,0.5,-0.0062900186,0.9937297,4.5125904
-0.125,0.14666256,0.14666256,-0.2203125,0.07094109,0.07094109,0.75,0.24370998,1.2759743,5.5935693
-0.125,0.14666256,0.14666256,-0.2203125,0.07094109,0.07094109,1.0,0.49370998,1.6383834,6.809261
-0.125,0.14666256,0.14666256,-0.205625,0.0856286,0.0856286,-1.0,-1.50629,0.22173108,1.4795102
-0.125,0.14666256,0.14666256,-0.205625,0.0856286,0.0856286,-0.75,-1.25629,0.28470835,1.4442263
-0.125,0.14666256,0.14666256,-0.205625,0.0856286,0.0856286,-0.5,-1.00629,0.36557275,1.6444085
-0.125,0.14666256,0.14666256,-0.205625,0.0856286,0.0856286,-0.25,-0.75629,0.4694047,2.0420272
-0.125,0.14666256,0.14666256,-0.205625,0.0856286,0.0856286,0.0,-0.50629,0.60272753,2.7033727
-0.125,0.14666256,0.14666256,-0.205625,0.0856286,0.0856286,0.25,-0.25629002,0.7739175,3.5203524
-0.125,0.14666256,0.14666256,-0.205625,0.0856286,0.0856286,0.5,-0.0062900186,0.9937297,4.4665103
-0.125,0.14666256,0.14666256,-0.205625,0.0856286,0.0856286,0.75,0.24370998,1.2759743,5.541662
-0.125,0.14666256,0.14666256,-0.205625,0.0856286,0.0856286,1.0,0.49370998,1.6383834,6.751326
-0.125,0.14666256,0.14666256,-0.19093749,0.10031611,0.10031611,-1.0,-1.50629,0.22173108,1.4844384
-0.125,0.14666256,0.14666256,-0.19093749,0.10031611,0.10031611,-0.75,-1.25629,0.28470835,1.4359263
-0.125,0.14666256,0.14666256,-0.19093749,0.10031611,0.10031611,-0.5,-1.00629,0.36557275,1.625258
-0.125,0.14666256,0.14666256,-0.19093749,0.10031611,0.10031611,-0.25,-0.75629,0.4694047,2.0172818
-0.125,0.14666256,0.14666256,-0.19093749,0.10031611,0.10031611,0.0,-0.50629,0.60272753,2.6760144
-0.125,0.14666256,0.14666256,-0.19093749,0.10031611,0.10031611,0.25,-0.25629002,0.7739175,3.489753
-0.125,0.14666256,0.14666256,-0.19093749,0.10031611,0.10031611,0.5,-0.0062900186,0.9937297,4.4339476
-0.125,0.14666256,0.14666256,-0.19093749,0.10031611,0.10031611,0.75,0.24370998,1.2759743,5.509316
-0.125,0.14666256,0.14666256,-0.19093749,0.10031611,0.10031611,1.0,0.49370998,1.6383834,6.7197676
-0.125,0.14666256,0.14666256,-0.17625001,0.115003586,0.115003586,-1.0,-1.50629,0.22173108,1.4959146
-0.125,0.14666256,0.14666256,-0.17625001,0.115003586,0.115003586,-0.75,-1.25629,0.28470835,1.4314523
-0.125,0.14666256,0.14666256,-0.17625001,0.115003586,0.115003586,-0.5,-1.00629,0.36557275,1.6035578
-0.125,0.14666256,0.14666256,-0.17625001,0.115003586,0.115003586,-0.25,-0.75629,0.4694047,1.98397
-0.125,0.14666256,0.14666256,-0.17625001,0.115003586,0.115003586,0.0,-0.50629,0.60272753,2.6330857
-0.125,0.14666256,0.14666256,-0.17625001,0.115003586,0.115003586,0.25,-0.25629002,0.7739175,3.4403787
-0.125,0.14666256,0.14666256,-0.17625001,0.115003586,0.115003586,0.5,-0.0062900186,0.9937297,4.37971
-0.125,0.14666256,0.14666256,-0.17625001,0.115003586,0.115003586,0.75,0.24370998,1.2759743,5.4496226
-0.125,0.14666256,0.14666256,-0.17625001,0.115003586,0.115003586,1.0,0.49370998,1.6383834,6.6528964
-0.125,0.14666256,0.14666256,-0.1615625,0.1296911,0.1296911,-1.0,-1.50629,0.22173108,1.5045038
-0.125,0.14666256,0.14666256,-0.1615625,0.1296911,0.1296911,-0.75,-1.25629,0.28470835,1.4203498
-0.125,0.14666256,0.14666256,-0.1615625,0.1296911,0.1296911,-0.5,-1.00629,0.36557275,1.5740265
-0.125,0.14666256,0.14666256,-0.1615625,0.1296911,0.1296911,-0.25,-0.75629,0.4694047,1.939939
-0.125,0.14666256,0.14666256,-0.1615625,0.1296911,0.1296911,0.0,-0.50629,0.60272753,2.5747387
-0.125,0.14666256,0.14666256,-0.1615625,0.1296911,0.1296911,0.25,-0.25629002,0.7739175,3.3684335
-0.125,0.14666256,0.14666256,-0.1615625,0.1296911,0.1296911,0.5,-0.0062900186,0.9937297,4.2963934
-0.125,0.14666256,0.14666256,-0.1615625,0.1296911,0.1296911,0.75,0.24370998,1.2759743,5.3565855
-0.125,0.14666256,0.14666256,-0.1615625,0.1296911,0.1296911,1.0,0.49370998,1.6383834,6.5503945
-0.125,0.14666256,0.14666256,-0.146875,0.1443786,0.1443786,-1.0,-1.50629,0.22173108,1.5199134
-0.125,0.14666256,0.14666256,-0.146875,0.1443786,0.1443786,-0.75,-1.25629,0.28470835,1.4180866
-0.125,0.14666256,0.14666256,-0.146875,0.1443786,0.1443786,-0.5,-1.00629,0.36557275,1.5539289
-0.125,0.14666256,0.14666256,-0.146875,0.1443786,0.1443786,-0.25,-0.75629,0.4694047,1.9068081
-0.125,0.14666256,0.14666256,-0.146875,0.1443786,0.1443786,0.0,-0.50629,0.60272753,2.5301545
-0.125,0.14666256,0.14666256,-0.146875,0.1443786,0.1443786,0.25,-0.25629002,0.7739175,3.3145354
-0.125,0.14666256,0.14666256,-0.146875,0.1443786,0.1443786,0.5,-0.0062900186,0.9937297,4.235879
-0.125,0.14666256,0.14666256,-0.146875,0.1443786,0.1443786,0.75,0.24370998,1.2759743,5.288099
-0.125,0.14666256,0.14666256,-0.146875,0.1443786,0.1443786,1.0,0.49370998,1.6383834,6.473323
-0.125,0.14666256,0.14666256,-0.13218749,0.15906611,0.15906611,-1.0,-1.50629,0.22173108,1.5274531
-0.125,0.14666256,0.14666256,-0.13218749,0.15906611,0.15906611,-0.75,-1.25629,0.28470835,1.4079031
-0.125,0.14666256,0.14666256,-0.13218749,0.15906611,0.15906611,-0.5,-1.00629,0.36557275,1.527696
-0.125,0.14666256,0.14666256,-0.13218749,0.15906611,0.15906611,-0.25,-0.75629,0.4694047,1.8676623
-0.125,0.14666256,0.14666256,-0.13218749,0.15906611,0.15906611,0.0,-0.50629,0.60272753,2.4834466
-0.125,0.14666256,0.14666256,-0.13218749,0.15906611,0.15906611,0.25,-0.25629002,0.7739175,3.261856
-0.125,0.14666256,0.14666256,-0.13218749,0.15906611,0.15906611,0.5,-0.0062900186,0.9937297,4.175557
-0.125,0.14666256,0.14666256,-0.13218749,0.15906611,0.15906611,0.75,0.24370998,1.2759743,5.2200565
-0.125,0.14666256,0.14666256,-0.13218749,0.15906611,0.15906611,1.0,0.49370998,1.6383834,6.3988595
-0.125,0.14666256,0.14666256,-0.11750001,0.17375359,0.17375359,-1.0,-1.50629,0.22173108,1.547233
-0.125,0.14666256,0.14666256,-0.11750001,0.17375359,0.17375359,-0.75,-1.25629,0.28470835,1.4075292
-0.125,0.14666256,0.14666256,-0.11750001,0.17375359,0.17375359,-0.5,-1.00629,0.36557275,1.5054133
-0.125,0.14666256,0.14666256,-0.11750001,0.17375359,0.17375359,-0.25,-0.75629,0.4694047,1.8259224
-0.125,0.14666256,0.14666256,-0.11750001,0.17375359,0.17375359,0.0,-0.50629,0.60272753,2.4260137
-0.125,0.14666256,0.14666256,-0.11750001,0.17375359,0.17375359,0.25,-0.25629002,0.7739175,3.1938872
-0.125,0.14666256,0.14666256,-0.11750001,0.17375359,0.17375359,0.5,-0.0062900186,0.9937297,4.0954623
-0.125,0.14666256,0.14666256,-0.11750001,0.17375359,0.17375359,0.75,0.24370998,1.2759743,5.126659
-0.125,0.14666256,0.14666256,-0.11750001,0.17375359,0.17375359,1.0,0.49370998,1.6383834,6.293029
-0.125,0.14666256,0.14666256,-0.1028125,0.1884411,0.1884411,-1.0,-1.50629,0.22173108,1.5592569
-0.125,0.14666256,0.14666256,-0.1028125,0.1884411,0.1884411,-0.75,-1.25629,0.28470835,1.4048458
-0.125,0.14666256,0.14666256,-0.1028125,0.1884411,0.1884411,-0.5,-1.00629,0.36557275,1.4843972
-0.125,0.14666256,0.14666256,-0.1028125,0.1884411,0.1884411,-0.25,-0.75629,0.4694047,1.7881504
-0.125,0.14666256,0.14666256,-0.1028125,0.1884411,0.1884411,0.0,-0.50629,0.60272753,2.3786654
-0.125,0.14666256,0.14666256,-0.1028125,0.1884411,0.1884411,0.25,-0.25629002,0.7739175,3.1403818
-0.125,0.14666256,0.14666256,-0.1028125,0.1884411,0.1884411,0.5,-0.0062900186,0.9937297,4.036723
-0.125,0.14666256,0.14666256,-0.1028125,0.1884411,0.1884411,0.75,0.24370998,1.2759743,5.063988
-0.125,0.14666256,0.14666256,-0.1028125,0.1884411,0.1884411,1.0,0.49370998,1.6383834,6.2246976
-0.125,0.14666256,0.14666256,-0.08812499,0.2031286,0.2031286,-1.0,-1.50629,0.22173108,1.5701814
-0.125,0.14666256,0.14666256,-0.08812499,0.2031286,0.2031286,-0.75,-1.25629,0.28470835,1.4006509
-0.125,0.14666256,0.14666256,-0.08812499,0.2031286,0.2031286,-0.5,-1.00629,0.36557275,1.4551058
-0.125,0.14666256,0.14666256,-0.08812499,0.2031286,0.2031286,-0.25,-0.75629,0.4694047,1.7397809
-0.125,0.14666256,0.14666256,-0.08812499,0.2031286,0.2031286,0.0,-0.50629,0.60272753,2.3181472
-0.125,0.14666256,0.14666256,-0.08812499,0.2031286,0.2031286,0.25,-0.25629002,0.7739175,3.073418
-0.125,0.14666256,0.14666256,-0.08812499,0.2031286,0.2031286,0.5,-0.0062900186,0.9937297,3.9638908
-0.125,0.14666256,0.14666256,-0.08812499,0.2031286,0.2031286,0.75,0.24370998,1.2759743,4.9833775
-0.125,0.14666256,0.14666256,-0.08812499,0.2031286,0.2031286,1.0,0.49370998,1.6383834,6.1370244
-0.125,0.14666256,0.14666256,-0.07343751,0.21781608,0.21781608,-1.0,-1.50629,0.22173108,1.5912726
-0.125,0.14666256,0.14666256,-0.07343751,0.21781608,0.21781608,-0.75,-1.25629,0.28470835,1.396118
-0.125,0.14666256,0.14666256,-0.07343751,0.21781608,0.21781608,-0.5,-1.00629,0.36557275,1.4176751
-0.125,0.14666256,0.14666256,-0.07343751,0.21781608,0.21781608,-0.25,-0.75629,0.4694047,1.6784732
-0.125,0.14666256,0.14666256,-0.07343751,0.21781608,0.21781608,0.0,-0.50629,0.60272753,2.2353995
-0.125,0.14666256,0.14666256,-0.07343751,0.21781608,0.21781608,0.25,-0.25629002,0.7739175,2.9737017
-0.125,0.14666256,0.14666256,-0.07343751,0.21781608,0.21781608,0.5,-0.0062900186,0.9937297,3.8474844
-0.125,0.14666256,0.14666256,-0.07343751,0.21781608,0.21781608,0.75,0.24370998,1.2759743,4.852258
-0.125,0.14666256,0.14666256,-0.07343751,0.21781608,0.21781608,1.0,0.49370998,1.6383834,5.9906983
-0.125,0.14666256,0.14666256,-0.058750004,0.2325036,0.2325036,-1.0,-1.50629,0.22173108,1.6280864
-0.125,0.14666256,0.14666256,-0.058750004,0.2325036,0.2325036,-0.75,-1.25629,0.28470835,1.4035739
-0.125,0.14666256,0.14666256,-0.058750004,0.2325036,0.2325036,-0.5,-1.00629,0.36557275,1.3955876
-0.125,0.14666256,0.14666256,-0.058750004,0.2325036,0.2325036,-0.25,-0.75629,0.4694047,1.6320733
-0.125,0.14666256,0.14666256,-0.058750004,0.2325036,0.2325036,0.0,-0.50629,0.60272753,2.1713078
-0.125,0.14666256,0.14666256,-0.058750004,0.2325036,0.2325036,0.25,-0.25629002,0.7739175,2.8982525
-0.125,0.14666256,0.14666256,-0.058750004,0.2325036,0.2325036,0.5,-0.0062900186,0.9937297,3.7619421
-0.125,0.14666256,0.14666256,-0.058750004,0.2325036,0.2325036,0.75,0.24370998,1.2759743,4.7578206
-0.125,0.14666256,0.14666256,-0.058750004,0.2325036,0.2325036,1.0,0.49370998,1.6383834,5.8866343
-0.125,0.14666256,0.14666256,-0.044062495,0.2471911,0.2471911,-1.0,-1.50629,0.22173108,1.6689895
-0.125,0.14666256,0.14666256,-0.044062495,0.2471911,0.2471911,-0.75,-1.25629,0.28470835,1.4191836
-0.125,0.14666256,0.14666256,-0.044062495,0.2471911,0.2471911,-0.5,-1.00629,0.36557275,1.3722657
-0.125,0.14666256,0.14666256,-0.044062495,0.2471911,0.2471911,-0.25,-0.75629,0.4694047,1.5729889
-0.125,0.14666256,0.14666256,-0.044062495,0.2471911,0.2471911,0.0,-0.50629,0.60272753,2.085681
-0.125,0.14666256,0.14666256,-0.044062495,0.2471911,0.2471911,0.25,-0.25629002,0.7739175,2.7918754
-0.125,0.14666256,0.14666256,-0.044062495,0.2471911,0.2471911,0.5,-0.0062900186,0.9937297,3.636125
-0.125,0.14666256,0.14666256,-0.044062495,0.2471911,0.2471911,0.75,0.24370998,1.2759743,4.613301
-0.125,0.14666256,0.14666256,-0.044062495,0.2471911,0.2471911,1.0,0.49370998,1.6383834,5.723361
-0.125,0.14666256,0.14666256,-0.029374987,0.2618786,0.2618786,-1.0,-1.50629,0.22173108,1.7023407
-0.125,0.14666256,0.14666256,-0.029374987,0.2618786,0.2618786,-0.75,-1.25629,0.28470835,1.4312763
-0.125,0.14666256,0.14666256,-0.029374987,0.2618786,0.2618786,-0.5,-1.00629,0.36557275,1.3469645
-0.125,0.14666256,0.14666256,-0.029374987,0.2618786,0.2618786,-0.25,-0.75629,0.4694047,1.5173454
-0.125,0.14666256,0.14666256,-0.029374987,0.2618786,0.2618786,0.0,-0.50629,0.60272753,2.0085478
-0.125,0.14666256,0.14666256,-0.029374987,0.2618786,0.2618786,0.25,-0.25629002,0.7739175,2.7022228
-0.125,0.14666256,0.14666256,-0.029374987,0.2618786,0.2618786,0.5,-0.0062900186,0.9937297,3.5375628
-0.125,0.14666256,0.14666256,-0.029374987,0.2618786,0.2618786,0.75,0.24370998,1.2759743,4.50324
-0.125,0.14666256,0.14666256,-0.029374987,0.2618786,0.2618786,1.0,0.49370998,1.6383834,5.6034384
-0.125,0.14666256,0.14666256,-0.014687508,0.2765661,0.2765661,-1.0,-1.50629,0.22173108,1.740381
-0.125,0.14666256,0.14666256,-0.014687508,0.2765661,0.2765661,-0.75,-1.25629,0.28470835,1.4507478
-0.125,0.14666256,0.14666256,-0.014687508,0.2765661,0.2765661,-0.5,-1.00629,0.36557275,1.3345491
-0.125,0.14666256,0.14666256,-0.014687508,0.2765661,0.2765661,-0.25,-0.75629,0.4694047,1.4648981
-0.125,0.14666256,0.14666256,-0.014687508,0.2765661,0.2765661,0.0,-0.50629,0.60272753,1.9261564
-0.125,0.14666256,0.14666256,-0.014687508,0.2765661,0.2765661,0.25,-0.25629002,0.7739175,2.6012273
-0.125,0.14666256,0.14666256,-0.014687508,0.2765661,0.2765661,0.5,-0.0062900186,0.9937297,3.4197607
-0.125,0.14666256,0.14666256,-0.014687508,0.2765661,0.2765661,0.75,0.24370998,1.2759743,4.3711686
-0.125,0.14666256,0.14666256,-0.014687508,0.2765661,0.2765661,1.0,0.49370998,1.6383834,5.4568934
-0.125,0.14666256,0.14666256,0.0,0.2912536,0.2912536,-1.0,-1.50629,0.22173108,1.7710881
-0.125,0.14666256,0.14666256,0.0,0.2912536,0.2912536,-0.75,-1.25629,0.28470835,1.4661844
-0.125,0.14666256,0.14666256,0.0,0.2912536,0.2912536,-0.5,-1.00629,0.36557275,1.3274059
-0.125,0.14666256,0.14666256,0.0,0.2912536,0.2912536,-0.25,-0.75629,0.4694047,1.4255224
-0.125,0.14666256,0.14666256,0.0,0.2912536,0.2912536,0.0,-0.50629,0.60272753,1.8626487
-0.125,0.14666256,0.14666256,0.0,0.2912536,0.2912536,0.25,-0.25629002,0.7739175,2.5254736
-0.125,0.14666256,0.14666256,0.0,0.2912536,0.2912536,0.5,-0.0062900186,0.9937297,3.3343277
-0.125,0.14666256,0.14666256,0.0,0.2912536,0.2912536,0.75,0.24370998,1.2759743,4.2796655
-0.125,0.14666256,0.14666256,0.0,0.2912536,0.2912536,1.0,0.49370998,1.6383834,5.3604445
-0.125,0.14666256,0.14666256,0.014687508,0.3059411,0.3059411,-1.0,-1.50629,0.22173108,1.8139018
-0.125,0.14666256,0.14666256,0.014687508,0.3059411,0.3059411,-0.75,-1.25629,0.28470835,1.4923207
-0.125,0.14666256,0.14666256,0.014687508,0.3059411,0.3059411,-0.5,-1.00629,0.36557275,1.3210095
-0.125,0.14666256,0.14666256,0.014687508,0.3059411,0.3059411,-0.25,-0.75629,0.4694047,1.3756692
-0.125,0.14666256,0.14666256,0.014687508,0.3059411,0.3059411,0.0,-0.50629,0.60272753,1.7721164
-0.125,0.14666256,0.14666256,0.014687508,0.3059411,0.3059411,0.25,-0.25629002,0.7739175,2.413251
-0.125,0.14666256,0.14666256,0.014687508,0.3059411,0.3059411,0.5,-0.0062900186,0.9937297,3.2065856
-0.125,0.14666256,0.14666256,0.014687508,0.3059411,0.3059411,0.75,0.24370998,1.2759743,4.136399
-0.125,0.14666256,0.14666256,0.014687508,0.3059411,0.3059411,1.0,0.49370998,1.6383834,5.2012715
-0.125,0.14666256,0.14666256,0.029374987,0.32062858,0.32062858,-1.0,-1.50629,0.22173108,1.8644278
-0.125,0.14666256,0.14666256,0.029374987,0.32062858,0.32062858,-0.75,-1.25629,0.28470835,1.5292139
-0.125,0.14666256,0.14666256,0.029374987,0.32062858,0.32062858,-0.5,-1.00629,0.36557275,1.3186814
-0.125,0.14666256,0.14666256,0.029374987,0.32062858,0.32062858,-0.25,-0.75629,0.4694047,1.3256146
-0.125,0.14666256,0.14666256,0.029374987,0.32062858,0.32062858,0.0,-0.50629,0.60272753,1.6730099
-0.125,0.14666256,0.14666256,0.029374987,0.32062858,0.32062858,0.25,-0.25629002,0.7739175,2.287287
-0.125,0.14666256,0.14666256,0.029374987,0.32062858,0.32062858,0.5,-0.0062900186,0.9937297,3.0585206
-0.125,0.14666256,0.14666256,0.029374987,0.32062858,0.32062858,0.75,0.24370998,1.2759743,3.9698014
-0.125,0.14666256,0.14666256,0.029374987,0.32062858,0.32062858,1.0,0.49370998,1.6383834,5.0171123
-0.125,0.14666256,0.14666256,0.044062525,0.33531612,0.33531612,-1.0,-1.50629,0.22173108,1.9106041
-0.125,0.14666256,0.14666256,0.044062525,0.33531612,0.33531612,-0.75,-1.25629,0.28470835,1.5647568
-0.125,0.14666256,0.14666256,0.044062525,0.33531612,0.33531612,-0.5,-1.00629,0.36557275,1.3255254
-0.125,0.14666256,0.14666256,0.044062525,0.33531612,0.33531612,-0.25,-0.75629,0.4694047,1.2902544
-0.125,0.14666256,0.14666256,0.044062525,0.33531612,0.33531612,0.0,-0.50629,0.60272753,1.5884408
-0.125,0.14666256,0.14666256,0.044062525,0.33531612,0.33531612,0.25,-0.25629002,0.7739175,2.1806097
-0.125,0.14666256,0.14666256,0.044062525,0.33531612,0.33531612,0.5,-0.0062900186,0.9937297,2.9392319
-0.125,0.14666256,0.14666256,0.044062525,0.33531612,0.33531612,0.75,0.24370998,1.2759743,3.8415923
-0.125,0.14666256,0.14666256,0.044062525,0.33531612,0.33531612,1.0,0.49370998,1.6383834,4.880616
-0.125,0.14666256,0.14666256,0.058750004,0.3500036,0.3500036,-1.0,-1.50629,0.22173108,1.9660342
-0.125,0.14666256,0.14666256,0.058750004,0.3500036,0.3500036,-0.75,-1.25629,0.28470835,1.6091167
-0.125,0.14666256,0.14666256,0.058750004,0.3500036,0.3500036,-0.5,-1.00629,0.36557275,1.3425492
-0.125,0.14666256,0.14666256,0.058750004,0.3500036,0.3500036,-0.25,-0.75629,0.4694047,1.264612
-0.125,0.14666256,0.14666256,0.058750004,0.3500036,0.3500036,0.0,-0.50629,0.60272753,1.5066754
-0.125,0.14666256,0.14666256,0.058750004,0.3500036,0.3500036,0.25,-0.25629002,0.7739175,2.0593848
-0.125,0.14666256,0.14666256,0.058750004,0.3500036,0.3500036,0.5,-0.0062900186,0.9937297,2.7918375
-0.125,0.14666256,0.14666256,0.058750004,0.3500036,0.3500036,0.75,0.24370998,1.2759743,3.672419
-0.125,0.14666256,0.14666256,0.058750004,0.3500036,0.3500036,1.0,0.49370998,1.6383834,4.6941047
-0.125,0.14666256,0.14666256,0.07343748,0.36469108,0.36469108,-1.0,-1.50629,0.22173108,2.0239959
-0.125,0.14666256,0.14666256,0.07343748,0.36469108,0.36469108,-0.75,-1.25629,0.28470835,1.6582643
-0.125,0.14666256,0.14666256,0.07343748,0.36469108,0.36469108,-0.5,-1.00629,0.36557275,1.3685334
-0.125,0.14666256,0.14666256,0.07343748,0.36469108,0.36469108,-0.25,-0.75629,0.4694047,1.2499425
-0.125,0.14666256,0.14666256,0.07343748,0.36469108,0.36469108,0.0,-0.50629,0.60272753,1.4410278
-0.125,0.14666256,0.14666256,0.07343748,0.36469108,0.36469108,0.25,-0.25629002,0.7739175,1.9554656
-0.125,0.14666256,0.14666256,0.07343748,0.36469108,0.36469108,0.5,-0.0062900186,0.9937297,2.6640248
-0.125,0.14666256,0.14666256,0.07343748,0.36469108,0.36469108,0.75,0.24370998,1.2759743,3.525846
-0.125,0.14666256,0.14666256,0.07343748,0.36469108,0.36469108,1.0,0.49370998,1.6383834,4.530259
-0.125,0.14666256,0.14666256,0.08812502,0.37937862,0.37937862,-1.0,-1.50629,0.22173108,2.0815134
-0.125,0.14666256,0.14666256,0.08812502,0.37937862,0.37937862,-0.75,-1.25629,0.28470835,1.709339
-0.125,0.14666256,0.14666256,0.08812502,0.37937862,0.37937862,-0.5,-1.00629,0.36557275,1.4043101
-0.125,0.14666256,0.14666256,0.08812502,0.37937862,0.37937862,-0.25,-0.75629,0.4694047,1.2536044
-0.125,0.14666256,0.14666256,0.08812502,0.37937862,0.37937862,0.0,-0.50629,0.60272753,1.3991609
-0.125,0.14666256,0.14666256,0.08812502,0.37937862,0.37937862,0.25,-0.25629002,0.7739175,1.8744624
-0.125,0.14666256,0.14666256,0.08812502,0.37937862,0.37937862,0.5,-0.0062900186,0.9937297,2.5540705
-0.125,0.14666256,0.14666256,0.08812502,0.37937862,0.37937862,0.75,0.24370998,1.2759743,3.3984993
-0.125,0.14666256,0.14666256,0.08812502,0.37937862,0.37937862,1.0,0.49370998,1.6383834,4.3848867
-0.125,0.14666256,0.14666256,0.1028125,0.3940661,0.3940661,-1.0,-1.50629,0.22173108,2.1292167
-0.125,0.14666256,0.14666256,0.1028125,0.3940661,0.3940661,-0.75,-1.25629,0.28470835,1.7535708
-0.125,0.14666256,0.14666256,0.1028125,0.3940661,0.3940661,-0.5,-1.00629,0.36557275,1.4391836
-0.125,0.14666256,0.14666256,0.1028125,0.3940661,0.3940661,-0.25,-0.75629,0.4694047,1.2700297
-0.125,0.14666256,0.14666256,0.1028125,0.3940661,0.3940661,0.0,-0.50629,0.60272753,1.3841114
-0.125,0.14666256,0.14666256,0.1028125,0.3940661,0.3940661,0.25,-0.25629002,0.7739175,1.8303682
-0.125,0.14666256,0.14666256,0.1028125,0.3940661,0.3940661,0.5,-0.0062900186,0.9937297,2.4856884
-0.125,0.14666256,0.14666256,0.1028125,0.3940661,0.3940661,0.75,0.24370998,1.2759743,3.3078895
-0.125,0.14666256,0.14666256,0.1028125,0.3940661,0.3940661,1.0,0.49370998,1.6383834,4.275808
-0.125,0.14666256,0.14666256,0.11749998,0.40875357,0.40875357,-1.0,-1.50629,0.22173108,2.1613274
-0.125,0.14666256,0.14666256,0.11749998,0.40875357,0.40875357,-0.75,-1.25629,0.28470835,1.7830446
-0.125,0.14666256,0.14666256,0.11749998,0.40875357,0.40875357,-0.5,-1.00629,0.36557275,1.4604025
-0.125,0.14666256,0.14666256,0.11749998,0.40875357,0.40875357,-0.25,-0.75629,0.4694047,1.2767664
-0.125,0.14666256,0.14666256,0.11749998,0.40875357,0.40875357,0.0,-0.50629,0.60272753,1.3684253
-0.125,0.14666256,0.14666256,0.11749998,0.40875357,0.40875357,0.25,-0.25629002,0.7739175,1.7989328
-0.125,0.14666256,0.14666256,0.11749998,0.40875357,0.40875357,0.5,-0.0062900186,0.9937297,2.4388664
-0.125,0.14666256,0.14666256,0.11749998,0.40875357,0.40875357,0.75,0.24370998,1.2759743,3.2437012
-0.125,0.14666256,0.14666256,0.11749998,0.40875357,0.40875357,1.0,0.49370998,1.6383834,4.191911
-0.125,0.14666256,0.14666256,0.13218752,0.4234411,0.4234411,-1.0,-1.50629,0.22173108,2.1905022
-0.125,0.14666256,0.14666256,0.13218752,0.4234411,0.4234411,-0.75,-1.25629,0.28470835,1.808963
-0.125,0.14666256,0.14666256,0.13218752,0.4234411,0.4234411,-0.5,-1.00629,0.36557275,1.4771746
-0.125,0.14666256,0.14666256,0.13218752,0.4234411,0.4234411,-0.25,-0.75629,0.4694047,1.277496
-0.125,0.14666256,0.14666256,0.13218752,0.4234411,0.4234411,0.0,-0.50629,0.60272753,1.3480874
-0.125,0.14666256,0.14666256,0.13218752,0.4234411,0.4234411,0.25,-0.25629002,0.7739175,1.7670476
-0.125,0.14666256,0.14666256,0.13218752,0.4234411,0.4234411,0.5,-0.0062900186,0.9937297,2.399779
-0.125,0.14666256,0.14666256,0.13218752,0.4234411,0.4234411,0.75,0.24370998,1.2759743,3.1980624
-0.125,0.14666256,0.14666256,0.13218752,0.4234411,0.4234411,1.0,0.49370998,1.6383834,4.1402326
-0.125,0.14666256,0.14666256,0.146875,0.4381286,0.4381286,-1.0,-1.50629,0.22173108,2.223676
-0.125,0.14666256,0.14666256,0.146875,0.4381286,0.4381286,-0.75,-1.25629,0.28470835,1.8405472
-0.125,0.14666256,0.14666256,0.146875,0.4381286,0.4381286,-0.5,-1.00629,0.36557275,1.5003695
-0.125,0.14666256,0.14666256,0.146875,0.4381286,0.4381286,-0.25,-0.75629,0.4694047,1.2865174
-0.125,0.14666256,0.14666256,0.146875,0.4381286,0.4381286,0.0,-0.50629,0.60272753,1.3353473
-0.125,0.14666256,0.14666256,0.146875,0.4381286,0.4381286,0.25,-0.25629002,0.7739175,1.7430404
-0.125,0.14666256,0.14666256,0.146875,0.4381286,0.4381286,0.5,-0.0062900186,0.9937297,2.3657925
-0.125,0.14666256,0.14666256,0.146875,0.4381286,0.4381286,0.75,0.24370998,1.2759743,3.1536663
-0.125,0.14666256,0.14666256,0.146875,0.4381286,0.4381286,1.0,0.49370998,1.6383834,4.0850463
-0.125,0.14666256,0.14666256,0.16156247,0.45281607,0.45281607,-1.0,-1.50629,0.22173108,2.2473667
-0.125,0.14666256,0.14666256,0.16156247,0.45281607,0.45281607,-0.75,-1.25629,0.28470835,1.8597783
-0.125,0.14666256,0.14666256,0.16156247,0.45281607,0.45281607,-0.5,-1.00629,0.36557275,1.5103209
-0.125,0.14666256,0.14666256,0.16156247,0.45281607,0.45281607,-0.25,-0.75629,0.4694047,1.2844406
-0.125,0.14666256,0.14666256,0.16156247,0.45281607,0.45281607,0.0,-0.50629,0.60272753,1.3174844
-0.125,0.14666256,0.14666256,0.16156247,0.45281607,0.45281607,0.25,-0.25629002,0.7739175,1.7178979
-0.125,0.14666256,0.14666256,0.16156247,0.45281607,0.45281607,0.5,-0.0062900186,0.9937297,2.3356013
-0.125,0.14666256,0.14666256,0.16156247,0.45281607,0.45281607,0.75,0.24370998,1.2759743,3.115091
-0.125,0.14666256,0.14666256,0.16156247,0.45281607,0.45281607,1.0,0.49370998,1.6383834,4.036249
-0.125,0.14666256,0.14666256,0.17625001,0.4675036,0.4675036,-1.0,-1.50629,0.22173108,2.271014
-0.125,0.14666256,0.14666256,0.17625001,0.4675036,0.4675036,-0.75,-1.25629,0.28470835,1.8809497
-0.125,0.14666256,0.14666256,0.17625001,0.4675036,0.4675036,-0.5,-1.00629,0.36557275,1.5277718
-0.125,0.14666256,0.14666256,0.17625001,0.4675036,0.4675036,-0.25,-0.75629,0.4694047,1.2887603
-0.125,0.14666256,0.14666256,0.17625001,0.4675036,0.4675036,0.0,-0.50629,0.60272753,1.3053807
-0.125,0.14666256,0.14666256,0.17625001,0.4675036,0.4675036,0.25,-0.25629002,0.7739175,1.6921026
-0.125,0.14666256,0.14666256,0.17625001,0.4675036,0.4675036,0.5,-0.0062900186,0.9937297,2.2996037
-0.125,0.14666256,0.14666256,0.17625001,0.4675036,0.4675036,0.75,0.24370998,1.2759743,3.0687928
-0.125,0.14666256,0.14666256,0.17625001,0.4675036,0.4675036,1.0,0.49370998,1.6383834,3.9822726
-0.125,0.14666256,0.14666256,0.19093749,0.4821911,0.4821911,-1.0,-1.50629,0.22173108,2.2856033
-0.125,0.14666256,0.14666256,0.19093749,0.4821911,0.4821911,-0.75,-1.25629,0.28470835,1.8956764
-0.125,0.14666256,0.14666256,0.19093749,0.4821911,0.4821911,-0.5,-1.00629,0.36557275,1.5378952
-0.125,0.14666256,0.14666256,0.19093749,0.4821911,0.4821911,-0.25,-0.75629,0.4694047,1.2898444
-0.125,0.14666256,0.14666256,0.19093749,0.4821911,0.4821911,0.0,-0.50629,0.60272753,1.2992766
-0.125,0.14666256,0.14666256,0.19093749,0.4821911,0.4821911,0.25,-0.25629002,0.7739175,1.6839628
-0.125,0.14666256,0.14666256,0.19093749,0.4821911,0.4821911,0.5,-0.0062900186,0.9937297,2.2849464
-0.125,0.14666256,0.14666256,0.19093749,0.4821911,0.4821911,0.75,0.24370998,1.2759743,3.0490136
-0.125,0.14666256,0.14666256,0.19093749,0.4821911,0.4821911,1.0,0.49370998,1.6383834,3.9568408
-0.125,0.14666256,0.14666256,0.20562503,0.49687862,0.49687862,-1.0,-1.50629,0.22173108,2.2822733
-0.125,0.14666256,0.14666256,0.20562503,0.49687862,0.49687862,-0.75,-1.25629,0.28470835,1.8903134
-0.125,0.14666256,0.14666256,0.20562503,0.49687862,0.49687862,-0.5,-1.00629,0.36557275,1.5271394
-0.125,0.14666256,0.14666256,0.20562503,0.49687862,0.49687862,-0.25,-0.75629,0.4694047,1.2657075
-0.125,0.14666256,0.14666256,0.20562503,0.49687862,0.49687862,0.0,-0.50629,0.60272753,1.2710404
-0.125,0.14666256,0.14666256,0.20562503,0.49687862,0.49687862,0.25,-0.25629002,0.7739175,1.656215
-0.125,0.14666256,0.14666256,0.20562503,0.49687862,0.49687862,0.5,-0.0062900186,0.9937297,2.2575626
-0.125,0.14666256,0.14666256,0.20562503,0.49687862,0.49687862,0.75,0.24370998,1.2759743,3.0240924
-0.125,0.14666256,0.14666256,0.20562503,0.49687862,0.49687862,1.0,0.49370998,1.6383834,3.9333525
-0.125,0.14666256,0.14666256,0.2203125,0.5115661,0.5115661,-1.0,-1.50629,0.22173108,2.2412999
-0.125,0.14666256,0.14666256,0.2203125,0.5115661,0.5115661,-0.75,-1.25629,0.28470835,1.8377609
-0.125,0.14666256,0.14666256,0.2203125,0.5115661,0.5115661,-0.5,-1.00629,0.36557275,1.4626687
-0.125,0.14666256,0.14666256,0.2203125,0.5115661,0.5115661,-0.25,-0.75629,0.4694047,1.1848701
-0.125,0.14666256,0.14666256,0.2203125,0.5115661,0.5115661,0.0,-0.50629,0.60272753,1.1798501
-0.125,0.14666256,0.14666256,0.2203125,0.5115661,0.5115661,0.25,-0.25629002,0.7739175,1.5707703
-0.125,0.14666256,0.14666256,0.2203125,0.5115661,0.5115661,0.5,-0.0062900186,0.9937297,2.1819923
-0.125,0.14666256,0.14666256,0.2203125,0.5115661,0.5115661,0.75,0.24370998,1.2759743,2.9567432
-0.125,0.14666256,0.14666256,0.2203125,0.5115661,0.5115661,1.0,0.49370998,1.6383834,3.8775325
-0.125,0.14666256,0.14666256,0.23499998,0.5262536,0.5262536,-1.0,-1.50629,0.22173108,2.1773026
-0.125,0.14666256,0.14666256,0.23499998,0.5262536,0.5262536,-0.75,-1.25629,0.28470835,1.7351104
-0.125,0.14666256,0.14666256,0.23499998,0.5262536,0.5262536,-0.5,-1.00629,0.36557275,1.3111752
-0.125,0.14666256,0.14666256,0.23499998,0.5262536,0.5262536,-0.25,-0.75629,0.4694047,0.9770023
-0.125,0.14666256,0.14666256,0.23499998,0.5262536,0.5262536,0.0,-0.50629,0.60272753,0.94875765
-0.125,0.14666256,0.14666256,0.23499998,0.5262536,0.5262536,0.25,-0.25629002,0.7739175,1.3796532
-0.125,0.14666256,0.14666256,0.23499998,0.5262536,0.5262536,0.5,-0.0062900186,0.9937297,2.040746
-0.125,0.14666256,0.14666256,0.23499998,0.5262536,0.5262536,0.75,0.24370998,1.2759743,2.8549187
-0.125,0.14666256,0.14666256,0.23499998,0.5262536,0.5262536,1.0,0.49370998,1.6383834,3.8015127
-0.125,0.14666256,0.14666256,0.24968752,0.5409411,0.5409411,-1.0,-1.50629,0.22173108,2.1609938
-0.125,0.14666256,0.14666256,0.24968752,0.5409411,0.5409411,-0.75,-1.25629,0.28470835,1.7159735
-0.125,0.14666256,0.14666256,0.24968752,0.5409411,0.5409411,-0.5,-1.00629,0.36557275,1.2850323
-0.125,0.14666256,0.14666256,0.24968752,0.5409411,0.5409411,-0.25,-0.75629,0.4694047,0.9377196
-0.125,0.14666256,0.14666256,0.24968752,0.5409411,0.5409411,0.0,-0.50629,0.60272753,0.90967256
-0.125,0.14666256,0.14666256,0.24968752,0.5409411,0.5409411,0.25,-0.25629002,0.7739175,1.3643187
-0.125,0.14666256,0.14666256,0.24968752,0.5409411,0.5409411,0.5,-0.0062900186,0.9937297,2.0382535
-0.125,0.14666256,0.14666256,0.24968752,0.5409411,0.5409411,0.75,0.24370998,1.2759743,2.8614657
-0.125,0.14666256,0.14666256,0.24968752,0.5409411,0.5409411,1.0,0.49370998,1.6383834,3.8158777
-0.125,0.14666256,0.14666256,0.264375,0.5556286,0.5556286,-1.0,-1.50629,0.22173108,2.203229
-0.125,0.14666256,0.14666256,0.264375,0.5556286,0.5556286,-0.75,-1.25629,0.28470835,1.7965263
-0.125,0.14666256,0.14666256,0.264375,0.5556286,0.5556286,-0.5,-1.00629,0.36557275,1.420709
-0.125,0.14666256,0.14666256,0.264375,0.5556286,0.5556286,-0.25,-0.75629,0.4694047,1.1421895
-0.125,0.14666256,0.14666256,0.264375,0.5556286,0.5556286,0.0,-0.50629,0.60272753,1.1521211
-0.125,0.14666256,0.14666256,0.264375,0.5556286,0.5556286,0.25,-0.25629002,0.7739175,1.5840776
-0.125,0.14666256,0.14666256,0.264375,0.5556286,0.5556286,0.5,-0.0062900186,0.9937297,2.2252214
-0.125,0.14666256,0.14666256,0.264375,0.5556286,0.5556286,0.75,0.24370998,1.2759743,3.019211
-0.125,0.14666256,0.14666256,0.264375,0.5556286,0.5556286,1.0,0.49370998,1.6383834,3.9509566
-0.125,0.14666256,0.14666256,0.27906248,0.5703161,0.5703161,-1.0,-1.50629,0.22173108,2.227057
-0.125,0.14666256,0.14666256,0.27906248,0.5703161,0.5703161,-0.75,-1.25629,0.28470835,1.8349937
-0.125,0.14666256,0.14666256,0.27906248,0.5703161,0.5703161,-0.5,-1.00629,0.36557275,1.4742082
-0.125,0.14666256,0.14666256,0.27906248,0.5703161,0.5703161,-0.25,-0.75629,0.4694047,1.2115837
-0.125,0.14666256,0.14666256,0.27906248,0.5703161,0.5703161,0.0,-0.50629,0.60272753,1.231016
-0.125,0.14666256,0.14666256,0.27906248,0.5703161,0.5703161,0.25,-0.25629002,0.7739175,1.6504425
-0.125,0.14666256,0.14666256,0.27906248,0.5703161,0.5703161,0.5,-0.0062900186,0.9937297,2.288008
-0.125,0.14666256,0.14666256,0.27906248,0.5703161,0.5703161,0.75,0.24370998,1.2759743,3.076316
-0.125,0.14666256,0.14666256,0.27906248,0.5703161,0.5703161,1.0,0.49370998,1.6383834,3.9994152
-0.125,0.14666256,0.14666256,0.29375002,0.5850036,0.5850036,-1.0,-1.50629,0.22173108,2.215516
-0.125,0.14666256,0.14666256,0.29375002,0.5850036,0.5850036,-0.75,-1.25629,0.28470835,1.8281807
-0.125,0.14666256,0.14666256,0.29375002,0.5850036,0.5850036,-0.5,-1.00629,0.36557275,1.4771159
-0.125,0.14666256,0.14666256,0.29375002,0.5850036,0.5850036,-0.25,-0.75629,0.4694047,1.2335222
-0.125,0.14666256,0.14666256,0.29375002,0.5850036,0.5850036,0.0,-0.50629,0.60272753,1.2711537
-0.125,0.14666256,0.14666256,0.29375002,0.5850036,0.5850036,0.25,-0.25629002,0.7739175,1.6788011
-0.125,0.14666256,0.14666256,0.29375002,0.5850036,0.5850036,0.5,-0.0062900186,0.9937297,2.3150213
-0.125,0.14666256,0.14666256,0.29375002,0.5850036,0.5850036,0.75,0.24370998,1.2759743,3.1136544
-0.125,0.14666256,0.14666256,0.29375002,0.5850036,0.5850036,1.0,0.49370998,1.6383834,4.0491343
-0.125,0.14666256,0.14666256,0.3084375,0.5996911,0.5996911,-1.0,-1.50629,0.22173108,2.1878715
-0.125,0.14666256,0.14666256,0.3084375,0.5996911,0.5996911,-0.75,-1.25629,0.28470835,1.7997806
-0.125,0.14666256,0.14666256,0.3084375,0.5996911,0.5996911,-0.5,-1.00629,0.36557275,1.4538479
-0.125,0.14666256,0.14666256,0.3084375,0.5996911,0.5996911,-0.25,-0.75629,0.4694047,1.2265114
-0.125,0.14666256,0.14666256,0.3084375,0.5996911,0.5996911,0.0,-0.50629,0.60272753,1.2877852
-0.125,0.14666256,0.14666256,0.3084375,0.5996911,0.5996911,0.25,-0.25629002,0.7739175,1.697838
-0.125,0.14666256,0.14666256,0.3084375,0.5996911,0.5996911,0.5,-0.0062900186,0.9937297,2.3221426
-0.125,0.14666256,0.14666256,0.3084375,0.5996911,0.5996911,0.75,0.24370998,1.2759743,3.1240437
-0.125,0.14666256,0.14666256,0.3084375,0.5996911,0.5996911,1.0,0.49370998,1.6383834,4.075689
-0.125,0.14666256,0.14666256,0.32312497,0.6143786,0.6143786,-1.0,-1.50629,0.22173108,2.170661
-0.125,0.14666256,0.14666256,0.32312497,0.6143786,0.6143786,-0.75,-1.25629,0.28470835,1.7814368
-0.125,0.14666256,0.14666256,0.32312497,0.6143786,0.6143786,-0.5,-1.00629,0.36557275,1.4430017
-0.125,0.14666256,0.14666256,0.32312497,0.6143786,0.6143786,-0.25,-0.75629,0.4694047,1.2350899
-0.125,0.14666256,0.14666256,0.32312497,0.6143786,0.6143786,0.0,-0.50629,0.60272753,1.3315556
-0.125,0.14666256,0.14666256,0.32312497,0.6143786,0.6143786,0.25,-0.25629002,0.7739175,1.7782454
-0.125,0.14666256,0.14666256,0.32312497,0.6143786,0.6143786,0.5,-0.0062900186,0.9937297,2.422926
-0.125,0.14666256,0.14666256,0.32312497,0.6143786,0.6143786,0.75,0.24370998,1.2759743,3.2216196
-0.125,0.14666256,0.14666256,0.32312497,0.6143786,0.6143786,1.0,0.49370998,1.6383834,4.1783905
-0.125,0.14666256,0.14666256,0.3378125,0.6290661,0.6290661,-1.0,-1.50629,0.22173108,2.2293987
-0.125,0.14666256,0.14666256,0.3378125,0.6290661,0.6290661,-0.75,-1.25629,0.28470835,1.8443196
-0.125,0.14666256,0.14666256,0.3378125,0.6290661,0.6290661,-0.5,-1.00629,0.36557275,1.513236
-0.125,0.14666256,0.14666256,0.3378125,0.6290661,0.6290661,-0.25,-0.75629,0.4694047,1.319742
-0.125,0.14666256,0.14666256,0.3378125,0.6290661,0.6290661,0.0,-0.50629,0.60272753,1.43942
-0.125,0.14666256,0.14666256,0.3378125,0.6290661,0.6290661,0.25,-0.25629002,0.7739175,1.8808141
-0.125,0.14666256,0.14666256,0.3378125,0.6290661,0.6290661,0.5,-0.0062900186,0.9937297,2.508692
-0.125,0.14666256,0.14666256,0.3378125,0.6290661,0.6290661,0.75,0.24370998,1.2759743,3.2970853
-0.125,0.14666256,0.14666256,0.3378125,0.6290661,0.6290661,1.0,0.49370998,1.6383834,4.2307763
-0.125,0.14666256,0.14666256,0.3525,0.6437536,0.6437536,-1.0,-1.50629,0.22173108,2.2741497
-0.125,0.14666256,0.14666256,0.3525,0.6437536,0.6437536,-0.75,-1.25629,0.28470835,1.9023324
-0.125,0.14666256,0.14666256,0.3525,0.6437536,0.6437536,-0.5,-1.00629,0.36557275,1.5924952
-0.125,0.14666256,0.14666256,0.3525,0.6437536,0.6437536,-0.25,-0.75629,0.4694047,1.4363184
-0.125,0.14666256,0.14666256,0.3525,0.6437536,0.6437536,0.0,-0.50629,0.60272753,1.5978285
-0.125,0.14666256,0.14666256,0.3525,0.6437536,0.6437536,0.25,-0.25629002,0.7739175,2.0427275
-0.125,0.14666256,0.14666256,0.3525,0.6437536,0.6437536,0.5,-0.0062900186,0.9937297,2.6513774
-0.125,0.14666256,0.14666256,0.3525,0.6437536,0.6437536,0.75,0.24370998,1.2759743,3.4004936
-0.125,0.14666256,0.14666256,0.3525,0.6437536,0.6437536,1.0,0.49370998,1.6383834,4.2864976
-0.125,0.14666256,0.14666256,0.36718747,0.65844107,0.65844107,-1.0,-1.50629,0.22173108,2.1070712
-0.125,0.14666256,0.14666256,0.36718747,0.65844107,0.65844107,-0.75,-1.25629,0.28470835,1.7329341
-0.125,0.14666256,0.14666256,0.36718747,0.65844107,0.65844107,-0.5,-1.00629,0.36557275,1.4315572
-0.125,0.14666256,0.14666256,0.36718747,0.65844107,0.65844107,-0.25,-0.75629,0.4694047,1.2955192
-0.125,0.14666256,0.14666256,0.36718747,0.65844107,0.65844107,0.0,-0.50629,0.60272753,1.4941438
-0.125,0.14666256,0.14666256,0.36718747,0.65844107,0.65844107,0.25,-0.25629002,0.7739175,1.9991568
-0.125,0.14666256,0.14666256,0.36718747,0.65844107,0.65844107,0.5,-0.0062900186,0.9937297,2.682218
-0.125,0.14666256,0.14666256,0.36718747,0.65844107,0.65844107,0.75,0.24370998,1.2759743,3.5090451
-0.125,0.14666256,0.14666256,0.36718747,0.65844107,0.65844107,1.0,0.49370998,1.6383834,4.4747663
-0.125,0.14666256,0.14666256,0.381875,0.6731286,0.6731286,-1.0,-1.50629,0.22173108,2.0234625
-0.125,0.14666256,0.14666256,0.381875,0.6731286,0.6731286,-0.75,-1.25629,0.28470835,1.6586934
-0.125,0.14666256,0.14666256,0.381875,0.6731286,0.6731286,-0.5,-1.00629,0.36557275,1.3775135
-0.125,0.14666256,0.14666256,0.381875,0.6731286,0.6731286,-0.25,-0.75629,0.4694047,1.2737367
-0.125,0.14666256,0.14666256,0.381875,0.6731286,0.6731286,0.0,-0.50629,0.60272753,1.503924
-0.125,0.14666256,0.14666256,0.381875,0.6731286,0.6731286,0.25,-0.25629002,0.7739175,2.0304081
-0.125,0.14666256,0.14666256,0.381875,0.6731286,0.6731286,0.5,-0.0062900186,0.9937297,2.7372823
-0.125,0.14666256,0.14666256,0.381875,0.6731286,0.6731286,0.75,0.24370998,1.2759743,3.5905476
-0.125,0.14666256,0.14666256,0.381875,0.6731286,0.6731286,1.0,0.49370998,1.6383834,4.5911975
-0.125,0.14666256,0.14666256,0.3965625,0.6878161,0.6878161,-1.0,-1.50629,0.22173108,1.9733771
-0.125,0.14666256,0.14666256,0.3965625,0.6878161,0.6878161,-0.75,-1.25629,0.28470835,1.6202189
-0.125,0.14666256,0.14666256,0.3965625,0.6878161,0.6878161,-0.5,-1.00629,0.36557275,1.3585501
-0.125,0.14666256,0.14666256,0.3965625,0.6878161,0.6878161,-0.25,-0.75629,0.4694047,1.2890538
-0.125,0.14666256,0.14666256,0.3965625,0.6878161,0.6878161,0.0,-0.50629,0.60272753,1.5548947
-0.125,0.14666256,0.14666256,0.3965625,0.6878161,0.6878161,0.25,-0.25629002,0.7739175,2.0982275
-0.125,0.14666256,0.14666256,0.3965625,0.6878161,0.6878161,0.5,-0.0062900186,0.9937297,2.8140965
-0.125,0.14666256,0.14666256,0.3965625,0.6878161,0.6878161,0.75,0.24370998,1.2759743,3.6833944
-0.125,0.14666256,0.14666256,0.3965625,0.6878161,0.6878161,1.0,0.49370998,1.6383834,4.6982307
-0.125,0.14666256,0.14666256,0.41125003,0.7025036,0.7025036,-1.0,-1.50629,0.22173108,1.9268874
-0.125,0.14666256,0.14666256,0.41125003,0.7025036,0.7025036,-0.75,-1.25629,0.28470835,1.5838475
-0.125,0.14666256,0.14666256,0.41125003,0.7025036,0.7025036,-0.5,-1.00629,0.36557275,1.3444128
-0.125,0.14666256,0.14666256,0.41125003,0.7025036,0.7025036,-0.25,-0.75629,0.4694047,1.3054421
-0.125,0.14666256,0.14666256,0.41125003,0.7025036,0.7025036,0.0,-0.50629,0.60272753,1.6012676
-0.125,0.14666256,0.14666256,0.41125003,0.7025036,0.7025036,0.25,-0.25629002,0.7739175,2.1749692
-0.125,0.14666256,0.14666256,0.41125003,0.7025036,0.7025036,0.5,-0.0062900186,0.9937297,2.922663
-0.125,0.14666256,0.14666256,0.41125003,0.7025036,0.7025036,0.75,0.24370998,1.2759743,3.8161821
-0.125,0.14666256,0.14666256,0.41125003,0.7025036,0.7025036,1.0,0.49370998,1.6383834,4.8450356
-0.125,0.14666256,0.14666256,0.4259375,0.7171911,0.7171911,-1.0,-1.50629,0.22173108,1.8689035
-0.125,0.14666256,0.14666256,0.4259375,0.7171911,0.7171911,-0.75,-1.25629,0.28470835,1.5387821
-0.125,0.14666256,0.14666256,0.4259375,0.7171911,0.7171911,-0.5,-1.00629,0.36557275,1.327066
-0.125,0.14666256,0.14666256,0.4259375,0.7171911,0.7171911,-0.25,-0.75629,0.4694047,1.335649
-0.125,0.14666256,0.14666256,0.4259375,0.7171911,0.7171911,0.0,-0.50629,0.60272753,1.6909611
-0.125,0.14666256,0.14666256,0.4259375,0.7171911,0.7171911,0.25,-0.25629002,0.7739175,2.2999814
-0.125,0.14666256,0.14666256,0.4259375,0.7171911,0.7171911,0.5,-0.0062900186,0.9937297,3.0742366
-0.125,0.14666256,0.14666256,0.4259375,0.7171911,0.7171911,0.75,0.24370998,1.2759743,3.9898477
-0.125,0.14666256,0.14666256,0.4259375,0.7171911,0.7171911,1.0,0.49370998,1.6383834,5.0388346
-0.125,0.14666256,0.14666256,0.44062498,0.7318786,0.7318786,-1.0,-1.50629,0.22173108,1.8118836
-0.125,0.14666256,0.14666256,0.44062498,0.7318786,0.7318786,-0.75,-1.25629,0.28470835,1.4908005
-0.125,0.14666256,0.14666256,0.44062498,0.7318786,0.7318786,-0.5,-1.00629,0.36557275,1.3019859
-0.125,0.14666256,0.14666256,0.44062498,0.7318786,0.7318786,-0.25,-0.75629,0.4694047,1.34694
-0.125,0.14666256,0.14666256,0.44062498,0.7318786,0.7318786,0.0,-0.50629,0.60272753,1.742157
-0.125,0.14666256,0.14666256,0.44062498,0.7318786,0.7318786,0.25,-0.25629002,0.7739175,2.377967
-0.125,0.14666256,0.14666256,0.44062498,0.7318786,0.7318786,0.5,-0.0062900186,0.9937297,3.1688523
-0.125,0.14666256,0.14666256,0.44062498,0.7318786,0.7318786,0.75,0.24370998,1.2759743,4.0922303
-0.125,0.14666256,0.14666256,0.44062498,0.7318786,0.7318786,1.0,0.49370998,1.6383834,5.1469207
-0.125,0.14666256,0.14666256,0.45531252,0.7465661,0.7465661,-1.0,-1.50629,0.22173108,1.7453513
-0.125,0.14666256,0.14666256,0.45531252,0.7465661,0.7465661,-0.75,-1.25629,0.28470835,1.4323847
-0.125,0.14666256,0.14666256,0.45531252,0.7465661,0.7465661,-0.5,-1.00629,0.36557275,1.2703583
-0.125,0.14666256,0.14666256,0.45531252,0.7465661,0.7465661,-0.25,-0.75629,0.4694047,1.3565239
-0.125,0.14666256,0.14666256,0.45531252,0.7465661,0.7465661,0.0,-0.50629,0.60272753,1.792602
-0.125,0.14666256,0.14666256,0.45531252,0.7465661,0.7465661,0.25,-0.25629002,0.7739175,2.4569137
-0.125,0.14666256,0.14666256,0.45531252,0.7465661,0.7465661,0.5,-0.0062900186,0.9937297,3.2702682
-0.125,0.14666256,0.14666256,0.45531252,0.7465661,0.7465661,0.75,0.24370998,1.2759743,4.2118626
-0.125,0.14666256,0.14666256,0.45531252,0.7465661,0.7465661,1.0,0.49370998,1.6383834,5.2819715
-0.125,0.14666256,0.14666256,0.47,0.7612536,0.7612536,-1.0,-1.50629,0.22173108,1.6720284
-0.125,0.14666256,0.14666256,0.47,0.7612536,0.7612536,-0.75,-1.25629,0.28470835,1.3684005
-0.125,0.14666256,0.14666256,0.47,0.7612536,0.7612536,-0.5,-1.00629,0.36557275,1.2328675
-0.125,0.14666256,0.14666256,0.47,0.7612536,0.7612536,-0.25,-0.75629,0.4694047,1.3626372
-0.125,0.14666256,0.14666256,0.47,0.7612536,0.7612536,0.0,-0.50629,0.60272753,1.8441614
-0.125,0.14666256,0.14666256,0.47,0.7612536,0.7612536,0.25,-0.25629002,0.7739175,2.5396466
-0.125,0.14666256,0.14666256,0.47,0.7612536,0.7612536,0.5,-0.0062900186,0.9937297,3.3744082
-0.125,0.14666256,0.14666256,0.47,0.7612536,0.7612536,0.75,0.24370998,1.2759743,4.336271
-0.125,0.14666256,0.14666256,0.47,0.7612536,0.7612536,1.0,0.49370998,1.6383834,5.427857
0.0,0.27166256,0.27166256,-0.47,-0.1787464,-0.1787464,-1.0,-1.50629,0.22173108,1.7804571
0.0,0.27166256,0.27166256,-0.47,-0.1787464,-0.1787464,-0.75,-1.25629,0.28470835,1.5655123
0.0,0.27166256,0.27166256,-0.47,-0.1787464,-0.1787464,-0.5,-1.00629,0.36557275,1.5349263
0.0,0.27166256,0.27166256,-0.47,-0.1787464,-0.1787464,-0.25,-0.75629,0.4694047,1.7343018
0.0,0.27166256,0.27166256,-0.47,-0.1787464,-0.1787464,0.0,-0.50629,0.60272753,2.1893947
0.0,0.27166256,0.27166256,-0.47,-0.1787464,-0.1787464,0.25,-0.25629002,0.7739175,2.8545892
0.0,0.27166256,0.27166256,-0.47,-0.1787464,-0.1787464,0.5,-0.0062900186,0.9937297,3.6799238
0.0,0.27166256,0.27166256,-0.47,-0.1787464,-0.1787464,0.75,0.24370998,1.2759743,4.655149
0.0,0.27166256,0.27166256,-0.47,-0.1787464,-0.1787464,1.0,0.49370998,1.6383834,5.7757025
0.0,0.27166256,0.27166256,-0.4553125,-0.1640589,-0.1640589,-1.0,-1.50629,0.22173108,1.7804571
0.0,0.27166256,0.27166256,-0.4553125,-0.1640589,-0.1640589,-0.75,-1.25629,0.28470835,1.5655123
0.0,0.27166256,0.27166256,-0.4553125,-0.1640589,-0.1640589,-0.5,-1.00629,0.36557275,1.5349263
0.0,0.27166256,0.27166256,-0.4553125,-0.1640589,-0.1640589,-0.25,-0.75629,0.4694047,1.7343018
0.0,0.27166256,0.27166256,-0.4553125,-0.1640589,-0.1640589,0.0,-0.50629,0.60272753,2.1893947
0.0,0.27166256,0.27166256,-0.4553125,-0.1640589,-0.1640589,0.25,-0.25629002,0.7739175,2.8545892
0.0,0.27166256,0.27166256,-0.4553125,-0.1640589,-0.1640589,0.5,-0.0062900186,0.9937297,3.6799238
0.0,0.27166256,0.27166256,-0.4553125,-0.1640589,-0.1640589,0.75,0.24370998,1.2759743,4.655149
0.0,0.27166256,0.27166256,-0.4553125,-0.1640589,-0.1640589,1.0,0.49370998,1.6383834,5.7757025
0.0,0.27166256,0.27166256,-0.440625,-0.14937142,-0.14937142,-1.0,-1.50629,0.22173108,1.7804571
0.0,0.27166256,0.27166256,-0.440625,-0.14937142,-0.14937142,-0.75,-1.25629,0.28470835,1.5655123
0.0,0.27166256,0.27166256,-0.440625,-0.14937142,-0.14937142,-0.5,-1.00629,0.36557275,1.5349263
0.0,0.27166256,0.27166256,-0.440625,-0.14937142,-0.14937142,-0.25,-0.75629,0.4694047,1.7343018
0.0,0.27166256,0.27166256,-0.440625,-0.14937142,-0.14937142,0.0,-0.50629,0.60272753,2.1893947
0.0,0.27166256,0.27166256,-0.440625,-0.14937142,-0.14937142,0.25,-0.25629002,0.7739175,2.8545892
0.0,0.27166256,0.27166256,-0.440625,-0.14937142,-0.14937142,0.5,-0.0062900186,0.9937297,3.6799238
0.0,0.27166256,0.27166256,-0.440625,-0.14937142,-0.14937142,0.75,0.24370998,1.2759743,4.655149
0.0,0.27166256,0.27166256,-0.440625,-0.14937142,-0.14937142,1.0,0.49370998,1.6383834,5.7757025
0.0,0.27166256,0.27166256,-0.4259375,-0.1346839,-0.1346839,-1.0,-1.50629,0.22173108,1.7804571
0.0,0.27166256,0.27166256,-0.4259375,-0.1346839,-0.1346839,-0.75,-1.25629,0.28470835,1.5655123
0.0,0.27166256,0.27166256,-0.4259375,-0.1346839,-0.1346839,-0.5,-1.00629,0.36557275,1.5349263
0.0,0.27166256,0.27166256,-0.4259375,-0.1346839,-0.1346839,-0.25,-0.75629,0.4694047,1.7343018
0.0,0.27166256,0.27166256,-0.4259375,-0.1346839,-0.1346839,0.0,-0.50629,0.60272753,2.1893947
0.0,0.27166256,0.27166256,-0.4259375,-0.1346839,-0.1346839,0.25,-0.25629002,0.7739175,2.8545892
0.0,0.27166256,0.27166256,-0.4259375,-0.1346839,-0.1346839,0.5,-0.0062900186,0.9937297,3.6799238
0.0,0.27166256,0.27166256,-0.4259375,-0.1346839,-0.1346839,0.75,0.24370998,1.2759743,4.655149
0.0,0.27166256,0.27166256,-0.4259375,-0.1346839,-0.1346839,1.0,0.49370998,1.6383834,5.7757025
0.0,0.27166256,0.27166256,-0.41125,-0.1199964,-0.1199964,-1.0,-1.50629,0.22173108,1.7804571
0.0,0.27166256,0.27166256,-0.41125,-0.1199964,-0.1199964,-0.75,-1.25629,0.28470835,1.5655123
0.0,0.27166256,0.27166256,-0.41125,-0.1199964,-0.1199964,-0.5,-1.00629,0.36557275,1.5349263
0.0,0.27166256,0.27166256,-0.41125,-0.1199964,-0.1199964,-0.25,-0.75629,0.4694047,1.7343018
0.0,0.27166256,0.27166256,-0.41125,-0.1199964,-0.1199964,0.0,-0.50629,0.60272753,2.1893947
0.0,0.27166256,0.27166256,-0.41125,-0.1199964,-0.1199964,0.25,-0.25629002,0.7739175,2.8545892
0.0,0.27166256,0.27166256,-0.41125,-0.1199964,-0.1199964,0.5,-0.0062900186,0.9937297,3.6799238
0.0,0.27166256,0.27166256,-0.41125,-0.1199964,-0.1199964,0.75,0.24370998,1.2759743,4.655149
0.0,0.27166256,0.27166256,-0.41125,-0.1199964,-0.1199964,1.0,0.49370998,1.6383834,5.7757025
0.0,0.27166256,0.27166256,-0.39656252,-0.10530892,-0.10530892,-1.0,-1.50629,0.22173108,1.7804571
0.0,0.27166256,0.27166256,-0.39656252,-0.10530892,-0.10530892,-0.75,-1.25629,0.28470835,1.5655123
0.0,0.27166256,0.27166256,-0.39656252,-0.10530892,-0.10530892,-0.5,-1.00629,0.36557275,1.5349263
0.0,0.27166256,0.27166256,-0.39656252,-0.10530892,-0.10530892,-0.25,-0.75629,0.4694047,1.7343018
0.0,0.27166256,0.27166256,-0.39656252,-0.10530892,-0.10530892,0.0,-0.50629,0.60272753,2.1893947
0.0,0.27166256,0.27166256,-0.39656252,-0.10530892,-0.10530892,0.25,-0.25629002,0.7739175,2.8545892
0.0,0.27166256,0.27166256,-0.39656252,-0.10530892,-0.10530892,0.5,-0.0062900186,0.9937297,3.6799238
0.0,0.27166256,0.27166256,-0.39656252,-0.10530892,-0.10530892,0.75,0.24370998,1.2759743,4.655149
0.0,0.27166256,0.27166256,-0.39656252,-0.10530892,-0.10530892,1.0,0.49370998,1.6383834,5.7757025
0.0,0.27166256,0.27166256,-0.381875,-0.09062141,-0.09062141,-1.0,-1.50629,0.22173108,1.7804571
0.0,0.27166256,0.27166256,-0.381875,-0.09062141,-0.09062141,-0.75,-1.25629,0.28470835,1.5655123
0.0,0.27166256,0.27166256,-0.381875,-0.09062141,-0.09062141,-0.5,-1.00629,0.36557275,1.5349263
0.0,0.27166256,0.27166256,-0.381875,-0.09062141,-0.09062141,-0.25,-0.75629,0.4694047,1.7343018
0.0,0.27166256,0.27166256,-0.381875,-0.09062141,-0.09062141,0.0,-0.50629,0.60272753,2.1893947
0.0,0.27166256,0.27166256,-0.381875,-0.09062141,-0.09062141,0.25,-0.25629002,0.7739175,2.8545892
0.0,0.27166256,0.27166256,-0.381875,-0.09062141,-0.09062141,0.5,-0.0062900186,0.9937297,3.6799238
0.0,0.27166256,0.27166256,-0.381875,-0.09062141,-0.09062141,0.75,0.24370998,1.2759743,4.655149
0.0,0.27166256,0.27166256,-0.381875,-0.09062141,-0.09062141,1.0,0.49370998,1.6383834,5.7757025
0.0,0.27166256,0.27166256,-0.3671875,-0.0759339,-0.0759339,-1.0,-1.50629,0.22173108,1.7804571
0.0,0.27166256,0.27166256,-0.3671875,-0.0759339,-0.0759339,-0.75,-1.25629,0.28470835,1.5655123
0.0,0.27166256,0.27166256,-0.3671875,-0.0759339,-0.0759339,-0.5,-1.00629,0.36557275,1.5349263
0.0,0.27166256,0.27166256,-0.3671875,-0.0759339,-0.0759339,-0.25,-0.75629,0.4694047,1.7343018
0.0,0.27166256,0.27166256,-0.3671875,-0.0759339,-0.0759339,0.0,-0.50629,0.60272753,2.1893947
0.0,0.27166256,0.27166256,-0.3671875,-0.0759339,-0.0759339,0.25,-0.25629002,0.7739175,2.8545892
0.0,0.27166256,0.27166256,-0.3671875,-0.0759339,-0.0759339,0.5,-0.0062900186,0.9937297,3.6799238
0.0,0.27166256,0.27166256,-0.3671875,-0.0759339,-0.0759339,0.75,0.24370998,1.2759743,4.655149
0.0,0.27166256,0.27166256,-0.3671875,-0.0759339,-0.0759339,1.0,0.49370998,1.6383834,5.7757025
0.0,0.27166256,0.27166256,-0.3525,-0.061246395,-0.061246395,-1.0,-1.50629,0.22173108,1.7804571
0.0,0.27166256,0.27166256,-0.3525,-0.061246395,-0.061246395,-0.75,-1.25629,0.28470835,1.5655123
0.0,0.27166256,0.27166256,-0.3525,-0.061246395,-0.061246395,-0.5,-1.00629,0.36557275,1.5349263
0.0,0.27166256,0.27166256,-0.3525,-0.061246395,-0.061246395,-0.25,-0.75629,0.4694047,1.7343018
0.0,0.27166256,0.27166256,-0.3525,-0.061246395,-0.061246395,0.0,-0.50629,0.60272753,2.1893947
0.0,0.27166256,0.27166256,-0.3525,-0.061246395,-0.061246395,0.25,-0.25629002,0.7739175,2.8545892
0.0,0.27166256,0.27166256,-0.3525,-0.061246395,-0.061246395,0.5,-0.0062900186,0.9937297,3.6799238
0.0,0.27166256,0.27166256,-0.3525,-0.061246395,-0.061246395,0.75,0.24370998,1.2759743,4.655149
0.0,0.27166256,0.27166256,-0.3525,-0.061246395,-0.061246395,1.0,0.49370998,1.6383834,5.7757025
0.0,0.27166256,0.27166256,-0.33781248,-0.046558887,-0.046558887,-1.0,-1.50629,0.22173108,1.7804571
0.0,0.27166256,0.27166256,-0.33781248,-0.046558887,-0.046558887,-0.75,-1.25629,0.28470835,1.5655123
0.0,0.27166256,0.27166256,-0.33781248,-0.046558887,-0.046558887,-0.5,-1.00629,0.36557275,1.5349263
0.0,0.27166256,0.27166256,-0.33781248,-0.046558887,-0.046558887,-0.25,-0.75629,0.4694047,1.7343018
0.0,0.27166256,0.27166256,-0.33781248,-0.046558887,-0.046558887,0.0,-0.50629,0.60272753,2.1893947
0.0,0.27166256,0.27166256,-0.33781248,-0.046558887,-0.046558887,0.25,-0.25629002,0.7739175,2.8545892
0.0,0.27166256,0.27166256,-0.33781248,-0.046558887,-0.046558887,0.5,-0.0062900186,0.9937297,3.6799238
0.0,0.27166256,0.27166256,-0.33781248,-0.046558887,-0.046558887,0.75,0.24370998,1.2759743,4.655149
0.0,0.27166256,0.27166256,-0.33781248,-0.046558887,-0.046558887,1.0,0.49370998,1.6383834,5.7757025
0.0,0.27166256,0.27166256,-0.323125,-0.03187141,-0.03187141,-1.0,-1.50629,0.22173108,1.7804571
0.0,0.27166256,0.27166256,-0.323125,-0.03187141,-0.03187141,-0.75,-1.25629,0.28470835,1.5655123
0.0,0.27166256,0.27166256,-0.323125,-0.03187141,-0.03187141,-0.5,-1.00629,0.36557275,1.5349263
0.0,0.27166256,0.27166256,-0.323125,-0.03187141,-0.03187141,-0.25,-0.75629,0.4694047,1.7343018
0.0,0.27166256,0.27166256,-0.323125,-0.03187141,-0.03187141,0.0,-0.50629,0.60272753,2.1893947
0.0,0.27166256,0.27166256,-0.323125,-0.03187141,-0.03187141,0.25,-0.25629002,0.7739175,2.8545892
0.0,0.27166256,0.27166256,-0.323125,-0.03187141,-0.03187141,0.5,-0.0062900186,0.9937297,3.6799238
0.0,0.27166256,0.27166256,-0.323125,-0.03187141,-0.03187141,0.75,0.24370998,1.2759743,4.655149
0.0,0.27166256,0.27166256,-0.323125,-0.03187141,-0.03187141,1.0,0.49370998,1.6383834,5.7757025
0.0,0.27166256,0.27166256,-0.3084375,-0.0171839,-0.0171839,-1.0,-1.50629,0.22173108,1.7804571
0.0,0.27166256,0.27166256,-0.3084375,-0.0171839,-0.0171839,-0.75,-1.25629,0.28470835,1.5655123
0.0,0.27166256,0.27166256,-0.3084375,-0.0171839,-0.0171839,-0.5,-1.00629,0.36557275,1.5349263
0.0,0.27166256,0.27166256,-0.3084375,-0.0171839,-0.0171839,-0.25,-0.75629,0.4694047,1.7343018
0.0,0.27166256,0.27166256,-0.3084375,-0.0171839,-0.0171839,0.0,-0.50629,0.60272753,2.1893947
0.0,0.27166256,0.27166256,-0.3084375,-0.0171839,-0.0171839,0.25,-0.25629002,0.7739175,2.8545892
0.0,0.27166256,0.27166256,-0.3084375,-0.0171839,-0.0171839,0.5,-0.0062900186,0.9937297,3.6799238
0.0,0.27166256,0.27166256,-0.3084375,-0.0171839,-0.0171839,0.75,0.24370998,1.2759743,4.655149
0.0,0.27166256,0.27166256,-0.3084375,-0.0171839,-0.0171839,1.0,0.49370998,1.6383834,5.7757025
0.0,0.27166256,0.27166256,-0.29375,-0.0024963915,-0.0024963915,-1.0,-1.50629,0.22173108,1.7804571
0.0,0.27166256,0.27166256,-0.29375,-0.0024963915,-0.0024963915,-0.75,-1.25629,0.28470835,1.5655123
0.0,0.27166256,0.27166256,-0.29375,-0.0024963915,-0.0024963915,-0.5,-1.00629,0.36557275,1.5349263
0.0,0.27166256,0.27166256,-0.29375,-0.0024963915,-0.0024963915,-0.25,-0.75629,0.4694047,1.7343018
0.0,0.27166256,0.27166256,-0.29375,-0.0024963915,-0.0024963915,0.0,-0.50629,0.60272753,2.1893947
0.0,0.27166256,0.27166256,-0.29375,-0.0024963915,-0.0024963915,0.25,-0.25629002,0.7739175,2.8545892
0.0,0.27166256,0.27166256,-0.29375,-0.0024963915,-0.0024963915,0.5,-0.0062900186,0.9937297,3.6799238
0.0,0.27166256,0.27166256,-0.29375,-0.0024963915,-0.0024963915,0.75,0.24370998,1.2759743,4.655149
0.0,0.27166256,0.27166256,-0.29375,-0.0024963915,-0.0024963915,1.0,0.49370998,1.6383834,5.7757025
0.0,0.27166256,0.27166256,-0.2790625,0.012191087,0.012191087,-1.0,-1.50629,0.22173108,1.7810624
0.0,0.27166256,0.27166256,-0.2790625,0.012191087,0.012191087,-0.75,-1.25629,0.28470835,1.5642811
0.0,0.27166256,0.27166256,-0.2790625,0.012191087,0.012191087,-0.5,-1.00629,0.36557275,1.5316975
0.0,0.27166256,0.27166256,-0.2790625,0.012191087,0.012191087,-0.25,-0.75629,0.4694047,1.7295471
0.0,0.27166256,0.27166256,-0.2790625,0.012191087,0.012191087,0.0,-0.50629,0.60272753,2.1840675
0.0,0.27166256,0.27166256,-0.2790625,0.012191087,0.012191087,0.25,-0.25629002,0.7739175,2.8478417
0.0,0.27166256,0.27166256,-0.2790625,0.012191087,0.012191087,0.5,-0.0062900186,0.9937297,3.670902
0.0,0.27166256,0.27166256,-0.2790625,0.012191087,0.012191087,0.75,0.24370998,1.2759743,4.6438756
0.0,0.27166256,0.27166256,-0.2790625,0.012191087,0.012191087,1.0,0.49370998,1.6383834,5.7615767
0.0,0.27166256,0.27166256,-0.264375,0.026878595,0.026878595,-1.0,-1.50629,0.22173108,1.7790222
0.0,0.27166256,0.27166256,-0.264375,0.026878595,0.026878595,-0.75,-1.25629,0.28470835,1.5588032
0.0,0.27166256,0.27166256,-0.264375,0.026878595,0.026878595,-0.5,-1.00629,0.36557275,1.5246496
0.0,0.27166256,0.27166256,-0.264375,0.026878595,0.026878595,-0.25,-0.75629,0.4694047,1.7256691
0.0,0.27166256,0.27166256,-0.264375,0.026878595,0.026878595,0.0,-0.50629,0.60272753,2.1822834
0.0,0.27166256,0.27166256,-0.264375,0.026878595,0.026878595,0.25,-0.25629002,0.7739175,2.8490589
0.0,0.27166256,0.27166256,-0.264375,0.026878595,0.026878595,0.5,-0.0062900186,0.9937297,3.6771147
0.0,0.27166256,0.27166256,-0.264375,0.026878595,0.026878595,0.75,0.24370998,1.2759743,4.655799
0.0,0.27166256,0.27166256,-0.264375,0.026878595,0.026878595,1.0,0.49370998,1.6383834,5.7790203
0.0,0.27166256,0.27166256,-0.2496875,0.041566104,0.041566104,-1.0,-1.50629,0.22173108,1.7842456
0.0,0.27166256,0.27166256,-0.2496875,0.041566104,0.041566104,-0.75,-1.25629,0.28470835,1.5576423
0.0,0.27166256,0.27166256,-0.2496875,0.041566104,0.041566104,-0.5,-1.00629,0.36557275,1.5125465
0.0,0.27166256,0.27166256,-0.2496875,0.041566104,0.041566104,-0.25,-0.75629,0.4694047,1.7017859
0.0,0.27166256,0.27166256,-0.2496875,0.041566104,0.041566104,0.0,-0.50629,0.60272753,2.14653
0.0,0.27166256,0.27166256,-0.2496875,0.041566104,0.041566104,0.25,-0.25629002,0.7739175,2.8010252
0.0,0.27166256,0.27166256,-0.2496875,0.041566104,0.041566104,0.5,-0.0062900186,0.9937297,3.6189911
0.0,0.27166256,0.27166256,-0.2496875,0.041566104,0.041566104,0.75,0.24370998,1.2759743,4.586162
0.0,0.27166256,0.27166256,-0.2496875,0.041566104,0.041566104,1.0,0.49370998,1.6383834,5.697673
0.0,0.27166256,0.27166256,-0.235,0.056253597,0.056253597,-1.0,-1.50629,0.22173108,1.7956883
0.0,0.27166256,0.27166256,-0.235,0.056253597,0.056253597,-0.75,-1.25629,0.28470835,1.5613227
0.0,0.27166256,0.27166256,-0.235,0.056253597,0.056253597,-0.5,-1.00629,0.36557275,1.5076717
0.0,0.27166256,0.27166256,-0.235,0.056253597,0.056253597,-0.25,-0.75629,0.4694047,1.6886597
0.0,0.27166256,0.27166256,-0.235,0.056253597,0.056253597,0.0,-0.50629,0.60272753,2.1283884
0.0,0.27166256,0.27166256,-0.235,0.056253597,0.056253597,0.25,-0.25629002,0.7739175,2.7818384
0.0,0.27166256,0.27166256,-0.235,0.056253597,0.056253597,0.5,-0.0062900186,0.9937297,3.5981643
0.0,0.27166256,0.27166256,-0.235,0.056253597,0.056253597,0.75,0.24370998,1.2759743,4.561333
0.0,0.27166256,0.27166256,-0.235,0.056253597,0.056253597,1.0,0.49370998,1.6383834,5.66827
0.0,0.27166256,0.27166256,-0.2203125,0.07094109,0.07094109,-1.0,-1.50629,0.22173108,1.8032334
0.0,0.27166256,0.27166256,-0.2203125,0.07094109,0.07094109,-0.75,-1.25629,0.28470835,1.5628575
0.0,0.27166256,0.27166256,-0.2203125,0.07094109,0.07094109,-0.5,-1.00629,0.36557275,1.497334
0.0,0.27166256,0.27166256,-0.2203125,0.07094109,0.07094109,-0.25,-0.75629,0.4694047,1.6710122
0.0,0.27166256,0.27166256,-0.2203125,0.07094109,0.07094109,0.0,-0.50629,0.60272753,2.1085184
0.0,0.27166256,0.27166256,-0.2203125,0.07094109,0.07094109,0.25,-0.25629002,0.7739175,2.762164
0.0,0.27166256,0.27166256,-0.2203125,0.07094109,0.07094109,0.5,-0.0062900186,0.9937297,3.582071
0.0,0.27166256,0.27166256,-0.2203125,0.07094109,0.07094109,0.75,0.24370998,1.2759743,4.545587
0.0,0.27166256,0.27166256,-0.2203125,0.07094109,0.07094109,1.0,0.49370998,1.6383834,5.6505885
0.0,0.27166256,0.27166256,-0.205625,0.0856286,0.0856286,-1.0,-1.50629,0.22173108,1.8176981
0.0,0.27166256,0.27166256,-0.205625,0.0856286,0.0856286,-0.75,-1.25629,0.28470835,1.5674415
0.0,0.27166256,0.27166256,-0.205625,0.0856286,0.0856286,-0.5,-1.00629,0.36557275,1.4820439
0.0,0.27166256,0.27166256,-0.205625,0.0856286,0.0856286,-0.25,-0.75629,0.4694047,1.6378362
0.0,0.27166256,0.27166256,-0.205625,0.0856286,0.0856286,0.0,-0.50629,0.60272753,2.0612118
0.0,0.27166256,0.27166256,-0.205625,0.0856286,0.0856286,0.25,-0.25629002,0.7739175,2.7078743
0.0,0.27166256,0.27166256,-0.205625,0.0856286,0.0856286,0.5,-0.0062900186,0.9937297,3.5205038
0.0,0.27166256,0.27166256,-0.205625,0.0856286,0.0856286,0.75,0.24370998,1.2759743,4.4768763
0.0,0.27166256,0.27166256,-0.205625,0.0856286,0.0856286,1.0,0.49370998,1.6383834,5.5746326
0.0,0.27166256,0.27166256,-0.19093749,0.10031611,0.10031611,-1.0,-1.50629,0.22173108,1.8393005
0.0,0.27166256,0.27166256,-0.19093749,0.10031611,0.10031611,-0.75,-1.25629,0.28470835,1.5809057
0.0,0.27166256,0.27166256,-0.19093749,0.10031611,0.10031611,-0.5,-1.00629,0.36557275,1.4773674
0.0,0.27166256,0.27166256,-0.19093749,0.10031611,0.10031611,-0.25,-0.75629,0.4694047,1.6130394
0.0,0.27166256,0.27166256,-0.19093749,0.10031611,0.10031611,0.0,-0.50629,0.60272753,2.0230594
0.0,0.27166256,0.27166256,-0.19093749,0.10031611,0.10031611,0.25,-0.25629002,0.7739175,2.6588442
0.0,0.27166256,0.27166256,-0.19093749,0.10031611,0.10031611,0.5,-0.0062900186,0.9937297,3.4618185
0.0,0.27166256,0.27166256,-0.19093749,0.10031611,0.10031611,0.75,0.24370998,1.2759743,4.4064755
0.0,0.27166256,0.27166256,-0.19093749,0.10031611,0.10031611,1.0,0.49370998,1.6383834,5.491179
0.0,0.27166256,0.27166256,-0.17625001,0.115003586,0.115003586,-1.0,-1.50629,0.22173108,1.8594475
0.0,0.27166256,0.27166256,-0.17625001,0.115003586,0.115003586,-0.75,-1.25629,0.28470835,1.5917567
0.0,0.27166256,0.27166256,-0.17625001,0.115003586,0.115003586,-0.5,-1.00629,0.36557275,1.4704405
0.0,0.27166256,0.27166256,-0.17625001,0.115003586,0.115003586,-0.25,-0.75629,0.4694047,1.5886096
0.0,0.27166256,0.27166256,-0.17625001,0.115003586,0.115003586,0.0,-0.50629,0.60272753,1.9846135
0.0,0.27166256,0.27166256,-0.17625001,0.115003586,0.115003586,0.25,-0.25629002,0.7739175,2.6145945
0.0,0.27166256,0.27166256,-0.17625001,0.115003586,0.115003586,0.5,-0.0062900186,0.9937297,3.410114
0.0,0.27166256,0.27166256,-0.17625001,0.115003586,0.115003586,0.75,0.24370998,1.2759743,4.348012
0.0,0.27166256,0.27166256,-0.17625001,0.115003586,0.115003586,1.0,0.49370998,1.6383834,5.4286675
0.0,0.27166256,0.27166256,-0.1615625,0.1296911,0.1296911,-1.0,-1.50629,0.22173108,1.8900251
0.0,0.27166256,0.27166256,-0.1615625,0.1296911,0.1296911,-0.75,-1.25629,0.28470835,1.6106565
0.0,0.27166256,0.27166256,-0.1615625,0.1296911,0.1296911,-0.5,-1.00629,0.36557275,1.4676266
0.0,0.27166256,0.27166256,-0.1615625,0.1296911,0.1296911,-0.25,-0.75629,0.4694047,1.5589365
0.0,0.27166256,0.27166256,-0.1615625,0.1296911,0.1296911,0.0,-0.50629,0.60272753,1.9322618
0.0,0.27166256,0.27166256,-0.1615625,0.1296911,0.1296911,0.25,-0.25629002,0.7739175,2.5459092
0.0,0.27166256,0.27166256,-0.1615625,0.1296911,0.1296911,0.5,-0.0062900186,0.9937297,3.3257313
0.0,0.27166256,0.27166256,-0.1615625,0.1296911,0.1296911,0.75,0.24370998,1.2759743,4.246754
0.0,0.27166256,0.27166256,-0.1615625,0.1296911,0.1296911,1.0,0.49370998,1.6383834,5.3085766
0.0,0.27166256,0.27166256,-0.146875,0.1443786,0.1443786,-1.0,-1.50629,0.22173108,1.9183344
0.0,0.27166256,0.27166256,-0.146875,0.1443786,0.1443786,-0.75,-1.25629,0.28470835,1.6269611
0.0,0.27166256,0.27166256,-0.146875,0.1443786,0.1443786,-0.5,-1.00629,0.36557275,1.462942
0.0,0.27166256,0.27166256,-0.146875,0.1443786,0.1443786,-0.25,-0.75629,0.4694047,1.5273167
0.0,0.27166256,0.27166256,-0.146875,0.1443786,0.1443786,0.0,-0.50629,0.60272753,1.8750201
0.0,0.27166256,0.27166256,-0.146875,0.1443786,0.1443786,0.25,-0.25629002,0.7739175,2.4731765
0.0,0.27166256,0.27166256,-0.146875,0.1443786,0.1443786,0.5,-0.0062900186,0.9937297,3.2398107
0.0,0.27166256,0.27166256,-0.146875,0.1443786,0.1443786,0.75,0.24370998,1.2759743,4.149159
0.0,0.27166256,0.27166256,-0.146875,0.1443786,0.1443786,1.0,0.49370998,1.6383834,5.2006454
0.0,0.27166256,0.27166256,-0.13218749,0.15906611,0.15906611,-1.0,-1.50629,0.22173108,1.9408748
0.0,0.27166256,0.27166256,-0.13218749,0.15906611,0.15906611,-0.75,-1.25629,0.28470835,1.6402774
0.0,0.27166256,0.27166256,-0.13218749,0.15906611,0.15906611,-0.5,-1.00629,0.36557275,1.4558638
0.0,0.27166256,0.27166256,-0.13218749,0.15906611,0.15906611,-0.25,-0.75629,0.4694047,1.4906914
0.0,0.27166256,0.27166256,-0.13218749,0.15906611,0.15906611,0.0,-0.50629,0.60272753,1.8150042
0.0,0.27166256,0.27166256,-0.13218749,0.15906611,0.15906611,0.25,-0.25629002,0.7739175,2.4015026
0.0,0.27166256,0.27166256,-0.13218749,0.15906611,0.15906611,0.5,-0.0062900186,0.9937297,3.1586819
0.0,0.27166256,0.27166256,-0.13218749,0.15906611,0.15906611,0.75,0.24370998,1.2759743,4.0618763
0.0,0.27166256,0.27166256,-0.13218749,0.15906611,0.15906611,1.0,0.49370998,1.6383834,5.1096244
0.0,0.27166256,0.27166256,-0.11750001,0.17375359,0.17375359,-1.0,-1.50629,0.22173108,1.9834061
0.0,0.27166256,0.27166256,-0.11750001,0.17375359,0.17375359,-0.75,-1.25629,0.28470835,1.6747373
0.0,0.27166256,0.27166256,-0.11750001,0.17375359,0.17375359,-0.5,-1.00629,0.36557275,1.4642159
0.0,0.27166256,0.27166256,-0.11750001,0.17375359,0.17375359,-0.25,-0.75629,0.4694047,1.445509
0.0,0.27166256,0.27166256,-0.11750001,0.17375359,0.17375359,0.0,-0.50629,0.60272753,1.7316173
0.0,0.27166256,0.27166256,-0.11750001,0.17375359,0.17375359,0.25,-0.25629002,0.7739175,2.2954977
0.0,0.27166256,0.27166256,-0.11750001,0.17375359,0.17375359,0.5,-0.0062900186,0.9937297,3.0309873
0.0,0.27166256,0.27166256,-0.11750001,0.17375359,0.17375359,0.75,0.24370998,1.2759743,3.9115422
0.0,0.27166256,0.27166256,-0.11750001,0.17375359,0.17375359,1.0,0.49370998,1.6383834,4.935337
0.0,0.27166256,0.27166256,-0.1028125,0.1884411,0.1884411,-1.0,-1.50629,0.22173108,2.0280132
0.0,0.27166256,0.27166256,-0.1028125,0.1884411,0.1884411,-0.75,-1.25629,0.28470835,1.7115641
0.0,0.27166256,0.27166256,-0.1028125,0.1884411,0.1884411,-0.5,-1.00629,0.36557275,1.4856176
0.0,0.27166256,0.27166256,-0.1028125,0.1884411,0.1884411,-0.25,-0.75629,0.4694047,1.4416268
0.0,0.27166256,0.27166256,-0.1028125,0.1884411,0.1884411,0.0,-0.50629,0.60272753,1.6879832
0.0,0.27166256,0.27166256,-0.1028125,0.1884411,0.1884411,0.25,-0.25629002,0.7739175,2.2239625
0.0,0.27166256,0.27166256,-0.1028125,0.1884411,0.1884411,0.5,-0.0062900186,0.9937297,2.937582
0.0,0.27166256,0.27166256,-0.1028125,0.1884411,0.1884411,0.75,0.24370998,1.2759743,3.7991595
0.0,0.27166256,0.27166256,-0.1028125,0.1884411,0.1884411,1.0,0.49370998,1.6383834,4.806518
0.0,0.27166256,0.27166256,-0.08812499,0.2031286,0.2031286,-1.0,-1.50629,0.22173108,2.0730443
0.0,0.27166256,0.27166256,-0.08812499,0.2031286,0.2031286,-0.75,-1.25629,0.28470835,1.7498944
0.0,0.27166256,0.27166256,-0.08812499,0.2031286,0.2031286,-0.5,-1.00629,0.36557275,1.5090413
0.0,0.27166256,0.27166256,-0.08812499,0.2031286,0.2031286,-0.25,-0.75629,0.4694047,1.433251
0.0,0.27166256,0.27166256,-0.08812499,0.2031286,0.2031286,0.0,-0.50629,0.60272753,1.6368439
0.0,0.27166256,0.27166256,-0.08812499,0.2031286,0.2031286,0.25,-0.25629002,0.7739175,2.141248
0.0,0.27166256,0.27166256,-0.08812499,0.2031286,0.2031286,0.5,-0.0062900186,0.9937297,2.82891
0.0,0.27166256,0.27166256,-0.08812499,0.2031286,0.2031286,0.75,0.24370998,1.2759743,3.6695485
0.0,0.27166256,0.27166256,-0.08812499,0.2031286,0.2031286,1.0,0.49370998,1.6383834,4.6593246
0.0,0.27166256,0.27166256,-0.07343751,0.21781608,0.21781608,-1.0,-1.50629,0.22173108,2.119057
0.0,0.27166256,0.27166256,-0.07343751,0.21781608,0.21781608,-0.75,-1.25629,0.28470835,1.7902421
0.0,0.27166256,0.27166256,-0.07343751,0.21781608,0.21781608,-0.5,-1.00629,0.36557275,1.535052
0.0,0.27166256,0.27166256,-0.07343751,0.21781608,0.21781608,-0.25,-0.75629,0.4694047,1.4291453
0.0,0.27166256,0.27166256,-0.07343751,0.21781608,0.21781608,0.0,-0.50629,0.60272753,1.5892109
0.0,0.27166256,0.27166256,-0.07343751,0.21781608,0.21781608,0.25,-0.25629002,0.7739175,2.0583372
0.0,0.27166256,0.27166256,-0.07343751,0.21781608,0.21781608,0.5,-0.0062900186,0.9937297,2.7207582
0.0,0.27166256,0.27166256,-0.07343751,0.21781608,0.21781608,0.75,0.24370998,1.2759743,3.5409658
0.0,0.27166256,0.27166256,-0.07343751,0.21781608,0.21781608,1.0,0.49370998,1.6383834,4.5111933
0.0,0.27166256,0.27166256,-0.058750004,0.2325036,0.2325036,-1.0,-1.50629,0.22173108,2.163505
0.0,0.27166256,0.27166256,-0.058750004,0.2325036,0.2325036,-0.75,-1.25629,0.28470835,1.8287882
0.0,0.27166256,0.27166256,-0.058750004,0.2325036,0.2325036,-0.5,-1.00629,0.36557275,1.5618408
0.0,0.27166256,0.27166256,-0.058750004,0.2325036,0.2325036,-0.25,-0.75629,0.4694047,1.4277582
0.0,0.27166256,0.27166256,-0.058750004,0.2325036,0.2325036,0.0,-0.50629,0.60272753,1.5418806
0.0,0.27166256,0.27166256,-0.058750004,0.2325036,0.2325036,0.25,-0.25629002,0.7739175,1.9756901
0.0,0.27166256,0.27166256,-0.058750004,0.2325036,0.2325036,0.5,-0.0062900186,0.9937297,2.6119244
0.0,0.27166256,0.27166256,-0.058750004,0.2325036,0.2325036,0.75,0.24370998,1.2759743,3.415167
0.0,0.27166256,0.27166256,-0.058750004,0.2325036,0.2325036,1.0,0.49370998,1.6383834,4.373003
0.0,0.27166256,0.27166256,-0.044062495,0.2471911,0.2471911,-1.0,-1.50629,0.22173108,2.2055995
0.0,0.27166256,0.27166256,-0.044062495,0.2471911,0.2471911,-0.75,-1.25629,0.28470835,1.8697661
0.0,0.27166256,0.27166256,-0.044062495,0.2471911,0.2471911,-0.5,-1.00629,0.36557275,1.5970914
0.0,0.27166256,0.27166256,-0.044062495,0.2471911,0.2471911,-0.25,-0.75629,0.4694047,1.4363846
0.0,0.27166256,0.27166256,-0.044062495,0.2471911,0.2471911,0.0,-0.50629,0.60272753,1.4992014
0.0,0.27166256,0.27166256,-0.044062495,0.2471911,0.2471911,0.25,-0.25629002,0.7739175,1.8892763
0.0,0.27166256,0.27166256,-0.044062495,0.2471911,0.2471911,0.5,-0.0062900186,0.9937297,2.4945517
0.0,0.27166256,0.27166256,-0.044062495,0.2471911,0.2471911,0.75,0.24370998,1.2759743,3.2693558
0.0,0.27166256,0.27166256,-0.044062495,0.2471911,0.2471911,1.0,0.49370998,1.6383834,4.1973553
0.0,0.27166256,0.27166256,-0.029374987,0.2618786,0.2618786,-1.0,-1.50629,0.22173108,2.2296305
0.0,0.27166256,0.27166256,-0.029374987,0.2618786,0.2618786,-0.75,-1.25629,0.28470835,1.8908821
0.0,0.27166256,0.27166256,-0.029374987,0.2618786,0.2618786,-0.5,-1.00629,0.36557275,1.6190975
0.0,0.27166256,0.27166256,-0.029374987,0.2618786,0.2618786,-0.25,-0.75629,0.4694047,1.4467502
0.0,0.27166256,0.27166256,-0.029374987,0.2618786,0.2618786,0.0,-0.50629,0.60272753,1.4565779
0.0,0.27166256,0.27166256,-0.029374987,0.2618786,0.2618786,0.25,-0.25629002,0.7739175,1.793422
0.0,0.27166256,0.27166256,-0.029374987,0.2618786,0.2618786,0.5,-0.0062900186,0.9937297,2.3587854
0.0,0.27166256,0.27166256,-0.029374987,0.2618786,0.2618786,0.75,0.24370998,1.2759743,3.1075263
0.0,0.27166256,0.27166256,-0.029374987,0.2618786,0.2618786,1.0,0.49370998,1.6383834,4.013242
0.0,0.27166256,0.27166256,-0.014687508,0.2765661,0.2765661,-1.0,-1.50629,0.22173108,2.3375728
0.0,0.27166256,0.27166256,-0.014687508,0.2765661,0.2765661,-0.75,-1.25629,0.28470835,1.9841247
0.0,0.27166256,0.27166256,-0.014687508,0.2765661,0.2765661,-0.5,-1.00629,0.36557275,1.6853657
0.0,0.27166256,0.27166256,-0.014687508,0.2765661,0.2765661,-0.25,-0.75629,0.4694047,1.4761429
0.0,0.27166256,0.27166256,-0.014687508,0.2765661,0.2765661,0.0,-0.50629,0.60272753,1.4235027
0.0,0.27166256,0.27166256,-0.014687508,0.2765661,0.2765661,0.25,-0.25629002,0.7739175,1.6904339
0.0,0.27166256,0.27166256,-0.014687508,0.2765661,0.2765661,0.5,-0.0062900186,0.9937297,2.1989691
0.0,0.27166256,0.27166256,-0.014687508,0.2765661,0.2765661,0.75,0.24370998,1.2759743,2.897788
0.0,0.27166256,0.27166256,-0.014687508,0.2765661,0.2765661,1.0,0.49370998,1.6383834,3.7648222
0.0,0.27166256,0.27166256,0.0,0.2912536,0.2912536,-1.0,-1.50629,0.22173108,2.4713414
0.0,0.27166256,0.27166256,0.0,0.2912536,0.2912536,-0.75,-1.25629,0.28470835,2.1127715
0.0,0.27166256,0.27166256,0.0,0.2912536,0.2912536,-0.5,-1.00629,0.36557275,1.7862576
0.0,0.27166256,0.27166256,0.0,0.2912536,0.2912536,-0.25,-0.75629,0.4694047,1.5304354
0.0,0.27166256,0.27166256,0.0,0.2912536,0.2912536,0.0,-0.50629,0.60272753,1.4070086
0.0,0.27166256,0.27166256,0.0,0.2912536,0.2912536,0.25,-0.25629002,0.7739175,1.5942483
0.0,0.27166256,0.27166256,0.0,0.2912536,0.2912536,0.5,-0.0062900186,0.9937297,2.0415869
0.0,0.27166256,0.27166256,0.0,0.2912536,0.2912536,0.75,0.24370998,1.2759743,2.6911335
0.0,0.27166256,0.27166256,0.0,0.2912536,0.2912536,1.0,0.49370998,1.6383834,3.5194042
0.0,0.27166256,0.27166256,0.014687508,0.3059411,0.3059411,-1.0,-1.50629,0.22173108,2.5918808
0.0,0.27166256,0.27166256,0.014687508,0.3059411,0.3059411,-0.75,-1.25629,0.28470835,2.2313838
0.0,0.27166256,0.27166256,0.014687508,0.3059411,0.3059411,-0.5,-1.00629,0.36557275,1.890284
0.0,0.27166256,0.27166256,0.014687508,0.3059411,0.3059411,-0.25,-0.75629,0.4694047,1.6076713
0.0,0.27166256,0.27166256,0.014687508,0.3059411,0.3059411,0.0,-0.50629,0.60272753,1.4325694
0.0,0.27166256,0.27166256,0.014687508,0.3059411,0.3059411,0.25,-0.25629002,0.7739175,1.5321021
0.0,0.27166256,0.27166256,0.014687508,0.3059411,0.3059411,0.5,-0.0062900186,0.9937297,1.8993464
0.0,0.27166256,0.27166256,0.014687508,0.3059411,0.3059411,0.75,0.24370998,1.2759743,2.4844704
0.0,0.27166256,0.27166256,0.014687508,0.3059411,0.3059411,1.0,0.49370998,1.6383834,3.2582536
0.0,0.27166256,0.27166256,0.029374987,0.32062858,0.32062858,-1.0,-1.50629,0.22173108,2.708494
0.0,0.27166256,0.27166256,0.029374987,0.32062858,0.32062858,-0.75,-1.25629,0.28470835,2.3454914
0.0,0.27166256,0.27166256,0.029374987,0.32062858,0.32062858,-0.5,-1.00629,0.36557275,1.9954214
0.0,0.27166256,0.27166256,0.029374987,0.32062858,0.32062858,-0.25,-0.75629,0.4694047,1.6928426
0.0,0.27166256,0.27166256,0.029374987,0.32062858,0.32062858,0.0,-0.50629,0.60272753,1.4738077
0.0,0.27166256,0.27166256,0.029374987,0.32062858,0.32062858,0.25,-0.25629002,0.7739175,1.4876565
0.0,0.27166256,0.27166256,0.029374987,0.32062858,0.32062858,0.5,-0.0062900186,0.9937297,1.7786583
0.0,0.27166256,0.27166256,0.029374987,0.32062858,0.32062858,0.75,0.24370998,1.2759743,2.2921014
0.0,0.27166256,0.27166256,0.029374987,0.32062858,0.32062858,1.0,0.49370998,1.6383834,3.0051587
0.0,0.27166256,0.27166256,0.044062525,0.33531612,0.33531612,-1.0,-1.50629,0.22173108,2.8125665
0.0,0.27166256,0.27166256,0.044062525,0.33531612,0.33531612,-0.75,-1.25629,0.28470835,2.4501638
0.0,0.27166256,0.27166256,0.044062525,0.33531612,0.33531612,-0.5,-1.00629,0.36557275,2.0952196
0.0,0.27166256,0.27166256,0.044062525,0.33531612,0.33531612,-0.25,-0.75629,0.4694047,1.7726994
0.0,0.27166256,0.27166256,0.044062525,0.33531612,0.33531612,0.0,-0.50629,0.60272753,1.5271338
0.0,0.27166256,0.27166256,0.044062525,0.33531612,0.33531612,0.25,-0.25629002,0.7739175,1.4667977
0.0,0.27166256,0.27166256,0.044062525,0.33531612,0.33531612,0.5,-0.0062900186,0.9937297,1.686937
0.0,0.27166256,0.27166256,0.044062525,0.33531612,0.33531612,0.75,0.24370998,1.2759743,2.1330845
0.0,0.27166256,0.27166256,0.044062525,0.33531612,0.33531612,1.0,0.49370998,1.6383834,2.787979
0.0,0.27166256,0.27166256,0.058750004,0.3500036,0.3500036,-1.0,-1.50629,0.22173108,2.9141366
0.0,0.27166256,0.27166256,0.058750004,0.3500036,0.3500036,-0.75,-1.25629,0.28470835,2.5535948
0.0,0.27166256,0.27166256,0.058750004,0.3500036,0.3500036,-0.5,-1.00629,0.36557275,2.1943061
0.0,0.27166256,0.27166256,0.058750004,0.3500036,0.3500036,-0.25,-0.75629,0.4694047,1.8574107
0.0,0.27166256,0.27166256,0.058750004,0.3500036,0.3500036,0.0,-0.50629,0.60272753,1.5867635
0.0,0.27166256,0.27166256,0.058750004,0.3500036,0.3500036,0.25,-0.25629002,0.7739175,1.4704592
0.0,0.27166256,0.27166256,0.058750004,0.3500036,0.3500036,0.5,-0.0062900186,0.9937297,1.6150486
0.0,0.27166256,0.27166256,0.058750004,0.3500036,0.3500036,0.75,0.24370998,1.2759743,1.9998498
0.0,0.27166256,0.27166256,0.058750004,0.3500036,0.3500036,1.0,0.49370998,1.6383834,2.6034882
0.0,0.27166256,0.27166256,0.07343748,0.36469108,0.36469108,-1.0,-1.50629,0.22173108,3.0289824
0.0,0.27166256,0.27166256,0.07343748,0.36469108,0.36469108,-0.75,-1.25629,0.28470835,2.6701965
0.0,0.27166256,0.27166256,0.07343748,0.36469108,0.36469108,-0.5,-1.00629,0.36557275,2.3077505
0.0,0.27166256,0.27166256,0.07343748,0.36469108,0.36469108,-0.25,-0.75629,0.4694047,1.960456
0.0,0.27166256,0.27166256,0.07343748,0.36469108,0.36469108,0.0,-0.50629,0.60272753,1.6660733
0.0,0.27166256,0.27166256,0.07343748,0.36469108,0.36469108,0.25,-0.25629002,0.7739175,1.4974297
0.0,0.27166256,0.27166256,0.07343748,0.36469108,0.36469108,0.5,-0.0062900186,0.9937297,1.5753919
0.0,0.27166256,0.27166256,0.07343748,0.36469108,0.36469108,0.75,0.24370998,1.2759743,1.8818496
0.0,0.27166256,0.27166256,0.07343748,0.36469108,0.36469108,1.0,0.49370998,1.6383834,2.4156625
0.0,0.27166256,0.27166256,0.08812502,0.37937862,0.37937862,-1.0,-1.50629,0.22173108,3.1690986
0.0,0.27166256,0.27166256,0.08812502,0.37937862,0.37937862,-0.75,-1.25629,0.28470835,2.8151765
0.0,0.27166256,0.27166256,0.08812502,0.37937862,0.37937862,-0.5,-1.00629,0.36557275,2.456997
0.0,0.27166256,0.27166256,0.08812502,0.37937862,0.37937862,-0.25,-0.75629,0.4694047,2.1052194
0.0,0.27166256,0.27166256,0.08812502,0.37937862,0.37937862,0.0,-0.50629,0.60272753,1.785932
0.0,0.27166256,0.27166256,0.08812502,0.37937862,0.37937862,0.25,-0.25629002,0.7739175,1.5658119
0.0,0.27166256,0.27166256,0.08812502,0.37937862,0.37937862,0.5,-0.0062900186,0.9937297,1.5629711
0.0,0.27166256,0.27166256,0.08812502,0.37937862,0.37937862,0.75,0.24370998,1.2759743,1.7821885
0.0,0.27166256,0.27166256,0.08812502,0.37937862,0.37937862,1.0,0.49370998,1.6383834,2.2298205
0.0,0.27166256,0.27166256,0.1028125,0.3940661,0.3940661,-1.0,-1.50629,0.22173108,3.3411257
0.0,0.27166256,0.27166256,0.1028125,0.3940661,0.3940661,-0.75,-1.25629,0.28470835,2.99456
0.0,0.27166256,0.27166256,0.1028125,0.3940661,0.3940661,-0.5,-1.00629,0.36557275,2.643156
0.0,0.27166256,0.27166256,0.1028125,0.3940661,0.3940661,-0.25,-0.75629,0.4694047,2.2941842
0.0,0.27166256,0.27166256,0.1028125,0.3940661,0.3940661,0.0,-0.50629,0.60272753,1.9621724
0.0,0.27166256,0.27166256,0.1028125,0.3940661,0.3940661,0.25,-0.25629002,0.7739175,1.692505
0.0,0.27166256,0.27166256,0.1028125,0.3940661,0.3940661,0.5,-0.0062900186,0.9937297,1.6001576
0.0,0.27166256,0.27166256,0.1028125,0.3940661,0.3940661,0.75,0.24370998,1.2759743,1.709546
0.0,0.27166256,0.27166256,0.1028125,0.3940661,0.3940661,1.0,0.49370998,1.6383834,2.0307355
0.0,0.27166256,0.27166256,0.11749998,0.40875357,0.40875357,-1.0,-1.50629,0.22173108,3.5381749
0.0,0.27166256,0.27166256,0.11749998,0.40875357,0.40875357,-0.75,-1.25629,0.28470835,3.2034965
0.0,0.27166256,0.27166256,0.11749998,0.40875357,0.40875357,-0.5,-1.00629,0.36557275,2.8603008
0.0,0.27166256,0.27166256,0.11749998,0.40875357,0.40875357,-0.25,-0.75629,0.4694047,2.512095
0.0,0.27166256,0.27166256,0.11749998,0.40875357,0.40875357,0.0,-0.50629,0.60272753,2.169648
0.0,0.27166256,0.27166256,0.11749998,0.40875357,0.40875357,0.25,-0.25629002,0.7739175,1.8605849
0.0,0.27166256,0.27166256,0.11749998,0.40875357,0.40875357,0.5,-0.0062900186,0.9937297,1.6881909
0.0,0.27166256,0.27166256,0.11749998,0.40875357,0.40875357,0.75,0.24370998,1.2759743,1.6883787
0.0,0.27166256,0.27166256,0.11749998,0.40875357,0.40875357,1.0,0.49370998,1.6383834,1.8775173
0.0,0.27166256,0.27166256,0.13218752,0.4234411,0.4234411,-1.0,-1.50629,0.22173108,3.722238
0.0,0.27166256,0.27166256,0.13218752,0.4234411,0.4234411,-0.75,-1.25629,0.28470835,3.394443
0.0,0.27166256,0.27166256,0.13218752,0.4234411,0.4234411,-0.5,-1.00629,0.36557275,3.053881
0.0,0.27166256,0.27166256,0.13218752,0.4234411,0.4234411,-0.25,-0.75629,0.4694047,2.7046163
0.0,0.27166256,0.27166256,0.13218752,0.4234411,0.4234411,0.0,-0.50629,0.60272753,2.3564005
0.0,0.27166256,0.27166256,0.13218752,0.4234411,0.4234411,0.25,-0.25629002,0.7739175,2.0271716
0.0,0.27166256,0.27166256,0.13218752,0.4234411,0.4234411,0.5,-0.0062900186,0.9937297,1.7939806
0.0,0.27166256,0.27166256,0.13218752,0.4234411,0.4234411,0.75,0.24370998,1.2759743,1.716118
0.0,0.27166256,0.27166256,0.13218752,0.4234411,0.4234411,1.0,0.49370998,1.6383834,1.8113676
0.0,0.27166256,0.27166256,0.146875,0.4381286,0.4381286,-1.0,-1.50629,0.22173108,3.863423
0.0,0.27166256,0.27166256,0.146875,0.4381286,0.4381286,-0.75,-1.25629,0.28470835,3.5416095
0.0,0.27166256,0.27166256,0.146875,0.4381286,0.4381286,-0.5,-1.00629,0.36557275,3.202457
0.0,0.27166256,0.27166256,0.146875,0.4381286,0.4381286,-0.25,-0.75629,0.4694047,2.854077
0.0,0.27166256,0.27166256,0.146875,0.4381286,0.4381286,0.0,-0.50629,0.60272753,2.5037966
0.0,0.27166256,0.27166256,0.146875,0.4381286,0.4381286,0.25,-0.25629002,0.7739175,2.1625383
0.0,0.27166256,0.27166256,0.146875,0.4381286,0.4381286,0.5,-0.0062900186,0.9937297,1.8858249
0.0,0.27166256,0.27166256,0.146875,0.4381286,0.4381286,0.75,0.24370998,1.2759743,1.7577881
0.0,0.27166256,0.27166256,0.146875,0.4381286,0.4381286,1.0,0.49370998,1.6383834,1.7684101
0.0,0.27166256,0.27166256,0.16156247,0.45281607,0.45281607,-1.0,-1.50629,0.22173108,4.025226
0.0,0.27166256,0.27166256,0.16156247,0.45281607,0.45281607,-0.75,-1.25629,0.28470835,3.7168853
0.0,0.27166256,0.27166256,0.16156247,0.45281607,0.45281607,-0.5,-1.00629,0.36557275,3.3890586
0.0,0.27166256,0.27166256,0.16156247,0.45281607,0.45281607,-0.25,-0.75629,0.4694047,3.0497448
0.0,0.27166256,0.27166256,0.16156247,0.45281607,0.45281607,0.0,-0.50629,0.60272753,2.706446
0.0,0.27166256,0.27166256,0.16156247,0.45281607,0.45281607,0.25,-0.25629002,0.7739175,2.363718
0.0,0.27166256,0.27166256,0.16156247,0.45281607,0.45281607,0.5,-0.0062900186,0.9937297,2.0579212
0.0,0.27166256,0.27166256,0.16156247,0.45281607,0.45281607,0.75,0.24370998,1.2759743,1.8720211
0.0,0.27166256,0.27166256,0.16156247,0.45281607,0.45281607,1.0,0.49370998,1.6383834,1.8039552
0.0,0.27166256,0.27166256,0.17625001,0.4675036,0.4675036,-1.0,-1.50629,0.22173108,4.1762004
0.0,0.27166256,0.27166256,0.17625001,0.4675036,0.4675036,-0.75,-1.25629,0.28470835,3.8837392
0.0,0.27166256,0.27166256,0.17625001,0.4675036,0.4675036,-0.5,-1.00629,0.36557275,3.572811
0.0,0.27166256,0.27166256,0.17625001,0.4675036,0.4675036,-0.25,-0.75629,0.4694047,3.24717
0.0,0.27166256,0.27166256,0.17625001,0.4675036,0.4675036,0.0,-0.50629,0.60272753,2.914533
0.0,0.27166256,0.27166256,0.17625001,0.4675036,0.4675036,0.25,-0.25629002,0.7739175,2.5798333
0.0,0.27166256,0.27166256,0.17625001,0.4675036,0.4675036,0.5,-0.0062900186,0.9937297,2.2663403
0.0,0.27166256,0.27166256,0.17625001,0.4675036,0.4675036,0.75,0.24370998,1.2759743,2.0548096
0.0,0.27166256,0.27166256,0.17625001,0.4675036,0.4675036,1.0,0.49370998,1.6383834,1.9476031
0.0,0.27166256,0.27166256,0.19093749,0.4821911,0.4821911,-1.0,-1.50629,0.22173108,4.2993913
0.0,0.27166256,0.27166256,0.19093749,0.4821911,0.4821911,-0.75,-1.25629,0.28470835,4.0146894
0.0,0.27166256,0.27166256,0.19093749,0.4821911,0.4821911,-0.5,-1.00629,0.36557275,3.7100527
0.0,0.27166256,0.27166256,0.19093749,0.4821911,0.4821911,-0.25,-0.75629,0.4694047,3.3876915
0.0,0.27166256,0.27166256,0.19093749,0.4821911,0.4821911,0.0,-0.50629,0.60272753,3.0529983
0.0,0.27166256,0.27166256,0.19093749,0.4821911,0.4821911,0.25,-0.25629002,0.7739175,2.7101831
0.0,0.27166256,0.27166256,0.19093749,0.4821911,0.4821911,0.5,-0.0062900186,0.9937297,2.3771033
0.0,0.27166256,0.27166256,0.19093749,0.4821911,0.4821911,0.75,0.24370998,1.2759743,2.1302178
0.0,0.27166256,0.27166256,0.19093749,0.4821911,0.4821911,1.0,0.49370998,1.6383834,1.9832501
0.0,0.27166256,0.27166256,0.20562503,0.49687862,0.49687862,-1.0,-1.50629,0.22173108,4.3788133
0.0,0.27166256,0.27166256,0.20562503,0.49687862,0.49687862,-0.75,-1.25629,0.28470835,4.098666
0.0,0.27166256,0.27166256,0.20562503,0.49687862,0.49687862,-0.5,-1.00629,0.36557275,3.7969947
0.0,0.27166256,0.27166256,0.20562503,0.49687862,0.49687862,-0.25,-0.75629,0.4694047,3.4746969
0.0,0.27166256,0.27166256,0.20562503,0.49687862,0.49687862,0.0,-0.50629,0.60272753,3.1339743
0.0,0.27166256,0.27166256,0.20562503,0.49687862,0.49687862,0.25,-0.25629002,0.7739175,2.7827592
0.0,0.27166256,0.27166256,0.20562503,0.49687862,0.49687862,0.5,-0.0062900186,0.9937297,2.435657
0.0,0.27166256,0.27166256,0.20562503,0.49687862,0.49687862,0.75,0.24370998,1.2759743,2.1647515
0.0,0.27166256,0.27166256,0.20562503,0.49687862,0.49687862,1.0,0.49370998,1.6383834,1.9883425
0.0,0.27166256,0.27166256,0.2203125,0.5115661,0.5115661,-1.0,-1.50629,0.22173108,4.422135
0.0,0.27166256,0.27166256,0.2203125,0.5115661,0.5115661,-0.75,-1.25629,0.28470835,4.1439023
0.0,0.27166256,0.27166256,0.2203125,0.5115661,0.5115661,-0.5,-1.00629,0.36557275,3.8455737
0.0,0.27166256,0.27166256,0.2203125,0.5115661,0.5115661,-0.25,-0.75629,0.4694047,3.52771
0.0,0.27166256,0.27166256,0.2203125,0.5115661,0.5115661,0.0,-0.50629,0.60272753,3.191225
0.0,0.27166256,0.27166256,0.2203125,0.5115661,0.5115661,0.25,-0.25629002,0.7739175,2.8404474
0.0,0.27166256,0.27166256,0.2203125,0.5115661,0.5115661,0.5,-0.0062900186,0.9937297,2.4951534
0.0,0.27166256,0.27166256,0.2203125,0.5115661,0.5115661,0.75,0.24370998,1.2759743,2.2278202
0.0,0.27166256,0.27166256,0.2203125,0.5115661,0.5115661,1.0,0.49370998,1.6383834,2.0581095
0.0,0.27166256,0.27166256,0.23499998,0.5262536,0.5262536,-1.0,-1.50629,0.22173108,4.35322
0.0,0.27166256,0.27166256,0.23499998,0.5262536,0.5262536,-0.75,-1.25629,0.28470835,4.0719285
0.0,0.27166256,0.27166256,0.23499998,0.5262536,0.5262536,-0.5,-1.00629,0.36557275,3.7736015
0.0,0.27166256,0.27166256,0.23499998,0.5262536,0.5262536,-0.25,-0.75629,0.4694047,3.456224
0.0,0.27166256,0.27166256,0.23499998,0.5262536,0.5262536,0.0,-0.50629,0.60272753,3.1197278
0.0,0.27166256,0.27166256,0.23499998,0.5262536,0.5262536,0.25,-0.25629002,0.7739175,2.7680485
0.0,0.27166256,0.27166256,0.23499998,0.5262536,0.5262536,0.5,-0.0062900186,0.9937297,2.422483
0.0,0.27166256,0.27166256,0.23499998,0.5262536,0.5262536,0.75,0.24370998,1.2759743,2.1643898
0.0,0.27166256,0.27166256,0.23499998,0.5262536,0.5262536,1.0,0.49370998,1.6383834,2.000124
0.0,0.27166256,0.27166256,0.24968752,0.5409411,0.5409411,-1.0,-1.50629,0.22173108,4.28201
0.0,0.27166256,0.27166256,0.24968752,0.5409411,0.5409411,-0.75,-1.25629,0.28470835,3.9906018
0.0,0.27166256,0.27166256,0.24968752,0.5409411,0.5409411,-0.5,-1.00629,0.36557275,3.6802819
0.0,0.27166256,0.27166256,0.24968752,0.5409411,0.5409411,-0.25,-0.75629,0.4694047,3.3513062
0.0,0.27166256,0.27166256,0.24968752,0.5409411,0.5409411,0.0,-0.50629,0.60272753,3.0043766
0.0,0.27166256,0.27166256,0.24968752,0.5409411,0.5409411,0.25,-0.25629002,0.7739175,2.6452973
0.0,0.27166256,0.27166256,0.24968752,0.5409411,0.5409411,0.5,-0.0062900186,0.9937297,2.3063176
0.0,0.27166256,0.27166256,0.24968752,0.5409411,0.5409411,0.75,0.24370998,1.2759743,2.0634725
0.0,0.27166256,0.27166256,0.24968752,0.5409411,0.5409411,1.0,0.49370998,1.6383834,1.908365
0.0,0.27166256,0.27166256,0.264375,0.5556286,0.5556286,-1.0,-1.50629,0.22173108,4.188515
0.0,0.27166256,0.27166256,0.264375,0.5556286,0.5556286,-0.75,-1.25629,0.28470835,3.889264
0.0,0.27166256,0.27166256,0.264375,0.5556286,0.5556286,-0.5,-1.00629,0.36557275,3.5706327
0.0,0.27166256,0.27166256,0.264375,0.5556286,0.5556286,-0.25,-0.75629,0.4694047,3.2342815
0.0,0.27166256,0.27166256,0.264375,0.5556286,0.5556286,0.0,-0.50629,0.60272753,2.885539
0.0,0.27166256,0.27166256,0.264375,0.5556286,0.5556286,0.25,-0.25629002,0.7739175,2.5310032
0.0,0.27166256,0.27166256,0.264375,0.5556286,0.5556286,0.5,-0.0062900186,0.9937297,2.2081637
0.0,0.27166256,0.27166256,0.264375,0.5556286,0.5556286,0.75,0.24370998,1.2759743,1.994649
0.0,0.27166256,0.27166256,0.264375,0.5556286,0.5556286,1.0,0.49370998,1.6383834,1.871103
0.0,0.27166256,0.27166256,0.27906248,0.5703161,0.5703161,-1.0,-1.50629,0.22173108,4.0778546
0.0,0.27166256,0.27166256,0.27906248,0.5703161,0.5703161,-0.75,-1.25629,0.28470835,3.7698007
0.0,0.27166256,0.27166256,0.27906248,0.5703161,0.5703161,-0.5,-1.00629,0.36557275,3.442575
0.0,0.27166256,0.27166256,0.27906248,0.5703161,0.5703161,-0.25,-0.75629,0.4694047,3.1027286
0.0,0.27166256,0.27166256,0.27906248,0.5703161,0.5703161,0.0,-0.50629,0.60272753,2.7520103
0.0,0.27166256,0.27166256,0.27906248,0.5703161,0.5703161,0.25,-0.25629002,0.7739175,2.3991172
0.0,0.27166256,0.27166256,0.27906248,0.5703161,0.5703161,0.5,-0.0062900186,0.9937297,2.0981808
0.0,0.27166256,0.27166256,0.27906248,0.5703161,0.5703161,0.75,0.24370998,1.2759743,1.9074731
0.0,0.27166256,0.27166256,0.27906248,0.5703161,0.5703161,1.0,0.49370998,1.6383834,1.8132335
0.0,0.27166256,0.27166256,0.29375002,0.5850036,0.5850036,-1.0,-1.50629,0.22173108,3.953607
0.0,0.27166256,0.27166256,0.29375002,0.5850036,0.5850036,-0.75,-1.25629,0.28470835,3.6366835
0.0,0.27166256,0.27166256,0.29375002,0.5850036,0.5850036,-0.5,-1.00629,0.36557275,3.3048482
0.0,0.27166256,0.27166256,0.29375002,0.5850036,0.5850036,-0.25,-0.75629,0.4694047,2.962514
0.0,0.27166256,0.27166256,0.29375002,0.5850036,0.5850036,0.0,-0.50629,0.60272753,2.6135547
0.0,0.27166256,0.27166256,0.29375002,0.5850036,0.5850036,0.25,-0.25629002,0.7739175,2.2701983
0.0,0.27166256,0.27166256,0.29375002,0.5850036,0.5850036,0.5,-0.0062900186,0.9937297,2.0058424
0.0,0.27166256,0.27166256,0.29375002,0.5850036,0.5850036,0.75,0.24370998,1.2759743,1.8542439
0.0,0.27166256,0.27166256,0.29375002,0.5850036,0.5850036,1.0,0.49370998,1.6383834,1.818936
0.0,0.27166256,0.27166256,0.3084375,0.5996911,0.5996911,-1.0,-1.50629,0.22173108,3.8249257
0.0,0.27166256,0.27166256,0.3084375,0.5996911,0.5996911,-0.75,-1.25629,0.28470835,3.4982357
0.0,0.27166256,0.27166256,0.3084375,0.5996911,0.5996911,-0.5,-1.00629,0.36557275,3.1567228
0.0,0.27166256,0.27166256,0.3084375,0.5996911,0.5996911,-0.25,-0.75629,0.4694047,2.805639
0.0,0.27166256,0.27166256,0.3084375,0.5996911,0.5996911,0.0,-0.50629,0.60272753,2.4529617
0.0,0.27166256,0.27166256,0.3084375,0.5996911,0.5996911,0.25,-0.25629002,0.7739175,2.1159585
0.0,0.27166256,0.27166256,0.3084375,0.5996911,0.5996911,0.5,-0.0062900186,0.9937297,1.89287
0.0,0.27166256,0.27166256,0.3084375,0.5996911,0.5996911,0.75,0.24370998,1.2759743,1.7876363
0.0,0.27166256,0.27166256,0.3084375,0.5996911,0.5996911,1.0,0.49370998,1.6383834,1.8088131
0.0,0.27166256,0.27166256,0.32312497,0.6143786,0.6143786,-1.0,-1.50629,0.22173108,3.6773791
0.0,0.27166256,0.27166256,0.32312497,0.6143786,0.6143786,-0.75,-1.25629,0.28470835,3.3389683
0.0,0.27166256,0.27166256,0.32312497,0.6143786,0.6143786,-0.5,-1.00629,0.36557275,2.985808
0.0,0.27166256,0.27166256,0.32312497,0.6143786,0.6143786,-0.25,-0.75629,0.4694047,2.624238
0.0,0.27166256,0.27166256,0.32312497,0.6143786,0.6143786,0.0,-0.50629,0.60272753,2.2691166
0.0,0.27166256,0.27166256,0.32312497,0.6143786,0.6143786,0.25,-0.25629002,0.7739175,1.9508218
0.0,0.27166256,0.27166256,0.32312497,0.6143786,0.6143786,0.5,-0.0062900186,0.9937297,1.7749832
0.0,0.27166256,0.27166256,0.32312497,0.6143786,0.6143786,0.75,0.24370998,1.2759743,1.7232105
0.0,0.27166256,0.27166256,0.32312497,0.6143786,0.6143786,1.0,0.49370998,1.6383834,1.8326797
0.0,0.27166256,0.27166256,0.3378125,0.6290661,0.6290661,-1.0,-1.50629,0.22173108,3.5191565
0.0,0.27166256,0.27166256,0.3378125,0.6290661,0.6290661,-0.75,-1.25629,0.28470835,3.1647708
0.0,0.27166256,0.27166256,0.3378125,0.6290661,0.6290661,-0.5,-1.00629,0.36557275,2.7946382
0.0,0.27166256,0.27166256,0.3378125,0.6290661,0.6290661,-0.25,-0.75629,0.4694047,2.4202998
0.0,0.27166256,0.27166256,0.3378125,0.6290661,0.6290661,0.0,-0.50629,0.60272753,2.0622036
0.0,0.27166256,0.27166256,0.3378125,0.6290661,0.6290661,0.25,-0.25629002,0.7739175,1.7706658
0.0,0.27166256,0.27166256,0.3378125,0.6290661,0.6290661,0.5,-0.0062900186,0.9937297,1.6594379
0.0,0.27166256,0.27166256,0.3378125,0.6290661,0.6290661,0.75,0.24370998,1.2759743,1.6973748
0.0,0.27166256,0.27166256,0.3378125,0.6290661,0.6290661,1.0,0.49370998,1.6383834,1.9256942
0.0,0.27166256,0.27166256,0.3525,0.6437536,0.6437536,-1.0,-1.50629,0.22173108,3.364735
0.0,0.27166256,0.27166256,0.3525,0.6437536,0.6437536,-0.75,-1.25629,0.28470835,3.0009668
0.0,0.27166256,0.27166256,0.3525,0.6437536,0.6437536,-0.5,-1.00629,0.36557275,2.6259403
0.0,0.27166256,0.27166256,0.3525,0.6437536,0.6437536,-0.25,-0.75629,0.4694047,2.2564156
0.0,0.27166256,0.27166256,0.3525,0.6437536,0.6437536,0.0,-0.50629,0.60272753,1.9154584
0.0,0.27166256,0.27166256,0.3525,0.6437536,0.6437536,0.25,-0.25629002,0.7739175,1.669627
0.0,0.27166256,0.27166256,0.3525,0.6437536,0.6437536,0.5,-0.0062900186,0.9937297,1.6139314
0.0,0.27166256,0.27166256,0.3525,0.6437536,0.6437536,0.75,0.24370998,1.2759743,1.7290944
0.0,0.27166256,0.27166256,0.3525,0.6437536,0.6437536,1.0,0.49370998,1.6383834,2.0685396
0.0,0.27166256,0.27166256,0.36718747,0.65844107,0.65844107,-1.0,-1.50629,0.22173108,3.216939
0.0,0.27166256,0.27166256,0.36718747,0.65844107,0.65844107,-0.75,-1.25629,0.28470835,2.8485355
0.0,0.27166256,0.27166256,0.36718747,0.65844107,0.65844107,-0.5,-1.00629,0.36557275,2.4766972
0.0,0.27166256,0.27166256,0.36718747,0.65844107,0.65844107,-0.25,-0.75629,0.4694047,2.1176658
0.0,0.27166256,0.27166256,0.36718747,0.65844107,0.65844107,0.0,-0.50629,0.60272753,1.7948058
0.0,0.27166256,0.27166256,0.36718747,0.65844107,0.65844107,0.25,-0.25629002,0.7739175,1.601898
0.0,0.27166256,0.27166256,0.36718747,0.65844107,0.65844107,0.5,-0.0062900186,0.9937297,1.6043147
0.0,0.27166256,0.27166256,0.36718747,0.65844107,0.65844107,0.75,0.24370998,1.2759743,1.8055524
0.0,0.27166256,0.27166256,0.36718747,0.65844107,0.65844107,1.0,0.49370998,1.6383834,2.2539866
0.0,0.27166256,0.27166256,0.381875,0.6731286,0.6731286,-1.0,-1.50629,0.22173108,3.0704944
0.0,0.27166256,0.27166256,0.381875,0.6731286,0.6731286,-0.75,-1.25629,0.28470835,2.6986108
0.0,0.27166256,0.27166256,0.381875,0.6731286,0.6731286,-0.5,-1.00629,0.36557275,2.3306003
0.0,0.27166256,0.27166256,0.381875,0.6731286,0.6731286,-0.25,-0.75629,0.4694047,1.9845494
0.0,0.27166256,0.27166256,0.381875,0.6731286,0.6731286,0.0,-0.50629,0.60272753,1.6895492
0.0,0.27166256,0.27166256,0.381875,0.6731286,0.6731286,0.25,-0.25629002,0.7739175,1.5551412
0.0,0.27166256,0.27166256,0.381875,0.6731286,0.6731286,0.5,-0.0062900186,0.9937297,1.6278529
0.0,0.27166256,0.27166256,0.381875,0.6731286,0.6731286,0.75,0.24370998,1.2759743,1.9367244
0.0,0.27166256,0.27166256,0.381875,0.6731286,0.6731286,1.0,0.49370998,1.6383834,2.4808605
0.0,0.27166256,0.27166256,0.3965625,0.6878161,0.6878161,-1.0,-1.50629,0.22173108,2.9258094
0.0,0.27166256,0.27166256,0.3965625,0.6878161,0.6878161,-0.75,-1.25629,0.28470835,2.550602
0.0,0.27166256,0.27166256,0.3965625,0.6878161,0.6878161,-0.5,-1.00629,0.36557275,2.1868987
0.0,0.27166256,0.27166256,0.3965625,0.6878161,0.6878161,-0.25,-0.75629,0.4694047,1.8568605
0.0,0.27166256,0.27166256,0.3965625,0.6878161,0.6878161,0.0,-0.50629,0.60272753,1.5959404
0.0,0.27166256,0.27166256,0.3965625,0.6878161,0.6878161,0.25,-0.25629002,0.7739175,1.5268745
0.0,0.27166256,0.27166256,0.3965625,0.6878161,0.6878161,0.5,-0.0062900186,0.9937297,1.6880423
0.0,0.27166256,0.27166256,0.3965625,0.6878161,0.6878161,0.75,0.24370998,1.2759743,2.1002886
0.0,0.27166256,0.27166256,0.3965625,0.6878161,0.6878161,1.0,0.49370998,1.6383834,2.7233129
0.0,0.27166256,0.27166256,0.41125003,0.7025036,0.7025036,-1.0,-1.50629,0.22173108,2.7806358
0.0,0.27166256,0.27166256,0.41125003,0.7025036,0.7025036,-0.75,-1.25629,0.28470835,2.3999782
0.0,0.27166256,0.27166256,0.41125003,0.7025036,0.7025036,-0.5,-1.00629,0.36557275,2.0431757
0.0,0.27166256,0.27166256,0.41125003,0.7025036,0.7025036,-0.25,-0.75629,0.4694047,1.734163
0.0,0.27166256,0.27166256,0.41125003,0.7025036,0.7025036,0.0,-0.50629,0.60272753,1.5122663
0.0,0.27166256,0.27166256,0.41125003,0.7025036,0.7025036,0.25,-0.25629002,0.7739175,1.5192086
0.0,0.27166256,0.27166256,0.41125003,0.7025036,0.7025036,0.5,-0.0062900186,0.9937297,1.7783594
0.0,0.27166256,0.27166256,0.41125003,0.7025036,0.7025036,0.75,0.24370998,1.2759743,2.2782938
0.0,0.27166256,0.27166256,0.41125003,0.7025036,0.7025036,1.0,0.49370998,1.6383834,2.974544
0.0,0.27166256,0.27166256,0.4259375,0.7171911,0.7171911,-1.0,-1.50629,0.22173108,2.6420803
0.0,0.27166256,0.27166256,0.4259375,0.7171911,0.7171911,-0.75,-1.25629,0.28470835,2.2641964
0.0,0.27166256,0.27166256,0.4259375,0.7171911,0.7171911,-0.5,-1.00629,0.36557275,1.9216133
0.0,0.27166256,0.27166256,0.4259375,0.7171911,0.7171911,-0.25,-0.75629,0.4694047,1.6390506
0.0,0.27166256,0.27166256,0.4259375,0.7171911,0.7171911,0.0,-0.50629,0.60272753,1.4628619
0.0,0.27166256,0.27166256,0.4259375,0.7171911,0.7171911,0.25,-0.25629002,0.7739175,1.5487076
0.0,0.27166256,0.27166256,0.4259375,0.7171911,0.7171911,0.5,-0.0062900186,0.9937297,1.8975003
0.0,0.27166256,0.27166256,0.4259375,0.7171911,0.7171911,0.75,0.24370998,1.2759743,2.4665866
0.0,0.27166256,0.27166256,0.4259375,0.7171911,0.7171911,1.0,0.49370998,1.6383834,3.219214
0.0,0.27166256,0.27166256,0.44062498,0.7318786,0.7318786,-1.0,-1.50629,0.22173108,2.5042212
0.0,0.27166256,0.27166256,0.44062498,0.7318786,0.7318786,-0.75,-1.25629,0.28470835,2.1329513
0.0,0.27166256,0.27166256,0.44062498,0.7318786,0.7318786,-0.5,-1.00629,0.36557275,1.80666
0.0,0.27166256,0.27166256,0.44062498,0.7318786,0.7318786,-0.25,-0.75629,0.4694047,1.5555594
0.0,0.27166256,0.27166256,0.44062498,0.7318786,0.7318786,0.0,-0.50629,0.60272753,1.4362673
0.0,0.27166256,0.27166256,0.44062498,0.7318786,0.7318786,0.25,-0.25629002,0.7739175,1.6162138
0.0,0.27166256,0.27166256,0.44062498,0.7318786,0.7318786,0.5,-0.0062900186,0.9937297,2.0510788
0.0,0.27166256,0.27166256,0.44062498,0.7318786,0.7318786,0.75,0.24370998,1.2759743,2.6878557
0.0,0.27166256,0.27166256,0.44062498,0.7318786,0.7318786,1.0,0.49370998,1.6383834,3.4991326
0.0,0.27166256,0.27166256,0.45531252,0.7465661,0.7465661,-1.0,-1.50629,0.22173108,2.372492
0.0,0.27166256,0.27166256,0.45531252,0.7465661,0.7465661,-0.75,-1.25629,0.28470835,2.0104446
0.0,0.27166256,0.27166256,0.45531252,0.7465661,0.7465661,-0.5,-1.00629,0.36557275,1.704896
0.0,0.27166256,0.27166256,0.45531252,0.7465661,0.7465661,-0.25,-0.75629,0.4694047,1.4890646
0.0,0.27166256,0.27166256,0.45531252,0.7465661,0.7465661,0.0,-0.50629,0.60272753,1.4349449
0.0,0.27166256,0.27166256,0.45531252,0.7465661,0.7465661,0.25,-0.25629002,0.7739175,1.7037036
0.0,0.27166256,0.27166256,0.45531252,0.7465661,0.7465661,0.5,-0.0062900186,0.9937297,2.2067761
0.0,0.27166256,0.27166256,0.45531252,0.7465661,0.7465661,0.75,0.24370998,1.2759743,2.8961616
0.0,0.27166256,0.27166256,0.45531252,0.7465661,0.7465661,1.0,0.49370998,1.6383834,3.7475717
0.0,0.27166256,0.27166256,0.47,0.7612536,0.7612536,-1.0,-1.50629,0.22173108,2.2874832
0.0,0.27166256,0.27166256,0.47,0.7612536,0.7612536,-0.75,-1.25629,0.28470835,1.9297768
0.0,0.27166256,0.27166256,0.47,0.7612536,0.7612536,-0.5,-1.00629,0.36557275,1.6395221
0.0,0.27166256,0.27166256,0.47,0.7612536,0.7612536,-0.25,-0.75629,0.4694047,1.4496291
0.0,0.27166256,0.27166256,0.47,0.7612536,0.7612536,0.0,-0.50629,0.60272753,1.447922
0.0,0.27166256,0.27166256,0.47,0.7612536,0.7612536,0.25,-0.25629002,0.7739175,1.7766012
0.0,0.27166256,0.27166256,0.47,0.7612536,0.7612536,0.5,-0.0062900186,0.9937297,2.3285418
0.0,0.27166256,0.27166256,0.47,0.7612536,0.7612536,0.75,0.24370998,1.2759743,3.0599475
0.0,0.27166256,0.27166256,0.47,0.7612536,0.7612536,1.0,0.49370998,1.6383834,3.9481301
0.125,0.39666256,0.39666256,-0.47,-0.1787464,-0.1787464,-1.0,-1.50629,0.22173108,2.340679
0.125,0.39666256,0.39666256,-0.47,-0.1787464,-0.1787464,-0.75,-1.25629,0.28470835,2.0228975
0.125,0.39666256,0.39666256,-0.47,-0.1787464,-0.1787464,-0.5,-1.00629,0.36557275,1.7745366
0.125,0.39666256,0.39666256,-0.47,-0.1787464,-0.1787464,-0.25,-0.75629,0.4694047,1.6570449
0.125,0.39666256,0.39666256,-0.47,-0.1787464,-0.1787464,0.0,-0.50629,0.60272753,1.7462242
0.125,0.39666256,0.39666256,-0.47,-0.1787464,-0.1787464,0.25,-0.25629002,0.7739175,2.1067762
0.125,0.39666256,0.39666256,-0.47,-0.1787464,-0.1787464,0.5,-0.0062900186,0.9937297,2.6836896
0.125,0.39666256,0.39666256,-0.47,-0.1787464,-0.1787464,0.75,0.24370998,1.2759743,3.4437368
0.125,0.39666256,0.39666256,-0.47,-0.1787464,-0.1787464,1.0,0.49370998,1.6383834,4.3775997
0.125,0.39666256,0.39666256,-0.4553125,-0.1640589,-0.1640589,-1.0,-1.50629,0.22173108,2.340679
0.125,0.39666256,0.39666256,-0.4553125,-0.1640589,-0.1640589,-0.75,-1.25629,0.28470835,2.0228975
0.125,0.39666256,0.39666256,-0.4553125,-0.1640589,-0.1640589,-0.5,-1.00629,0.36557275,1.7745366
0.125,0.39666256,0.39666256,-0.4553125,-0.1640589,-0.1640589,-0.25,-0.75629,0.4694047,1.6570449
0.125,0.39666256,0.39666256,-0.4553125,-0.1640589,-0.1640589,0.0,-0.50629,0.60272753,1.7462242
0.125,0.39666256,0.39666256,-0.4553125,-0.1640589,-0.1640589,0.25,-0.25629002,0.7739175,2.1067762
0.125,0.39666256,0.39666256,-0.4553125,-0.1640589,-0.1640589,0.5,-0.0062900186,0.9937297,2.6836896
0.125,0.39666256,0.39666256,-0.4553125,-0.1640589,-0.1640589,0.75,0.24370998,1.2759743,3.4437368
0.125,0.39666256,0.39666256,-0.4553125,-0.1640589,-0.1640589,1.0,0.49370998,1.6383834,4.3775997
0.125,0.39666256,0.39666256,-0.440625,-0.14937142,-0.14937142,-1.0,-1.50629,0.22173108,2.340679
0.125,0.39666256,0.39666256,-0.440625,-0.14937142,-0.14937142,-0.75,-1.25629,0.28470835,2.0228975
0.125,0.39666256,0.39666256,-0.440625,-0.14937142,-0.14937142,-0.5,-1.00629,0.36557275,1.7745366
0.125,0.39666256,0.39666256,-0.440625,-0.14937142,-0.14937142,-0.25,-0.75629,0.4694047,1.6570449
0.125,0.39666256,0.39666256,-0.440625,-0.14937142,-0.14937142,0.0,-0.50629,0.60272753,1.7462242
0.125,0.39666256,0.39666256,-0.440625,-0.14937142,-0.14937142,0.25,-0.25629002,0.7739175,2.1067762
0.125,0.39666256,0.39666256,-0.440625,-0.14937142,-0.14937142,0.5,-0.0062900186,0.9937297,2.6836896
0.125,0.39666256,0.39666256,-0.440625,-0.14937142,-0.14937142,0.75,0.24370998,1.2759743,3.4437368
0.125,0.39666256,0.39666256,-0.440625,-0.14937142,-0.14937142,1.0,0.49370998,1.6383834,4.3775997
0.125,0.39666256,0.39666256,-0.4259375,-0.1346839,-0.1346839,-1.0,-1.50629,0.22173108,2.340679
0.125,0.39666256,0.39666256,-0.4259375,-0.1346839,-0.1346839,-0.75,-1.25629,0.28470835,2.0228975
0.125,0.39666256,0.39666256,-0.4259375,-0.1346839,-0.1346839,-0.5,-1.00629,0.36557275,1.7745366
0.125,0.39666256,0.39666256,-0.4259375,-0.1346839,-0.1346839,-0.25,-0.75629,0.4694047,1.6570449
0.125,0.39666256,0.39666256,-0.4259375,-0.1346839,-0.1346839,0.0,-0.50629,0.60272753,1.7462242
0.125,0.39666256,0.39666256,-0.4259375,-0.1346839,-0.1346839,0.25,-0.25629002,0.7739175,2.1067762
0.125,0.39666256,0.39666256,-0.4259375,-0.1346839,-0.1346839,0.5,-0.0062900186,0.9937297,2.6836896
0.125,0.39666256,0.39666256,-0.4259375,-0.1346839,-0.1346839,0.75,0.24370998,1.2759743,3.4437368
0.125,0.39666256,0.39666256,-0.4259375,-0.1346839,-0.1346839,1.0,0.49370998,1.6383834,4.3775997
0.125,0.39666256,0.39666256,-0.41125,-0.1199964,-0.1199964,-1.0,-1.50629,0.22173108,2.340679
0.125,0.39666256,0.39666256,-0.41125,-0.1199964,-0.1199964,-0.75,-1.25629,0.28470835,2.0228975
0.125,0.39666256,0.39666256,-0.41125,-0.1199964,-0.1199964,-0.5,-1.00629,0.36557275,1.7745366
0.125,0.39666256,0.39666256,-0.41125,-0.1199964,-0.1199964,-0.25,-0.75629,0.4694047,1.6570449
0.125,0.39666256,0.39666256,-0.41125,-0.1199964,-0.1199964,0.0,-0.50629,0.60272753,1.7462242
0.125,0.39666256,0.39666256,-0.41125,-0.1199964,-0.1199964,0.25,-0.25629002,0.7739175,2.1067762
0.125,0.39666256,0.39666256,-0.41125,-0.1199964,-0.1199964,0.5,-0.0062900186,0.9937297,2.6836896
0.125,0.39666256,0.39666256,-0.41125,-0.1199964,-0.1199964,0.75,0.24370998,1.2759743,3.4437368
0.125,0.39666256,0.39666256,-0.41125,-0.1199964,-0.1199964,1.0,0.49370998,1.6383834,4.3775997
0.125,0.39666256,0.39666256,-0.39656252,-0.10530892,-0.10530892,-1.0,-1.50629,0.22173108,2.340679
0.125,0.39666256,0.39666256,-0.39656252,-0.10530892,-0.10530892,-0.75,-1.25629,0.28470835,2.0228975
0.125,0.39666256,0.39666256,-0.39656252,-0.10530892,-0.10530892,-0.5,-1.00629,0.36557275,1.7745366
0.125,0.39666256,0.39666256,-0.39656252,-0.10530892,-0.10530892,-0.25,-0.75629,0.4694047,1.6570449
0.125,0.39666256,0.39666256,-0.39656252,-0.10530892,-0.10530892,0.0,-0.50629,0.60272753,1.7462242
0.125,0.39666256,0.39666256,-0.39656252,-0.10530892,-0.10530892,0.25,-0.25629002,0.7739175,2.1067762
0.125,0.39666256,0.39666256,-0.39656252,-0.10530892,-0.10530892,0.5,-0.0062900186,0.9937297,2.6836896
0.125,0.39666256,0.39666256,-0.39656252,-0.10530892,-0.10530892,0.75,0.24370998,1.2759743,3.4437368
0.125,0.39666256,0.39666256,-0.39656252,-0.10530892,-0.10530892,1.0,0.49370998,1.6383834,4.3775997
0.125,0.39666256,0.39666256,-0.381875,-0.09062141,-0.09062141,-1.0,-1.50629,0.22173108,2.340679
0.125,0.39666256,0.39666256,-0.381875,-0.09062141,-0.09062141,-0.75,-1.25629,0.28470835,2.0228975
0.125,0.39666256,0.39666256,-0.381875,-0.09062141,-0.09062141,-0.5,-1.00629,0.36557275,1.7745366
0.125,0.39666256,0.39666256,-0.381875,-0.09062141,-0.09062141,-0.25,-0.75629,0.4694047,1.6570449
0.125,0.39666256,0.39666256,-0.381875,-0.09062141,-0.09062141,0.0,-0.50629,0.60272753,1.7462242
0.125,0.39666256,0.39666256,-0.381875,-0.09062141,-0.09062141,0.25,-0.25629002,0.7739175,2.1067762
0.125,0.39666256,0.39666256,-0.381875,-0.09062141,-0.09062141,0.5,-0.0062900186,0.9937297,2.6836896
0.125,0.39666256,0.39666256,-0.381875,-0.09062141,-0.09062141,0.75,0.24370998,1.2759743,3.4437368
0.125,0.39666256,0.39666256,-0.381875,-0.09062141,-0.09062141,1.0,0.49370998,1.6383834,4.3775997
0.125,0.39666256,0.39666256,-0.3671875,-0.0759339,-0.0759339,-1.0,-1.50629,0.22173108,2.340679
0.125,0.39666256,0.39666256,-0.3671875,-0.0759339,-0.0759339,-0.75,-1.25629,0.28470835,2.0228975
0.125,0.39666256,0.39666256,-0.3671875,-0.0759339,-0.0759339,-0.5,-1.00629,0.36557275,1.7745366
0.125,0.39666256,0.39666256,-0.3671875,-0.0759339,-0.0759339,-0.25,-0.75629,0.4694047,1.6570449
0.125,0.39666256,0.39666256,-0.3671875,-0.0759339,-0.0759339,0.0,-0.50629,0.60272753,1.7462242
0.125,0.39666256,0.39666256,-0.3671875,-0.0759339,-0.0759339,0.25,-0.25629002,0.7739175,2.1067762
0.125,0.39666256,0.39666256,-0.3671875,-0.0759339,-0.0759339,0.5,-0.0062900186,0.9937297,2.6836896
0.125,0.39666256,0.39666256,-0.3671875,-0.0759339,-0.0759339,0.75,0.24370998,1.2759743,3.4437368
0.125,0.39666256,0.39666256,-0.3671875,-0.0759339,-0.0759339,1.0,0.49370998,1.6383834,4.3775997
0.125,0.39666256,0.39666256,-0.3525,-0.061246395,-0.061246395,-1.0,-1.50629,0.22173108,2.340679
0.125,0.39666256,0.39666256,-0.3525,-0.061246395,-0.061246395,-0.75,-1.25629,0.28470835,2.0228975
0.125,0.39666256,0.39666256,-0.3525,-0.061246395,-0.061246395,-0.5,-1.00629,0.36557275,1.7745366
0.125,0.39666256,0.39666256,-0.3525,-0.061246395,-0.061246395,-0.25,-0.75629,0.4694047,1.6570449
0.125,0.39666256,0.39666256,-0.3525,-0.061246395,-0.061246395,0.0,-0.50629,0.60272753,1.7462242
0.125,0.39666256,0.39666256,-0.3525,-0.061246395,-0.061246395,0.25,-0.25629002,0.7739175,2.1067762
0.125,0.39666256,0.39666256,-0.3525,-0.061246395,-0.061246395,0.5,-0.0062900186,0.9937297,2.6836896
0.125,0.39666256,0.39666256,-0.3525,-0.061246395,-0.061246395,0.75,0.24370998,1.2759743,3.4437368
0.125,0.39666256,0.39666256,-0.3525,-0.061246395,-0.061246395,1.0,0.49370998,1.6383834,4.3775997
0.125,0.39666256,0.39666256,-0.33781248,-0.046558887,-0.046558887,-1.0,-1.50629,0.22173108,2.340679
0.125,0.39666256,0.39666256,-0.33781248,-0.046558887,-0.046558887,-0.75,-1.25629,0.28470835,2.0228975
0.125,0.39666256,0.39666256,-0.33781248,-0.046558887,-0.046558887,-0.5,-1.00629,0.36557275,1.7745366
0.125,0.39666256,0.39666256,-0.33781248,-0.046558887,-0.046558887,-0.25,-0.75629,0.4694047,1.6570449
0.125,0.39666256,0.39666256,-0.33781248,-0.046558887,-0.046558887,0.0,-0.50629,0.60272753,1.7462242
0.125,0.39666256,0.39666256,-0.33781248,-0.046558887,-0.046558887,0.25,-0.25629002,0.7739175,2.1067762
0.125,0.39666256,0.39666256,-0.33781248,-0.046558887,-0.046558887,0.5,-0.0062900186,0.9937297,2.6836896
0.125,0.39666256,0.39666256,-0.33781248,-0.046558887,-0.046558887,0.75,0.24370998,1.2759743,3.4437368
0.125,0.39666256,0.39666256,-0.33781248,-0.046558887,-0.046558887,1.0,0.49370998,1.6383834,4.3775997
0.125,0.39666256,0.39666256,-0.323125,-0.03187141,-0.03187141,-1.0,-1.50629,0.22173108,2.340679
0.125,0.39666256,0.39666256,-0.323125,-0.03187141,-0.03187141,-0.75,-1.25629,0.28470835,2.0228975
0.125,0.39666256,0.39666256,-0.323125,-0.03187141,-0.03187141,-0.5,-1.00629,0.36557275,1.7745366
0.125,0.39666256,0.39666256,-0.323125,-0.03187141,-0.03187141,-0.25,-0.75629,0.4694047,1.6570449
0.125,0.39666256,0.39666256,-0.323125,-0.03187141,-0.03187141,0.0,-0.50629,0.60272753,1.7462242
0.125,0.39666256,0.39666256,-0.323125,-0.03187141,-0.03187141,0.25,-0.25629002,0.7739175,2.1067762
0.125,0.39666256,0.39666256,-0.323125,-0.03187141,-0.03187141,0.5,-0.0062900186,0.9937297,2.6836896
0.125,0.39666256,0.39666256,-0.323125,-0.03187141,-0.03187141,0.75,0.24370998,1.2759743,3.4437368
0.125,0.39666256,0.39666256,-0.323125,-0.03187141,-0.03187141,1.0,0.49370998,1.6383834,4.3775997
0.125,0.39666256,0.39666256,-0.3084375,-0.0171839,-0.0171839,-1.0,-1.50629,0.22173108,2.340679
0.125,0.39666256,0.39666256,-0.3084375,-0.0171839,-0.0171839,-0.75,-1.25629,0.28470835,2.0228975
0.125,0.39666256,0.39666256,-0.3084375,-0.0171839,-0.0171839,-0.5,-1.00629,0.36557275,1.7745366
0.125,0.39666256,0.39666256,-0.3084375,-0.0171839,-0.0171839,-0.25,-0.75629,0.4694047,1.6570449
0.125,0.39666256,0.39666256,-0.3084375,-0.0171839,-0.0171839,0.0,-0.50629,0.60272753,1.7462242
0.125,0.39666256,0.39666256,-0.3084375,-0.0171839,-0.0171839,0.25,-0.25629002,0.7739175,2.1067762
0.125,0.39666256,0.39666256,-0.3084375,-0.0171839,-0.0171839,0.5,-0.0062900186,0.9937297,2.6836896
0.125,0.39666256,0.39666256,-0.3084375,-0.0171839,-0.0171839,0.75,0.24370998,1.2759743,3.4437368
0.125,0.39666256,0.39666256,-0.3084375,-0.0171839,-0.0171839,1.0,0.49370998,1.6383834,4.3775997
0.125,0.39666256,0.39666256,-0.29375,-0.0024963915,-0.0024963915,-1.0,-1.50629,0.22173108,2.340679
0.125,0.39666256,0.39666256,-0.29375,-0.0024963915,-0.0024963915,-0.75,-1.25629,0.28470835,2.0228975
0.125,0.39666256,0.39666256,-0.29375,-0.0024963915,-0.0024963915,-0.5,-1.00629,0.36557275,1.7745366
0.125,0.39666256,0.39666256,-0.29375,-0.0024963915,-0.0024963915,-0.25,-0.75629,0.4694047,1.6570449
0.125,0.39666256,0.39666256,-0.29375,-0.0024963915,-0.0024963915,0.0,-0.50629,0.60272753,1.7462242
0.125,0.39666256,0.39666256,-0.29375,-0.0024963915,-0.0024963915,0.25,-0.25629002,0.7739175,2.1067762
0.125,0.39666256,0.39666256,-0.29375,-0.0024963915,-0.0024963915,0.5,-0.0062900186,0.9937297,2.6836896
0.125,0.39666256,0.39666256,-0.29375,-0.0024963915,-0.0024963915,0.75,0.24370998,1.2759743,3.4437368
0.125,0.39666256,0.39666256,-0.29375,-0.0024963915,-0.0024963915,1.0,0.49370998,1.6383834,4.3775997
0.125,0.39666256,0.39666256,-0.2790625,0.012191087,0.012191087,-1.0,-1.50629,0.22173108,2.3411622
0.125,0.39666256,0.39666256,-0.2790625,0.012191087,0.012191087,-0.75,-1.25629,0.28470835,2.0236368
0.125,0.39666256,0.39666256,-0.2790625,0.012191087,0.012191087,-0.5,-1.00629,0.36557275,1.7741
0.125,0.39666256,0.39666256,-0.2790625,0.012191087,0.012191087,-0.25,-0.75629,0.4694047,1.6547455
0.125,0.39666256,0.39666256,-0.2790625,0.012191087,0.012191087,0.0,-0.50629,0.60272753,1.7420605
0.125,0.39666256,0.39666256,-0.2790625,0.012191087,0.012191087,0.25,-0.25629002,0.7739175,2.1026075
0.125,0.39666256,0.39666256,-0.2790625,0.012191087,0.012191087,0.5,-0.0062900186,0.9937297,2.6779735
0.125,0.39666256,0.39666256,-0.2790625,0.012191087,0.012191087,0.75,0.24370998,1.2759743,3.435924
0.125,0.39666256,0.39666256,-0.2790625,0.012191087,0.012191087,1.0,0.49370998,1.6383834,4.368134
0.125,0.39666256,0.39666256,-0.264375,0.026878595,0.026878595,-1.0,-1.50629,0.22173108,2.3362067
0.125,0.39666256,0.39666256,-0.264375,0.026878595,0.026878595,-0.75,-1.25629,0.28470835,2.0195878
0.125,0.39666256,0.39666256,-0.264375,0.026878595,0.026878595,-0.5,-1.00629,0.36557275,1.7678682
0.125,0.39666256,0.39666256,-0.264375,0.026878595,0.026878595,-0.25,-0.75629,0.4694047,1.6438504
0.125,0.39666256,0.39666256,-0.264375,0.026878595,0.026878595,0.0,-0.50629,0.60272753,1.732949
0.125,0.39666256,0.39666256,-0.264375,0.026878595,0.026878595,0.25,-0.25629002,0.7739175,2.0968354
0.125,0.39666256,0.39666256,-0.264375,0.026878595,0.026878595,0.5,-0.0062900186,0.9937297,2.6741955
0.125,0.39666256,0.39666256,-0.264375,0.026878595,0.026878595,0.75,0.24370998,1.2759743,3.4358575
0.125,0.39666256,0.39666256,-0.264375,0.026878595,0.026878595,1.0,0.49370998,1.6383834,4.3714924
0.125,0.39666256,0.39666256,-0.2496875,0.041566104,0.041566104,-1.0,-1.50629,0.22173108,2.3445911
0.125,0.39666256,0.39666256,-0.2496875,0.041566104,0.041566104,-0.75,-1.25629,0.28470835,2.0269105
0.125,0.39666256,0.39666256,-0.2496875,0.041566104,0.041566104,-0.5,-1.00629,0.36557275,1.7692745
0.125,0.39666256,0.39666256,-0.2496875,0.041566104,0.041566104,-0.25,-0.75629,0.4694047,1.6391256
0.125,0.39666256,0.39666256,-0.2496875,0.041566104,0.041566104,0.0,-0.50629,0.60272753,1.7253442
0.125,0.39666256,0.39666256,-0.2496875,0.041566104,0.041566104,0.25,-0.25629002,0.7739175,2.089812
0.125,0.39666256,0.39666256,-0.2496875,0.041566104,0.041566104,0.5,-0.0062900186,0.9937297,2.6664326
0.125,0.39666256,0.39666256,-0.2496875,0.041566104,0.041566104,0.75,0.24370998,1.2759743,3.4263985
0.125,0.39666256,0.39666256,-0.2496875,0.041566104,0.041566104,1.0,0.49370998,1.6383834,4.3580904
0.125,0.39666256,0.39666256,-0.235,0.056253597,0.056253597,-1.0,-1.50629,0.22173108,2.3696249
0.125,0.39666256,0.39666256,-0.235,0.056253597,0.056253597,-0.75,-1.25629,0.28470835,2.0504096
0.125,0.39666256,0.39666256,-0.235,0.056253597,0.056253597,-0.5,-1.00629,0.36557275,1.7859893
0.125,0.39666256,0.39666256,-0.235,0.056253597,0.056253597,-0.25,-0.75629,0.4694047,1.6408541
0.125,0.39666256,0.39666256,-0.235,0.056253597,0.056253597,0.0,-0.50629,0.60272753,1.7056315
0.125,0.39666256,0.39666256,-0.235,0.056253597,0.056253597,0.25,-0.25629002,0.7739175,2.0579615
0.125,0.39666256,0.39666256,-0.235,0.056253597,0.056253597,0.5,-0.0062900186,0.9937297,2.6275024
0.125,0.39666256,0.39666256,-0.235,0.056253597,0.056253597,0.75,0.24370998,1.2759743,3.3825896
0.125,0.39666256,0.39666256,-0.235,0.056253597,0.056253597,1.0,0.49370998,1.6383834,4.308807
0.125,0.39666256,0.39666256,-0.2203125,0.07094109,0.07094109,-1.0,-1.50629,0.22173108,2.3950672
0.125,0.39666256,0.39666256,-0.2203125,0.07094109,0.07094109,-0.75,-1.25629,0.28470835,2.0723922
0.125,0.39666256,0.39666256,-0.2203125,0.07094109,0.07094109,-0.5,-1.00629,0.36557275,1.7983018
0.125,0.39666256,0.39666256,-0.2203125,0.07094109,0.07094109,-0.25,-0.75629,0.4694047,1.63899
0.125,0.39666256,0.39666256,-0.2203125,0.07094109,0.07094109,0.0,-0.50629,0.60272753,1.6875254
0.125,0.39666256,0.39666256,-0.2203125,0.07094109,0.07094109,0.25,-0.25629002,0.7739175,2.0280213
0.125,0.39666256,0.39666256,-0.2203125,0.07094109,0.07094109,0.5,-0.0062900186,0.9937297,2.593101
0.125,0.39666256,0.39666256,-0.2203125,0.07094109,0.07094109,0.75,0.24370998,1.2759743,3.3468137
0.125,0.39666256,0.39666256,-0.2203125,0.07094109,0.07094109,1.0,0.49370998,1.6383834,4.270803
0.125,0.39666256,0.39666256,-0.205625,0.0856286,0.0856286,-1.0,-1.50629,0.22173108,2.4316628
0.125,0.39666256,0.39666256,-0.205625,0.0856286,0.0856286,-0.75,-1.25629,0.28470835,2.1050737
0.125,0.39666256,0.39666256,-0.205625,0.0856286,0.0856286,-0.5,-1.00629,0.36557275,1.8212656
0.125,0.39666256,0.39666256,-0.205625,0.0856286,0.0856286,-0.25,-0.75629,0.4694047,1.641417
0.125,0.39666256,0.39666256,-0.205625,0.0856286,0.0856286,0.0,-0.50629,0.60272753,1.6646793
0.125,0.39666256,0.39666256,-0.205625,0.0856286,0.0856286,0.25,-0.25629002,0.7739175,1.9881538
0.125,0.39666256,0.39666256,-0.205625,0.0856286,0.0856286,0.5,-0.0062900186,0.9937297,2.537894
0.125,0.39666256,0.39666256,-0.205625,0.0856286,0.0856286,0.75,0.24370998,1.2759743,3.2757318
0.125,0.39666256,0.39666256,-0.205625,0.0856286,0.0856286,1.0,0.49370998,1.6383834,4.1852384
0.125,0.39666256,0.39666256,-0.19093749,0.10031611,0.10031611,-1.0,-1.50629,0.22173108,2.4775612
0.125,0.39666256,0.39666256,-0.19093749,0.10031611,0.10031611,-0.75,-1.25629,0.28470835,2.1475213
0.125,0.39666256,0.39666256,-0.19093749,0.10031611,0.10031611,-0.5,-1.00629,0.36557275,1.8546125
0.125,0.39666256,0.39666256,-0.19093749,0.10031611,0.10031611,-0.25,-0.75629,0.4694047,1.6554477
0.125,0.39666256,0.39666256,-0.19093749,0.10031611,0.10031611,0.0,-0.50629,0.60272753,1.6514804
0.125,0.39666256,0.39666256,-0.19093749,0.10031611,0.10031611,0.25,-0.25629002,0.7739175,1.9546368
0.125,0.39666256,0.39666256,-0.19093749,0.10031611,0.10031611,0.5,-0.0062900186,0.9937297,2.4885836
0.125,0.39666256,0.39666256,-0.19093749,0.10031611,0.10031611,0.75,0.24370998,1.2759743,3.2086108
0.125,0.39666256,0.39666256,-0.19093749,0.10031611,0.10031611,1.0,0.49370998,1.6383834,4.0966945
0.125,0.39666256,0.39666256,-0.17625001,0.115003586,0.115003586,-1.0,-1.50629,0.22173108,2.524231
0.125,0.39666256,0.39666256,-0.17625001,0.115003586,0.115003586,-0.75,-1.25629,0.28470835,2.1920533
0.125,0.39666256,0.39666256,-0.17625001,0.115003586,0.115003586,-0.5,-1.00629,0.36557275,1.8899757
0.125,0.39666256,0.39666256,-0.17625001,0.115003586,0.115003586,-0.25,-0.75629,0.4694047,1.671194
0.125,0.39666256,0.39666256,-0.17625001,0.115003586,0.115003586,0.0,-0.50629,0.60272753,1.634982
0.125,0.39666256,0.39666256,-0.17625001,0.115003586,0.115003586,0.25,-0.25629002,0.7739175,1.9042244
0.125,0.39666256,0.39666256,-0.17625001,0.115003586,0.115003586,0.5,-0.0062900186,0.9937297,2.4119837
0.125,0.39666256,0.39666256,-0.17625001,0.115003586,0.115003586,0.75,0.24370998,1.2759743,3.1108034
0.125,0.39666256,0.39666256,-0.17625001,0.115003586,0.115003586,1.0,0.49370998,1.6383834,3.978398
0.125,0.39666256,0.39666256,-0.1615625,0.1296911,0.1296911,-1.0,-1.50629,0.22173108,2.5650983
0.125,0.39666256,0.39666256,-0.1615625,0.1296911,0.1296911,-0.75,-1.25629,0.28470835,2.2307096
0.125,0.39666256,0.39666256,-0.1615625,0.1296911,0.1296911,-0.5,-1.00629,0.36557275,1.9210747
0.125,0.39666256,0.39666256,-0.1615625,0.1296911,0.1296911,-0.25,-0.75629,0.4694047,1.682311
0.125,0.39666256,0.39666256,-0.1615625,0.1296911,0.1296911,0.0,-0.50629,0.60272753,1.6149713
0.125,0.39666256,0.39666256,-0.1615625,0.1296911,0.1296911,0.25,-0.25629002,0.7739175,1.8510443
0.125,0.39666256,0.39666256,-0.1615625,0.1296911,0.1296911,0.5,-0.0062900186,0.9937297,2.33483
0.125,0.39666256,0.39666256,-0.1615625,0.1296911,0.1296911,0.75,0.24370998,1.2759743,3.014405
0.125,0.39666256,0.39666256,-0.1615625,0.1296911,0.1296911,1.0,0.49370998,1.6383834,3.8627913
0.125,0.39666256,0.39666256,-0.146875,0.1443786,0.1443786,-1.0,-1.50629,0.22173108,2.6095586
0.125,0.39666256,0.39666256,-0.146875,0.1443786,0.1443786,-0.75,-1.25629,0.28470835,2.2719247
0.125,0.39666256,0.39666256,-0.146875,0.1443786,0.1443786,-0.5,-1.00629,0.36557275,1.9553126
0.125,0.39666256,0.39666256,-0.146875,0.1443786,0.1443786,-0.25,-0.75629,0.4694047,1.6995542
0.125,0.39666256,0.39666256,-0.146875,0.1443786,0.1443786,0.0,-0.50629,0.60272753,1.5980629
0.125,0.39666256,0.39666256,-0.146875,0.1443786,0.1443786,0.25,-0.25629002,0.7739175,1.7968442
0.125,0.39666256,0.39666256,-0.146875,0.1443786,0.1443786,0.5,-0.0062900186,0.9937297,2.262675
0.125,0.39666256,0.39666256,-0.146875,0.1443786,0.1443786,0.75,0.24370998,1.2759743,2.9265695
0.125,0.39666256,0.39666256,-0.146875,0.1443786,0.1443786,1.0,0.49370998,1.6383834,3.7585528
0.125,0.39666256,0.39666256,-0.13218749,0.15906611,0.15906611,-1.0,-1.50629,0.22173108,2.647712
0.125,0.39666256,0.39666256,-0.13218749,0.15906611,0.15906611,-0.75,-1.25629,0.28470835,2.3061588
0.125,0.39666256,0.39666256,-0.13218749,0.15906611,0.15906611,-0.5,-1.00629,0.36557275,1.9822044
0.125,0.39666256,0.39666256,-0.13218749,0.15906611,0.15906611,-0.25,-0.75629,0.4694047,1.7110574
0.125,0.39666256,0.39666256,-0.13218749,0.15906611,0.15906611,0.0,-0.50629,0.60272753,1.5843
0.125,0.39666256,0.39666256,-0.13218749,0.15906611,0.15906611,0.25,-0.25629002,0.7739175,1.7444341
0.125,0.39666256,0.39666256,-0.13218749,0.15906611,0.15906611,0.5,-0.0062900186,0.9937297,2.1691916
0.125,0.39666256,0.39666256,-0.13218749,0.15906611,0.15906611,0.75,0.24370998,1.2759743,2.8062377
0.125,0.39666256,0.39666256,-0.13218749,0.15906611,0.15906611,1.0,0.49370998,1.6383834,3.6230338
0.125,0.39666256,0.39666256,-0.11750001,0.17375359,0.17375359,-1.0,-1.50629,0.22173108,2.7081187
0.125,0.39666256,0.39666256,-0.11750001,0.17375359,0.17375359,-0.75,-1.25629,0.28470835,2.3633468
0.125,0.39666256,0.39666256,-0.11750001,0.17375359,0.17375359,-0.5,-1.00629,0.36557275,2.0338962
0.125,0.39666256,0.39666256,-0.11750001,0.17375359,0.17375359,-0.25,-0.75629,0.4694047,1.7504883
0.125,0.39666256,0.39666256,-0.11750001,0.17375359,0.17375359,0.0,-0.50629,0.60272753,1.5961093
0.125,0.39666256,0.39666256,-0.11750001,0.17375359,0.17375359,0.25,-0.25629002,0.7739175,1.7126982
0.125,0.39666256,0.39666256,-0.11750001,0.17375359,0.17375359,0.5,-0.0062900186,0.9937297,2.0959
0.125,0.39666256,0.39666256,-0.11750001,0.17375359,0.17375359,0.75,0.24370998,1.2759743,2.7001548
0.125,0.39666256,0.39666256,-0.11750001,0.17375359,0.17375359,1.0,0.49370998,1.6383834,3.489891
0.125,0.39666256,0.39666256,-0.1028125,0.1884411,0.1884411,-1.0,-1.50629,0.22173108,2.7748208
0.125,0.39666256,0.39666256,-0.1028125,0.1884411,0.1884411,-0.75,-1.25629,0.28470835,2.4280655
0.125,0.39666256,0.39666256,-0.1028125,0.1884411,0.1884411,-0.5,-1.00629,0.36557275,2.0941389
0.125,0.39666256,0.39666256,-0.1028125,0.1884411,0.1884411,-0.25,-0.75629,0.4694047,1.8011212
0.125,0.39666256,0.39666256,-0.1028125,0.1884411,0.1884411,0.0,-0.50629,0.60272753,1.6203636
0.125,0.39666256,0.39666256,-0.1028125,0.1884411,0.1884411,0.25,-0.25629002,0.7739175,1.6886468
0.125,0.39666256,0.39666256,-0.1028125,0.1884411,0.1884411,0.5,-0.0062900186,0.9937297,2.0253155
0.125,0.39666256,0.39666256,-0.1028125,0.1884411,0.1884411,0.75,0.24370998,1.2759743,2.5918648
0.125,0.39666256,0.39666256,-0.1028125,0.1884411,0.1884411,1.0,0.49370998,1.6383834,3.3505259
0.125,0.39666256,0.39666256,-0.08812499,0.2031286,0.2031286,-1.0,-1.50629,0.22173108,2.8422968
0.125,0.39666256,0.39666256,-0.08812499,0.2031286,0.2031286,-0.75,-1.25629,0.28470835,2.4959068
0.125,0.39666256,0.39666256,-0.08812499,0.2031286,0.2031286,-0.5,-1.00629,0.36557275,2.1583054
0.125,0.39666256,0.39666256,-0.08812499,0.2031286,0.2031286,-0.25,-0.75629,0.4694047,1.8547022
0.125,0.39666256,0.39666256,-0.08812499,0.2031286,0.2031286,0.0,-0.50629,0.60272753,1.6480228
0.125,0.39666256,0.39666256,-0.08812499,0.2031286,0.2031286,0.25,-0.25629002,0.7739175,1.6697806
0.125,0.39666256,0.39666256,-0.08812499,0.2031286,0.2031286,0.5,-0.0062900186,0.9937297,1.9541548
0.125,0.39666256,0.39666256,-0.08812499,0.2031286,0.2031286,0.75,0.24370998,1.2759743,2.4791856
0.125,0.39666256,0.39666256,-0.08812499,0.2031286,0.2031286,1.0,0.49370998,1.6383834,3.2058058
0.125,0.39666256,0.39666256,-0.07343751,0.21781608,0.21781608,-1.0,-1.50629,0.22173108,2.920181
0.125,0.39666256,0.39666256,-0.07343751,0.21781608,0.21781608,-0.75,-1.25629,0.28470835,2.574053
0.125,0.39666256,0.39666256,-0.07343751,0.21781608,0.21781608,-0.5,-1.00629,0.36557275,2.2347267
0.125,0.39666256,0.39666256,-0.07343751,0.21781608,0.21781608,-0.25,-0.75629,0.4694047,1.922278
0.125,0.39666256,0.39666256,-0.07343751,0.21781608,0.21781608,0.0,-0.50629,0.60272753,1.6913034
0.125,0.39666256,0.39666256,-0.07343751,0.21781608,0.21781608,0.25,-0.25629002,0.7739175,1.6635934
0.125,0.39666256,0.39666256,-0.07343751,0.21781608,0.21781608,0.5,-0.0062900186,0.9937297,1.8905694
0.125,0.39666256,0.39666256,-0.07343751,0.21781608,0.21781608,0.75,0.24370998,1.2759743,2.3626692
0.125,0.39666256,0.39666256,-0.07343751,0.21781608,0.21781608,1.0,0.49370998,1.6383834,3.0430064
0.125,0.39666256,0.39666256,-0.058750004,0.2325036,0.2325036,-1.0,-1.50629,0.22173108,2.9977734
0.125,0.39666256,0.39666256,-0.058750004,0.2325036,0.2325036,-0.75,-1.25629,0.28470835,2.6515474
0.125,0.39666256,0.39666256,-0.058750004,0.2325036,0.2325036,-0.5,-1.00629,0.36557275,2.309409
0.125,0.39666256,0.39666256,-0.058750004,0.2325036,0.2325036,-0.25,-0.75629,0.4694047,1.9896942
0.125,0.39666256,0.39666256,-0.058750004,0.2325036,0.2325036,0.0,-0.50629,0.60272753,1.7382473
0.125,0.39666256,0.39666256,-0.058750004,0.2325036,0.2325036,0.25,-0.25629002,0.7739175,1.6675303
0.125,0.39666256,0.39666256,-0.058750004,0.2325036,0.2325036,0.5,-0.0062900186,0.9937297,1.8357316
0.125,0.39666256,0.39666256,-0.058750004,0.2325036,0.2325036,0.75,0.24370998,1.2759743,2.249669
0.125,0.39666256,0.39666256,-0.058750004,0.2325036,0.2325036,1.0,0.49370998,1.6383834,2.883097
0.125,0.39666256,0.39666256,-0.044062495,0.2471911,0.2471911,-1.0,-1.50629,0.22173108,3.0753624
0.125,0.39666256,0.39666256,-0.044062495,0.2471911,0.2471911,-0.75,-1.25629,0.28470835,2.728269
0.125,0.39666256,0.39666256,-0.044062495,0.2471911,0.2471911,-0.5,-1.00629,0.36557275,2.3818045
0.125,0.39666256,0.39666256,-0.044062495,0.2471911,0.2471911,-0.25,-0.75629,0.4694047,2.0535576
0.125,0.39666256,0.39666256,-0.044062495,0.2471911,0.2471911,0.0,-0.50629,0.60272753,1.7828461
0.125,0.39666256,0.39666256,-0.044062495,0.2471911,0.2471911,0.25,-0.25629002,0.7739175,1.6736227
0.125,0.39666256,0.39666256,-0.044062495,0.2471911,0.2471911,0.5,-0.0062900186,0.9937297,1.789709
0.125,0.39666256,0.39666256,-0.044062495,0.2471911,0.2471911,0.75,0.24370998,1.2759743,2.1479814
0.125,0.39666256,0.39666256,-0.044062495,0.2471911,0.2471911,1.0,0.49370998,1.6383834,2.73725
0.125,0.39666256,0.39666256,-0.029374987,0.2618786,0.2618786,-1.0,-1.50629,0.22173108,3.159131
0.125,0.39666256,0.39666256,-0.029374987,0.2618786,0.2618786,-0.75,-1.25629,0.28470835,2.8152475
0.125,0.39666256,0.39666256,-0.029374987,0.2618786,0.2618786,-0.5,-1.00629,0.36557275,2.4690065
0.125,0.39666256,0.39666256,-0.029374987,0.2618786,0.2618786,-0.25,-0.75629,0.4694047,2.136234
0.125,0.39666256,0.39666256,-0.029374987,0.2618786,0.2618786,0.0,-0.50629,0.60272753,1.8505708
0.125,0.39666256,0.39666256,-0.029374987,0.2618786,0.2618786,0.25,-0.25629002,0.7739175,1.7032621
0.125,0.39666256,0.39666256,-0.029374987,0.2618786,0.2618786,0.5,-0.0062900186,0.9937297,1.7647092
0.125,0.39666256,0.39666256,-0.029374987,0.2618786,0.2618786,0.75,0.24370998,1.2759743,2.057733
0.125,0.39666256,0.39666256,-0.029374987,0.2618786,0.2618786,1.0,0.49370998,1.6383834,2.592597
0.125,0.39666256,0.39666256,-0.014687508,0.2765661,0.2765661,-1.0,-1.50629,0.22173108,3.2451255
0.125,0.39666256,0.39666256,-0.014687508,0.2765661,0.2765661,-0.75,-1.25629,0.28470835,2.9038248
0.125,0.39666256,0.39666256,-0.014687508,0.2765661,0.2765661,-0.5,-1.00629,0.36557275,2.559422
0.125,0.39666256,0.39666256,-0.014687508,0.2765661,0.2765661,-0.25,-0.75629,0.4694047,2.2243621
0.125,0.39666256,0.39666256,-0.014687508,0.2765661,0.2765661,0.0,-0.50629,0.60272753,1.9246901
0.125,0.39666256,0.39666256,-0.014687508,0.2765661,0.2765661,0.25,-0.25629002,0.7739175,1.7418633
0.125,0.39666256,0.39666256,-0.014687508,0.2765661,0.2765661,0.5,-0.0062900186,0.9937297,1.7500147
0.125,0.39666256,0.39666256,-0.014687508,0.2765661,0.2765661,0.75,0.24370998,1.2759743,1.9723614
0.125,0.39666256,0.39666256,-0.014687508,0.2765661,0.2765661,1.0,0.49370998,1.6383834,2.438775
0.125,0.39666256,0.39666256,0.0,0.2912536,0.2912536,-1.0,-1.50629,0.22173108,3.3308365
0.125,0.39666256,0.39666256,0.0,0.2912536,0.2912536,-0.75,-1.25629,0.28470835,2.9904335
0.125,0.39666256,0.39666256,0.0,0.2912536,0.2912536,-0.5,-1.00629,0.36557275,2.646431
0.125,0.39666256,0.39666256,0.0,0.2912536,0.2912536,-0.25,-0.75629,0.4694047,2.3088737
0.125,0.39666256,0.39666256,0.0,0.2912536,0.2912536,0.0,-0.50629,0.60272753,1.997031
0.125,0.39666256,0.39666256,0.0,0.2912536,0.2912536,0.25,-0.25629002,0.7739175,1.784161
0.125,0.39666256,0.39666256,0.0,0.2912536,0.2912536,0.5,-0.0062900186,0.9937297,1.7426249
0.125,0.39666256,0.39666256,0.0,0.2912536,0.2912536,0.75,0.24370998,1.2759743,1.8994744
0.125,0.39666256,0.39666256,0.0,0.2912536,0.2912536,1.0,0.49370998,1.6383834,2.298349
0.125,0.39666256,0.39666256,0.014687508,0.3059411,0.3059411,-1.0,-1.50629,0.22173108,3.426339
0.125,0.39666256,0.39666256,0.014687508,0.3059411,0.3059411,-0.75,-1.25629,0.28470835,3.0897226
0.125,0.39666256,0.39666256,0.014687508,0.3059411,0.3059411,-0.5,-1.00629,0.36557275,2.7477014
0.125,0.39666256,0.39666256,0.014687508,0.3059411,0.3059411,-0.25,-0.75629,0.4694047,2.410109
0.125,0.39666256,0.39666256,0.014687508,0.3059411,0.3059411,0.0,-0.50629,0.60272753,2.0929317
0.125,0.39666256,0.39666256,0.014687508,0.3059411,0.3059411,0.25,-0.25629002,0.7739175,1.8593205
0.125,0.39666256,0.39666256,0.014687508,0.3059411,0.3059411,0.5,-0.0062900186,0.9937297,1.7821804
0.125,0.39666256,0.39666256,0.014687508,0.3059411,0.3059411,0.75,0.24370998,1.2759743,1.8768008
0.125,0.39666256,0.39666256,0.014687508,0.3059411,0.3059411,1.0,0.49370998,1.6383834,2.198581
0.125,0.39666256,0.39666256,0.029374987,0.32062858,0.32062858,-1.0,-1.50629,0.22173108,3.5242188
0.125,0.39666256,0.39666256,0.029374987,0.32062858,0.32062858,-0.75,-1.25629,0.28470835,3.1919084
0.125,0.39666256,0.39666256,0.029374987,0.32062858,0.32062858,-0.5,-1.00629,0.36557275,2.8516407
0.125,0.39666256,0.39666256,0.029374987,0.32062858,0.32062858,-0.25,-0.75629,0.4694047,2.5121033
0.125,0.39666256,0.39666256,0.029374987,0.32062858,0.32062858,0.0,-0.50629,0.60272753,2.1870127
0.125,0.39666256,0.39666256,0.029374987,0.32062858,0.32062858,0.25,-0.25629002,0.7739175,1.9284809
0.125,0.39666256,0.39666256,0.029374987,0.32062858,0.32062858,0.5,-0.0062900186,0.9937297,1.8170234
0.125,0.39666256,0.39666256,0.029374987,0.32062858,0.32062858,0.75,0.24370998,1.2759743,1.8495332
0.125,0.39666256,0.39666256,0.029374987,0.32062858,0.32062858,1.0,0.49370998,1.6383834,2.0962706
0.125,0.39666256,0.39666256,0.044062525,0.33531612,0.33531612,-1.0,-1.50629,0.22173108,3.624323
0.125,0.39666256,0.39666256,0.044062525,0.33531612,0.33531612,-0.75,-1.25629,0.28470835,3.2956846
0.125,0.39666256,0.39666256,0.044062525,0.33531612,0.33531612,-0.5,-1.00629,0.36557275,2.955748
0.125,0.39666256,0.39666256,0.044062525,0.33531612,0.33531612,-0.25,-0.75629,0.4694047,2.613325
0.125,0.39666256,0.39666256,0.044062525,0.33531612,0.33531612,0.0,-0.50629,0.60272753,2.281235
0.125,0.39666256,0.39666256,0.044062525,0.33531612,0.33531612,0.25,-0.25629002,0.7739175,2.0017
0.125,0.39666256,0.39666256,0.044062525,0.33531612,0.33531612,0.5,-0.0062900186,0.9937297,1.8620709
0.125,0.39666256,0.39666256,0.044062525,0.33531612,0.33531612,0.75,0.24370998,1.2759743,1.8491733
0.125,0.39666256,0.39666256,0.044062525,0.33531612,0.33531612,1.0,0.49370998,1.6383834,2.0179431
0.125,0.39666256,0.39666256,0.058750004,0.3500036,0.3500036,-1.0,-1.50629,0.22173108,3.726837
0.125,0.39666256,0.39666256,0.058750004,0.3500036,0.3500036,-0.75,-1.25629,0.28470835,3.404475
0.125,0.39666256,0.39666256,0.058750004,0.3500036,0.3500036,-0.5,-1.00629,0.36557275,3.069409
0.125,0.39666256,0.39666256,0.058750004,0.3500036,0.3500036,-0.25,-0.75629,0.4694047,2.7295878
0.125,0.39666256,0.39666256,0.058750004,0.3500036,0.3500036,0.0,-0.50629,0.60272753,2.395183
0.125,0.39666256,0.39666256,0.058750004,0.3500036,0.3500036,0.25,-0.25629002,0.7739175,2.0979986
0.125,0.39666256,0.39666256,0.058750004,0.3500036,0.3500036,0.5,-0.0062900186,0.9937297,1.928107
0.125,0.39666256,0.39666256,0.058750004,0.3500036,0.3500036,0.75,0.24370998,1.2759743,1.876859
0.125,0.39666256,0.39666256,0.058750004,0.3500036,0.3500036,1.0,0.49370998,1.6383834,1.9777999
0.125,0.39666256,0.39666256,0.07343748,0.36469108,0.36469108,-1.0,-1.50629,0.22173108,3.826363
0.125,0.39666256,0.39666256,0.07343748,0.36469108,0.36469108,-0.75,-1.25629,0.28470835,3.5086937
0.125,0.39666256,0.39666256,0.07343748,0.36469108,0.36469108,-0.5,-1.00629,0.36557275,3.1772482
0.125,0.39666256,0.39666256,0.07343748,0.36469108,0.36469108,-0.25,-0.75629,0.4694047,2.8394597
0.125,0.39666256,0.39666256,0.07343748,0.36469108,0.36469108,0.0,-0.50629,0.60272753,2.5030072
0.125,0.39666256,0.39666256,0.07343748,0.36469108,0.36469108,0.25,-0.25629002,0.7739175,2.1926928
0.125,0.39666256,0.39666256,0.07343748,0.36469108,0.36469108,0.5,-0.0062900186,0.9937297,1.9962215
0.125,0.39666256,0.39666256,0.07343748,0.36469108,0.36469108,0.75,0.24370998,1.2759743,1.9113007
0.125,0.39666256,0.39666256,0.07343748,0.36469108,0.36469108,1.0,0.49370998,1.6383834,1.9623369
0.125,0.39666256,0.39666256,0.08812502,0.37937862,0.37937862,-1.0,-1.50629,0.22173108,3.9088242
0.125,0.39666256,0.39666256,0.08812502,0.37937862,0.37937862,-0.75,-1.25629,0.28470835,3.5976915
0.125,0.39666256,0.39666256,0.08812502,0.37937862,0.37937862,-0.5,-1.00629,0.36557275,3.2725644
0.125,0.39666256,0.39666256,0.08812502,0.37937862,0.37937862,-0.25,-0.75629,0.4694047,2.9369593
0.125,0.39666256,0.39666256,0.08812502,0.37937862,0.37937862,0.0,-0.50629,0.60272753,2.5999937
0.125,0.39666256,0.39666256,0.08812502,0.37937862,0.37937862,0.25,-0.25629002,0.7739175,2.2810922
0.125,0.39666256,0.39666256,0.08812502,0.37937862,0.37937862,0.5,-0.0062900186,0.9937297,2.059633
0.125,0.39666256,0.39666256,0.08812502,0.37937862,0.37937862,0.75,0.24370998,1.2759743,1.9467773
0.125,0.39666256,0.39666256,0.08812502,0.37937862,0.37937862,1.0,0.49370998,1.6383834,1.9503086
0.125,0.39666256,0.39666256,0.1028125,0.3940661,0.3940661,-1.0,-1.50629,0.22173108,3.996494
0.125,0.39666256,0.39666256,0.1028125,0.3940661,0.3940661,-0.75,-1.25629,0.28470835,3.6935618
0.125,0.39666256,0.39666256,0.1028125,0.3940661,0.3940661,-0.5,-1.00629,0.36557275,3.3749268
0.125,0.39666256,0.39666256,0.1028125,0.3940661,0.3940661,-0.25,-0.75629,0.4694047,3.0420635
0.125,0.39666256,0.39666256,0.1028125,0.3940661,0.3940661,0.0,-0.50629,0.60272753,2.7035298
0.125,0.39666256,0.39666256,0.1028125,0.3940661,0.3940661,0.25,-0.25629002,0.7739175,2.3775983
0.125,0.39666256,0.39666256,0.1028125,0.3940661,0.3940661,0.5,-0.0062900186,0.9937297,2.1316402
0.125,0.39666256,0.39666256,0.1028125,0.3940661,0.3940661,0.75,0.24370998,1.2759743,1.9954433
0.125,0.39666256,0.39666256,0.1028125,0.3940661,0.3940661,1.0,0.49370998,1.6383834,1.959717
0.125,0.39666256,0.39666256,0.11749998,0.40875357,0.40875357,-1.0,-1.50629,0.22173108,4.0826554
0.125,0.39666256,0.39666256,0.11749998,0.40875357,0.40875357,-0.75,-1.25629,0.28470835,3.7857933
0.125,0.39666256,0.39666256,0.11749998,0.40875357,0.40875357,-0.5,-1.00629,0.36557275,3.4729073
0.125,0.39666256,0.39666256,0.11749998,0.40875357,0.40875357,-0.25,-0.75629,0.4694047,3.1446698
0.125,0.39666256,0.39666256,0.11749998,0.40875357,0.40875357,0.0,-0.50629,0.60272753,2.8063822
0.125,0.39666256,0.39666256,0.11749998,0.40875357,0.40875357,0.25,-0.25629002,0.7739175,2.4741225
0.125,0.39666256,0.39666256,0.11749998,0.40875357,0.40875357,0.5,-0.0062900186,0.9937297,2.2082703
0.125,0.39666256,0.39666256,0.11749998,0.40875357,0.40875357,0.75,0.24370998,1.2759743,2.0517502
0.125,0.39666256,0.39666256,0.11749998,0.40875357,0.40875357,1.0,0.49370998,1.6383834,1.9846022
0.125,0.39666256,0.39666256,0.13218752,0.4234411,0.4234411,-1.0,-1.50629,0.22173108,4.1616054
0.125,0.39666256,0.39666256,0.13218752,0.4234411,0.4234411,-0.75,-1.25629,0.28470835,3.8697758
0.125,0.39666256,0.39666256,0.13218752,0.4234411,0.4234411,-0.5,-1.00629,0.36557275,3.5611129
0.125,0.39666256,0.39666256,0.13218752,0.4234411,0.4234411,-0.25,-0.75629,0.4694047,3.2354102
0.125,0.39666256,0.39666256,0.13218752,0.4234411,0.4234411,0.0,-0.50629,0.60272753,2.8967779
0.125,0.39666256,0.39666256,0.13218752,0.4234411,0.4234411,0.25,-0.25629002,0.7739175,2.556632
0.125,0.39666256,0.39666256,0.13218752,0.4234411,0.4234411,0.5,-0.0062900186,0.9937297,2.26481
0.125,0.39666256,0.39666256,0.13218752,0.4234411,0.4234411,0.75,0.24370998,1.2759743,2.0915017
0.125,0.39666256,0.39666256,0.13218752,0.4234411,0.4234411,1.0,0.49370998,1.6383834,2.0038042
0.125,0.39666256,0.39666256,0.146875,0.4381286,0.4381286,-1.0,-1.50629,0.22173108,4.2466817
0.125,0.39666256,0.39666256,0.146875,0.4381286,0.4381286,-0.75,-1.25629,0.28470835,3.9588904
0.125,0.39666256,0.39666256,0.146875,0.4381286,0.4381286,-0.5,-1.00629,0.36557275,3.6545868
0.125,0.39666256,0.39666256,0.146875,0.4381286,0.4381286,-0.25,-0.75629,0.4694047,3.3336647
0.125,0.39666256,0.39666256,0.146875,0.4381286,0.4381286,0.0,-0.50629,0.60272753,2.9995785
0.125,0.39666256,0.39666256,0.146875,0.4381286,0.4381286,0.25,-0.25629002,0.7739175,2.6589434
0.125,0.39666256,0.39666256,0.146875,0.4381286,0.4381286,0.5,-0.0062900186,0.9937297,2.3495727
0.125,0.39666256,0.39666256,0.146875,0.4381286,0.4381286,0.75,0.24370998,1.2759743,2.1539264
0.125,0.39666256,0.39666256,0.146875,0.4381286,0.4381286,1.0,0.49370998,1.6383834,2.041578
0.125,0.39666256,0.39666256,0.16156247,0.45281607,0.45281607,-1.0,-1.50629,0.22173108,4.3091073
0.125,0.39666256,0.39666256,0.16156247,0.45281607,0.45281607,-0.75,-1.25629,0.28470835,4.023478
0.125,0.39666256,0.39666256,0.16156247,0.45281607,0.45281607,-0.5,-1.00629,0.36557275,3.7217853
0.125,0.39666256,0.39666256,0.16156247,0.45281607,0.45281607,-0.25,-0.75629,0.4694047,3.4018486
0.125,0.39666256,0.39666256,0.16156247,0.45281607,0.45281607,0.0,-0.50629,0.60272753,3.0641162
0.125,0.39666256,0.39666256,0.16156247,0.45281607,0.45281607,0.25,-0.25629002,0.7739175,2.716964
0.125,0.39666256,0.39666256,0.16156247,0.45281607,0.45281607,0.5,-0.0062900186,0.9937297,2.3904822
0.125,0.39666256,0.39666256,0.16156247,0.45281607,0.45281607,0.75,0.24370998,1.2759743,2.1739056
0.125,0.39666256,0.39666256,0.16156247,0.45281607,0.45281607,1.0,0.49370998,1.6383834,2.0425324
0.125,0.39666256,0.39666256,0.17625001,0.4675036,0.4675036,-1.0,-1.50629,0.22173108,4.357411
0.125,0.39666256,0.39666256,0.17625001,0.4675036,0.4675036,-0.75,-1.25629,0.28470835,4.0761466
0.125,0.39666256,0.39666256,0.17625001,0.4675036,0.4675036,-0.5,-1.00629,0.36557275,3.7757792
0.125,0.39666256,0.39666256,0.17625001,0.4675036,0.4675036,-0.25,-0.75629,0.4694047,3.4571297
0.125,0.39666256,0.39666256,0.17625001,0.4675036,0.4675036,0.0,-0.50629,0.60272753,3.1203992
0.125,0.39666256,0.39666256,0.17625001,0.4675036,0.4675036,0.25,-0.25629002,0.7739175,2.770209
0.125,0.39666256,0.39666256,0.17625001,0.4675036,0.4675036,0.5,-0.0062900186,0.9937297,2.432248
0.125,0.39666256,0.39666256,0.17625001,0.4675036,0.4675036,0.75,0.24370998,1.2759743,2.1941848
0.125,0.39666256,0.39666256,0.17625001,0.4675036,0.4675036,1.0,0.49370998,1.6383834,2.0414615
0.125,0.39666256,0.39666256,0.19093749,0.4821911,0.4821911,-1.0,-1.50629,0.22173108,4.417236
0.125,0.39666256,0.39666256,0.19093749,0.4821911,0.4821911,-0.75,-1.25629,0.28470835,4.137932
0.125,0.39666256,0.39666256,0.19093749,0.4821911,0.4821911,-0.5,-1.00629,0.36557275,3.8391187
0.125,0.39666256,0.39666256,0.19093749,0.4821911,0.4821911,-0.25,-0.75629,0.4694047,3.5199895
0.125,0.39666256,0.39666256,0.19093749,0.4821911,0.4821911,0.0,-0.50629,0.60272753,3.1807394
0.125,0.39666256,0.39666256,0.19093749,0.4821911,0.4821911,0.25,-0.25629002,0.7739175,2.8267791
0.125,0.39666256,0.39666256,0.19093749,0.4821911,0.4821911,0.5,-0.0062900186,0.9937297,2.4772348
0.125,0.39666256,0.39666256,0.19093749,0.4821911,0.4821911,0.75,0.24370998,1.2759743,2.217824
0.125,0.39666256,0.39666256,0.19093749,0.4821911,0.4821911,1.0,0.49370998,1.6383834,2.050655
0.125,0.39666256,0.39666256,0.20562503,0.49687862,0.49687862,-1.0,-1.50629,0.22173108,4.4680395
0.125,0.39666256,0.39666256,0.20562503,0.49687862,0.49687862,-0.75,-1.25629,0.28470835,4.1905117
0.125,0.39666256,0.39666256,0.20562503,0.49687862,0.49687862,-0.5,-1.00629,0.36557275,3.8934207
0.125,0.39666256,0.39666256,0.20562503,0.49687862,0.49687862,-0.25,-0.75629,0.4694047,3.5747805
0.125,0.39666256,0.39666256,0.20562503,0.49687862,0.49687862,0.0,-0.50629,0.60272753,3.2336361
0.125,0.39666256,0.39666256,0.20562503,0.49687862,0.49687862,0.25,-0.25629002,0.7739175,2.8740547
0.125,0.39666256,0.39666256,0.20562503,0.49687862,0.49687862,0.5,-0.0062900186,0.9937297,2.513641
0.125,0.39666256,0.39666256,0.20562503,0.49687862,0.49687862,0.75,0.24370998,1.2759743,2.2399414
0.125,0.39666256,0.39666256,0.20562503,0.49687862,0.49687862,1.0,0.49370998,1.6383834,2.0565035
0.125,0.39666256,0.39666256,0.2203125,0.5115661,0.5115661,-1.0,-1.50629,0.22173108,4.46642
0.125,0.39666256,0.39666256,0.2203125,0.5115661,0.5115661,-0.75,-1.25629,0.28470835,4.190664
0.125,0.39666256,0.39666256,0.2203125,0.5115661,0.5115661,-0.5,-1.00629,0.36557275,3.8969975
0.125,0.39666256,0.39666256,0.2203125,0.5115661,0.5115661,-0.25,-0.75629,0.4694047,3.582808
0.125,0.39666256,0.39666256,0.2203125,0.5115661,0.5115661,0.0,-0.50629,0.60272753,3.2461941
0.125,0.39666256,0.39666256,0.2203125,0.5115661,0.5115661,0.25,-0.25629002,0.7739175,2.8905375
0.125,0.39666256,0.39666256,0.2203125,0.5115661,0.5115661,0.5,-0.0062900186,0.9937297,2.5343156
0.125,0.39666256,0.39666256,0.2203125,0.5115661,0.5115661,0.75,0.24370998,1.2759743,2.259226
0.125,0.39666256,0.39666256,0.2203125,0.5115661,0.5115661,1.0,0.49370998,1.6383834,2.0668802
0.125,0.39666256,0.39666256,0.23499998,0.5262536,0.5262536,-1.0,-1.50629,0.22173108,4.410375
0.125,0.39666256,0.39666256,0.23499998,0.5262536,0.5262536,-0.75,-1.25629,0.28470835,4.129589
0.125,0.39666256,0.39666256,0.23499998,0.5262536,0.5262536,-0.5,-1.00629,0.36557275,3.828406
0.125,0.39666256,0.39666256,0.23499998,0.5262536,0.5262536,-0.25,-0.75629,0.4694047,3.508848
0.125,0.39666256,0.39666256,0.23499998,0.5262536,0.5262536,0.0,-0.50629,0.60272753,3.1695693
0.125,0.39666256,0.39666256,0.23499998,0.5262536,0.5262536,0.25,-0.25629002,0.7739175,2.8137784
0.125,0.39666256,0.39666256,0.23499998,0.5262536,0.5262536,0.5,-0.0062900186,0.9937297,2.4645267
0.125,0.39666256,0.39666256,0.23499998,0.5262536,0.5262536,0.75,0.24370998,1.2759743,2.1976576
0.125,0.39666256,0.39666256,0.23499998,0.5262536,0.5262536,1.0,0.49370998,1.6383834,2.008644
0.125,0.39666256,0.39666256,0.24968752,0.5409411,0.5409411,-1.0,-1.50629,0.22173108,4.4021235
0.125,0.39666256,0.39666256,0.24968752,0.5409411,0.5409411,-0.75,-1.25629,0.28470835,4.1205735
0.125,0.39666256,0.39666256,0.24968752,0.5409411,0.5409411,-0.5,-1.00629,0.36557275,3.8174636
0.125,0.39666256,0.39666256,0.24968752,0.5409411,0.5409411,-0.25,-0.75629,0.4694047,3.4967332
0.125,0.39666256,0.39666256,0.24968752,0.5409411,0.5409411,0.0,-0.50629,0.60272753,3.1631753
0.125,0.39666256,0.39666256,0.24968752,0.5409411,0.5409411,0.25,-0.25629002,0.7739175,2.8158822
0.125,0.39666256,0.39666256,0.24968752,0.5409411,0.5409411,0.5,-0.0062900186,0.9937297,2.4801037
0.125,0.39666256,0.39666256,0.24968752,0.5409411,0.5409411,0.75,0.24370998,1.2759743,2.2389774
0.125,0.39666256,0.39666256,0.24968752,0.5409411,0.5409411,1.0,0.49370998,1.6383834,2.0795805
0.125,0.39666256,0.39666256,0.264375,0.5556286,0.5556286,-1.0,-1.50629,0.22173108,4.345619
0.125,0.39666256,0.39666256,0.264375,0.5556286,0.5556286,-0.75,-1.25629,0.28470835,4.059461
0.125,0.39666256,0.39666256,0.264375,0.5556286,0.5556286,-0.5,-1.00629,0.36557275,3.7553742
0.125,0.39666256,0.39666256,0.264375,0.5556286,0.5556286,-0.25,-0.75629,0.4694047,3.4353056
0.125,0.39666256,0.39666256,0.264375,0.5556286,0.5556286,0.0,-0.50629,0.60272753,3.1013968
0.125,0.39666256,0.39666256,0.264375,0.5556286,0.5556286,0.25,-0.25629002,0.7739175,2.7564266
0.125,0.39666256,0.39666256,0.264375,0.5556286,0.5556286,0.5,-0.0062900186,0.9937297,2.4315717
0.125,0.39666256,0.39666256,0.264375,0.5556286,0.5556286,0.75,0.24370998,1.2759743,2.210013
0.125,0.39666256,0.39666256,0.264375,0.5556286,0.5556286,1.0,0.49370998,1.6383834,2.0629766
0.125,0.39666256,0.39666256,0.27906248,0.5703161,0.5703161,-1.0,-1.50629,0.22173108,4.2373075
0.125,0.39666256,0.39666256,0.27906248,0.5703161,0.5703161,-0.75,-1.25629,0.28470835,3.9453108
0.125,0.39666256,0.39666256,0.27906248,0.5703161,0.5703161,-0.5,-1.00629,0.36557275,3.6336067
0.125,0.39666256,0.39666256,0.27906248,0.5703161,0.5703161,-0.25,-0.75629,0.4694047,3.306586
0.125,0.39666256,0.39666256,0.27906248,0.5703161,0.5703161,0.0,-0.50629,0.60272753,2.966889
0.125,0.39666256,0.39666256,0.27906248,0.5703161,0.5703161,0.25,-0.25629002,0.7739175,2.620864
0.125,0.39666256,0.39666256,0.27906248,0.5703161,0.5703161,0.5,-0.0062900186,0.9937297,2.311676
0.125,0.39666256,0.39666256,0.27906248,0.5703161,0.5703161,0.75,0.24370998,1.2759743,2.1065943
0.125,0.39666256,0.39666256,0.27906248,0.5703161,0.5703161,1.0,0.49370998,1.6383834,1.9844177
0.125,0.39666256,0.39666256,0.29375002,0.5850036,0.5850036,-1.0,-1.50629,0.22173108,4.128152
0.125,0.39666256,0.39666256,0.29375002,0.5850036,0.5850036,-0.75,-1.25629,0.28470835,3.8279467
0.125,0.39666256,0.39666256,0.29375002,0.5850036,0.5850036,-0.5,-1.00629,0.36557275,3.5085225
0.125,0.39666256,0.39666256,0.29375002,0.5850036,0.5850036,-0.25,-0.75629,0.4694047,3.1747508
0.125,0.39666256,0.39666256,0.29375002,0.5850036,0.5850036,0.0,-0.50629,0.60272753,2.8298118
0.125,0.39666256,0.39666256,0.29375002,0.5850036,0.5850036,0.25,-0.25629002,0.7739175,2.487382
0.125,0.39666256,0.39666256,0.29375002,0.5850036,0.5850036,0.5,-0.0062900186,0.9937297,2.198605
0.125,0.39666256,0.39666256,0.29375002,0.5850036,0.5850036,0.75,0.24370998,1.2759743,2.0212305
0.125,0.39666256,0.39666256,0.29375002,0.5850036,0.5850036,1.0,0.49370998,1.6383834,1.9433748
0.125,0.39666256,0.39666256,0.3084375,0.5996911,0.5996911,-1.0,-1.50629,0.22173108,4.0285234
0.125,0.39666256,0.39666256,0.3084375,0.5996911,0.5996911,-0.75,-1.25629,0.28470835,3.7249694
0.125,0.39666256,0.39666256,0.3084375,0.5996911,0.5996911,-0.5,-1.00629,0.36557275,3.40649
0.125,0.39666256,0.39666256,0.3084375,0.5996911,0.5996911,-0.25,-0.75629,0.4694047,3.0763347
0.125,0.39666256,0.39666256,0.3084375,0.5996911,0.5996911,0.0,-0.50629,0.60272753,2.7401114
0.125,0.39666256,0.39666256,0.3084375,0.5996911,0.5996911,0.25,-0.25629002,0.7739175,2.4139695
0.125,0.39666256,0.39666256,0.3084375,0.5996911,0.5996911,0.5,-0.0062900186,0.9937297,2.1592908
0.125,0.39666256,0.39666256,0.3084375,0.5996911,0.5996911,0.75,0.24370998,1.2759743,2.016397
0.125,0.39666256,0.39666256,0.3084375,0.5996911,0.5996911,1.0,0.49370998,1.6383834,1.9873891
0.125,0.39666256,0.39666256,0.32312497,0.6143786,0.6143786,-1.0,-1.50629,0.22173108,3.9151332
0.125,0.39666256,0.39666256,0.32312497,0.6143786,0.6143786,-0.75,-1.25629,0.28470835,3.6043053
0.125,0.39666256,0.39666256,0.32312497,0.6143786,0.6143786,-0.5,-1.00629,0.36557275,3.2797506
0.125,0.39666256,0.39666256,0.32312497,0.6143786,0.6143786,-0.25,-0.75629,0.4694047,2.942878
0.125,0.39666256,0.39666256,0.32312497,0.6143786,0.6143786,0.0,-0.50629,0.60272753,2.6016688
0.125,0.39666256,0.39666256,0.32312497,0.6143786,0.6143786,0.25,-0.25629002,0.7739175,2.2751503
0.125,0.39666256,0.39666256,0.32312497,0.6143786,0.6143786,0.5,-0.0062900186,0.9937297,2.0407522
0.125,0.39666256,0.39666256,0.32312497,0.6143786,0.6143786,0.75,0.24370998,1.2759743,1.9203887
0.125,0.39666256,0.39666256,0.32312497,0.6143786,0.6143786,1.0,0.49370998,1.6383834,1.9311366
0.125,0.39666256,0.39666256,0.3378125,0.6290661,0.6290661,-1.0,-1.50629,0.22173108,3.804595
0.125,0.39666256,0.39666256,0.3378125,0.6290661,0.6290661,-0.75,-1.25629,0.28470835,3.4871716
0.125,0.39666256,0.39666256,0.3378125,0.6290661,0.6290661,-0.5,-1.00629,0.36557275,3.1565971
0.125,0.39666256,0.39666256,0.3378125,0.6290661,0.6290661,-0.25,-0.75629,0.4694047,2.817804
0.125,0.39666256,0.39666256,0.3378125,0.6290661,0.6290661,0.0,-0.50629,0.60272753,2.4818928
0.125,0.39666256,0.39666256,0.3378125,0.6290661,0.6290661,0.25,-0.25629002,0.7739175,2.1698465
0.125,0.39666256,0.39666256,0.3378125,0.6290661,0.6290661,0.5,-0.0062900186,0.9937297,1.9675496
0.125,0.39666256,0.39666256,0.3378125,0.6290661,0.6290661,0.75,0.24370998,1.2759743,1.8857181
0.125,0.39666256,0.39666256,0.3378125,0.6290661,0.6290661,1.0,0.49370998,1.6383834,1.959696
0.125,0.39666256,0.39666256,0.3525,0.6437536,0.6437536,-1.0,-1.50629,0.22173108,3.6979191
0.125,0.39666256,0.39666256,0.3525,0.6437536,0.6437536,-0.75,-1.25629,0.28470835,3.3754108
0.125,0.39666256,0.39666256,0.3525,0.6437536,0.6437536,-0.5,-1.00629,0.36557275,3.0417924
0.125,0.39666256,0.39666256,0.3525,0.6437536,0.6437536,-0.25,-0.75629,0.4694047,2.7048347
0.125,0.39666256,0.39666256,0.3525,0.6437536,0.6437536,0.0,-0.50629,0.60272753,2.3729765
0.125,0.39666256,0.39666256,0.3525,0.6437536,0.6437536,0.25,-0.25629002,0.7739175,2.0756822
0.125,0.39666256,0.39666256,0.3525,0.6437536,0.6437536,0.5,-0.0062900186,0.9937297,1.9042416
0.125,0.39666256,0.39666256,0.3525,0.6437536,0.6437536,0.75,0.24370998,1.2759743,1.8625777
0.125,0.39666256,0.39666256,0.3525,0.6437536,0.6437536,1.0,0.49370998,1.6383834,2.0020566
0.125,0.39666256,0.39666256,0.36718747,0.65844107,0.65844107,-1.0,-1.50629,0.22173108,3.5950973
0.125,0.39666256,0.39666256,0.36718747,0.65844107,0.65844107,-0.75,-1.25629,0.28470835,3.2679262
0.125,0.39666256,0.39666256,0.36718747,0.65844107,0.65844107,-0.5,-1.00629,0.36557275,2.9316192
0.125,0.39666256,0.39666256,0.36718747,0.65844107,0.65844107,-0.25,-0.75629,0.4694047,2.5950975
0.125,0.39666256,0.39666256,0.36718747,0.65844107,0.65844107,0.0,-0.50629,0.60272753,2.2673614
0.125,0.39666256,0.39666256,0.36718747,0.65844107,0.65844107,0.25,-0.25629002,0.7739175,1.9879643
0.125,0.39666256,0.39666256,0.36718747,0.65844107,0.65844107,0.5,-0.0062900186,0.9937297,1.8508389
0.125,0.39666256,0.39666256,0.36718747,0.65844107,0.65844107,0.75,0.24370998,1.2759743,1.8572197
0.125,0.39666256,0.39666256,0.36718747,0.65844107,0.65844107,1.0,0.49370998,1.6383834,2.0719562
0.125,0.39666256,0.39666256,0.381875,0.6731286,0.6731286,-1.0,-1.50629,0.22173108,3.5042617
0.125,0.39666256,0.39666256,0.381875,0.6731286,0.6731286,-0.75,-1.25629,0.28470835,3.1724327
0.125,0.39666256,0.39666256,0.381875,0.6731286,0.6731286,-0.5,-1.00629,0.36557275,2.8343139
0.125,0.39666256,0.39666256,0.381875,0.6731286,0.6731286,-0.25,-0.75629,0.4694047,2.4991791
0.125,0.39666256,0.39666256,0.381875,0.6731286,0.6731286,0.0,-0.50629,0.60272753,2.1774886
0.125,0.39666256,0.39666256,0.381875,0.6731286,0.6731286,0.25,-0.25629002,0.7739175,1.9208747
0.125,0.39666256,0.39666256,0.381875,0.6731286,0.6731286,0.5,-0.0062900186,0.9937297,1.8185191
0.125,0.39666256,0.39666256,0.381875,0.6731286,0.6731286,0.75,0.24370998,1.2759743,1.8735704
0.125,0.39666256,0.39666256,0.381875,0.6731286,0.6731286,1.0,0.49370998,1.6383834,2.1600232
0.125,0.39666256,0.39666256,0.3965625,0.6878161,0.6878161,-1.0,-1.50629,0.22173108,3.4192536
0.125,0.39666256,0.39666256,0.3965625,0.6878161,0.6878161,-0.75,-1.25629,0.28470835,3.0841305
0.125,0.39666256,0.39666256,0.3965625,0.6878161,0.6878161,-0.5,-1.00629,0.36557275,2.7455118
0.125,0.39666256,0.39666256,0.3965625,0.6878161,0.6878161,-0.25,-0.75629,0.4694047,2.4126196
0.125,0.39666256,0.39666256,0.3965625,0.6878161,0.6878161,0.0,-0.50629,0.60272753,2.099708
0.125,0.39666256,0.39666256,0.3965625,0.6878161,0.6878161,0.25,-0.25629002,0.7739175,1.8690075
0.125,0.39666256,0.39666256,0.3965625,0.6878161,0.6878161,0.5,-0.0062900186,0.9937297,1.7979393
0.125,0.39666256,0.39666256,0.3965625,0.6878161,0.6878161,0.75,0.24370998,1.2759743,1.9047012
0.125,0.39666256,0.39666256,0.3965625,0.6878161,0.6878161,1.0,0.49370998,1.6383834,2.2551928
0.125,0.39666256,0.39666256,0.41125003,0.7025036,0.7025036,-1.0,-1.50629,0.22173108,3.3334522
0.125,0.39666256,0.39666256,0.41125003,0.7025036,0.7025036,-0.75,-1.25629,0.28470835,2.9947236
0.125,0.39666256,0.39666256,0.41125003,0.7025036,0.7025036,-0.5,-1.00629,0.36557275,2.654742
0.125,0.39666256,0.39666256,0.41125003,0.7025036,0.7025036,-0.25,-0.75629,0.4694047,2.3230715
0.125,0.39666256,0.39666256,0.41125003,0.7025036,0.7025036,0.0,-0.50629,0.60272753,2.0172346
0.125,0.39666256,0.39666256,0.41125003,0.7025036,0.7025036,0.25,-0.25629002,0.7739175,1.8106229
0.125,0.39666256,0.39666256,0.41125003,0.7025036,0.7025036,0.5,-0.0062900186,0.9937297,1.7755315
0.125,0.39666256,0.39666256,0.41125003,0.7025036,0.7025036,0.75,0.24370998,1.2759743,1.9442453
0.125,0.39666256,0.39666256,0.41125003,0.7025036,0.7025036,1.0,0.49370998,1.6383834,2.3643098
0.125,0.39666256,0.39666256,0.4259375,0.7171911,0.7171911,-1.0,-1.50629,0.22173108,3.2615912
0.125,0.39666256,0.39666256,0.4259375,0.7171911,0.7171911,-0.75,-1.25629,0.28470835,2.9204817
0.125,0.39666256,0.39666256,0.4259375,0.7171911,0.7171911,-0.5,-1.00629,0.36557275,2.5806923
0.125,0.39666256,0.39666256,0.4259375,0.7171911,0.7171911,-0.25,-0.75629,0.4694047,2.2538397
0.125,0.39666256,0.39666256,0.4259375,0.7171911,0.7171911,0.0,-0.50629,0.60272753,1.959629
0.125,0.39666256,0.39666256,0.4259375,0.7171911,0.7171911,0.25,-0.25629002,0.7739175,1.7755371
0.125,0.39666256,0.39666256,0.4259375,0.7171911,0.7171911,0.5,-0.0062900186,0.9937297,1.7778299
0.125,0.39666256,0.39666256,0.4259375,0.7171911,0.7171911,0.75,0.24370998,1.2759743,1.9993539
0.125,0.39666256,0.39666256,0.4259375,0.7171911,0.7171911,1.0,0.49370998,1.6383834,2.469511
0.125,0.39666256,0.39666256,0.44062498,0.7318786,0.7318786,-1.0,-1.50629,0.22173108,3.1941504
0.125,0.39666256,0.39666256,0.44062498,0.7318786,0.7318786,-0.75,-1.25629,0.28470835,2.8511565
0.125,0.39666256,0.39666256,0.44062498,0.7318786,0.7318786,-0.5,-1.00629,0.36557275,2.5133483
0.125,0.39666256,0.39666256,0.44062498,0.7318786,0.7318786,-0.25,-0.75629,0.4694047,2.1924727
0.125,0.39666256,0.39666256,0.44062498,0.7318786,0.7318786,0.0,-0.50629,0.60272753,1.9097216
0.125,0.39666256,0.39666256,0.44062498,0.7318786,0.7318786,0.25,-0.25629002,0.7739175,1.7509532
0.125,0.39666256,0.39666256,0.44062498,0.7318786,0.7318786,0.5,-0.0062900186,0.9937297,1.7912207
0.125,0.39666256,0.39666256,0.44062498,0.7318786,0.7318786,0.75,0.24370998,1.2759743,2.0633621
0.125,0.39666256,0.39666256,0.44062498,0.7318786,0.7318786,1.0,0.49370998,1.6383834,2.5770013
0.125,0.39666256,0.39666256,0.45531252,0.7465661,0.7465661,-1.0,-1.50629,0.22173108,3.1280987
0.125,0.39666256,0.39666256,0.45531252,0.7465661,0.7465661,-0.75,-1.25629,0.28470835,2.7845323
0.125,0.39666256,0.39666256,0.45531252,0.7465661,0.7465661,-0.5,-1.00629,0.36557275,2.4492235
0.125,0.39666256,0.39666256,0.45531252,0.7465661,0.7465661,-0.25,-0.75629,0.4694047,2.1325104
0.125,0.39666256,0.39666256,0.45531252,0.7465661,0.7465661,0.0,-0.50629,0.60272753,1.8585416
0.125,0.39666256,0.39666256,0.45531252,0.7465661,0.7465661,0.25,-0.25629002,0.7739175,1.7259407
0.125,0.39666256,0.39666256,0.45531252,0.7465661,0.7465661,0.5,-0.0062900186,0.9937297,1.8055041
0.125,0.39666256,0.39666256,0.45531252,0.7465661,0.7465661,0.75,0.24370998,1.2759743,2.1234026
0.125,0.39666256,0.39666256,0.45531252,0.7465661,0.7465661,1.0,0.49370998,1.6383834,2.6800776
0.125,0.39666256,0.39666256,0.47,0.7612536,0.7612536,-1.0,-1.50629,0.22173108,3.0672476
0.125,0.39666256,0.39666256,0.47,0.7612536,0.7612536,-0.75,-1.25629,0.28470835,2.7241275
0.125,0.39666256,0.39666256,0.47,0.7612536,0.7612536,-0.5,-1.00629,0.36557275,2.39026
0.125,0.39666256,0.39666256,0.47,0.7612536,0.7612536,-0.25,-0.75629,0.4694047,2.075762
0.125,0.39666256,0.39666256,0.47,0.7612536,0.7612536,0.0,-0.50629,0.60272753,1.8102598
0.125,0.39666256,0.39666256,0.47,0.7612536,0.7612536,0.25,-0.25629002,0.7739175,1.7034417
0.125,0.39666256,0.39666256,0.47,0.7612536,0.7612536,0.5,-0.0062900186,0.9937297,1.8213078
0.125,0.39666256,0.39666256,0.47,0.7612536,0.7612536,0.75,0.24370998,1.2759743,2.181342
0.125,0.39666256,0.39666256,0.47,0.7612536,0.7612536,1.0,0.49370998,1.6383834,2.7703028
0.25,0.5216626,0.5216626,-0.47,-0.1787464,-0.1787464,-1.0,-1.50629,0.22173108,3.7014577
0.25,0.5216626,0.5216626,-0.47,-0.1787464,-0.1787464,-0.75,-1.25629,0.28470835,3.4175544
0.25,0.5216626,0.5216626,-0.47,-0.1787464,-0.1787464,-0.5,-1.00629,0.36557275,3.1295614
0.25,0.5216626,0.5216626,-0.47,-0.1787464,-0.1787464,-0.25,-0.75629,0.4694047,2.8530126
0.25,0.5216626,0.5216626,-0.47,-0.1787464,-0.1787464,0.0,-0.50629,0.60272753,2.6161697
0.25,0.5216626,0.5216626,-0.47,-0.1787464,-0.1787464,0.25,-0.25629002,0.7739175,2.4425569
0.25,0.5216626,0.5216626,-0.47,-0.1787464,-0.1787464,0.5,-0.0062900186,0.9937297,2.3738687
0.25,0.5216626,0.5216626,-0.47,-0.1787464,-0.1787464,0.75,0.24370998,1.2759743,2.4818816
0.25,0.5216626,0.5216626,-0.47,-0.1787464,-0.1787464,1.0,0.49370998,1.6383834,2.748857
0.25,0.5216626,0.5216626,-0.4553125,-0.1640589,-0.1640589,-1.0,-1.50629,0.22173108,3.7014577
0.25,0.5216626,0.5216626,-0.4553125,-0.1640589,-0.1640589,-0.75,-1.25629,0.28470835,3.4175544
0.25,0.5216626,0.5216626,-0.4553125,-0.1640589,-0.1640589,-0.5,-1.00629,0.36557275,3.1295614
0.25,0.5216626,0.5216626,-0.4553125,-0.1640589,-0.1640589,-0.25,-0.75629,0.4694047,2.8530126
0.25,0.5216626,0.5216626,-0.4553125,-0.1640589,-0.1640589,0.0,-0.50629,0.60272753,2.6161697
0.25,0.5216626,0.5216626,-0.4553125,-0.1640589,-0.1640589,0.25,-0.25629002,0.7739175,2.4425569
0.25,0.5216626,0.5216626,-0.4553125,-0.1640589,-0.1640589,0.5,-0.0062900186,0.9937297,2.3738687
0.25,0.5216626,0.5216626,-0.4553125,-0.1640589,-0.1640589,0.75,0.24370998,1.2759743,2.4818816
0.25,0.5216626,0.5216626,-0.4553125,-0.1640589,-0.1640589,1.0,0.49370998,1.6383834,2.748857
0.25,0.5216626,0.5216626,-0.440625,-0.14937142,-0.14937142,-1.0,-1.50629,0.22173108,3.7014577
0.25,0.5216626,0.5216626,-0.440625,-0.14937142,-0.14937142,-0.75,-1.25629,0.28470835,3.4175544
0.25,0.5216626,0.5216626,-0.440625,-0.14937142,-0.14937142,-0.5,-1.00629,0.36557275,3.1295614
0.25,0.5216626,0.5216626,-0.440625,-0.14937142,-0.14937142,-0.25,-0.75629,0.4694047,2.8530126
0.25,0.5216626,0.5216626,-0.440625,-0.14937142,-0.14937142,0.0,-0.50629,0.60272753,2.6161697
0.25,0.5216626,0.5216626,-0.440625,-0.14937142,-0.14937142,0.25,-0.25629002,0.7739175,2.4425569
0.25,0.5216626,0.5216626,-0.440625,-0.14937142,-0.14937142,0.5,-0.0062900186,0.9937297,2.3738687
0.25,0.5216626,0.5216626,-0.440625,-0.14937142,-0.14937142,0.75,0.24370998,1.2759743,2.4818816
0.25,0.5216626,0.5216626,-0.440625,-0.14937142,-0.14937142,1.0,0.49370998,1.6383834,2.748857
0.25,0.5216626,0.5216626,-0.4259375,-0.1346839,-0.1346839,-1.0,-1.50629,0.22173108,3.7014577
0.25,0.5216626,0.5216626,-0.4259375,-0.1346839,-0.1346839,-0.75,-1.25629,0.28470835,3.4175544
0.25,0.5216626,0.5216626,-0.4259375,-0.1346839,-0.1346839,-0.5,-1.00629,0.36557275,3.1295614
0.25,0.5216626,0.5216626,-0.4259375,-0.1346839,-0.1346839,-0.25,-0.75629,0.4694047,2.8530126
0.25,0.5216626,0.5216626,-0.4259375,-0.1346839,-0.1346839,0.0,-0.50629,0.60272753,2.6161697
0.25,0.5216626,0.5216626,-0.4259375,-0.1346839,-0.1346839,0.25,-0.25629002,0.7739175,2.4425569
0.25,0.5216626,0.5216626,-0.4259375,-0.1346839,-0.1346839,0.5,-0.0062900186,0.9937297,2.3738687
0.25,0.5216626,0.5216626,-0.4259375,-0.1346839,-0.1346839,0.75,0.24370998,1.2759743,2.4818816
0.25,0.5216626,0.5216626,-0.4259375,-0.1346839,-0.1346839,1.0,0.49370998,1.6383834,2.748857
0.25,0.5216626,0.5216626,-0.41125,-0.1199964,-0.1199964,-1.0,-1.50629,0.22173108,3.7014577
0.25,0.5216626,0.5216626,-0.41125,-0.1199964,-0.1199964,-0.75,-1.25629,0.28470835,3.4175544
0.25,0.5216626,0.5216626,-0.41125,-0.1199964,-0.1199964,-0.5,-1.00629,0.36557275,3.1295614
0.25,0.5216626,0.5216626,-0.41125,-0.1199964,-0.1199964,-0.25,-0.75629,0.4694047,2.8530126
0.25,0.5216626,0.5216626,-0.41125,-0.1199964,-0.1199964,0.0,-0.50629,0.60272753,2.6161697
0.25,0.5216626,0.5216626,-0.41125,-0.1199964,-0.1199964,0.25,-0.25629002,0.7739175,2.4425569
0.25,0.5216626,0.5216626,-0.41125,-0.1199964,-0.1199964,0.5,-0.0062900186,0.9937297,2.3738687
0.25,0.5216626,0.5216626,-0.41125,-0.1199964,-0.1199964,0.75,0.24370998,1.2759743,2.4818816
0.25,0.5216626,0.5216626,-0.41125,-0.1199964,-0.1199964,1.0,0.49370998,1.6383834,2.748857
0.25,0.5216626,0.5216626,-0.39656252,-0.10530892,-0.10530892,-1.0,-1.50629,0.22173108,3.7014577
0.25,0.5216626,0.5216626,-0.39656252,-0.10530892,-0.10530892,-0.75,-1.25629,0.28470835,3.4175544
0.25,0.5216626,0.5216626,-0.39656252,-0.10530892,-0.10530892,-0.5,-1.00629,0.36557275,3.1295614
0.25,0.5216626,0.5216626,-0.39656252,-0.10530892,-0.10530892,-0.25,-0.75629,0.4694047,2.8530126
0.25,0.5216626,0.5216626,-0.39656252,-0.10530892,-0.10530892,0.0,-0.50629,0.60272753,2.6161697
0.25,0.5216626,0.5216626,-0.39656252,-0.10530892,-0.10530892,0.25,-0.25629002,0.7739175,2.4425569
0.25,0.5216626,0.5216626,-0.39656252,-0.10530892,-0.10530892,0.5,-0.0062900186,0.9937297,2.3738687
0.25,0.5216626,0.5216626,-0.39656252,-0.10530892,-0.10530892,0.75,0.24370998,1.2759743,2.4818816
0.25,0.5216626,0.5216626,-0.39656252,-0.10530892,-0.10530892,1.0,0.49370998,1.6383834,2.748857
0.25,0.5216626,0.5216626,-0.381875,-0.09062141,-0.09062141,-1.0,-1.50629,0.22173108,3.7014577
0.25,0.5216626,0.5216626,-0.381875,-0.09062141,-0.09062141,-0.75,-1.25629,0.28470835,3.4175544
0.25,0.5216626,0.5216626,-0.381875,-0.09062141,-0.09062141,-0.5,-1.00629,0.36557275,3.1295614
0.25,0.5216626,0.5216626,-0.381875,-0.09062141,-0.09062141,-0.25,-0.75629,0.4694047,2.8530126
0.25,0.5216626,0.5216626,-0.381875,-0.09062141,-0.09062141,0.0,-0.50629,0.60272753,2.6161697
0.25,0.5216626,0.5216626,-0.381875,-0.09062141,-0.09062141,0.25,-0.25629002,0.7739175,2.4425569
0.25,0.5216626,0.5216626,-0.381875,-0.09062141,-0.09062141,0.5,-0.0062900186,0.9937297,2.3738687
0.25,0.5216626,0.5216626,-0.381875,-0.09062141,-0.09062141,0.75,0.24370998,1.2759743,2.4818816
0.25,0.5216626,0.5216626,-0.381875,-0.09062141,-0.09062141,1.0,0.49370998,1.6383834,2.748857
0.25,0.5216626,0.5216626,-0.3671875,-0.0759339,-0.0759339,-1.0,-1.50629,0.22173108,3.7014577
0.25,0.5216626,0.5216626,-0.3671875,-0.0759339,-0.0759339,-0.75,-1.25629,0.28470835,3.4175544
0.25,0.5216626,0.5216626,-0.3671875,-0.0759339,-0.0759339,-0.5,-1.00629,0.36557275,3.1295614
0.25,0.5216626,0.5216626,-0.3671875,-0.0759339,-0.0759339,-0.25,-0.75629,0.4694047,2.8530126
0.25,0.5216626,0.5216626,-0.3671875,-0.0759339,-0.0759339,0.0,-0.50629,0.60272753,2.6161697
0.25,0.5216626,0.5216626,-0.3671875,-0.0759339,-0.0759339,0.25,-0.25629002,0.7739175,2.4425569
0.25,0.5216626,0.5216626,-0.3671875,-0.0759339,-0.0759339,0.5,-0.0062900186,0.9937297,2.3738687
0.25,0.5216626,0.5216626,-0.3671875,-0.0759339,-0.0759339,0.75,0.24370998,1.2759743,2.4818816
0.25,0.5216626,0.5216626,-0.3671875,-0.0759339,-0.0759339,1.0,0.49370998,1.6383834,2.748857
0.25,0.5216626,0.5216626,-0.3525,-0.061246395,-0.061246395,-1.0,-1.50629,0.22173108,3.7014577
0.25,0.5216626,0.5216626,-0.3525,-0.061246395,-0.061246395,-0.75,-1.25629,0.28470835,3.4175544
0.25,0.5216626,0.5216626,-0.3525,-0.061246395,-0.061246395,-0.5,-1.00629,0.36557275,3.1295614
0.25,0.5216626,0.5216626,-0.3525,-0.061246395,-0.061246395,-0.25,-0.75629,0.4694047,2.8530126
0.25,0.5216626,0.5216626,-0.3525,-0.061246395,-0.061246395,0.0,-0.50629,0.60272753,2.6161697
0.25,0.5216626,0.5216626,-0.3525,-0.061246395,-0.061246395,0.25,-0.25629002,0.7739175,2.4425569
0.25,0.5216626,0.5216626,-0.3525,-0.061246395,-0.061246395,0.5,-0.0062900186,0.9937297,2.3738687
0.25,0.5216626,0.5216626,-0.3525,-0.061246395,-0.061246395,0.75,0.24370998,1.2759743,2.4818816
0.25,0.5216626,0.5216626,-0.3525,-0.061246395,-0.061246395,1.0,0.49370998,1.6383834,2.748857
0.25,0.5216626,0.5216626,-0.33781248,-0.046558887,-0.046558887,-1.0,-1.50629,0.22173108,3.7014577
0.25,0.5216626,0.5216626,-0.33781248,-0.046558887,-0.046558887,-0.75,-1.25629,0.28470835,3.4175544
0.25,0.5216626,0.5216626,-0.33781248,-0.046558887,-0.046558887,-0.5,-1.00629,0.36557275,3.1295614
0.25,0.5216626,0.5216626,-0.33781248,-0.046558887,-0.046558887,-0.25,-0.75629,0.4694047,2.8530126
0.25,0.5216626,0.5216626,-0.33781248,-0.046558887,-0.046558887,0.0,-0.50629,0.60272753,2.6161697
0.25,0.5216626,0.5216626,-0.33781248,-0.046558887,-0.046558887,0.25,-0.25629002,0.7739175,2.4425569
0.25,0.5216626,0.5216626,-0.33781248,-0.046558887,-0.046558887,0.5,-0.0062900186,0.9937297,2.3738687
0.25,0.5216626,0.5216626,-0.33781248,-0.046558887,-0.046558887,0.75,0.24370998,1.2759743,2.4818816
0.25,0.5216626,0.5216626,-0.33781248,-0.046558887,-0.046558887,1.0,0.49370998,1.6383834,2.748857
0.25,0.5216626,0.5216626,-0.323125,-0.03187141,-0.03187141,-1.0,-1.50629,0.22173108,3.7014577
0.25,0.5216626,0.5216626,-0.323125,-0.03187141,-0.03187141,-0.75,-1.25629,0.28470835,3.4175544
0.25,0.5216626,0.5216626,-0.323125,-0.03187141,-0.03187141,-0.5,-1.00629,0.36557275,3.1295614
0.25,0.5216626,0.5216626,-0.323125,-0.03187141,-0.03187141,-0.25,-0.75629,0.4694047,2.8530126
0.25,0.5216626,0.5216626,-0.323125,-0.03187141,-0.03187141,0.0,-0.50629,0.60272753,2.6161697
0.25,0.5216626,0.5216626,-0.323125,-0.03187141,-0.03187141,0.25,-0.25629002,0.7739175,2.4425569
0.25,0.5216626,0.5216626,-0.323125,-0.03187141,-0.03187141,0.5,-0.0062900186,0.9937297,2.3738687
0.25,0.5216626,0.5216626,-0.323125,-0.03187141,-0.03187141,0.75,0.24370998,1.2759743,2.4818816
0.25,0.5216626,0.5216626,-0.323125,-0.03187141,-0.03187141,1.0,0.49370998,1.6383834,2.748857
0.25,0.5216626,0.5216626,-0.3084375,-0.0171839,-0.0171839,-1.0,-1.50629,0.22173108,3.7014577
0.25,0.5216626,0.5216626,-0.3084375,-0.0171839,-0.0171839,-0.75,-1.25629,0.28470835,3.4175544
0.25,0.5216626,0.5216626,-0.3084375,-0.0171839,-0.0171839,-0.5,-1.00629,0.36557275,3.1295614
0.25,0.5216626,0.5216626,-0.3084375,-0.0171839,-0.0171839,-0.25,-0.75629,0.4694047,2.8530126
0.25,0.5216626,0.5216626,-0.3084375,-0.0171839,-0.0171839,0.0,-0.50629,0.60272753,2.6161697
0.25,0.5216626,0.5216626,-0.3084375,-0.0171839,-0.0171839,0.25,-0.25629002,0.7739175,2.4425569
0.25,0.5216626,0.5216626,-0.3084375,-0.0171839,-0.0171839,0.5,-0.0062900186,0.9937297,2.3738687
0.25,0.5216626,0.5216626,-0.3084375,-0.0171839,-0.0171839,0.75,0.24370998,1.2759743,2.4818816
0.25,0.5216626,0.5216626,-0.3084375,-0.0171839,-0.0171839,1.0,0.49370998,1.6383834,2.748857
0.25,0.5216626,0.5216626,-0.29375,-0.0024963915,-0.0024963915,-1.0,-1.50629,0.22173108,3.7014577
0.25,0.5216626,0.5216626,-0.29375,-0.0024963915,-0.0024963915,-0.75,-1.25629,0.28470835,3.4175544
0.25,0.5216626,0.5216626,-0.29375,-0.0024963915,-0.0024963915,-0.5,-1.00629,0.36557275,3.1295614
0.25,0.5216626,0.5216626,-0.29375,-0.0024963915,-0.0024963915,-0.25,-0.75629,0.4694047,2.8530126
0.25,0.5216626,0.5216626,-0.29375,-0.0024963915,-0.0024963915,0.0,-0.50629,0.60272753,2.6161697
0.25,0.5216626,0.5216626,-0.29375,-0.0024963915,-0.0024963915,0.25,-0.25629002,0.7739175,2.4425569
0.25,0.5216626,0.5216626,-0.29375,-0.0024963915,-0.0024963915,0.5,-0.0062900186,0.9937297,2.3738687
0.25,0.5216626,0.5216626,-0.29375,-0.0024963915,-0.0024963915,0.75,0.24370998,1.2759743,2.4818816
0.25,0.5216626,0.5216626,-0.29375,-0.0024963915,-0.0024963915,1.0,0.49370998,1.6383834,2.748857
0.25,0.5216626,0.5216626,-0.2790625,0.012191087,0.012191087,-1.0,-1.50629,0.22173108,3.6807413
0.25,0.5216626,0.5216626,-0.2790625,0.012191087,0.012191087,-0.75,-1.25629,0.28470835,3.3951223
0.25,0.5216626,0.5216626,-0.2790625,0.012191087,0.012191087,-0.5,-1.00629,0.36557275,3.1055715
0.25,0.5216626,0.5216626,-0.2790625,0.012191087,0.012191087,-0.25,-0.75629,0.4694047,2.8289688
0.25,0.5216626,0.5216626,-0.2790625,0.012191087,0.012191087,0.0,-0.50629,0.60272753,2.592151
0.25,0.5216626,0.5216626,-0.2790625,0.012191087,0.012191087,0.25,-0.25629002,0.7739175,2.4201555
0.25,0.5216626,0.5216626,-0.2790625,0.012191087,0.012191087,0.5,-0.0062900186,0.9937297,2.356907
0.25,0.5216626,0.5216626,-0.2790625,0.012191087,0.012191087,0.75,0.24370998,1.2759743,2.4727757
0.25,0.5216626,0.5216626,-0.2790625,0.012191087,0.012191087,1.0,0.49370998,1.6383834,2.7513525
0.25,0.5216626,0.5216626,-0.264375,0.026878595,0.026878595,-1.0,-1.50629,0.22173108,3.5598671
0.25,0.5216626,0.5216626,-0.264375,0.026878595,0.026878595,-0.75,-1.25629,0.28470835,3.2671297
0.25,0.5216626,0.5216626,-0.264375,0.026878595,0.026878595,-0.5,-1.00629,0.36557275,2.9723928
0.25,0.5216626,0.5216626,-0.264375,0.026878595,0.026878595,-0.25,-0.75629,0.4694047,2.6922038
0.25,0.5216626,0.5216626,-0.264375,0.026878595,0.026878595,0.0,-0.50629,0.60272753,2.4555323
0.25,0.5216626,0.5216626,-0.264375,0.026878595,0.026878595,0.25,-0.25629002,0.7739175,2.2939682
0.25,0.5216626,0.5216626,-0.264375,0.026878595,0.026878595,0.5,-0.0062900186,0.9937297,2.2625878
0.25,0.5216626,0.5216626,-0.264375,0.026878595,0.026878595,0.75,0.24370998,1.2759743,2.419753
0.25,0.5216626,0.5216626,-0.264375,0.026878595,0.026878595,1.0,0.49370998,1.6383834,2.754853
0.25,0.5216626,0.5216626,-0.2496875,0.041566104,0.041566104,-1.0,-1.50629,0.22173108,3.4435701
0.25,0.5216626,0.5216626,-0.2496875,0.041566104,0.041566104,-0.75,-1.25629,0.28470835,3.1428862
0.25,0.5216626,0.5216626,-0.2496875,0.041566104,0.041566104,-0.5,-1.00629,0.36557275,2.8415616
0.25,0.5216626,0.5216626,-0.2496875,0.041566104,0.041566104,-0.25,-0.75629,0.4694047,2.5573509
0.25,0.5216626,0.5216626,-0.2496875,0.041566104,0.041566104,0.0,-0.50629,0.60272753,2.3206236
0.25,0.5216626,0.5216626,-0.2496875,0.041566104,0.041566104,0.25,-0.25629002,0.7739175,2.1689847
0.25,0.5216626,0.5216626,-0.2496875,0.041566104,0.041566104,0.5,-0.0062900186,0.9937297,2.170723
0.25,0.5216626,0.5216626,-0.2496875,0.041566104,0.041566104,0.75,0.24370998,1.2759743,2.3704042
0.25,0.5216626,0.5216626,-0.2496875,0.041566104,0.041566104,1.0,0.49370998,1.6383834,2.7611742
0.25,0.5216626,0.5216626,-0.235,0.056253597,0.056253597,-1.0,-1.50629,0.22173108,3.3253493
0.25,0.5216626,0.5216626,-0.235,0.056253597,0.056253597,-0.75,-1.25629,0.28470835,3.0182726
0.25,0.5216626,0.5216626,-0.235,0.056253597,0.056253597,-0.5,-1.00629,0.36557275,2.71232
0.25,0.5216626,0.5216626,-0.235,0.056253597,0.056253597,-0.25,-0.75629,0.4694047,2.425864
0.25,0.5216626,0.5216626,-0.235,0.056253597,0.056253597,0.0,-0.50629,0.60272753,2.1948152
0.25,0.5216626,0.5216626,-0.235,0.056253597,0.056253597,0.25,-0.25629002,0.7739175,2.0580766
0.25,0.5216626,0.5216626,-0.235,0.056253597,0.056253597,0.5,-0.0062900186,0.9937297,2.0964
0.25,0.5216626,0.5216626,-0.235,0.056253597,0.056253597,0.75,0.24370998,1.2759743,2.3474362
0.25,0.5216626,0.5216626,-0.235,0.056253597,0.056253597,1.0,0.49370998,1.6383834,2.8061943
0.25,0.5216626,0.5216626,-0.2203125,0.07094109,0.07094109,-1.0,-1.50629,0.22173108,3.219609
0.25,0.5216626,0.5216626,-0.2203125,0.07094109,0.07094109,-0.75,-1.25629,0.28470835,2.906656
0.25,0.5216626,0.5216626,-0.2203125,0.07094109,0.07094109,-0.5,-1.00629,0.36557275,2.5976305
0.25,0.5216626,0.5216626,-0.2203125,0.07094109,0.07094109,-0.25,-0.75629,0.4694047,2.3113968
0.25,0.5216626,0.5216626,-0.2203125,0.07094109,0.07094109,0.0,-0.50629,0.60272753,2.089473
0.25,0.5216626,0.5216626,-0.2203125,0.07094109,0.07094109,0.25,-0.25629002,0.7739175,1.9711053
0.25,0.5216626,0.5216626,-0.2203125,0.07094109,0.07094109,0.5,-0.0062900186,0.9937297,2.0513294
0.25,0.5216626,0.5216626,-0.2203125,0.07094109,0.07094109,0.75,0.24370998,1.2759743,2.3573864
0.25,0.5216626,0.5216626,-0.2203125,0.07094109,0.07094109,1.0,0.49370998,1.6383834,2.8828866
0.25,0.5216626,0.5216626,-0.205625,0.0856286,0.0856286,-1.0,-1.50629,0.22173108,3.121289
0.25,0.5216626,0.5216626,-0.205625,0.0856286,0.0856286,-0.75,-1.25629,0.28470835,2.804191
0.25,0.5216626,0.5216626,-0.205625,0.0856286,0.0856286,-0.5,-1.00629,0.36557275,2.493077
0.25,0.5216626,0.5216626,-0.205625,0.0856286,0.0856286,-0.25,-0.75629,0.4694047,2.2090857
0.25,0.5216626,0.5216626,-0.205625,0.0856286,0.0856286,0.0,-0.50629,0.60272753,1.9972246
0.25,0.5216626,0.5216626,-0.205625,0.0856286,0.0856286,0.25,-0.25629002,0.7739175,1.9037626
0.25,0.5216626,0.5216626,-0.205625,0.0856286,0.0856286,0.5,-0.0062900186,0.9937297,2.0304408
0.25,0.5216626,0.5216626,-0.205625,0.0856286,0.0856286,0.75,0.24370998,1.2759743,2.3916469
0.25,0.5216626,0.5216626,-0.205625,0.0856286,0.0856286,1.0,0.49370998,1.6383834,2.9813757
0.25,0.5216626,0.5216626,-0.19093749,0.10031611,0.10031611,-1.0,-1.50629,0.22173108,3.0241418
0.25,0.5216626,0.5216626,-0.19093749,0.10031611,0.10031611,-0.75,-1.25629,0.28470835,2.7037807
0.25,0.5216626,0.5216626,-0.19093749,0.10031611,0.10031611,-0.5,-1.00629,0.36557275,2.3933175
0.25,0.5216626,0.5216626,-0.19093749,0.10031611,0.10031611,-0.25,-0.75629,0.4694047,2.1151133
0.25,0.5216626,0.5216626,-0.19093749,0.10031611,0.10031611,0.0,-0.50629,0.60272753,1.917652
0.25,0.5216626,0.5216626,-0.19093749,0.10031611,0.10031611,0.25,-0.25629002,0.7739175,1.8528358
0.25,0.5216626,0.5216626,-0.19093749,0.10031611,0.10031611,0.5,-0.0062900186,0.9937297,2.0273576
0.25,0.5216626,0.5216626,-0.19093749,0.10031611,0.10031611,0.75,0.24370998,1.2759743,2.4448729
0.25,0.5216626,0.5216626,-0.19093749,0.10031611,0.10031611,1.0,0.49370998,1.6383834,3.0945654
0.25,0.5216626,0.5216626,-0.17625001,0.115003586,0.115003586,-1.0,-1.50629,0.22173108,2.9320374
0.25,0.5216626,0.5216626,-0.17625001,0.115003586,0.115003586,-0.75,-1.25629,0.28470835,2.609213
0.25,0.5216626,0.5216626,-0.17625001,0.115003586,0.115003586,-0.5,-1.00629,0.36557275,2.2972286
0.25,0.5216626,0.5216626,-0.17625001,0.115003586,0.115003586,-0.25,-0.75629,0.4694047,2.022861
0.25,0.5216626,0.5216626,-0.17625001,0.115003586,0.115003586,0.0,-0.50629,0.60272753,1.841437
0.25,0.5216626,0.5216626,-0.17625001,0.115003586,0.115003586,0.25,-0.25629002,0.7739175,1.8106894
0.25,0.5216626,0.5216626,-0.17625001,0.115003586,0.115003586,0.5,-0.0062900186,0.9937297,2.045595
0.25,0.5216626,0.5216626,-0.17625001,0.115003586,0.115003586,0.75,0.24370998,1.2759743,2.5183845
0.25,0.5216626,0.5216626,-0.17625001,0.115003586,0.115003586,1.0,0.49370998,1.6383834,3.2166097
0.25,0.5216626,0.5216626,-0.1615625,0.1296911,0.1296911,-1.0,-1.50629,0.22173108,2.8512754
0.25,0.5216626,0.5216626,-0.1615625,0.1296911,0.1296911,-0.75,-1.25629,0.28470835,2.5268974
0.25,0.5216626,0.5216626,-0.1615625,0.1296911,0.1296911,-0.5,-1.00629,0.36557275,2.217485
0.25,0.5216626,0.5216626,-0.1615625,0.1296911,0.1296911,-0.25,-0.75629,0.4694047,1.9510059
0.25,0.5216626,0.5216626,-0.1615625,0.1296911,0.1296911,0.0,-0.50629,0.60272753,1.7875737
0.25,0.5216626,0.5216626,-0.1615625,0.1296911,0.1296911,0.25,-0.25629002,0.7739175,1.8003387
0.25,0.5216626,0.5216626,-0.1615625,0.1296911,0.1296911,0.5,-0.0062900186,0.9937297,2.0948641
0.25,0.5216626,0.5216626,-0.1615625,0.1296911,0.1296911,0.75,0.24370998,1.2759743,2.6182342
0.25,0.5216626,0.5216626,-0.1615625,0.1296911,0.1296911,1.0,0.49370998,1.6383834,3.350649
0.25,0.5216626,0.5216626,-0.146875,0.1443786,0.1443786,-1.0,-1.50629,0.22173108,2.7677047
0.25,0.5216626,0.5216626,-0.146875,0.1443786,0.1443786,-0.75,-1.25629,0.28470835,2.4401908
0.25,0.5216626,0.5216626,-0.146875,0.1443786,0.1443786,-0.5,-1.00629,0.36557275,2.132065
0.25,0.5216626,0.5216626,-0.146875,0.1443786,0.1443786,-0.25,-0.75629,0.4694047,1.8743931
0.25,0.5216626,0.5216626,-0.146875,0.1443786,0.1443786,0.0,-0.50629,0.60272753,1.732013
0.25,0.5216626,0.5216626,-0.146875,0.1443786,0.1443786,0.25,-0.25629002,0.7739175,1.7953147
0.25,0.5216626,0.5216626,-0.146875,0.1443786,0.1443786,0.5,-0.0062900186,0.9937297,2.1427107
0.25,0.5216626,0.5216626,-0.146875,0.1443786,0.1443786,0.75,0.24370998,1.2759743,2.7148473
0.25,0.5216626,0.5216626,-0.146875,0.1443786,0.1443786,1.0,0.49370998,1.6383834,3.4851646
0.25,0.5216626,0.5216626,-0.13218749,0.15906611,0.15906611,-1.0,-1.50629,0.22173108,2.7086918
0.25,0.5216626,0.5216626,-0.13218749,0.15906611,0.15906611,-0.75,-1.25629,0.28470835,2.380113
0.25,0.5216626,0.5216626,-0.13218749,0.15906611,0.15906611,-0.5,-1.00629,0.36557275,2.0747566
0.25,0.5216626,0.5216626,-0.13218749,0.15906611,0.15906611,-0.25,-0.75629,0.4694047,1.8295262
0.25,0.5216626,0.5216626,-0.13218749,0.15906611,0.15906611,0.0,-0.50629,0.60272753,1.7183582
0.25,0.5216626,0.5216626,-0.13218749,0.15906611,0.15906611,0.25,-0.25629002,0.7739175,1.8367981
0.25,0.5216626,0.5216626,-0.13218749,0.15906611,0.15906611,0.5,-0.0062900186,0.9937297,2.229058
0.25,0.5216626,0.5216626,-0.13218749,0.15906611,0.15906611,0.75,0.24370998,1.2759743,2.8323069
0.25,0.5216626,0.5216626,-0.13218749,0.15906611,0.15906611,1.0,0.49370998,1.6383834,3.628501
0.25,0.5216626,0.5216626,-0.11750001,0.17375359,0.17375359,-1.0,-1.50629,0.22173108,2.6871908
0.25,0.5216626,0.5216626,-0.11750001,0.17375359,0.17375359,-0.75,-1.25629,0.28470835,2.3567894
0.25,0.5216626,0.5216626,-0.11750001,0.17375359,0.17375359,-0.5,-1.00629,0.36557275,2.0527673
0.25,0.5216626,0.5216626,-0.11750001,0.17375359,0.17375359,-0.25,-0.75629,0.4694047,1.8170403
0.25,0.5216626,0.5216626,-0.11750001,0.17375359,0.17375359,0.0,-0.50629,0.60272753,1.719379
0.25,0.5216626,0.5216626,-0.11750001,0.17375359,0.17375359,0.25,-0.25629002,0.7739175,1.856672
0.25,0.5216626,0.5216626,-0.11750001,0.17375359,0.17375359,0.5,-0.0062900186,0.9937297,2.2655704
0.25,0.5216626,0.5216626,-0.11750001,0.17375359,0.17375359,0.75,0.24370998,1.2759743,2.8849971
0.25,0.5216626,0.5216626,-0.11750001,0.17375359,0.17375359,1.0,0.49370998,1.6383834,3.689579
0.25,0.5216626,0.5216626,-0.1028125,0.1884411,0.1884411,-1.0,-1.50629,0.22173108,2.6743472
0.25,0.5216626,0.5216626,-0.1028125,0.1884411,0.1884411,-0.75,-1.25629,0.28470835,2.344967
0.25,0.5216626,0.5216626,-0.1028125,0.1884411,0.1884411,-0.5,-1.00629,0.36557275,2.0458603
0.25,0.5216626,0.5216626,-0.1028125,0.1884411,0.1884411,-0.25,-0.75629,0.4694047,1.8125837
0.25,0.5216626,0.5216626,-0.1028125,0.1884411,0.1884411,0.0,-0.50629,0.60272753,1.7137836
0.25,0.5216626,0.5216626,-0.1028125,0.1884411,0.1884411,0.25,-0.25629002,0.7739175,1.8575659
0.25,0.5216626,0.5216626,-0.1028125,0.1884411,0.1884411,0.5,-0.0062900186,0.9937297,2.2735958
0.25,0.5216626,0.5216626,-0.1028125,0.1884411,0.1884411,0.75,0.24370998,1.2759743,2.8976455
0.25,0.5216626,0.5216626,-0.1028125,0.1884411,0.1884411,1.0,0.49370998,1.6383834,3.707971
0.25,0.5216626,0.5216626,-0.08812499,0.2031286,0.2031286,-1.0,-1.50629,0.22173108,2.6683197
0.25,0.5216626,0.5216626,-0.08812499,0.2031286,0.2031286,-0.75,-1.25629,0.28470835,2.3383436
0.25,0.5216626,0.5216626,-0.08812499,0.2031286,0.2031286,-0.5,-1.00629,0.36557275,2.0413918
0.25,0.5216626,0.5216626,-0.08812499,0.2031286,0.2031286,-0.25,-0.75629,0.4694047,1.809361
0.25,0.5216626,0.5216626,-0.08812499,0.2031286,0.2031286,0.0,-0.50629,0.60272753,1.7125992
0.25,0.5216626,0.5216626,-0.08812499,0.2031286,0.2031286,0.25,-0.25629002,0.7739175,1.8724644
0.25,0.5216626,0.5216626,-0.08812499,0.2031286,0.2031286,0.5,-0.0062900186,0.9937297,2.2976198
0.25,0.5216626,0.5216626,-0.08812499,0.2031286,0.2031286,0.75,0.24370998,1.2759743,2.9269133
0.25,0.5216626,0.5216626,-0.08812499,0.2031286,0.2031286,1.0,0.49370998,1.6383834,3.7358117
0.25,0.5216626,0.5216626,-0.07343751,0.21781608,0.21781608,-1.0,-1.50629,0.22173108,2.6408663
0.25,0.5216626,0.5216626,-0.07343751,0.21781608,0.21781608,-0.75,-1.25629,0.28470835,2.312638
0.25,0.5216626,0.5216626,-0.07343751,0.21781608,0.21781608,-0.5,-1.00629,0.36557275,2.019257
0.25,0.5216626,0.5216626,-0.07343751,0.21781608,0.21781608,-0.25,-0.75629,0.4694047,1.7945864
0.25,0.5216626,0.5216626,-0.07343751,0.21781608,0.21781608,0.0,-0.50629,0.60272753,1.7093389
0.25,0.5216626,0.5216626,-0.07343751,0.21781608,0.21781608,0.25,-0.25629002,0.7739175,1.8887151
0.25,0.5216626,0.5216626,-0.07343751,0.21781608,0.21781608,0.5,-0.0062900186,0.9937297,2.3311586
0.25,0.5216626,0.5216626,-0.07343751,0.21781608,0.21781608,0.75,0.24370998,1.2759743,2.9728472
0.25,0.5216626,0.5216626,-0.07343751,0.21781608,0.21781608,1.0,0.49370998,1.6383834,3.7916603
0.25,0.5216626,0.5216626,-0.058750004,0.2325036,0.2325036,-1.0,-1.50629,0.22173108,2.6184943
0.25,0.5216626,0.5216626,-0.058750004,0.2325036,0.2325036,-0.75,-1.25629,0.28470835,2.2926714
0.25,0.5216626,0.5216626,-0.058750004,0.2325036,0.2325036,-0.5,-1.00629,0.36557275,1.9981337
0.25,0.5216626,0.5216626,-0.058750004,0.2325036,0.2325036,-0.25,-0.75629,0.4694047,1.7745805
0.25,0.5216626,0.5216626,-0.058750004,0.2325036,0.2325036,0.0,-0.50629,0.60272753,1.7010514
0.25,0.5216626,0.5216626,-0.058750004,0.2325036,0.2325036,0.25,-0.25629002,0.7739175,1.9021715
0.25,0.5216626,0.5216626,-0.058750004,0.2325036,0.2325036,0.5,-0.0062900186,0.9937297,2.3543189
0.25,0.5216626,0.5216626,-0.058750004,0.2325036,0.2325036,0.75,0.24370998,1.2759743,3.0006213
0.25,0.5216626,0.5216626,-0.058750004,0.2325036,0.2325036,1.0,0.49370998,1.6383834,3.820307
0.25,0.5216626,0.5216626,-0.044062495,0.2471911,0.2471911,-1.0,-1.50629,0.22173108,2.5890093
0.25,0.5216626,0.5216626,-0.044062495,0.2471911,0.2471911,-0.75,-1.25629,0.28470835,2.268797
0.25,0.5216626,0.5216626,-0.044062495,0.2471911,0.2471911,-0.5,-1.00629,0.36557275,1.9787925
0.25,0.5216626,0.5216626,-0.044062495,0.2471911,0.2471911,-0.25,-0.75629,0.4694047,1.7626172
0.25,0.5216626,0.5216626,-0.044062495,0.2471911,0.2471911,0.0,-0.50629,0.60272753,1.7016555
0.25,0.5216626,0.5216626,-0.044062495,0.2471911,0.2471911,0.25,-0.25629002,0.7739175,1.9202127
0.25,0.5216626,0.5216626,-0.044062495,0.2471911,0.2471911,0.5,-0.0062900186,0.9937297,2.3846984
0.25,0.5216626,0.5216626,-0.044062495,0.2471911,0.2471911,0.75,0.24370998,1.2759743,3.0407815
0.25,0.5216626,0.5216626,-0.044062495,0.2471911,0.2471911,1.0,0.49370998,1.6383834,3.8661168
0.25,0.5216626,0.5216626,-0.029374987,0.2618786,0.2618786,-1.0,-1.50629,0.22173108,2.555764
0.25,0.5216626,0.5216626,-0.029374987,0.2618786,0.2618786,-0.75,-1.25629,0.28470835,2.231709
0.25,0.5216626,0.5216626,-0.029374987,0.2618786,0.2618786,-0.5,-1.00629,0.36557275,1.9431915
0.25,0.5216626,0.5216626,-0.029374987,0.2618786,0.2618786,-0.25,-0.75629,0.4694047,1.7329358
0.25,0.5216626,0.5216626,-0.029374987,0.2618786,0.2618786,0.0,-0.50629,0.60272753,1.6831286
0.25,0.5216626,0.5216626,-0.029374987,0.2618786,0.2618786,0.25,-0.25629002,0.7739175,1.9203476
0.25,0.5216626,0.5216626,-0.029374987,0.2618786,0.2618786,0.5,-0.0062900186,0.9937297,2.398884
0.25,0.5216626,0.5216626,-0.029374987,0.2618786,0.2618786,0.75,0.24370998,1.2759743,3.070727
0.25,0.5216626,0.5216626,-0.029374987,0.2618786,0.2618786,1.0,0.49370998,1.6383834,3.9119086
0.25,0.5216626,0.5216626,-0.014687508,0.2765661,0.2765661,-1.0,-1.50629,0.22173108,2.535423
0.25,0.5216626,0.5216626,-0.014687508,0.2765661,0.2765661,-0.75,-1.25629,0.28470835,2.211802
0.25,0.5216626,0.5216626,-0.014687508,0.2765661,0.2765661,-0.5,-1.00629,0.36557275,1.9245392
0.25,0.5216626,0.5216626,-0.014687508,0.2765661,0.2765661,-0.25,-0.75629,0.4694047,1.7167627
0.25,0.5216626,0.5216626,-0.014687508,0.2765661,0.2765661,0.0,-0.50629,0.60272753,1.6738487
0.25,0.5216626,0.5216626,-0.014687508,0.2765661,0.2765661,0.25,-0.25629002,0.7739175,1.9245571
0.25,0.5216626,0.5216626,-0.014687508,0.2765661,0.2765661,0.5,-0.0062900186,0.9937297,2.4108841
0.25,0.5216626,0.5216626,-0.014687508,0.2765661,0.2765661,0.75,0.24370998,1.2759743,3.0874572
0.25,0.5216626,0.5216626,-0.014687508,0.2765661,0.2765661,1.0,0.49370998,1.6383834,3.9329987
0.25,0.5216626,0.5216626,0.0,0.2912536,0.2912536,-1.0,-1.50629,0.22173108,2.5089915
0.25,0.5216626,0.5216626,0.0,0.2912536,0.2912536,-0.75,-1.25629,0.28470835,2.182375
0.25,0.5216626,0.5216626,0.0,0.2912536,0.2912536,-0.5,-1.00629,0.36557275,1.8939056
0.25,0.5216626,0.5216626,0.0,0.2912536,0.2912536,-0.25,-0.75629,0.4694047,1.6887916
0.25,0.5216626,0.5216626,0.0,0.2912536,0.2912536,0.0,-0.50629,0.60272753,1.655909
0.25,0.5216626,0.5216626,0.0,0.2912536,0.2912536,0.25,-0.25629002,0.7739175,1.9279852
0.25,0.5216626,0.5216626,0.0,0.2912536,0.2912536,0.5,-0.0062900186,0.9937297,2.4266078
0.25,0.5216626,0.5216626,0.0,0.2912536,0.2912536,0.75,0.24370998,1.2759743,3.110394
0.25,0.5216626,0.5216626,0.0,0.2912536,0.2912536,1.0,0.49370998,1.6383834,3.9632888
0.25,0.5216626,0.5216626,0.014687508,0.3059411,0.3059411,-1.0,-1.50629,0.22173108,2.485769
0.25,0.5216626,0.5216626,0.014687508,0.3059411,0.3059411,-0.75,-1.25629,0.28470835,2.162059
0.25,0.5216626,0.5216626,0.014687508,0.3059411,0.3059411,-0.5,-1.00629,0.36557275,1.8758241
0.25,0.5216626,0.5216626,0.014687508,0.3059411,0.3059411,-0.25,-0.75629,0.4694047,1.6730126
0.25,0.5216626,0.5216626,0.014687508,0.3059411,0.3059411,0.0,-0.50629,0.60272753,1.647022
0.25,0.5216626,0.5216626,0.014687508,0.3059411,0.3059411,0.25,-0.25629002,0.7739175,1.9277564
0.25,0.5216626,0.5216626,0.014687508,0.3059411,0.3059411,0.5,-0.0062900186,0.9937297,2.4314563
0.25,0.5216626,0.5216626,0.014687508,0.3059411,0.3059411,0.75,0.24370998,1.2759743,3.1226342
0.25,0.5216626,0.5216626,0.014687508,0.3059411,0.3059411,1.0,0.49370998,1.6383834,3.9832654
0.25,0.5216626,0.5216626,0.029374987,0.32062858,0.32062858,-1.0,-1.50629,0.22173108,2.4419584
0.25,0.5216626,0.5216626,0.029374987,0.32062858,0.32062858,-0.75,-1.25629,0.28470835,2.1274567
0.25,0.5216626,0.5216626,0.029374987,0.32062858,0.32062858,-0.5,-1.00629,0.36557275,1.8496068
0.25,0.5216626,0.5216626,0.029374987,0.32062858,0.32062858,-0.25,-0.75629,0.4694047,1.6482391
0.25,0.5216626,0.5216626,0.029374987,0.32062858,0.32062858,0.0,-0.50629,0.60272753,1.6274694
0.25,0.5216626,0.5216626,0.029374987,0.32062858,0.32062858,0.25,-0.25629002,0.7739175,1.9222996
0.25,0.5216626,0.5216626,0.029374987,0.32062858,0.32062858,0.5,-0.0062900186,0.9937297,2.4353771
0.25,0.5216626,0.5216626,0.029374987,0.32062858,0.32062858,0.75,0.24370998,1.2759743,3.1329675
0.25,0.5216626,0.5216626,0.029374987,0.32062858,0.32062858,1.0,0.49370998,1.6383834,3.997982
0.25,0.5216626,0.5216626,0.044062525,0.33531612,0.33531612,-1.0,-1.50629,0.22173108,2.4369595
0.25,0.5216626,0.5216626,0.044062525,0.33531612,0.33531612,-0.75,-1.25629,0.28470835,2.1071162
0.25,0.5216626,0.5216626,0.044062525,0.33531612,0.33531612,-0.5,-1.00629,0.36557275,1.8194181
0.25,0.5216626,0.5216626,0.044062525,0.33531612,0.33531612,-0.25,-0.75629,0.4694047,1.6182002
0.25,0.5216626,0.5216626,0.044062525,0.33531612,0.33531612,0.0,-0.50629,0.60272753,1.6024446
0.25,0.5216626,0.5216626,0.044062525,0.33531612,0.33531612,0.25,-0.25629002,0.7739175,1.9032049
0.25,0.5216626,0.5216626,0.044062525,0.33531612,0.33531612,0.5,-0.0062900186,0.9937297,2.426468
0.25,0.5216626,0.5216626,0.044062525,0.33531612,0.33531612,0.75,0.24370998,1.2759743,3.1374416
0.25,0.5216626,0.5216626,0.044062525,0.33531612,0.33531612,1.0,0.49370998,1.6383834,4.0105443
0.25,0.5216626,0.5216626,0.058750004,0.3500036,0.3500036,-1.0,-1.50629,0.22173108,2.4270873
0.25,0.5216626,0.5216626,0.058750004,0.3500036,0.3500036,-0.75,-1.25629,0.28470835,2.0913863
0.25,0.5216626,0.5216626,0.058750004,0.3500036,0.3500036,-0.5,-1.00629,0.36557275,1.798672
0.25,0.5216626,0.5216626,0.058750004,0.3500036,0.3500036,-0.25,-0.75629,0.4694047,1.5966328
0.25,0.5216626,0.5216626,0.058750004,0.3500036,0.3500036,0.0,-0.50629,0.60272753,1.5829082
0.25,0.5216626,0.5216626,0.058750004,0.3500036,0.3500036,0.25,-0.25629002,0.7739175,1.8917341
0.25,0.5216626,0.5216626,0.058750004,0.3500036,0.3500036,0.5,-0.0062900186,0.9937297,2.4259946
0.25,0.5216626,0.5216626,0.058750004,0.3500036,0.3500036,0.75,0.24370998,1.2759743,3.1449313
0.25,0.5216626,0.5216626,0.058750004,0.3500036,0.3500036,1.0,0.49370998,1.6383834,4.021433
0.25,0.5216626,0.5216626,0.07343748,0.36469108,0.36469108,-1.0,-1.50629,0.22173108,2.398169
0.25,0.5216626,0.5216626,0.07343748,0.36469108,0.36469108,-0.75,-1.25629,0.28470835,2.0609536
0.25,0.5216626,0.5216626,0.07343748,0.36469108,0.36469108,-0.5,-1.00629,0.36557275,1.7660425
0.25,0.5216626,0.5216626,0.07343748,0.36469108,0.36469108,-0.25,-0.75629,0.4694047,1.5580614
0.25,0.5216626,0.5216626,0.07343748,0.36469108,0.36469108,0.0,-0.50629,0.60272753,1.5437804
0.25,0.5216626,0.5216626,0.07343748,0.36469108,0.36469108,0.25,-0.25629002,0.7739175,1.8536298
0.25,0.5216626,0.5216626,0.07343748,0.36469108,0.36469108,0.5,-0.0062900186,0.9937297,2.3931413
0.25,0.5216626,0.5216626,0.07343748,0.36469108,0.36469108,0.75,0.24370998,1.2759743,3.1100833
0.25,0.5216626,0.5216626,0.07343748,0.36469108,0.36469108,1.0,0.49370998,1.6383834,3.9846776
0.25,0.5216626,0.5216626,0.08812502,0.37937862,0.37937862,-1.0,-1.50629,0.22173108,2.376601
0.25,0.5216626,0.5216626,0.08812502,0.37937862,0.37937862,-0.75,-1.25629,0.28470835,2.032649
0.25,0.5216626,0.5216626,0.08812502,0.37937862,0.37937862,-0.5,-1.00629,0.36557275,1.7317475
0.25,0.5216626,0.5216626,0.08812502,0.37937862,0.37937862,-0.25,-0.75629,0.4694047,1.5242265
0.25,0.5216626,0.5216626,0.08812502,0.37937862,0.37937862,0.0,-0.50629,0.60272753,1.5186716
0.25,0.5216626,0.5216626,0.08812502,0.37937862,0.37937862,0.25,-0.25629002,0.7739175,1.8387195
0.25,0.5216626,0.5216626,0.08812502,0.37937862,0.37937862,0.5,-0.0062900186,0.9937297,2.3829553
0.25,0.5216626,0.5216626,0.08812502,0.37937862,0.37937862,0.75,0.24370998,1.2759743,3.1048257
0.25,0.5216626,0.5216626,0.08812502,0.37937862,0.37937862,1.0,0.49370998,1.6383834,3.9844398
0.25,0.5216626,0.5216626,0.1028125,0.3940661,0.3940661,-1.0,-1.50629,0.22173108,2.3238504
0.25,0.5216626,0.5216626,0.1028125,0.3940661,0.3940661,-0.75,-1.25629,0.28470835,1.973632
0.25,0.5216626,0.5216626,0.1028125,0.3940661,0.3940661,-0.5,-1.00629,0.36557275,1.6757709
0.25,0.5216626,0.5216626,0.1028125,0.3940661,0.3940661,-0.25,-0.75629,0.4694047,1.4773643
0.25,0.5216626,0.5216626,0.1028125,0.3940661,0.3940661,0.0,-0.50629,0.60272753,1.4795425
0.25,0.5216626,0.5216626,0.1028125,0.3940661,0.3940661,0.25,-0.25629002,0.7739175,1.8105242
0.25,0.5216626,0.5216626,0.1028125,0.3940661,0.3940661,0.5,-0.0062900186,0.9937297,2.3616695
0.25,0.5216626,0.5216626,0.1028125,0.3940661,0.3940661,0.75,0.24370998,1.2759743,3.0883648
0.25,0.5216626,0.5216626,0.1028125,0.3940661,0.3940661,1.0,0.49370998,1.6383834,3.9728415
0.25,0.5216626,0.5216626,0.11749998,0.40875357,0.40875357,-1.0,-1.50629,0.22173108,2.3002083
0.25,0.5216626,0.5216626,0.11749998,0.40875357,0.40875357,-0.75,-1.25629,0.28470835,1.9421091
0.25,0.5216626,0.5216626,0.11749998,0.40875357,0.40875357,-0.5,-1.00629,0.36557275,1.6395363
0.25,0.5216626,0.5216626,0.11749998,0.40875357,0.40875357,-0.25,-0.75629,0.4694047,1.439335
0.25,0.5216626,0.5216626,0.11749998,0.40875357,0.40875357,0.0,-0.50629,0.60272753,1.4430339
0.25,0.5216626,0.5216626,0.11749998,0.40875357,0.40875357,0.25,-0.25629002,0.7739175,1.7804097
0.25,0.5216626,0.5216626,0.11749998,0.40875357,0.40875357,0.5,-0.0062900186,0.9937297,2.3383312
0.25,0.5216626,0.5216626,0.11749998,0.40875357,0.40875357,0.75,0.24370998,1.2759743,3.0691524
0.25,0.5216626,0.5216626,0.11749998,0.40875357,0.40875357,1.0,0.49370998,1.6383834,3.9557667
0.25,0.5216626,0.5216626,0.13218752,0.4234411,0.4234411,-1.0,-1.50629,0.22173108,2.3389006
0.25,0.5216626,0.5216626,0.13218752,0.4234411,0.4234411,-0.75,-1.25629,0.28470835,1.9706732
0.25,0.5216626,0.5216626,0.13218752,0.4234411,0.4234411,-0.5,-1.00629,0.36557275,1.6515514
0.25,0.5216626,0.5216626,0.13218752,0.4234411,0.4234411,-0.25,-0.75629,0.4694047,1.4269785
0.25,0.5216626,0.5216626,0.13218752,0.4234411,0.4234411,0.0,-0.50629,0.60272753,1.4174914
0.25,0.5216626,0.5216626,0.13218752,0.4234411,0.4234411,0.25,-0.25629002,0.7739175,1.7515869
0.25,0.5216626,0.5216626,0.13218752,0.4234411,0.4234411,0.5,-0.0062900186,0.9937297,2.306768
0.25,0.5216626,0.5216626,0.13218752,0.4234411,0.4234411,0.75,0.24370998,1.2759743,3.040289
0.25,0.5216626,0.5216626,0.13218752,0.4234411,0.4234411,1.0,0.49370998,1.6383834,3.9291878
0.25,0.5216626,0.5216626,0.146875,0.4381286,0.4381286,-1.0,-1.50629,0.22173108,2.3240204
0.25,0.5216626,0.5216626,0.146875,0.4381286,0.4381286,-0.75,-1.25629,0.28470835,1.94263
0.25,0.5216626,0.5216626,0.146875,0.4381286,0.4381286,-0.5,-1.00629,0.36557275,1.6112808
0.25,0.5216626,0.5216626,0.146875,0.4381286,0.4381286,-0.25,-0.75629,0.4694047,1.3798759
0.25,0.5216626,0.5216626,0.146875,0.4381286,0.4381286,0.0,-0.50629,0.60272753,1.3685424
0.25,0.5216626,0.5216626,0.146875,0.4381286,0.4381286,0.25,-0.25629002,0.7739175,1.7122922
0.25,0.5216626,0.5216626,0.146875,0.4381286,0.4381286,0.5,-0.0062900186,0.9937297,2.2820983
0.25,0.5216626,0.5216626,0.146875,0.4381286,0.4381286,0.75,0.24370998,1.2759743,3.026016
0.25,0.5216626,0.5216626,0.146875,0.4381286,0.4381286,1.0,0.49370998,1.6383834,3.9196367
0.25,0.5216626,0.5216626,0.16156247,0.45281607,0.45281607,-1.0,-1.50629,0.22173108,2.3168771
0.25,0.5216626,0.5216626,0.16156247,0.45281607,0.45281607,-0.75,-1.25629,0.28470835,1.9241645
0.25,0.5216626,0.5216626,0.16156247,0.45281607,0.45281607,-0.5,-1.00629,0.36557275,1.5703295
0.25,0.5216626,0.5216626,0.16156247,0.45281607,0.45281607,-0.25,-0.75629,0.4694047,1.3277384
0.25,0.5216626,0.5216626,0.16156247,0.45281607,0.45281607,0.0,-0.50629,0.60272753,1.3132364
0.25,0.5216626,0.5216626,0.16156247,0.45281607,0.45281607,0.25,-0.25629002,0.7739175,1.6704669
0.25,0.5216626,0.5216626,0.16156247,0.45281607,0.45281607,0.5,-0.0062900186,0.9937297,2.2575514
0.25,0.5216626,0.5216626,0.16156247,0.45281607,0.45281607,0.75,0.24370998,1.2759743,3.0137813
0.25,0.5216626,0.5216626,0.16156247,0.45281607,0.45281607,1.0,0.49370998,1.6383834,3.916198
0.25,0.5216626,0.5216626,0.17625001,0.4675036,0.4675036,-1.0,-1.50629,0.22173108,2.3106298
0.25,0.5216626,0.5216626,0.17625001,0.4675036,0.4675036,-0.75,-1.25629,0.28470835,1.9152759
0.25,0.5216626,0.5216626,0.17625001,0.4675036,0.4675036,-0.5,-1.00629,0.36557275,1.5466943
0.25,0.5216626,0.5216626,0.17625001,0.4675036,0.4675036,-0.25,-0.75629,0.4694047,1.2811478
0.25,0.5216626,0.5216626,0.17625001,0.4675036,0.4675036,0.0,-0.50629,0.60272753,1.2653694
0.25,0.5216626,0.5216626,0.17625001,0.4675036,0.4675036,0.25,-0.25629002,0.7739175,1.6406027
0.25,0.5216626,0.5216626,0.17625001,0.4675036,0.4675036,0.5,-0.0062900186,0.9937297,2.241268
0.25,0.5216626,0.5216626,0.17625001,0.4675036,0.4675036,0.75,0.24370998,1.2759743,3.004807
0.25,0.5216626,0.5216626,0.17625001,0.4675036,0.4675036,1.0,0.49370998,1.6383834,3.910737
0.25,0.5216626,0.5216626,0.19093749,0.4821911,0.4821911,-1.0,-1.50629,0.22173108,2.2003837
0.25,0.5216626,0.5216626,0.19093749,0.4821911,0.4821911,-0.75,-1.25629,0.28470835,1.7566096
0.25,0.5216626,0.5216626,0.19093749,0.4821911,0.4821911,-0.5,-1.00629,0.36557275,1.325023
0.25,0.5216626,0.5216626,0.19093749,0.4821911,0.4821911,-0.25,-0.75629,0.4694047,0.9715704
0.25,0.5216626,0.5216626,0.19093749,0.4821911,0.4821911,0.0,-0.50629,0.60272753,0.9223903
0.25,0.5216626,0.5216626,0.19093749,0.4821911,0.4821911,0.25,-0.25629002,0.7739175,1.3555797
0.25,0.5216626,0.5216626,0.19093749,0.4821911,0.4821911,0.5,-0.0062900186,0.9937297,2.0225625
0.25,0.5216626,0.5216626,0.19093749,0.4821911,0.4821911,0.75,0.24370998,1.2759743,2.8416584
0.25,0.5216626,0.5216626,0.19093749,0.4821911,0.4821911,1.0,0.49370998,1.6383834,3.7897995
0.25,0.5216626,0.5216626,0.20562503,0.49687862,0.49687862,-1.0,-1.50629,0.22173108,2.2549057
0.25,0.5216626,0.5216626,0.20562503,0.49687862,0.49687862,-0.75,-1.25629,0.28470835,1.8358753
0.25,0.5216626,0.5216626,0.20562503,0.49687862,0.49687862,-0.5,-1.00629,0.36557275,1.4306731
0.25,0.5216626,0.5216626,0.20562503,0.49687862,0.49687862,-0.25,-0.75629,0.4694047,1.1007962
0.25,0.5216626,0.5216626,0.20562503,0.49687862,0.49687862,0.0,-0.50629,0.60272753,1.054924
0.25,0.5216626,0.5216626,0.20562503,0.49687862,0.49687862,0.25,-0.25629002,0.7739175,1.4711139
0.25,0.5216626,0.5216626,0.20562503,0.49687862,0.49687862,0.5,-0.0062900186,0.9937297,2.11137
0.25,0.5216626,0.5216626,0.20562503,0.49687862,0.49687862,0.75,0.24370998,1.2759743,2.8987136
0.25,0.5216626,0.5216626,0.20562503,0.49687862,0.49687862,1.0,0.49370998,1.6383834,3.81772
0.25,0.5216626,0.5216626,0.2203125,0.5115661,0.5115661,-1.0,-1.50629,0.22173108,2.3398185
0.25,0.5216626,0.5216626,0.2203125,0.5115661,0.5115661,-0.75,-1.25629,0.28470835,1.9413041
0.25,0.5216626,0.5216626,0.2203125,0.5115661,0.5115661,-0.5,-1.00629,0.36557275,1.5568563
0.25,0.5216626,0.5216626,0.2203125,0.5115661,0.5115661,-0.25,-0.75629,0.4694047,1.243659
0.25,0.5216626,0.5216626,0.2203125,0.5115661,0.5115661,0.0,-0.50629,0.60272753,1.1798769
0.25,0.5216626,0.5216626,0.2203125,0.5115661,0.5115661,0.25,-0.25629002,0.7739175,1.5419873
0.25,0.5216626,0.5216626,0.2203125,0.5115661,0.5115661,0.5,-0.0062900186,0.9937297,2.1355903
0.25,0.5216626,0.5216626,0.2203125,0.5115661,0.5115661,0.75,0.24370998,1.2759743,2.9002588
0.25,0.5216626,0.5216626,0.2203125,0.5115661,0.5115661,1.0,0.49370998,1.6383834,3.8063397
0.25,0.5216626,0.5216626,0.23499998,0.5262536,0.5262536,-1.0,-1.50629,0.22173108,2.4778767
0.25,0.5216626,0.5216626,0.23499998,0.5262536,0.5262536,-0.75,-1.25629,0.28470835,2.0757995
0.25,0.5216626,0.5216626,0.23499998,0.5262536,0.5262536,-0.5,-1.00629,0.36557275,1.6882327
0.25,0.5216626,0.5216626,0.23499998,0.5262536,0.5262536,-0.25,-0.75629,0.4694047,1.3753637
0.25,0.5216626,0.5216626,0.23499998,0.5262536,0.5262536,0.0,-0.50629,0.60272753,1.3025056
0.25,0.5216626,0.5216626,0.23499998,0.5262536,0.5262536,0.25,-0.25629002,0.7739175,1.6281154
0.25,0.5216626,0.5216626,0.23499998,0.5262536,0.5262536,0.5,-0.0062900186,0.9937297,2.1765974
0.25,0.5216626,0.5216626,0.23499998,0.5262536,0.5262536,0.75,0.24370998,1.2759743,2.889056
0.25,0.5216626,0.5216626,0.23499998,0.5262536,0.5262536,1.0,0.49370998,1.6383834,3.7490606
0.25,0.5216626,0.5216626,0.24968752,0.5409411,0.5409411,-1.0,-1.50629,0.22173108,2.427185
0.25,0.5216626,0.5216626,0.24968752,0.5409411,0.5409411,-0.75,-1.25629,0.28470835,2.0292742
0.25,0.5216626,0.5216626,0.24968752,0.5409411,0.5409411,-0.5,-1.00629,0.36557275,1.6533422
0.25,0.5216626,0.5216626,0.24968752,0.5409411,0.5409411,-0.25,-0.75629,0.4694047,1.3572863
0.25,0.5216626,0.5216626,0.24968752,0.5409411,0.5409411,0.0,-0.50629,0.60272753,1.2934232
0.25,0.5216626,0.5216626,0.24968752,0.5409411,0.5409411,0.25,-0.25629002,0.7739175,1.6127595
0.25,0.5216626,0.5216626,0.24968752,0.5409411,0.5409411,0.5,-0.0062900186,0.9937297,2.1673453
0.25,0.5216626,0.5216626,0.24968752,0.5409411,0.5409411,0.75,0.24370998,1.2759743,2.8851244
0.25,0.5216626,0.5216626,0.24968752,0.5409411,0.5409411,1.0,0.49370998,1.6383834,3.747408
0.25,0.5216626,0.5216626,0.264375,0.5556286,0.5556286,-1.0,-1.50629,0.22173108,2.3958042
0.25,0.5216626,0.5216626,0.264375,0.5556286,0.5556286,-0.75,-1.25629,0.28470835,2.0110767
0.25,0.5216626,0.5216626,0.264375,0.5556286,0.5556286,-0.5,-1.00629,0.36557275,1.6519066
0.25,0.5216626,0.5216626,0.264375,0.5556286,0.5556286,-0.25,-0.75629,0.4694047,1.3705705
0.25,0.5216626,0.5216626,0.264375,0.5556286,0.5556286,0.0,-0.50629,0.60272753,1.307778
0.25,0.5216626,0.5216626,0.264375,0.5556286,0.5556286,0.25,-0.25629002,0.7739175,1.6054571
0.25,0.5216626,0.5216626,0.264375,0.5556286,0.5556286,0.5,-0.0062900186,0.9937297,2.1414583
0.25,0.5216626,0.5216626,0.264375,0.5556286,0.5556286,0.75,0.24370998,1.2759743,2.8689542
0.25,0.5216626,0.5216626,0.264375,0.5556286,0.5556286,1.0,0.49370998,1.6383834,3.751265
0.25,0.5216626,0.5216626,0.27906248,0.5703161,0.5703161,-1.0,-1.50629,0.22173108,2.3225613
0.25,0.5216626,0.5216626,0.27906248,0.5703161,0.5703161,-0.75,-1.25629,0.28470835,1.9028442
0.25,0.5216626,0.5216626,0.27906248,0.5703161,0.5703161,-0.5,-1.00629,0.36557275,1.4986488
0.25,0.5216626,0.5216626,0.27906248,0.5703161,0.5703161,-0.25,-0.75629,0.4694047,1.164248
0.25,0.5216626,0.5216626,0.27906248,0.5703161,0.5703161,0.0,-0.50629,0.60272753,1.0501359
0.25,0.5216626,0.5216626,0.27906248,0.5703161,0.5703161,0.25,-0.25629002,0.7739175,1.3648705
0.25,0.5216626,0.5216626,0.27906248,0.5703161,0.5703161,0.5,-0.0062900186,0.9937297,1.944256
0.25,0.5216626,0.5216626,0.27906248,0.5703161,0.5703161,0.75,0.24370998,1.2759743,2.702636
0.25,0.5216626,0.5216626,0.27906248,0.5703161,0.5703161,1.0,0.49370998,1.6383834,3.609195
0.25,0.5216626,0.5216626,0.29375002,0.5850036,0.5850036,-1.0,-1.50629,0.22173108,2.4034526
0.25,0.5216626,0.5216626,0.29375002,0.5850036,0.5850036,-0.75,-1.25629,0.28470835,2.0207846
0.25,0.5216626,0.5216626,0.29375002,0.5850036,0.5850036,-0.5,-1.00629,0.36557275,1.6640005
0.25,0.5216626,0.5216626,0.29375002,0.5850036,0.5850036,-0.25,-0.75629,0.4694047,1.3746274
0.25,0.5216626,0.5216626,0.29375002,0.5850036,0.5850036,0.0,-0.50629,0.60272753,1.2898391
0.25,0.5216626,0.5216626,0.29375002,0.5850036,0.5850036,0.25,-0.25629002,0.7739175,1.571027
0.25,0.5216626,0.5216626,0.29375002,0.5850036,0.5850036,0.5,-0.0062900186,0.9937297,2.086161
0.25,0.5216626,0.5216626,0.29375002,0.5850036,0.5850036,0.75,0.24370998,1.2759743,2.7877488
0.25,0.5216626,0.5216626,0.29375002,0.5850036,0.5850036,1.0,0.49370998,1.6383834,3.650609
0.25,0.5216626,0.5216626,0.3084375,0.5996911,0.5996911,-1.0,-1.50629,0.22173108,2.4679463
0.25,0.5216626,0.5216626,0.3084375,0.5996911,0.5996911,-0.75,-1.25629,0.28470835,2.09951
0.25,0.5216626,0.5216626,0.3084375,0.5996911,0.5996911,-0.5,-1.00629,0.36557275,1.7533497
0.25,0.5216626,0.5216626,0.3084375,0.5996911,0.5996911,-0.25,-0.75629,0.4694047,1.4767252
0.25,0.5216626,0.5216626,0.3084375,0.5996911,0.5996911,0.0,-0.50629,0.60272753,1.3943233
0.25,0.5216626,0.5216626,0.3084375,0.5996911,0.5996911,0.25,-0.25629002,0.7739175,1.6513231
0.25,0.5216626,0.5216626,0.3084375,0.5996911,0.5996911,0.5,-0.0062900186,0.9937297,2.1444244
0.25,0.5216626,0.5216626,0.3084375,0.5996911,0.5996911,0.75,0.24370998,1.2759743,2.8232944
0.25,0.5216626,0.5216626,0.3084375,0.5996911,0.5996911,1.0,0.49370998,1.6383834,3.6643064
0.25,0.5216626,0.5216626,0.32312497,0.6143786,0.6143786,-1.0,-1.50629,0.22173108,2.5019438
0.25,0.5216626,0.5216626,0.32312497,0.6143786,0.6143786,-0.75,-1.25629,0.28470835,2.1320372
0.25,0.5216626,0.5216626,0.32312497,0.6143786,0.6143786,-0.5,-1.00629,0.36557275,1.7851416
0.25,0.5216626,0.5216626,0.32312497,0.6143786,0.6143786,-0.25,-0.75629,0.4694047,1.5206745
0.25,0.5216626,0.5216626,0.32312497,0.6143786,0.6143786,0.0,-0.50629,0.60272753,1.4357457
0.25,0.5216626,0.5216626,0.32312497,0.6143786,0.6143786,0.25,-0.25629002,0.7739175,1.6714084
0.25,0.5216626,0.5216626,0.32312497,0.6143786,0.6143786,0.5,-0.0062900186,0.9937297,2.1484919
0.25,0.5216626,0.5216626,0.32312497,0.6143786,0.6143786,0.75,0.24370998,1.2759743,2.816605
0.25,0.5216626,0.5216626,0.32312497,0.6143786,0.6143786,1.0,0.49370998,1.6383834,3.6531997
0.25,0.5216626,0.5216626,0.3378125,0.6290661,0.6290661,-1.0,-1.50629,0.22173108,2.5445406
0.25,0.5216626,0.5216626,0.3378125,0.6290661,0.6290661,-0.75,-1.25629,0.28470835,2.1814485
0.25,0.5216626,0.5216626,0.3378125,0.6290661,0.6290661,-0.5,-1.00629,0.36557275,1.8414557
0.25,0.5216626,0.5216626,0.3378125,0.6290661,0.6290661,-0.25,-0.75629,0.4694047,1.5742363
0.25,0.5216626,0.5216626,0.3378125,0.6290661,0.6290661,0.0,-0.50629,0.60272753,1.4691854
0.25,0.5216626,0.5216626,0.3378125,0.6290661,0.6290661,0.25,-0.25629002,0.7739175,1.6787891
0.25,0.5216626,0.5216626,0.3378125,0.6290661,0.6290661,0.5,-0.0062900186,0.9937297,2.1343937
0.25,0.5216626,0.5216626,0.3378125,0.6290661,0.6290661,0.75,0.24370998,1.2759743,2.7850122
0.25,0.5216626,0.5216626,0.3378125,0.6290661,0.6290661,1.0,0.49370998,1.6383834,3.6059139
0.25,0.5216626,0.5216626,0.3525,0.6437536,0.6437536,-1.0,-1.50629,0.22173108,2.580403
0.25,0.5216626,0.5216626,0.3525,0.6437536,0.6437536,-0.75,-1.25629,0.28470835,2.2208056
0.25,0.5216626,0.5216626,0.3525,0.6437536,0.6437536,-0.5,-1.00629,0.36557275,1.8851559
0.25,0.5216626,0.5216626,0.3525,0.6437536,0.6437536,-0.25,-0.75629,0.4694047,1.617092
0.25,0.5216626,0.5216626,0.3525,0.6437536,0.6437536,0.0,-0.50629,0.60272753,1.4998468
0.25,0.5216626,0.5216626,0.3525,0.6437536,0.6437536,0.25,-0.25629002,0.7739175,1.6841267
0.25,0.5216626,0.5216626,0.3525,0.6437536,0.6437536,0.5,-0.0062900186,0.9937297,2.1182923
0.25,0.5216626,0.5216626,0.3525,0.6437536,0.6437536,0.75,0.24370998,1.2759743,2.7526274
0.25,0.5216626,0.5216626,0.3525,0.6437536,0.6437536,1.0,0.49370998,1.6383834,3.5618782
0.25,0.5216626,0.5216626,0.36718747,0.65844107,0.65844107,-1.0,-1.50629,0.22173108,2.590732
0.25,0.5216626,0.5216626,0.36718747,0.65844107,0.65844107,-0.75,-1.25629,0.28470835,2.2259939
0.25,0.5216626,0.5216626,0.36718747,0.65844107,0.65844107,-0.5,-1.00629,0.36557275,1.8979872
0.25,0.5216626,0.5216626,0.36718747,0.65844107,0.65844107,-0.25,-0.75629,0.4694047,1.6444664
0.25,0.5216626,0.5216626,0.36718747,0.65844107,0.65844107,0.0,-0.50629,0.60272753,1.5283182
0.25,0.5216626,0.5216626,0.36718747,0.65844107,0.65844107,0.25,-0.25629002,0.7739175,1.6882007
0.25,0.5216626,0.5216626,0.36718747,0.65844107,0.65844107,0.5,-0.0062900186,0.9937297,2.0979154
0.25,0.5216626,0.5216626,0.36718747,0.65844107,0.65844107,0.75,0.24370998,1.2759743,2.7074714
0.25,0.5216626,0.5216626,0.36718747,0.65844107,0.65844107,1.0,0.49370998,1.6383834,3.493957
0.25,0.5216626,0.5216626,0.381875,0.6731286,0.6731286,-1.0,-1.50629,0.22173108,2.690954
0.25,0.5216626,0.5216626,0.381875,0.6731286,0.6731286,-0.75,-1.25629,0.28470835,2.3390987
0.25,0.5216626,0.5216626,0.381875,0.6731286,0.6731286,-0.5,-1.00629,0.36557275,2.0108376
0.25,0.5216626,0.5216626,0.381875,0.6731286,0.6731286,-0.25,-0.75629,0.4694047,1.7345909
0.25,0.5216626,0.5216626,0.381875,0.6731286,0.6731286,0.0,-0.50629,0.60272753,1.5861675
0.25,0.5216626,0.5216626,0.381875,0.6731286,0.6731286,0.25,-0.25629002,0.7739175,1.7151929
0.25,0.5216626,0.5216626,0.381875,0.6731286,0.6731286,0.5,-0.0062900186,0.9937297,2.0956233
0.25,0.5216626,0.5216626,0.381875,0.6731286,0.6731286,0.75,0.24370998,1.2759743,2.6837091
0.25,0.5216626,0.5216626,0.381875,0.6731286,0.6731286,1.0,0.49370998,1.6383834,3.451358
0.25,0.5216626,0.5216626,0.3965625,0.6878161,0.6878161,-1.0,-1.50629,0.22173108,2.749343
0.25,0.5216626,0.5216626,0.3965625,0.6878161,0.6878161,-0.75,-1.25629,0.28470835,2.3998911
0.25,0.5216626,0.5216626,0.3965625,0.6878161,0.6878161,-0.5,-1.00629,0.36557275,2.0726807
0.25,0.5216626,0.5216626,0.3965625,0.6878161,0.6878161,-0.25,-0.75629,0.4694047,1.7927355
0.25,0.5216626,0.5216626,0.3965625,0.6878161,0.6878161,0.0,-0.50629,0.60272753,1.6264311
0.25,0.5216626,0.5216626,0.3965625,0.6878161,0.6878161,0.25,-0.25629002,0.7739175,1.7205017
0.25,0.5216626,0.5216626,0.3965625,0.6878161,0.6878161,0.5,-0.0062900186,0.9937297,2.0626464
0.25,0.5216626,0.5216626,0.3965625,0.6878161,0.6878161,0.75,0.24370998,1.2759743,2.624801
0.25,0.5216626,0.5216626,0.3965625,0.6878161,0.6878161,1.0,0.49370998,1.6383834,3.3727376
0.25,0.5216626,0.5216626,0.41125003,0.7025036,0.7025036,-1.0,-1.50629,0.22173108,2.803292
0.25,0.5216626,0.5216626,0.41125003,0.7025036,0.7025036,-0.75,-1.25629,0.28470835,2.4606678
0.25,0.5216626,0.5216626,0.41125003,0.7025036,0.7025036,-0.5,-1.00629,0.36557275,2.1348178
0.25,0.5216626,0.5216626,0.41125003,0.7025036,0.7025036,-0.25,-0.75629,0.4694047,1.8497978
0.25,0.5216626,0.5216626,0.41125003,0.7025036,0.7025036,0.0,-0.50629,0.60272753,1.6685325
0.25,0.5216626,0.5216626,0.41125003,0.7025036,0.7025036,0.25,-0.25629002,0.7739175,1.730706
0.25,0.5216626,0.5216626,0.41125003,0.7025036,0.7025036,0.5,-0.0062900186,0.9937297,2.0385199
0.25,0.5216626,0.5216626,0.41125003,0.7025036,0.7025036,0.75,0.24370998,1.2759743,2.575271
0.25,0.5216626,0.5216626,0.41125003,0.7025036,0.7025036,1.0,0.49370998,1.6383834,3.3042428
0.25,0.5216626,0.5216626,0.4259375,0.7171911,0.7171911,-1.0,-1.50629,0.22173108,2.8492298
0.25,0.5216626,0.5216626,0.4259375,0.7171911,0.7171911,-0.75,-1.25629,0.28470835,2.5076551
0.25,0.5216626,0.5216626,0.4259375,0.7171911,0.7171911,-0.5,-1.00629,0.36557275,2.184666
0.25,0.5216626,0.5216626,0.4259375,0.7171911,0.7171911,-0.25,-0.75629,0.4694047,1.9019707
0.25,0.5216626,0.5216626,0.4259375,0.7171911,0.7171911,0.0,-0.50629,0.60272753,1.7087138
0.25,0.5216626,0.5216626,0.4259375,0.7171911,0.7171911,0.25,-0.25629002,0.7739175,1.7395428
0.25,0.5216626,0.5216626,0.4259375,0.7171911,0.7171911,0.5,-0.0062900186,0.9937297,2.015578
0.25,0.5216626,0.5216626,0.4259375,0.7171911,0.7171911,0.75,0.24370998,1.2759743,2.5249403
0.25,0.5216626,0.5216626,0.4259375,0.7171911,0.7171911,1.0,0.49370998,1.6383834,3.2360003
0.25,0.5216626,0.5216626,0.44062498,0.7318786,0.7318786,-1.0,-1.50629,0.22173108,2.8939888
0.25,0.5216626,0.5216626,0.44062498,0.7318786,0.7318786,-0.75,-1.25629,0.28470835,2.5560772
0.25,0.5216626,0.5216626,0.44062498,0.7318786,0.7318786,-0.5,-1.00629,0.36557275,2.2354918
0.25,0.5216626,0.5216626,0.44062498,0.7318786,0.7318786,-0.25,-0.75629,0.4694047,1.9476846
0.25,0.5216626,0.5216626,0.44062498,0.7318786,0.7318786,0.0,-0.50629,0.60272753,1.7422428
0.25,0.5216626,0.5216626,0.44062498,0.7318786,0.7318786,0.25,-0.25629002,0.7739175,1.7469101
0.25,0.5216626,0.5216626,0.44062498,0.7318786,0.7318786,0.5,-0.0062900186,0.9937297,1.9845154
0.25,0.5216626,0.5216626,0.44062498,0.7318786,0.7318786,0.75,0.24370998,1.2759743,2.460235
0.25,0.5216626,0.5216626,0.44062498,0.7318786,0.7318786,1.0,0.49370998,1.6383834,3.1497874
0.25,0.5216626,0.5216626,0.45531252,0.7465661,0.7465661,-1.0,-1.50629,0.22173108,2.9756756
0.25,0.5216626,0.5216626,0.45531252,0.7465661,0.7465661,-0.75,-1.25629,0.28470835,2.6369016
0.25,0.5216626,0.5216626,0.45531252,0.7465661,0.7465661,-0.5,-1.00629,0.36557275,2.3093119
0.25,0.5216626,0.5216626,0.45531252,0.7465661,0.7465661,-0.25,-0.75629,0.4694047,2.0103104
0.25,0.5216626,0.5216626,0.45531252,0.7465661,0.7465661,0.0,-0.50629,0.60272753,1.7893811
0.25,0.5216626,0.5216626,0.45531252,0.7465661,0.7465661,0.25,-0.25629002,0.7739175,1.7659354
0.25,0.5216626,0.5216626,0.45531252,0.7465661,0.7465661,0.5,-0.0062900186,0.9937297,1.9684149
0.25,0.5216626,0.5216626,0.45531252,0.7465661,0.7465661,0.75,0.24370998,1.2759743,2.4049017
0.25,0.5216626,0.5216626,0.45531252,0.7465661,0.7465661,1.0,0.49370998,1.6383834,3.0549312
0.25,0.5216626,0.5216626,0.47,0.7612536,0.7612536,-1.0,-1.50629,0.22173108,3.0383348
0.25,0.5216626,0.5216626,0.47,0.7612536,0.7612536,-0.75,-1.25629,0.28470835,2.7025611
0.25,0.5216626,0.5216626,0.47,0.7612536,0.7612536,-0.5,-1.00629,0.36557275,2.3758142
0.25,0.5216626,0.5216626,0.47,0.7612536,0.7612536,-0.25,-0.75629,0.4694047,2.0723479
0.25,0.5216626,0.5216626,0.47,0.7612536,0.7612536,0.0,-0.50629,0.60272753,1.8380584
0.25,0.5216626,0.5216626,0.47,0.7612536,0.7612536,0.25,-0.25629002,0.7739175,1.7837629
0.25,0.5216626,0.5216626,0.47,0.7612536,0.7612536,0.5,-0.0062900186,0.9937297,1.945629
0.25,0.5216626,0.5216626,0.47,0.7612536,0.7612536,0.75,0.24370998,1.2759743,2.3377914
0.25,0.5216626,0.5216626,0.47,0.7612536,0.7612536,1.0,0.49370998,1.6383834,2.9542496
0.375,0.6466626,0.6466626,-0.47,-0.1787464,-0.1787464,-1.0,-1.50629,0.22173108,5.0243225
0.375,0.6466626,0.6466626,-0.47,-0.1787464,-0.1787464,-0.75,-1.25629,0.28470835,4.832637
0.375,0.6466626,0.6466626,-0.47,-0.1787464,-0.1787464,-0.5,-1.00629,0.36557275,4.6344514
0.375,0.6466626,0.6466626,-0.47,-0.1787464,-0.1787464,-0.25,-0.75629,0.4694047,4.4354386
0.375,0.6466626,0.6466626,-0.47,-0.1787464,-0.1787464,0.0,-0.50629,0.60272753,4.2484217
0.375,0.6466626,0.6466626,-0.47,-0.1787464,-0.1787464,0.25,-0.25629002,0.7739175,4.0793276
0.375,0.6466626,0.6466626,-0.47,-0.1787464,-0.1787464,0.5,-0.0062900186,0.9937297,3.9344332
0.375,0.6466626,0.6466626,-0.47,-0.1787464,-0.1787464,0.75,0.24370998,1.2759743,3.8238685
0.375,0.6466626,0.6466626,-0.47,-0.1787464,-0.1787464,1.0,0.49370998,1.6383834,3.76315
0.375,0.6466626,0.6466626,-0.4553125,-0.1640589,-0.1640589,-1.0,-1.50629,0.22173108,5.0243225
0.375,0.6466626,0.6466626,-0.4553125,-0.1640589,-0.1640589,-0.75,-1.25629,0.28470835,4.832637
0.375,0.6466626,0.6466626,-0.4553125,-0.1640589,-0.1640589,-0.5,-1.00629,0.36557275,4.6344514
0.375,0.6466626,0.6466626,-0.4553125,-0.1640589,-0.1640589,-0.25,-0.75629,0.4694047,4.4354386
0.375,0.6466626,0.6466626,-0.4553125,-0.1640589,-0.1640589,0.0,-0.50629,0.60272753,4.2484217
0.375,0.6466626,0.6466626,-0.4553125,-0.1640589,-0.1640589,0.25,-0.25629002,0.7739175,4.0793276
0.375,0.6466626,0.6466626,-0.4553125,-0.1640589,-0.1640589,0.5,-0.0062900186,0.9937297,3.9344332
0.375,0.6466626,0.6466626,-0.4553125,-0.1640589,-0.1640589,0.75,0.24370998,1.2759743,3.8238685
0.375,0.6466626,0.6466626,-0.4553125,-0.1640589,-0.1640589,1.0,0.49370998,1.6383834,3.76315
0.375,0.6466626,0.6466626,-0.440625,-0.14937142,-0.14937142,-1.0,-1.50629,0.22173108,5.0243225
0.375,0.6466626,0.6466626,-0.440625,-0.14937142,-0.14937142,-0.75,-1.25629,0.28470835,4.832637
0.375,0.6466626,0.6466626,-0.440625,-0.14937142,-0.14937142,-0.5,-1.00629,0.36557275,4.6344514
0.375,0.6466626,0.6466626,-0.440625,-0.14937142,-0.14937142,-0.25,-0.75629,0.4694047,4.4354386
0.375,0.6466626,0.6466626,-0.440625,-0.14937142,-0.14937142,0.0,-0.50629,0.60272753,4.2484217
0.375,0.6466626,0.6466626,-0.440625,-0.14937142,-0.14937142,0.25,-0.25629002,0.7739175,4.0793276
0.375,0.6466626,0.6466626,-0.440625,-0.14937142,-0.14937142,0.5,-0.0062900186,0.9937297,3.9344332
0.375,0.6466626,0.6466626,-0.440625,-0.14937142,-0.14937142,0.75,0.24370998,1.2759743,3.8238685
0.375,0.6466626,0.6466626,-0.440625,-0.14937142,-0.14937142,1.0,0.49370998,1.6383834,3.76315
0.375,0.6466626,0.6466626,-0.4259375,-0.1346839,-0.1346839,-1.0,-1.50629,0.22173108,5.0243225
0.375,0.6466626,0.6466626,-0.4259375,-0.1346839,-0.1346839,-0.75,-1.25629,0.28470835,4.832637
0.375,0.6466626,0.6466626,-0.4259375,-0.1346839,-0.1346839,-0.5,-1.00629,0.36557275,4.6344514
0.375,0.6466626,0.6466626,-0.4259375,-0.1346839,-0.1346839,-0.25,-0.75629,0.4694047,4.4354386
0.375,0.6466626,0.6466626,-0.4259375,-0.1346839,-0.1346839,0.0,-0.50629,0.60272753,4.2484217
0.375,0.6466626,0.6466626,-0.4259375,-0.1346839,-0.1346839,0.25,-0.25629002,0.7739175,4.0793276
0.375,0.6466626,0.6466626,-0.4259375,-0.1346839,-0.1346839,0.5,-0.0062900186,0.9937297,3.9344332
0.375,0.6466626,0.6466626,-0.4259375,-0.1346839,-0.1346839,0.75,0.24370998,1.2759743,3.8238685
0.375,0.6466626,0.6466626,-0.4259375,-0.1346839,-0.1346839,1.0,0.49370998,1.6383834,3.76315
0.375,0.6466626,0.6466626,-0.41125,-0.1199964,-0.1199964,-1.0,-1.50629,0.22173108,5.0243225
0.375,0.6466626,0.6466626,-0.41125,-0.1199964,-0.1199964,-0.75,-1.25629,0.28470835,4.832637
0.375,0.6466626,0.6466626,-0.41125,-0.1199964,-0.1199964,-0.5,-1.00629,0.36557275,4.6344514
0.375,0.6466626,0.6466626,-0.41125,-0.1199964,-0.1199964,-0.25,-0.75629,0.4694047,4.4354386
0.375,0.6466626,0.6466626,-0.41125,-0.1199964,-0.1199964,0.0,-0.50629,0.60272753,4.2484217
0.375,0.6466626,0.6466626,-0.41125,-0.1199964,-0.1199964,0.25,-0.25629002,0.7739175,4.0793276
0.375,0.6466626,0.6466626,-0.41125,-0.1199964,-0.1199964,0.5,-0.0062900186,0.9937297,3.9344332
0.375,0.6466626,0.6466626,-0.41125,-0.1199964,-0.1199964,0.75,0.24370998,1.2759743,3.8238685
0.375,0.6466626,0.6466626,-0.41125,-0.1199964,-0.1199964,1.0,0.49370998,1.6383834,3.76315
0.375,0.6466626,0.6466626,-0.39656252,-0.10530892,-0.10530892,-1.0,-1.50629,0.22173108,5.0243225
0.375,0.6466626,0.6466626,-0.39656252,-0.10530892,-0.10530892,-0.75,-1.25629,0.28470835,4.832637
0.375,0.6466626,0.6466626,-0.39656252,-0.10530892,-0.10530892,-0.5,-1.00629,0.36557275,4.6344514
0.375,0.6466626,0.6466626,-0.39656252,-0.10530892,-0.10530892,-0.25,-0.75629,0.4694047,4.4354386
0.375,0.6466626,0.6466626,-0.39656252,-0.10530892,-0.10530892,0.0,-0.50629,0.60272753,4.2484217
0.375,0.6466626,0.6466626,-0.39656252,-0.10530892,-0.10530892,0.25,-0.25629002,0.7739175,4.0793276
0.375,0.6466626,0.6466626,-0.39656252,-0.10530892,-0.10530892,0.5,-0.0062900186,0.9937297,3.9344332
0.375,0.6466626,0.6466626,-0.39656252,-0.10530892,-0.10530892,0.75,0.24370998,1.2759743,3.8238685
0.375,0.6466626,0.6466626,-0.39656252,-0.10530892,-0.10530892,1.0,0.49370998,1.6383834,3.76315
0.375,0.6466626,0.6466626,-0.381875,-0.09062141,-0.09062141,-1.0,-1.50629,0.22173108,5.0243225
0.375,0.6466626,0.6466626,-0.381875,-0.09062141,-0.09062141,-0.75,-1.25629,0.28470835,4.832637
0.375,0.6466626,0.6466626,-0.381875,-0.09062141,-0.09062141,-0.5,-1.00629,0.36557275,4.6344514
0.375,0.6466626,0.6466626,-0.381875,-0.09062141,-0.09062141,-0.25,-0.75629,0.4694047,4.4354386
0.375,0.6466626,0.6466626,-0.381875,-0.09062141,-0.09062141,0.0,-0.50629,0.60272753,4.2484217
0.375,0.6466626,0.6466626,-0.381875,-0.09062141,-0.09062141,0.25,-0.25629002,0.7739175,4.0793276
0.375,0.6466626,0.6466626,-0.381875,-0.09062141,-0.09062141,0.5,-0.0062900186,0.9937297,3.9344332
0.375,0.6466626,0.6466626,-0.381875,-0.09062141,-0.09062141,0.75,0.24370998,1.2759743,3.8238685
0.375,0.6466626,0.6466626,-0.381875,-0.09062141,-0.09062141,1.0,0.49370998,1.6383834,3.76315
0.375,0.6466626,0.6466626,-0.3671875,-0.0759339,-0.0759339,-1.0,-1.50629,0.22173108,5.0243225
0.375,0.6466626,0.6466626,-0.3671875,-0.0759339,-0.0759339,-0.75,-1.25629,0.28470835,4.832637
0.375,0.6466626,0.6466626,-0.3671875,-0.0759339,-0.0759339,-0.5,-1.00629,0.36557275,4.6344514
0.375,0.6466626,0.6466626,-0.3671875,-0.0759339,-0.0759339,-0.25,-0.75629,0.4694047,4.4354386
0.375,0.6466626,0.6466626,-0.3671875,-0.0759339,-0.0759339,0.0,-0.50629,0.60272753,4.2484217
0.375,0.6466626,0.6466626,-0.3671875,-0.0759339,-0.0759339,0.25,-0.25629002,0.7739175,4.0793276
0.375,0.6466626,0.6466626,-0.3671875,-0.0759339,-0.0759339,0.5,-0.0062900186,0.9937297,3.9344332
0.375,0.6466626,0.6466626,-0.3671875,-0.0759339,-0.0759339,0.75,0.24370998,1.2759743,3.8238685
0.375,0.6466626,0.6466626,-0.3671875,-0.0759339,-0.0759339,1.0,0.49370998,1.6383834,3.76315
0.375,0.6466626,0.6466626,-0.3525,-0.061246395,-0.061246395,-1.0,-1.50629,0.22173108,5.0243225
0.375,0.6466626,0.6466626,-0.3525,-0.061246395,-0.061246395,-0.75,-1.25629,0.28470835,4.832637
0.375,0.6466626,0.6466626,-0.3525,-0.061246395,-0.061246395,-0.5,-1.00629,0.36557275,4.6344514
0.375,0.6466626,0.6466626,-0.3525,-0.061246395,-0.061246395,-0.25,-0.75629,0.4694047,4.4354386
0.375,0.6466626,0.6466626,-0.3525,-0.061246395,-0.061246395,0.0,-0.50629,0.60272753,4.2484217
0.375,0.6466626,0.6466626,-0.3525,-0.061246395,-0.061246395,0.25,-0.25629002,0.7739175,4.0793276
0.375,0.6466626,0.6466626,-0.3525,-0.061246395,-0.061246395,0.5,-0.0062900186,0.9937297,3.9344332
0.375,0.6466626,0.6466626,-0.3525,-0.061246395,-0.061246395,0.75,0.24370998,1.2759743,3.8238685
0.375,0.6466626,0.6466626,-0.3525,-0.061246395,-0.061246395,1.0,0.49370998,1.6383834,3.76315
0.375,0.6466626,0.6466626,-0.33781248,-0.046558887,-0.046558887,-1.0,-1.50629,0.22173108,5.0243225
0.375,0.6466626,0.6466626,-0.33781248,-0.046558887,-0.046558887,-0.75,-1.25629,0.28470835,4.832637
0.375,0.6466626,0.6466626,-0.33781248,-0.046558887,-0.046558887,-0.5,-1.00629,0.36557275,4.6344514
0.375,0.6466626,0.6466626,-0.33781248,-0.046558887,-0.046558887,-0.25,-0.75629,0.4694047,4.4354386
0.375,0.6466626,0.6466626,-0.33781248,-0.046558887,-0.046558887,0.0,-0.50629,0.60272753,4.2484217
0.375,0.6466626,0.6466626,-0.33781248,-0.046558887,-0.046558887,0.25,-0.25629002,0.7739175,4.0793276
0.375,0.6466626,0.6466626,-0.33781248,-0.046558887,-0.046558887,0.5,-0.0062900186,0.9937297,3.9344332
0.375,0.6466626,0.6466626,-0.33781248,-0.046558887,-0.046558887,0.75,0.24370998,1.2759743,3.8238685
0.375,0.6466626,0.6466626,-0.33781248,-0.046558887,-0.046558887,1.0,0.49370998,1.6383834,3.76315
0.375,0.6466626,0.6466626,-0.323125,-0.03187141,-0.03187141,-1.0,-1.50629,0.22173108,5.0243225
0.375,0.6466626,0.6466626,-0.323125,-0.03187141,-0.03187141,-0.75,-1.25629,0.28470835,4.832637
0.375,0.6466626,0.6466626,-0.323125,-0.03187141,-0.03187141,-0.5,-1.00629,0.36557275,4.6344514
0.375,0.6466626,0.6466626,-0.323125,-0.03187141,-0.03187141,-0.25,-0.75629,0.4694047,4.4354386
0.375,0.6466626,0.6466626,-0.323125,-0.03187141,-0.03187141,0.0,-0.50629,0.60272753,4.2484217
0.375,0.6466626,0.6466626,-0.323125,-0.03187141,-0.03187141,0.25,-0.25629002,0.7739175,4.0793276
0.375,0.6466626,0.6466626,-0.323125,-0.03187141,-0.03187141,0.5,-0.0062900186,0.9937297,3.9344332
0.375,0.6466626,0.6466626,-0.323125,-0.03187141,-0.03187141,0.75,0.24370998,1.2759743,3.8238685
0.375,0.6466626,0.6466626,-0.323125,-0.03187141,-0.03187141,1.0,0.49370998,1.6383834,3.76315
0.375,0.6466626,0.6466626,-0.3084375,-0.0171839,-0.0171839,-1.0,-1.50629,0.22173108,5.0243225
0.375,0.6466626,0.6466626,-0.3084375,-0.0171839,-0.0171839,-0.75,-1.25629,0.28470835,4.832637
0.375,0.6466626,0.6466626,-0.3084375,-0.0171839,-0.0171839,-0.5,-1.00629,0.36557275,4.6344514
0.375,0.6466626,0.6466626,-0.3084375,-0.0171839,-0.0171839,-0.25,-0.75629,0.4694047,4.4354386
0.375,0.6466626,0.6466626,-0.3084375,-0.0171839,-0.0171839,0.0,-0.50629,0.60272753,4.2484217
0.375,0.6466626,0.6466626,-0.3084375,-0.0171839,-0.0171839,0.25,-0.25629002,0.7739175,4.0793276
0.375,0.6466626,0.6466626,-0.3084375,-0.0171839,-0.0171839,0.5,-0.0062900186,0.9937297,3.9344332
0.375,0.6466626,0.6466626,-0.3084375,-0.0171839,-0.0171839,0.75,0.24370998,1.2759743,3.8238685
0.375,0.6466626,0.6466626,-0.3084375,-0.0171839,-0.0171839,1.0,0.49370998,1.6383834,3.76315
0.375,0.6466626,0.6466626,-0.29375,-0.0024963915,-0.0024963915,-1.0,-1.50629,0.22173108,5.0243225
0.375,0.6466626,0.6466626,-0.29375,-0.0024963915,-0.0024963915,-0.75,-1.25629,0.28470835,4.832637
0.375,0.6466626,0.6466626,-0.29375,-0.0024963915,-0.0024963915,-0.5,-1.00629,0.36557275,4.6344514
0.375,0.6466626,0.6466626,-0.29375,-0.0024963915,-0.0024963915,-0.25,-0.75629,0.4694047,4.4354386
0.375,0.6466626,0.6466626,-0.29375,-0.0024963915,-0.0024963915,0.0,-0.50629,0.60272753,4.2484217
0.375,0.6466626,0.6466626,-0.29375,-0.0024963915,-0.0024963915,0.25,-0.25629002,0.7739175,4.0793276
0.375,0.6466626,0.6466626,-0.29375,-0.0024963915,-0.0024963915,0.5,-0.0062900186,0.9937297,3.9344332
0.375,0.6466626,0.6466626,-0.29375,-0.0024963915,-0.0024963915,0.75,0.24370998,1.2759743,3.8238685
0.375,0.6466626,0.6466626,-0.29375,-0.0024963915,-0.0024963915,1.0,0.49370998,1.6383834,3.76315
0.375,0.6466626,0.6466626,-0.2790625,0.012191087,0.012191087,-1.0,-1.50629,0.22173108,4.9916086
0.375,0.6466626,0.6466626,-0.2790625,0.012191087,0.012191087,-0.75,-1.25629,0.28470835,4.7976155
0.375,0.6466626,0.6466626,-0.2790625,0.012191087,0.012191087,-0.5,-1.00629,0.36557275,4.597957
0.375,0.6466626,0.6466626,-0.2790625,0.012191087,0.012191087,-0.25,-0.75629,0.4694047,4.3980126
0.375,0.6466626,0.6466626,-0.2790625,0.012191087,0.012191087,0.0,-0.50629,0.60272753,4.211014
0.375,0.6466626,0.6466626,-0.2790625,0.012191087,0.012191087,0.25,-0.25629002,0.7739175,4.0430036
0.375,0.6466626,0.6466626,-0.2790625,0.012191087,0.012191087,0.5,-0.0062900186,0.9937297,3.9000952
0.375,0.6466626,0.6466626,-0.2790625,0.012191087,0.012191087,0.75,0.24370998,1.2759743,3.7927904
0.375,0.6466626,0.6466626,-0.2790625,0.012191087,0.012191087,1.0,0.49370998,1.6383834,3.7362893
0.375,0.6466626,0.6466626,-0.264375,0.026878595,0.026878595,-1.0,-1.50629,0.22173108,4.898705
0.375,0.6466626,0.6466626,-0.264375,0.026878595,0.026878595,-0.75,-1.25629,0.28470835,4.7063274
0.375,0.6466626,0.6466626,-0.264375,0.026878595,0.026878595,-0.5,-1.00629,0.36557275,4.5113387
0.375,0.6466626,0.6466626,-0.264375,0.026878595,0.026878595,-0.25,-0.75629,0.4694047,4.3178573
0.375,0.6466626,0.6466626,-0.264375,0.026878595,0.026878595,0.0,-0.50629,0.60272753,4.1401296
0.375,0.6466626,0.6466626,-0.264375,0.026878595,0.026878595,0.25,-0.25629002,0.7739175,3.9818978
0.375,0.6466626,0.6466626,-0.264375,0.026878595,0.026878595,0.5,-0.0062900186,0.9937297,3.8486462
0.375,0.6466626,0.6466626,-0.264375,0.026878595,0.026878595,0.75,0.24370998,1.2759743,3.7521574
0.375,0.6466626,0.6466626,-0.264375,0.026878595,0.026878595,1.0,0.49370998,1.6383834,3.7096698
0.375,0.6466626,0.6466626,-0.2496875,0.041566104,0.041566104,-1.0,-1.50629,0.22173108,4.8664207
0.375,0.6466626,0.6466626,-0.2496875,0.041566104,0.041566104,-0.75,-1.25629,0.28470835,4.67494
0.375,0.6466626,0.6466626,-0.2496875,0.041566104,0.041566104,-0.5,-1.00629,0.36557275,4.480687
0.375,0.6466626,0.6466626,-0.2496875,0.041566104,0.041566104,-0.25,-0.75629,0.4694047,4.2876134
0.375,0.6466626,0.6466626,-0.2496875,0.041566104,0.041566104,0.0,-0.50629,0.60272753,4.108497
0.375,0.6466626,0.6466626,-0.2496875,0.041566104,0.041566104,0.25,-0.25629002,0.7739175,3.9468575
0.375,0.6466626,0.6466626,-0.2496875,0.041566104,0.041566104,0.5,-0.0062900186,0.9937297,3.8090546
0.375,0.6466626,0.6466626,-0.2496875,0.041566104,0.041566104,0.75,0.24370998,1.2759743,3.7090871
0.375,0.6466626,0.6466626,-0.2496875,0.041566104,0.041566104,1.0,0.49370998,1.6383834,3.6684632
0.375,0.6466626,0.6466626,-0.235,0.056253597,0.056253597,-1.0,-1.50629,0.22173108,4.8260074
0.375,0.6466626,0.6466626,-0.235,0.056253597,0.056253597,-0.75,-1.25629,0.28470835,4.6328416
0.375,0.6466626,0.6466626,-0.235,0.056253597,0.056253597,-0.5,-1.00629,0.36557275,4.4361887
0.375,0.6466626,0.6466626,-0.235,0.056253597,0.056253597,-0.25,-0.75629,0.4694047,4.2409587
0.375,0.6466626,0.6466626,-0.235,0.056253597,0.056253597,0.0,-0.50629,0.60272753,4.059747
0.375,0.6466626,0.6466626,-0.235,0.056253597,0.056253597,0.25,-0.25629002,0.7739175,3.8974843
0.375,0.6466626,0.6466626,-0.235,0.056253597,0.056253597,0.5,-0.0062900186,0.9937297,3.7615728
0.375,0.6466626,0.6466626,-0.235,0.056253597,0.056253597,0.75,0.24370998,1.2759743,3.671311
0.375,0.6466626,0.6466626,-0.235,0.056253597,0.056253597,1.0,0.49370998,1.6383834,3.662107
0.375,0.6466626,0.6466626,-0.2203125,0.07094109,0.07094109,-1.0,-1.50629,0.22173108,4.74009
0.375,0.6466626,0.6466626,-0.2203125,0.07094109,0.07094109,-0.75,-1.25629,0.28470835,4.540248
0.375,0.6466626,0.6466626,-0.2203125,0.07094109,0.07094109,-0.5,-1.00629,0.36557275,4.3370047
0.375,0.6466626,0.6466626,-0.2203125,0.07094109,0.07094109,-0.25,-0.75629,0.4694047,4.135312
0.375,0.6466626,0.6466626,-0.2203125,0.07094109,0.07094109,0.0,-0.50629,0.60272753,3.9497
0.375,0.6466626,0.6466626,-0.2203125,0.07094109,0.07094109,0.25,-0.25629002,0.7739175,3.785167
0.375,0.6466626,0.6466626,-0.2203125,0.07094109,0.07094109,0.5,-0.0062900186,0.9937297,3.6505916
0.375,0.6466626,0.6466626,-0.2203125,0.07094109,0.07094109,0.75,0.24370998,1.2759743,3.5699766
0.375,0.6466626,0.6466626,-0.2203125,0.07094109,0.07094109,1.0,0.49370998,1.6383834,3.5972145
0.375,0.6466626,0.6466626,-0.205625,0.0856286,0.0856286,-1.0,-1.50629,0.22173108,4.5478473
0.375,0.6466626,0.6466626,-0.205625,0.0856286,0.0856286,-0.75,-1.25629,0.28470835,4.3296638
0.375,0.6466626,0.6466626,-0.205625,0.0856286,0.0856286,-0.5,-1.00629,0.36557275,4.1063385
0.375,0.6466626,0.6466626,-0.205625,0.0856286,0.0856286,-0.25,-0.75629,0.4694047,3.88456
0.375,0.6466626,0.6466626,-0.205625,0.0856286,0.0856286,0.0,-0.50629,0.60272753,3.6829572
0.375,0.6466626,0.6466626,-0.205625,0.0856286,0.0856286,0.25,-0.25629002,0.7739175,3.5076225
0.375,0.6466626,0.6466626,-0.205625,0.0856286,0.0856286,0.5,-0.0062900186,0.9937297,3.3718326
0.375,0.6466626,0.6466626,-0.205625,0.0856286,0.0856286,0.75,0.24370998,1.2759743,3.3128488
0.375,0.6466626,0.6466626,-0.205625,0.0856286,0.0856286,1.0,0.49370998,1.6383834,3.381322
0.375,0.6466626,0.6466626,-0.19093749,0.10031611,0.10031611,-1.0,-1.50629,0.22173108,4.2411256
0.375,0.6466626,0.6466626,-0.19093749,0.10031611,0.10031611,-0.75,-1.25629,0.28470835,3.9964423
0.375,0.6466626,0.6466626,-0.19093749,0.10031611,0.10031611,-0.5,-1.00629,0.36557275,3.746729
0.375,0.6466626,0.6466626,-0.19093749,0.10031611,0.10031611,-0.25,-0.75629,0.4694047,3.5001893
0.375,0.6466626,0.6466626,-0.19093749,0.10031611,0.10031611,0.0,-0.50629,0.60272753,3.2803335
0.375,0.6466626,0.6466626,-0.19093749,0.10031611,0.10031611,0.25,-0.25629002,0.7739175,3.0978897
0.375,0.6466626,0.6466626,-0.19093749,0.10031611,0.10031611,0.5,-0.0062900186,0.9937297,2.9757807
0.375,0.6466626,0.6466626,-0.19093749,0.10031611,0.10031611,0.75,0.24370998,1.2759743,2.9772346
0.375,0.6466626,0.6466626,-0.19093749,0.10031611,0.10031611,1.0,0.49370998,1.6383834,3.1098602
0.375,0.6466626,0.6466626,-0.17625001,0.115003586,0.115003586,-1.0,-1.50629,0.22173108,3.7985153
0.375,0.6466626,0.6466626,-0.17625001,0.115003586,0.115003586,-0.75,-1.25629,0.28470835,3.519876
0.375,0.6466626,0.6466626,-0.17625001,0.115003586,0.115003586,-0.5,-1.00629,0.36557275,3.2385154
0.375,0.6466626,0.6466626,-0.17625001,0.115003586,0.115003586,-0.25,-0.75629,0.4694047,2.9660032
0.375,0.6466626,0.6466626,-0.17625001,0.115003586,0.115003586,0.0,-0.50629,0.60272753,2.7316833
0.375,0.6466626,0.6466626,-0.17625001,0.115003586,0.115003586,0.25,-0.25629002,0.7739175,2.5508714
0.375,0.6466626,0.6466626,-0.17625001,0.115003586,0.115003586,0.5,-0.0062900186,0.9937297,2.4701984
0.375,0.6466626,0.6466626,-0.17625001,0.115003586,0.115003586,0.75,0.24370998,1.2759743,2.562681
0.375,0.6466626,0.6466626,-0.17625001,0.115003586,0.115003586,1.0,0.49370998,1.6383834,2.8153718
0.375,0.6466626,0.6466626,-0.1615625,0.1296911,0.1296911,-1.0,-1.50629,0.22173108,3.3826716
0.375,0.6466626,0.6466626,-0.1615625,0.1296911,0.1296911,-0.75,-1.25629,0.28470835,3.0792384
0.375,0.6466626,0.6466626,-0.1615625,0.1296911,0.1296911,-0.5,-1.00629,0.36557275,2.779511
0.375,0.6466626,0.6466626,-0.1615625,0.1296911,0.1296911,-0.25,-0.75629,0.4694047,2.5007875
0.375,0.6466626,0.6466626,-0.1615625,0.1296911,0.1296911,0.0,-0.50629,0.60272753,2.2796707
0.375,0.6466626,0.6466626,-0.1615625,0.1296911,0.1296911,0.25,-0.25629002,0.7739175,2.145943
0.375,0.6466626,0.6466626,-0.1615625,0.1296911,0.1296911,0.5,-0.0062900186,0.9937297,2.1750014
0.375,0.6466626,0.6466626,-0.1615625,0.1296911,0.1296911,0.75,0.24370998,1.2759743,2.4143345
0.375,0.6466626,0.6466626,-0.1615625,0.1296911,0.1296911,1.0,0.49370998,1.6383834,2.8614862
0.375,0.6466626,0.6466626,-0.146875,0.1443786,0.1443786,-1.0,-1.50629,0.22173108,3.0481102
0.375,0.6466626,0.6466626,-0.146875,0.1443786,0.1443786,-0.75,-1.25629,0.28470835,2.732146
0.375,0.6466626,0.6466626,-0.146875,0.1443786,0.1443786,-0.5,-1.00629,0.36557275,2.4321756
0.375,0.6466626,0.6466626,-0.146875,0.1443786,0.1443786,-0.25,-0.75629,0.4694047,2.17008
0.375,0.6466626,0.6466626,-0.146875,0.1443786,0.1443786,0.0,-0.50629,0.60272753,1.9971353
0.375,0.6466626,0.6466626,-0.146875,0.1443786,0.1443786,0.25,-0.25629002,0.7739175,1.9628134
0.375,0.6466626,0.6466626,-0.146875,0.1443786,0.1443786,0.5,-0.0062900186,0.9937297,2.1573505
0.375,0.6466626,0.6466626,-0.146875,0.1443786,0.1443786,0.75,0.24370998,1.2759743,2.5800078
0.375,0.6466626,0.6466626,-0.146875,0.1443786,0.1443786,1.0,0.49370998,1.6383834,3.2285173
0.375,0.6466626,0.6466626,-0.13218749,0.15906611,0.15906611,-1.0,-1.50629,0.22173108,2.7617924
0.375,0.6466626,0.6466626,-0.13218749,0.15906611,0.15906611,-0.75,-1.25629,0.28470835,2.4442775
0.375,0.6466626,0.6466626,-0.13218749,0.15906611,0.15906611,-0.5,-1.00629,0.36557275,2.158625
0.375,0.6466626,0.6466626,-0.13218749,0.15906611,0.15906611,-0.25,-0.75629,0.4694047,1.9410738
0.375,0.6466626,0.6466626,-0.13218749,0.15906611,0.15906611,0.0,-0.50629,0.60272753,1.8511437
0.375,0.6466626,0.6466626,-0.13218749,0.15906611,0.15906611,0.25,-0.25629002,0.7739175,1.9588966
0.375,0.6466626,0.6466626,-0.13218749,0.15906611,0.15906611,0.5,-0.0062900186,0.9937297,2.324532
0.375,0.6466626,0.6466626,-0.13218749,0.15906611,0.15906611,0.75,0.24370998,1.2759743,2.9059162
0.375,0.6466626,0.6466626,-0.13218749,0.15906611,0.15906611,1.0,0.49370998,1.6383834,3.6890197
0.375,0.6466626,0.6466626,-0.11750001,0.17375359,0.17375359,-1.0,-1.50629,0.22173108,2.5232654
0.375,0.6466626,0.6466626,-0.11750001,0.17375359,0.17375359,-0.75,-1.25629,0.28470835,2.217885
0.375,0.6466626,0.6466626,-0.11750001,0.17375359,0.17375359,-0.5,-1.00629,0.36557275,1.9664026
0.375,0.6466626,0.6466626,-0.11750001,0.17375359,0.17375359,-0.25,-0.75629,0.4694047,1.8134438
0.375,0.6466626,0.6466626,-0.11750001,0.17375359,0.17375359,0.0,-0.50629,0.60272753,1.8334324
0.375,0.6466626,0.6466626,-0.11750001,0.17375359,0.17375359,0.25,-0.25629002,0.7739175,2.1002023
0.375,0.6466626,0.6466626,-0.11750001,0.17375359,0.17375359,0.5,-0.0062900186,0.9937297,2.6121178
0.375,0.6466626,0.6466626,-0.11750001,0.17375359,0.17375359,0.75,0.24370998,1.2759743,3.3139968
0.375,0.6466626,0.6466626,-0.11750001,0.17375359,0.17375359,1.0,0.49370998,1.6383834,4.1928706
0.375,0.6466626,0.6466626,-0.1028125,0.1884411,0.1884411,-1.0,-1.50629,0.22173108,2.3219633
0.375,0.6466626,0.6466626,-0.1028125,0.1884411,0.1884411,-0.75,-1.25629,0.28470835,2.0394576
0.375,0.6466626,0.6466626,-0.1028125,0.1884411,0.1884411,-0.5,-1.00629,0.36557275,1.8359418
0.375,0.6466626,0.6466626,-0.1028125,0.1884411,0.1884411,-0.25,-0.75629,0.4694047,1.7604318
0.375,0.6466626,0.6466626,-0.1028125,0.1884411,0.1884411,0.0,-0.50629,0.60272753,1.8914005
0.375,0.6466626,0.6466626,-0.1028125,0.1884411,0.1884411,0.25,-0.25629002,0.7739175,2.2957902
0.375,0.6466626,0.6466626,-0.1028125,0.1884411,0.1884411,0.5,-0.0062900186,0.9937297,2.9169173
0.375,0.6466626,0.6466626,-0.1028125,0.1884411,0.1884411,0.75,0.24370998,1.2759743,3.713814
0.375,0.6466626,0.6466626,-0.1028125,0.1884411,0.1884411,1.0,0.49370998,1.6383834,4.672767
0.375,0.6466626,0.6466626,-0.08812499,0.2031286,0.2031286,-1.0,-1.50629,0.22173108,2.1466782
0.375,0.6466626,0.6466626,-0.08812499,0.2031286,0.2031286,-0.75,-1.25629,0.28470835,1.895465
0.375,0.6466626,0.6466626,-0.08812499,0.2031286,0.2031286,-0.5,-1.00629,0.36557275,1.7500638
0.375,0.6466626,0.6466626,-0.08812499,0.2031286,0.2031286,-0.25,-0.75629,0.4694047,1.7713966
0.375,0.6466626,0.6466626,-0.08812499,0.2031286,0.2031286,0.0,-0.50629,0.60272753,2.026029
0.375,0.6466626,0.6466626,-0.08812499,0.2031286,0.2031286,0.25,-0.25629002,0.7739175,2.546991
0.375,0.6466626,0.6466626,-0.08812499,0.2031286,0.2031286,0.5,-0.0062900186,0.9937297,3.2548132
0.375,0.6466626,0.6466626,-0.08812499,0.2031286,0.2031286,0.75,0.24370998,1.2759743,4.124565
0.375,0.6466626,0.6466626,-0.08812499,0.2031286,0.2031286,1.0,0.49370998,1.6383834,5.148406
0.375,0.6466626,0.6466626,-0.07343751,0.21781608,0.21781608,-1.0,-1.50629,0.22173108,2.0101876
0.375,0.6466626,0.6466626,-0.07343751,0.21781608,0.21781608,-0.75,-1.25629,0.28470835,1.7927248
0.375,0.6466626,0.6466626,-0.07343751,0.21781608,0.21781608,-0.5,-1.00629,0.36557275,1.7107869
0.375,0.6466626,0.6466626,-0.07343751,0.21781608,0.21781608,-0.25,-0.75629,0.4694047,1.8233002
0.375,0.6466626,0.6466626,-0.07343751,0.21781608,0.21781608,0.0,-0.50629,0.60272753,2.1710684
0.375,0.6466626,0.6466626,-0.07343751,0.21781608,0.21781608,0.25,-0.25629002,0.7739175,2.768854
0.375,0.6466626,0.6466626,-0.07343751,0.21781608,0.21781608,0.5,-0.0062900186,0.9937297,3.5340164
0.375,0.6466626,0.6466626,-0.07343751,0.21781608,0.21781608,0.75,0.24370998,1.2759743,4.451367
0.375,0.6466626,0.6466626,-0.07343751,0.21781608,0.21781608,1.0,0.49370998,1.6383834,5.5160413
0.375,0.6466626,0.6466626,-0.058750004,0.2325036,0.2325036,-1.0,-1.50629,0.22173108,1.8888986
0.375,0.6466626,0.6466626,-0.058750004,0.2325036,0.2325036,-0.75,-1.25629,0.28470835,1.7182051
0.375,0.6466626,0.6466626,-0.058750004,0.2325036,0.2325036,-0.5,-1.00629,0.36557275,1.7087653
0.375,0.6466626,0.6466626,-0.058750004,0.2325036,0.2325036,-0.25,-0.75629,0.4694047,1.9122006
0.375,0.6466626,0.6466626,-0.058750004,0.2325036,0.2325036,0.0,-0.50629,0.60272753,2.347935
0.375,0.6466626,0.6466626,-0.058750004,0.2325036,0.2325036,0.25,-0.25629002,0.7739175,3.013684
0.375,0.6466626,0.6466626,-0.058750004,0.2325036,0.2325036,0.5,-0.0062900186,0.9937297,3.8387249
0.375,0.6466626,0.6466626,-0.058750004,0.2325036,0.2325036,0.75,0.24370998,1.2759743,4.81095
0.375,0.6466626,0.6466626,-0.058750004,0.2325036,0.2325036,1.0,0.49370998,1.6383834,5.9296856
0.375,0.6466626,0.6466626,-0.044062495,0.2471911,0.2471911,-1.0,-1.50629,0.22173108,1.8012162
0.375,0.6466626,0.6466626,-0.044062495,0.2471911,0.2471911,-0.75,-1.25629,0.28470835,1.6747022
0.375,0.6466626,0.6466626,-0.044062495,0.2471911,0.2471911,-0.5,-1.00629,0.36557275,1.7392066
0.375,0.6466626,0.6466626,-0.044062495,0.2471911,0.2471911,-0.25,-0.75629,0.4694047,2.0118313
0.375,0.6466626,0.6466626,-0.044062495,0.2471911,0.2471911,0.0,-0.50629,0.60272753,2.5061104
0.375,0.6466626,0.6466626,-0.044062495,0.2471911,0.2471911,0.25,-0.25629002,0.7739175,3.2127304
0.375,0.6466626,0.6466626,-0.044062495,0.2471911,0.2471911,0.5,-0.0062900186,0.9937297,4.075263
0.375,0.6466626,0.6466626,-0.044062495,0.2471911,0.2471911,0.75,0.24370998,1.2759743,5.0835667
0.375,0.6466626,0.6466626,-0.044062495,0.2471911,0.2471911,1.0,0.49370998,1.6383834,6.2353997
0.375,0.6466626,0.6466626,-0.029374987,0.2618786,0.2618786,-1.0,-1.50629,0.22173108,1.7332436
0.375,0.6466626,0.6466626,-0.029374987,0.2618786,0.2618786,-0.75,-1.25629,0.28470835,1.6525433
0.375,0.6466626,0.6466626,-0.029374987,0.2618786,0.2618786,-0.5,-1.00629,0.36557275,1.7840945
0.375,0.6466626,0.6466626,-0.029374987,0.2618786,0.2618786,-0.25,-0.75629,0.4694047,2.1111395
0.375,0.6466626,0.6466626,-0.029374987,0.2618786,0.2618786,0.0,-0.50629,0.60272753,2.6603267
0.375,0.6466626,0.6466626,-0.029374987,0.2618786,0.2618786,0.25,-0.25629002,0.7739175,3.4105315
0.375,0.6466626,0.6466626,-0.029374987,0.2618786,0.2618786,0.5,-0.0062900186,0.9937297,4.313203
0.375,0.6466626,0.6466626,-0.029374987,0.2618786,0.2618786,0.75,0.24370998,1.2759743,5.357231
0.375,0.6466626,0.6466626,-0.029374987,0.2618786,0.2618786,1.0,0.49370998,1.6383834,6.5372233
0.375,0.6466626,0.6466626,-0.014687508,0.2765661,0.2765661,-1.0,-1.50629,0.22173108,1.7069741
0.375,0.6466626,0.6466626,-0.014687508,0.2765661,0.2765661,-0.75,-1.25629,0.28470835,1.6514096
0.375,0.6466626,0.6466626,-0.014687508,0.2765661,0.2765661,-0.5,-1.00629,0.36557275,1.8077451
0.375,0.6466626,0.6466626,-0.014687508,0.2765661,0.2765661,-0.25,-0.75629,0.4694047,2.1575284
0.375,0.6466626,0.6466626,-0.014687508,0.2765661,0.2765661,0.0,-0.50629,0.60272753,2.7345262
0.375,0.6466626,0.6466626,-0.014687508,0.2765661,0.2765661,0.25,-0.25629002,0.7739175,3.504531
0.375,0.6466626,0.6466626,-0.014687508,0.2765661,0.2765661,0.5,-0.0062900186,0.9937297,4.42567
0.375,0.6466626,0.6466626,-0.014687508,0.2765661,0.2765661,0.75,0.24370998,1.2759743,5.482193
0.375,0.6466626,0.6466626,-0.014687508,0.2765661,0.2765661,1.0,0.49370998,1.6383834,6.675854
0.375,0.6466626,0.6466626,0.0,0.2912536,0.2912536,-1.0,-1.50629,0.22173108,1.6796951
0.375,0.6466626,0.6466626,0.0,0.2912536,0.2912536,-0.75,-1.25629,0.28470835,1.6386776
0.375,0.6466626,0.6466626,0.0,0.2912536,0.2912536,-0.5,-1.00629,0.36557275,1.8138913
0.375,0.6466626,0.6466626,0.0,0.2912536,0.2912536,-0.25,-0.75629,0.4694047,2.1779695
0.375,0.6466626,0.6466626,0.0,0.2912536,0.2912536,0.0,-0.50629,0.60272753,2.7739897
0.375,0.6466626,0.6466626,0.0,0.2912536,0.2912536,0.25,-0.25629002,0.7739175,3.5593045
0.375,0.6466626,0.6466626,0.0,0.2912536,0.2912536,0.5,-0.0062900186,0.9937297,4.4882464
0.375,0.6466626,0.6466626,0.0,0.2912536,0.2912536,0.75,0.24370998,1.2759743,5.55195
0.375,0.6466626,0.6466626,0.0,0.2912536,0.2912536,1.0,0.49370998,1.6383834,6.7548933
0.375,0.6466626,0.6466626,0.014687508,0.3059411,0.3059411,-1.0,-1.50629,0.22173108,1.6505587
0.375,0.6466626,0.6466626,0.014687508,0.3059411,0.3059411,-0.75,-1.25629,0.28470835,1.6302176
0.375,0.6466626,0.6466626,0.014687508,0.3059411,0.3059411,-0.5,-1.00629,0.36557275,1.8283322
0.375,0.6466626,0.6466626,0.014687508,0.3059411,0.3059411,-0.25,-0.75629,0.4694047,2.206444
0.375,0.6466626,0.6466626,0.014687508,0.3059411,0.3059411,0.0,-0.50629,0.60272753,2.8252046
0.375,0.6466626,0.6466626,0.014687508,0.3059411,0.3059411,0.25,-0.25629002,0.7739175,3.6285622
0.375,0.6466626,0.6466626,0.014687508,0.3059411,0.3059411,0.5,-0.0062900186,0.9937297,4.571872
0.375,0.6466626,0.6466626,0.014687508,0.3059411,0.3059411,0.75,0.24370998,1.2759743,5.650017
0.375,0.6466626,0.6466626,0.014687508,0.3059411,0.3059411,1.0,0.49370998,1.6383834,6.86719
0.375,0.6466626,0.6466626,0.029374987,0.32062858,0.32062858,-1.0,-1.50629,0.22173108,1.6237417
0.375,0.6466626,0.6466626,0.029374987,0.32062858,0.32062858,-0.75,-1.25629,0.28470835,1.6212895
0.375,0.6466626,0.6466626,0.029374987,0.32062858,0.32062858,-0.5,-1.00629,0.36557275,1.8343687
0.375,0.6466626,0.6466626,0.029374987,0.32062858,0.32062858,-0.25,-0.75629,0.4694047,2.2273893
0.375,0.6466626,0.6466626,0.029374987,0.32062858,0.32062858,0.0,-0.50629,0.60272753,2.8714738
0.375,0.6466626,0.6466626,0.029374987,0.32062858,0.32062858,0.25,-0.25629002,0.7739175,3.6894453
0.375,0.6466626,0.6466626,0.029374987,0.32062858,0.32062858,0.5,-0.0062900186,0.9937297,4.641889
0.375,0.6466626,0.6466626,0.029374987,0.32062858,0.32062858,0.75,0.24370998,1.2759743,5.729921
0.375,0.6466626,0.6466626,0.029374987,0.32062858,0.32062858,1.0,0.49370998,1.6383834,6.959911
0.375,0.6466626,0.6466626,0.044062525,0.33531612,0.33531612,-1.0,-1.50629,0.22173108,1.5986702
0.375,0.6466626,0.6466626,0.044062525,0.33531612,0.33531612,-0.75,-1.25629,0.28470835,1.6264614
0.375,0.6466626,0.6466626,0.044062525,0.33531612,0.33531612,-0.5,-1.00629,0.36557275,1.8607973
0.375,0.6466626,0.6466626,0.044062525,0.33531612,0.33531612,-0.25,-0.75629,0.4694047,2.271391
0.375,0.6466626,0.6466626,0.044062525,0.33531612,0.33531612,0.0,-0.50629,0.60272753,2.936194
0.375,0.6466626,0.6466626,0.044062525,0.33531612,0.33531612,0.25,-0.25629002,0.7739175,3.759669
0.375,0.6466626,0.6466626,0.044062525,0.33531612,0.33531612,0.5,-0.0062900186,0.9937297,4.721119
0.375,0.6466626,0.6466626,0.044062525,0.33531612,0.33531612,0.75,0.24370998,1.2759743,5.821973
0.375,0.6466626,0.6466626,0.044062525,0.33531612,0.33531612,1.0,0.49370998,1.6383834,7.063668
0.375,0.6466626,0.6466626,0.058750004,0.3500036,0.3500036,-1.0,-1.50629,0.22173108,1.575557
0.375,0.6466626,0.6466626,0.058750004,0.3500036,0.3500036,-0.75,-1.25629,0.28470835,1.627248
0.375,0.6466626,0.6466626,0.058750004,0.3500036,0.3500036,-0.5,-1.00629,0.36557275,1.8765535
0.375,0.6466626,0.6466626,0.058750004,0.3500036,0.3500036,-0.25,-0.75629,0.4694047,2.2959867
0.375,0.6466626,0.6466626,0.058750004,0.3500036,0.3500036,0.0,-0.50629,0.60272753,2.9717135
0.375,0.6466626,0.6466626,0.058750004,0.3500036,0.3500036,0.25,-0.25629002,0.7739175,3.803474
0.375,0.6466626,0.6466626,0.058750004,0.3500036,0.3500036,0.5,-0.0062900186,0.9937297,4.771833
0.375,0.6466626,0.6466626,0.058750004,0.3500036,0.3500036,0.75,0.24370998,1.2759743,5.8768625
0.375,0.6466626,0.6466626,0.058750004,0.3500036,0.3500036,1.0,0.49370998,1.6383834,7.1224537
0.375,0.6466626,0.6466626,0.07343748,0.36469108,0.36469108,-1.0,-1.50629,0.22173108,1.5547282
0.375,0.6466626,0.6466626,0.07343748,0.36469108,0.36469108,-0.75,-1.25629,0.28470835,1.6245059
0.375,0.6466626,0.6466626,0.07343748,0.36469108,0.36469108,-0.5,-1.00629,0.36557275,1.8870713
0.375,0.6466626,0.6466626,0.07343748,0.36469108,0.36469108,-0.25,-0.75629,0.4694047,2.3230712
0.375,0.6466626,0.6466626,0.07343748,0.36469108,0.36469108,0.0,-0.50629,0.60272753,3.0156875
0.375,0.6466626,0.6466626,0.07343748,0.36469108,0.36469108,0.25,-0.25629002,0.7739175,3.857176
0.375,0.6466626,0.6466626,0.07343748,0.36469108,0.36469108,0.5,-0.0062900186,0.9937297,4.8325586
0.375,0.6466626,0.6466626,0.07343748,0.36469108,0.36469108,0.75,0.24370998,1.2759743,5.9446216
0.375,0.6466626,0.6466626,0.07343748,0.36469108,0.36469108,1.0,0.49370998,1.6383834,7.199198
0.375,0.6466626,0.6466626,0.08812502,0.37937862,0.37937862,-1.0,-1.50629,0.22173108,1.538663
0.375,0.6466626,0.6466626,0.08812502,0.37937862,0.37937862,-0.75,-1.25629,0.28470835,1.6112098
0.375,0.6466626,0.6466626,0.08812502,0.37937862,0.37937862,-0.5,-1.00629,0.36557275,1.8767415
0.375,0.6466626,0.6466626,0.08812502,0.37937862,0.37937862,-0.25,-0.75629,0.4694047,2.3208816
0.375,0.6466626,0.6466626,0.08812502,0.37937862,0.37937862,0.0,-0.50629,0.60272753,3.028649
0.375,0.6466626,0.6466626,0.08812502,0.37937862,0.37937862,0.25,-0.25629002,0.7739175,3.8807087
0.375,0.6466626,0.6466626,0.08812502,0.37937862,0.37937862,0.5,-0.0062900186,0.9937297,4.8673143
0.375,0.6466626,0.6466626,0.08812502,0.37937862,0.37937862,0.75,0.24370998,1.2759743,5.989366
0.375,0.6466626,0.6466626,0.08812502,0.37937862,0.37937862,1.0,0.49370998,1.6383834,7.2513466
0.375,0.6466626,0.6466626,0.1028125,0.3940661,0.3940661,-1.0,-1.50629,0.22173108,1.5213175
0.375,0.6466626,0.6466626,0.1028125,0.3940661,0.3940661,-0.75,-1.25629,0.28470835,1.5980647
0.375,0.6466626,0.6466626,0.1028125,0.3940661,0.3940661,-0.5,-1.00629,0.36557275,1.8664503
0.375,0.6466626,0.6466626,0.1028125,0.3940661,0.3940661,-0.25,-0.75629,0.4694047,2.3232367
0.375,0.6466626,0.6466626,0.1028125,0.3940661,0.3940661,0.0,-0.50629,0.60272753,3.0391827
0.375,0.6466626,0.6466626,0.1028125,0.3940661,0.3940661,0.25,-0.25629002,0.7739175,3.899403
0.375,0.6466626,0.6466626,0.1028125,0.3940661,0.3940661,0.5,-0.0062900186,0.9937297,4.891793
0.375,0.6466626,0.6466626,0.1028125,0.3940661,0.3940661,0.75,0.24370998,1.2759743,6.0165205
0.375,0.6466626,0.6466626,0.1028125,0.3940661,0.3940661,1.0,0.49370998,1.6383834,7.2791634
0.375,0.6466626,0.6466626,0.11749998,0.40875357,0.40875357,-1.0,-1.50629,0.22173108,1.4919357
0.375,0.6466626,0.6466626,0.11749998,0.40875357,0.40875357,-0.75,-1.25629,0.28470835,1.5770341
0.375,0.6466626,0.6466626,0.11749998,0.40875357,0.40875357,-0.5,-1.00629,0.36557275,1.8581269
0.375,0.6466626,0.6466626,0.11749998,0.40875357,0.40875357,-0.25,-0.75629,0.4694047,2.3341744
0.375,0.6466626,0.6466626,0.11749998,0.40875357,0.40875357,0.0,-0.50629,0.60272753,3.0641668
0.375,0.6466626,0.6466626,0.11749998,0.40875357,0.40875357,0.25,-0.25629002,0.7739175,3.9311314
0.375,0.6466626,0.6466626,0.11749998,0.40875357,0.40875357,0.5,-0.0062900186,0.9937297,4.9284625
0.375,0.6466626,0.6466626,0.11749998,0.40875357,0.40875357,0.75,0.24370998,1.2759743,6.0540304
0.375,0.6466626,0.6466626,0.11749998,0.40875357,0.40875357,1.0,0.49370998,1.6383834,7.314559
0.375,0.6466626,0.6466626,0.13218752,0.4234411,0.4234411,-1.0,-1.50629,0.22173108,1.4634973
0.375,0.6466626,0.6466626,0.13218752,0.4234411,0.4234411,-0.75,-1.25629,0.28470835,1.5460268
0.375,0.6466626,0.6466626,0.13218752,0.4234411,0.4234411,-0.5,-1.00629,0.36557275,1.8365055
0.375,0.6466626,0.6466626,0.13218752,0.4234411,0.4234411,-0.25,-0.75629,0.4694047,2.3341148
0.375,0.6466626,0.6466626,0.13218752,0.4234411,0.4234411,0.0,-0.50629,0.60272753,3.0814414
0.375,0.6466626,0.6466626,0.13218752,0.4234411,0.4234411,0.25,-0.25629002,0.7739175,3.961819
0.375,0.6466626,0.6466626,0.13218752,0.4234411,0.4234411,0.5,-0.0062900186,0.9937297,4.9655504
0.375,0.6466626,0.6466626,0.13218752,0.4234411,0.4234411,0.75,0.24370998,1.2759743,6.0950913
0.375,0.6466626,0.6466626,0.13218752,0.4234411,0.4234411,1.0,0.49370998,1.6383834,7.359404
0.375,0.6466626,0.6466626,0.146875,0.4381286,0.4381286,-1.0,-1.50629,0.22173108,1.4426422
0.375,0.6466626,0.6466626,0.146875,0.4381286,0.4381286,-0.75,-1.25629,0.28470835,1.5146838
0.375,0.6466626,0.6466626,0.146875,0.4381286,0.4381286,-0.5,-1.00629,0.36557275,1.8127098
0.375,0.6466626,0.6466626,0.146875,0.4381286,0.4381286,-0.25,-0.75629,0.4694047,2.3242972
0.375,0.6466626,0.6466626,0.146875,0.4381286,0.4381286,0.0,-0.50629,0.60272753,3.0799286
0.375,0.6466626,0.6466626,0.146875,0.4381286,0.4381286,0.25,-0.25629002,0.7739175,3.9649558
0.375,0.6466626,0.6466626,0.146875,0.4381286,0.4381286,0.5,-0.0062900186,0.9937297,4.9703765
0.375,0.6466626,0.6466626,0.146875,0.4381286,0.4381286,0.75,0.24370998,1.2759743,6.099049
0.375,0.6466626,0.6466626,0.146875,0.4381286,0.4381286,1.0,0.49370998,1.6383834,7.358289
0.375,0.6466626,0.6466626,0.16156247,0.45281607,0.45281607,-1.0,-1.50629,0.22173108,1.215512
0.375,0.6466626,0.6466626,0.16156247,0.45281607,0.45281607,-0.75,-1.25629,0.28470835,1.3024198
0.375,0.6466626,0.6466626,0.16156247,0.45281607,0.45281607,-0.5,-1.00629,0.36557275,1.6515759
0.375,0.6466626,0.6466626,0.16156247,0.45281607,0.45281607,-0.25,-0.75629,0.4694047,2.209704
0.375,0.6466626,0.6466626,0.16156247,0.45281607,0.45281607,0.0,-0.50629,0.60272753,3.0055373
0.375,0.6466626,0.6466626,0.16156247,0.45281607,0.45281607,0.25,-0.25629002,0.7739175,3.9197617
0.375,0.6466626,0.6466626,0.16156247,0.45281607,0.45281607,0.5,-0.0062900186,0.9937297,4.947049
0.375,0.6466626,0.6466626,0.16156247,0.45281607,0.45281607,0.75,0.24370998,1.2759743,6.090246
0.375,0.6466626,0.6466626,0.16156247,0.45281607,0.45281607,1.0,0.49370998,1.6383834,7.3591094
0.375,0.6466626,0.6466626,0.17625001,0.4675036,0.4675036,-1.0,-1.50629,0.22173108,1.0909556
0.375,0.6466626,0.6466626,0.17625001,0.4675036,0.4675036,-0.75,-1.25629,0.28470835,1.2034391
0.375,0.6466626,0.6466626,0.17625001,0.4675036,0.4675036,-0.5,-1.00629,0.36557275,1.5745031
0.375,0.6466626,0.6466626,0.17625001,0.4675036,0.4675036,-0.25,-0.75629,0.4694047,2.1453562
0.375,0.6466626,0.6466626,0.17625001,0.4675036,0.4675036,0.0,-0.50629,0.60272753,2.953357
0.375,0.6466626,0.6466626,0.17625001,0.4675036,0.4675036,0.25,-0.25629002,0.7739175,3.8758986
0.375,0.6466626,0.6466626,0.17625001,0.4675036,0.4675036,0.5,-0.0062900186,0.9937297,4.9054103
0.375,0.6466626,0.6466626,0.17625001,0.4675036,0.4675036,0.75,0.24370998,1.2759743,6.0472565
0.375,0.6466626,0.6466626,0.17625001,0.4675036,0.4675036,1.0,0.49370998,1.6383834,7.3125515
0.375,0.6466626,0.6466626,0.19093749,0.4821911,0.4821911,-1.0,-1.50629,0.22173108,1.4086887
0.375,0.6466626,0.6466626,0.19093749,0.4821911,0.4821911,-0.75,-1.25629,0.28470835,1.5019038
0.375,0.6466626,0.6466626,0.19093749,0.4821911,0.4821911,-0.5,-1.00629,0.36557275,1.820096
0.375,0.6466626,0.6466626,0.19093749,0.4821911,0.4821911,-0.25,-0.75629,0.4694047,2.342382
0.375,0.6466626,0.6466626,0.19093749,0.4821911,0.4821911,0.0,-0.50629,0.60272753,3.1126084
0.375,0.6466626,0.6466626,0.19093749,0.4821911,0.4821911,0.25,-0.25629002,0.7739175,4.008752
0.375,0.6466626,0.6466626,0.19093749,0.4821911,0.4821911,0.5,-0.0062900186,0.9937297,5.020598
0.375,0.6466626,0.6466626,0.19093749,0.4821911,0.4821911,0.75,0.24370998,1.2759743,6.152397
0.375,0.6466626,0.6466626,0.19093749,0.4821911,0.4821911,1.0,0.49370998,1.6383834,7.411408
0.375,0.6466626,0.6466626,0.20562503,0.49687862,0.49687862,-1.0,-1.50629,0.22173108,1.4181453
0.375,0.6466626,0.6466626,0.20562503,0.49687862,0.49687862,-0.75,-1.25629,0.28470835,1.5159926
0.375,0.6466626,0.6466626,0.20562503,0.49687862,0.49687862,-0.5,-1.00629,0.36557275,1.8192314
0.375,0.6466626,0.6466626,0.20562503,0.49687862,0.49687862,-0.25,-0.75629,0.4694047,2.3208532
0.375,0.6466626,0.6466626,0.20562503,0.49687862,0.49687862,0.0,-0.50629,0.60272753,3.0745356
0.375,0.6466626,0.6466626,0.20562503,0.49687862,0.49687862,0.25,-0.25629002,0.7739175,3.9663725
0.375,0.6466626,0.6466626,0.20562503,0.49687862,0.49687862,0.5,-0.0062900186,0.9937297,4.9836793
0.375,0.6466626,0.6466626,0.20562503,0.49687862,0.49687862,0.75,0.24370998,1.2759743,6.1215544
0.375,0.6466626,0.6466626,0.20562503,0.49687862,0.49687862,1.0,0.49370998,1.6383834,7.384729
0.375,0.6466626,0.6466626,0.2203125,0.5115661,0.5115661,-1.0,-1.50629,0.22173108,1.5279685
0.375,0.6466626,0.6466626,0.2203125,0.5115661,0.5115661,-0.75,-1.25629,0.28470835,1.6258667
0.375,0.6466626,0.6466626,0.2203125,0.5115661,0.5115661,-0.5,-1.00629,0.36557275,1.9390551
0.375,0.6466626,0.6466626,0.2203125,0.5115661,0.5115661,-0.25,-0.75629,0.4694047,2.4404786
0.375,0.6466626,0.6466626,0.2203125,0.5115661,0.5115661,0.0,-0.50629,0.60272753,3.1805754
0.375,0.6466626,0.6466626,0.2203125,0.5115661,0.5115661,0.25,-0.25629002,0.7739175,4.0393395
0.375,0.6466626,0.6466626,0.2203125,0.5115661,0.5115661,0.5,-0.0062900186,0.9937297,5.0153213
0.375,0.6466626,0.6466626,0.2203125,0.5115661,0.5115661,0.75,0.24370998,1.2759743,6.118476
0.375,0.6466626,0.6466626,0.2203125,0.5115661,0.5115661,1.0,0.49370998,1.6383834,7.3613486
0.375,0.6466626,0.6466626,0.23499998,0.5262536,0.5262536,-1.0,-1.50629,0.22173108,1.5221236
0.375,0.6466626,0.6466626,0.23499998,0.5262536,0.5262536,-0.75,-1.25629,0.28470835,1.6181316
0.375,0.6466626,0.6466626,0.23499998,0.5262536,0.5262536,-0.5,-1.00629,0.36557275,1.9340703
0.375,0.6466626,0.6466626,0.23499998,0.5262536,0.5262536,-0.25,-0.75629,0.4694047,2.43787
0.375,0.6466626,0.6466626,0.23499998,0.5262536,0.5262536,0.0,-0.50629,0.60272753,3.1714823
0.375,0.6466626,0.6466626,0.23499998,0.5262536,0.5262536,0.25,-0.25629002,0.7739175,4.02808
0.375,0.6466626,0.6466626,0.23499998,0.5262536,0.5262536,0.5,-0.0062900186,0.9937297,5.003878
0.375,0.6466626,0.6466626,0.23499998,0.5262536,0.5262536,0.75,0.24370998,1.2759743,6.106073
0.375,0.6466626,0.6466626,0.23499998,0.5262536,0.5262536,1.0,0.49370998,1.6383834,7.345085
0.375,0.6466626,0.6466626,0.24968752,0.5409411,0.5409411,-1.0,-1.50629,0.22173108,1.4551351
0.375,0.6466626,0.6466626,0.24968752,0.5409411,0.5409411,-0.75,-1.25629,0.28470835,1.5402027
0.375,0.6466626,0.6466626,0.24968752,0.5409411,0.5409411,-0.5,-1.00629,0.36557275,1.8429456
0.375,0.6466626,0.6466626,0.24968752,0.5409411,0.5409411,-0.25,-0.75629,0.4694047,2.3369954
0.375,0.6466626,0.6466626,0.24968752,0.5409411,0.5409411,0.0,-0.50629,0.60272753,3.0740435
0.375,0.6466626,0.6466626,0.24968752,0.5409411,0.5409411,0.25,-0.25629002,0.7739175,3.950721
0.375,0.6466626,0.6466626,0.24968752,0.5409411,0.5409411,0.5,-0.0062900186,0.9937297,4.9538617
0.375,0.6466626,0.6466626,0.24968752,0.5409411,0.5409411,0.75,0.24370998,1.2759743,6.079818
0.375,0.6466626,0.6466626,0.24968752,0.5409411,0.5409411,1.0,0.49370998,1.6383834,7.3348517
0.375,0.6466626,0.6466626,0.264375,0.5556286,0.5556286,-1.0,-1.50629,0.22173108,1.4485068
0.375,0.6466626,0.6466626,0.264375,0.5556286,0.5556286,-0.75,-1.25629,0.28470835,1.5142692
0.375,0.6466626,0.6466626,0.264375,0.5556286,0.5556286,-0.5,-1.00629,0.36557275,1.802945
0.375,0.6466626,0.6466626,0.264375,0.5556286,0.5556286,-0.25,-0.75629,0.4694047,2.3014424
0.375,0.6466626,0.6466626,0.264375,0.5556286,0.5556286,0.0,-0.50629,0.60272753,3.0474758
0.375,0.6466626,0.6466626,0.264375,0.5556286,0.5556286,0.25,-0.25629002,0.7739175,3.9266915
0.375,0.6466626,0.6466626,0.264375,0.5556286,0.5556286,0.5,-0.0062900186,0.9937297,4.927175
0.375,0.6466626,0.6466626,0.264375,0.5556286,0.5556286,0.75,0.24370998,1.2759743,6.049896
0.375,0.6466626,0.6466626,0.264375,0.5556286,0.5556286,1.0,0.49370998,1.6383834,7.30347
0.375,0.6466626,0.6466626,0.27906248,0.5703161,0.5703161,-1.0,-1.50629,0.22173108,1.2316061
0.375,0.6466626,0.6466626,0.27906248,0.5703161,0.5703161,-0.75,-1.25629,0.28470835,1.2937912
0.375,0.6466626,0.6466626,0.27906248,0.5703161,0.5703161,-0.5,-1.00629,0.36557275,1.6129227
0.375,0.6466626,0.6466626,0.27906248,0.5703161,0.5703161,-0.25,-0.75629,0.4694047,2.1402845
0.375,0.6466626,0.6466626,0.27906248,0.5703161,0.5703161,0.0,-0.50629,0.60272753,2.9102502
0.375,0.6466626,0.6466626,0.27906248,0.5703161,0.5703161,0.25,-0.25629002,0.7739175,3.8107638
0.375,0.6466626,0.6466626,0.27906248,0.5703161,0.5703161,0.5,-0.0062900186,0.9937297,4.829272
0.375,0.6466626,0.6466626,0.27906248,0.5703161,0.5703161,0.75,0.24370998,1.2759743,5.9667544
0.375,0.6466626,0.6466626,0.27906248,0.5703161,0.5703161,1.0,0.49370998,1.6383834,7.2305026
0.375,0.6466626,0.6466626,0.29375002,0.5850036,0.5850036,-1.0,-1.50629,0.22173108,1.348252
0.375,0.6466626,0.6466626,0.29375002,0.5850036,0.5850036,-0.75,-1.25629,0.28470835,1.3847885
0.375,0.6466626,0.6466626,0.29375002,0.5850036,0.5850036,-0.5,-1.00629,0.36557275,1.6695324
0.375,0.6466626,0.6466626,0.29375002,0.5850036,0.5850036,-0.25,-0.75629,0.4694047,2.1696157
0.375,0.6466626,0.6466626,0.29375002,0.5850036,0.5850036,0.0,-0.50629,0.60272753,2.9191225
0.375,0.6466626,0.6466626,0.29375002,0.5850036,0.5850036,0.25,-0.25629002,0.7739175,3.8045053
0.375,0.6466626,0.6466626,0.29375002,0.5850036,0.5850036,0.5,-0.0062900186,0.9937297,4.811203
0.375,0.6466626,0.6466626,0.29375002,0.5850036,0.5850036,0.75,0.24370998,1.2759743,5.9410686
0.375,0.6466626,0.6466626,0.29375002,0.5850036,0.5850036,1.0,0.49370998,1.6383834,7.2004395
0.375,0.6466626,0.6466626,0.3084375,0.5996911,0.5996911,-1.0,-1.50629,0.22173108,1.4946145
0.375,0.6466626,0.6466626,0.3084375,0.5996911,0.5996911,-0.75,-1.25629,0.28470835,1.5221326
0.375,0.6466626,0.6466626,0.3084375,0.5996911,0.5996911,-0.5,-1.00629,0.36557275,1.7676291
0.375,0.6466626,0.6466626,0.3084375,0.5996911,0.5996911,-0.25,-0.75629,0.4694047,2.2241013
0.375,0.6466626,0.6466626,0.3084375,0.5996911,0.5996911,0.0,-0.50629,0.60272753,2.9336267
0.375,0.6466626,0.6466626,0.3084375,0.5996911,0.5996911,0.25,-0.25629002,0.7739175,3.7892127
0.375,0.6466626,0.6466626,0.3084375,0.5996911,0.5996911,0.5,-0.0062900186,0.9937297,4.774813
0.375,0.6466626,0.6466626,0.3084375,0.5996911,0.5996911,0.75,0.24370998,1.2759743,5.8904333
0.375,0.6466626,0.6466626,0.3084375,0.5996911,0.5996911,1.0,0.49370998,1.6383834,7.1409774
0.375,0.6466626,0.6466626,0.32312497,0.6143786,0.6143786,-1.0,-1.50629,0.22173108,1.5233477
0.375,0.6466626,0.6466626,0.32312497,0.6143786,0.6143786,-0.75,-1.25629,0.28470835,1.5471158
0.375,0.6466626,0.6466626,0.32312497,0.6143786,0.6143786,-0.5,-1.00629,0.36557275,1.776933
0.375,0.6466626,0.6466626,0.32312497,0.6143786,0.6143786,-0.25,-0.75629,0.4694047,2.2145305
0.375,0.6466626,0.6466626,0.32312497,0.6143786,0.6143786,0.0,-0.50629,0.60272753,2.9082515
0.375,0.6466626,0.6466626,0.32312497,0.6143786,0.6143786,0.25,-0.25629002,0.7739175,3.752388
0.375,0.6466626,0.6466626,0.32312497,0.6143786,0.6143786,0.5,-0.0062900186,0.9937297,4.7299304
0.375,0.6466626,0.6466626,0.32312497,0.6143786,0.6143786,0.75,0.24370998,1.2759743,5.8407536
0.375,0.6466626,0.6466626,0.32312497,0.6143786,0.6143786,1.0,0.49370998,1.6383834,7.0899835
0.375,0.6466626,0.6466626,0.3378125,0.6290661,0.6290661,-1.0,-1.50629,0.22173108,1.5451105
0.375,0.6466626,0.6466626,0.3378125,0.6290661,0.6290661,-0.75,-1.25629,0.28470835,1.561305
0.375,0.6466626,0.6466626,0.3378125,0.6290661,0.6290661,-0.5,-1.00629,0.36557275,1.7810518
0.375,0.6466626,0.6466626,0.3378125,0.6290661,0.6290661,-0.25,-0.75629,0.4694047,2.2044957
0.375,0.6466626,0.6466626,0.3378125,0.6290661,0.6290661,0.0,-0.50629,0.60272753,2.8891912
0.375,0.6466626,0.6466626,0.3378125,0.6290661,0.6290661,0.25,-0.25629002,0.7739175,3.729059
0.375,0.6466626,0.6466626,0.3378125,0.6290661,0.6290661,0.5,-0.0062900186,0.9937297,4.705473
0.375,0.6466626,0.6466626,0.3378125,0.6290661,0.6290661,0.75,0.24370998,1.2759743,5.81765
0.375,0.6466626,0.6466626,0.3378125,0.6290661,0.6290661,1.0,0.49370998,1.6383834,7.069269
0.375,0.6466626,0.6466626,0.3525,0.6437536,0.6437536,-1.0,-1.50629,0.22173108,1.5740477
0.375,0.6466626,0.6466626,0.3525,0.6437536,0.6437536,-0.75,-1.25629,0.28470835,1.5780635
0.375,0.6466626,0.6466626,0.3525,0.6437536,0.6437536,-0.5,-1.00629,0.36557275,1.7789087
0.375,0.6466626,0.6466626,0.3525,0.6437536,0.6437536,-0.25,-0.75629,0.4694047,2.1782563
0.375,0.6466626,0.6466626,0.3525,0.6437536,0.6437536,0.0,-0.50629,0.60272753,2.8447657
0.375,0.6466626,0.6466626,0.3525,0.6437536,0.6437536,0.25,-0.25629002,0.7739175,3.672692
0.375,0.6466626,0.6466626,0.3525,0.6437536,0.6437536,0.5,-0.0062900186,0.9937297,4.639083
0.375,0.6466626,0.6466626,0.3525,0.6437536,0.6437536,0.75,0.24370998,1.2759743,5.7433157
0.375,0.6466626,0.6466626,0.3525,0.6437536,0.6437536,1.0,0.49370998,1.6383834,6.9851484
0.375,0.6466626,0.6466626,0.36718747,0.65844107,0.65844107,-1.0,-1.50629,0.22173108,1.6174477
0.375,0.6466626,0.6466626,0.36718747,0.65844107,0.65844107,-0.75,-1.25629,0.28470835,1.575702
0.375,0.6466626,0.6466626,0.36718747,0.65844107,0.65844107,-0.5,-1.00629,0.36557275,1.7345616
0.375,0.6466626,0.6466626,0.36718747,0.65844107,0.65844107,-0.25,-0.75629,0.4694047,2.0861154
0.375,0.6466626,0.6466626,0.36718747,0.65844107,0.65844107,0.0,-0.50629,0.60272753,2.7116215
0.375,0.6466626,0.6466626,0.36718747,0.65844107,0.65844107,0.25,-0.25629002,0.7739175,3.5104318
0.375,0.6466626,0.6466626,0.36718747,0.65844107,0.65844107,0.5,-0.0062900186,0.9937297,4.4470325
0.375,0.6466626,0.6466626,0.36718747,0.65844107,0.65844107,0.75,0.24370998,1.2759743,5.5194335
0.375,0.6466626,0.6466626,0.36718747,0.65844107,0.65844107,1.0,0.49370998,1.6383834,6.7329645
0.375,0.6466626,0.6466626,0.381875,0.6731286,0.6731286,-1.0,-1.50629,0.22173108,1.6443509
0.375,0.6466626,0.6466626,0.381875,0.6731286,0.6731286,-0.75,-1.25629,0.28470835,1.5719821
0.375,0.6466626,0.6466626,0.381875,0.6731286,0.6731286,-0.5,-1.00629,0.36557275,1.69364
0.375,0.6466626,0.6466626,0.381875,0.6731286,0.6731286,-0.25,-0.75629,0.4694047,2.0122693
0.375,0.6466626,0.6466626,0.381875,0.6731286,0.6731286,0.0,-0.50629,0.60272753,2.5989296
0.375,0.6466626,0.6466626,0.381875,0.6731286,0.6731286,0.25,-0.25629002,0.7739175,3.3655243
0.375,0.6466626,0.6466626,0.381875,0.6731286,0.6731286,0.5,-0.0062900186,0.9937297,4.2742987
0.375,0.6466626,0.6466626,0.381875,0.6731286,0.6731286,0.75,0.24370998,1.2759743,5.323819
0.375,0.6466626,0.6466626,0.381875,0.6731286,0.6731286,1.0,0.49370998,1.6383834,6.5174785
0.375,0.6466626,0.6466626,0.3965625,0.6878161,0.6878161,-1.0,-1.50629,0.22173108,1.7137693
0.375,0.6466626,0.6466626,0.3965625,0.6878161,0.6878161,-0.75,-1.25629,0.28470835,1.5920094
0.375,0.6466626,0.6466626,0.3965625,0.6878161,0.6878161,-0.5,-1.00629,0.36557275,1.6622808
0.375,0.6466626,0.6466626,0.3965625,0.6878161,0.6878161,-0.25,-0.75629,0.4694047,1.9334172
0.375,0.6466626,0.6466626,0.3965625,0.6878161,0.6878161,0.0,-0.50629,0.60272753,2.4639494
0.375,0.6466626,0.6466626,0.3965625,0.6878161,0.6878161,0.25,-0.25629002,0.7739175,3.1907642
0.375,0.6466626,0.6466626,0.3965625,0.6878161,0.6878161,0.5,-0.0062900186,0.9937297,4.0667834
0.375,0.6466626,0.6466626,0.3965625,0.6878161,0.6878161,0.75,0.24370998,1.2759743,5.0825233
0.375,0.6466626,0.6466626,0.3965625,0.6878161,0.6878161,1.0,0.49370998,1.6383834,6.242569
0.375,0.6466626,0.6466626,0.41125003,0.7025036,0.7025036,-1.0,-1.50629,0.22173108,1.8074111
0.375,0.6466626,0.6466626,0.41125003,0.7025036,0.7025036,-0.75,-1.25629,0.28470835,1.6279684
0.375,0.6466626,0.6466626,0.41125003,0.7025036,0.7025036,-0.5,-1.00629,0.36557275,1.6289319
0.375,0.6466626,0.6466626,0.41125003,0.7025036,0.7025036,-0.25,-0.75629,0.4694047,1.8389412
0.375,0.6466626,0.6466626,0.41125003,0.7025036,0.7025036,0.0,-0.50629,0.60272753,2.3097727
0.375,0.6466626,0.6466626,0.41125003,0.7025036,0.7025036,0.25,-0.25629002,0.7739175,2.9908595
0.375,0.6466626,0.6466626,0.41125003,0.7025036,0.7025036,0.5,-0.0062900186,0.9937297,3.8275938
0.375,0.6466626,0.6466626,0.41125003,0.7025036,0.7025036,0.75,0.24370998,1.2759743,4.8079605
0.375,0.6466626,0.6466626,0.41125003,0.7025036,0.7025036,1.0,0.49370998,1.6383834,5.933825
0.375,0.6466626,0.6466626,0.4259375,0.7171911,0.7171911,-1.0,-1.50629,0.22173108,1.9031692
0.375,0.6466626,0.6466626,0.4259375,0.7171911,0.7171911,-0.75,-1.25629,0.28470835,1.6807528
0.375,0.6466626,0.6466626,0.4259375,0.7171911,0.7171911,-0.5,-1.00629,0.36557275,1.6116941
0.375,0.6466626,0.6466626,0.4259375,0.7171911,0.7171911,-0.25,-0.75629,0.4694047,1.7540253
0.375,0.6466626,0.6466626,0.4259375,0.7171911,0.7171911,0.0,-0.50629,0.60272753,2.1576984
0.375,0.6466626,0.6466626,0.4259375,0.7171911,0.7171911,0.25,-0.25629002,0.7739175,2.7885556
0.375,0.6466626,0.6466626,0.4259375,0.7171911,0.7171911,0.5,-0.0062900186,0.9937297,3.5845594
0.375,0.6466626,0.6466626,0.4259375,0.7171911,0.7171911,0.75,0.24370998,1.2759743,4.528934
0.375,0.6466626,0.6466626,0.4259375,0.7171911,0.7171911,1.0,0.49370998,1.6383834,5.6211677
0.375,0.6466626,0.6466626,0.44062498,0.7318786,0.7318786,-1.0,-1.50629,0.22173108,2.0222313
0.375,0.6466626,0.6466626,0.44062498,0.7318786,0.7318786,-0.75,-1.25629,0.28470835,1.7700186
0.375,0.6466626,0.6466626,0.44062498,0.7318786,0.7318786,-0.5,-1.00629,0.36557275,1.638239
0.375,0.6466626,0.6466626,0.44062498,0.7318786,0.7318786,-0.25,-0.75629,0.4694047,1.7003763
0.375,0.6466626,0.6466626,0.44062498,0.7318786,0.7318786,0.0,-0.50629,0.60272753,2.0276408
0.375,0.6466626,0.6466626,0.44062498,0.7318786,0.7318786,0.25,-0.25629002,0.7739175,2.5975575
0.375,0.6466626,0.6466626,0.44062498,0.7318786,0.7318786,0.5,-0.0062900186,0.9937297,3.3448145
0.375,0.6466626,0.6466626,0.44062498,0.7318786,0.7318786,0.75,0.24370998,1.2759743,4.242746
0.375,0.6466626,0.6466626,0.44062498,0.7318786,0.7318786,1.0,0.49370998,1.6383834,5.2896338
0.375,0.6466626,0.6466626,0.45531252,0.7465661,0.7465661,-1.0,-1.50629,0.22173108,2.1435502
0.375,0.6466626,0.6466626,0.45531252,0.7465661,0.7465661,-0.75,-1.25629,0.28470835,1.8707384
0.375,0.6466626,0.6466626,0.45531252,0.7465661,0.7465661,-0.5,-1.00629,0.36557275,1.6865836
0.375,0.6466626,0.6466626,0.45531252,0.7465661,0.7465661,-0.25,-0.75629,0.4694047,1.6692542
0.375,0.6466626,0.6466626,0.45531252,0.7465661,0.7465661,0.0,-0.50629,0.60272753,1.9113053
0.375,0.6466626,0.6466626,0.45531252,0.7465661,0.7465661,0.25,-0.25629002,0.7739175,2.4131544
0.375,0.6466626,0.6466626,0.45531252,0.7465661,0.7465661,0.5,-0.0062900186,0.9937297,3.1018894
0.375,0.6466626,0.6466626,0.45531252,0.7465661,0.7465661,0.75,0.24370998,1.2759743,3.9522996
0.375,0.6466626,0.6466626,0.45531252,0.7465661,0.7465661,1.0,0.49370998,1.6383834,4.9547687
0.375,0.6466626,0.6466626,0.47,0.7612536,0.7612536,-1.0,-1.50629,0.22173108,2.2987711
0.375,0.6466626,0.6466626,0.47,0.7612536,0.7612536,-0.75,-1.25629,0.28470835,1.9982841
0.375,0.6466626,0.6466626,0.47,0.7612536,0.7612536,-0.5,-1.00629,0.36557275,1.7655929
0.375,0.6466626,0.6466626,0.47,0.7612536,0.7612536,-0.25,-0.75629,0.4694047,1.6667434
0.375,0.6466626,0.6466626,0.47,0.7612536,0.7612536,0.0,-0.50629,0.60272753,1.8058747
0.375,0.6466626,0.6466626,0.47,0.7612536,0.7612536,0.25,-0.25629002,0.7739175,2.220192
0.375,0.6466626,0.6466626,0.47,0.7612536,0.7612536,0.5,-0.0062900186,0.9937297,2.8340237
0.375,0.6466626,0.6466626,0.47,0.7612536,0.7612536,0.75,0.24370998,1.2759743,3.6218648
0.375,0.6466626,0.6466626,0.47,0.7612536,0.7612536,1.0,0.49370998,1.6383834,4.572684
0.5,0.7716626,0.7716626,-0.47,-0.1787464,-0.1787464,-1.0,-1.50629,0.22173108,5.4105425
0.5,0.7716626,0.7716626,-0.47,-0.1787464,-0.1787464,-0.75,-1.25629,0.28470835,5.243679
0.5,0.7716626,0.7716626,-0.47,-0.1787464,-0.1787464,-0.5,-1.00629,0.36557275,5.068935
0.5,0.7716626,0.7716626,-0.47,-0.1787464,-0.1787464,-0.25,-0.75629,0.4694047,4.892785
0.5,0.7716626,0.7716626,-0.47,-0.1787464,-0.1787464,0.0,-0.50629,0.60272753,4.732748
0.5,0.7716626,0.7716626,-0.47,-0.1787464,-0.1787464,0.25,-0.25629002,0.7739175,4.598089
0.5,0.7716626,0.7716626,-0.47,-0.1787464,-0.1787464,0.5,-0.0062900186,0.9937297,4.4850326
0.5,0.7716626,0.7716626,-0.47,-0.1787464,-0.1787464,0.75,0.24370998,1.2759743,4.403532
0.5,0.7716626,0.7716626,-0.47,-0.1787464,-0.1787464,1.0,0.49370998,1.6383834,4.3657756
0.5,0.7716626,0.7716626,-0.4553125,-0.1640589,-0.1640589,-1.0,-1.50629,0.22173108,5.4105425
0.5,0.7716626,0.7716626,-0.4553125,-0.1640589,-0.1640589,-0.75,-1.25629,0.28470835,5.243679
0.5,0.7716626,0.7716626,-0.4553125,-0.1640589,-0.1640589,-0.5,-1.00629,0.36557275,5.068935
0.5,0.7716626,0.7716626,-0.4553125,-0.1640589,-0.1640589,-0.25,-0.75629,0.4694047,4.892785
0.5,0.7716626,0.7716626,-0.4553125,-0.1640589,-0.1640589,0.0,-0.50629,0.60272753,4.732748
0.5,0.7716626,0.7716626,-0.4553125,-0.1640589,-0.1640589,0.25,-0.25629002,0.7739175,4.598089
0.5,0.7716626,0.7716626,-0.4553125,-0.1640589,-0.1640589,0.5,-0.0062900186,0.9937297,4.4850326
0.5,0.7716626,0.7716626,-0.4553125,-0.1640589,-0.1640589,0.75,0.24370998,1.2759743,4.403532
0.5,0.7716626,0.7716626,-0.4553125,-0.1640589,-0.1640589,1.0,0.49370998,1.6383834,4.3657756
0.5,0.7716626,0.7716626,-0.440625,-0.14937142,-0.14937142,-1.0,-1.50629,0.22173108,5.4105425
0.5,0.7716626,0.7716626,-0.440625,-0.14937142,-0.14937142,-0.75,-1.25629,0.28470835,5.243679
0.5,0.7716626,0.7716626,-0.440625,-0.14937142,-0.14937142,-0.5,-1.00629,0.36557275,5.068935
0.5,0.7716626,0.7716626,-0.440625,-0.14937142,-0.14937142,-0.25,-0.75629,0.4694047,4.892785
0.5,0.7716626,0.7716626,-0.440625,-0.14937142,-0.14937142,0.0,-0.50629,0.60272753,4.732748
0.5,0.7716626,0.7716626,-0.440625,-0.14937142,-0.14937142,0.25,-0.25629002,0.7739175,4.598089
0.5,0.7716626,0.7716626,-0.440625,-0.14937142,-0.14937142,0.5,-0.0062900186,0.9937297,4.4850326
0.5,0.7716626,0.7716626,-0.440625,-0.14937142,-0.14937142,0.75,0.24370998,1.2759743,4.403532
0.5,0.7716626,0.7716626,-0.440625,-0.14937142,-0.14937142,1.0,0.49370998,1.6383834,4.3657756
0.5,0.7716626,0.7716626,-0.4259375,-0.1346839,-0.1346839,-1.0,-1.50629,0.22173108,5.4105425
0.5,0.7716626,0.7716626,-0.4259375,-0.1346839,-0.1346839,-0.75,-1.25629,0.28470835,5.243679
0.5,0.7716626,0.7716626,-0.4259375,-0.1346839,-0.1346839,-0.5,-1.00629,0.36557275,5.068935
0.5,0.7716626,0.7716626,-0.4259375,-0.1346839,-0.1346839,-0.25,-0.75629,0.4694047,4.892785
0.5,0.7716626,0.7716626,-0.4259375,-0.1346839,-0.1346839,0.0,-0.50629,0.60272753,4.732748
0.5,0.7716626,0.7716626,-0.4259375,-0.1346839,-0.1346839,0.25,-0.25629002,0.7739175,4.598089
0.5,0.7716626,0.7716626,-0.4259375,-0.1346839,-0.1346839,0.5,-0.0062900186,0.9937297,4.4850326
0.5,0.7716626,0.7716626,-0.4259375,-0.1346839,-0.1346839,0.75,0.24370998,1.2759743,4.403532
0.5,0.7716626,0.7716626,-0.4259375,-0.1346839,-0.1346839,1.0,0.49370998,1.6383834,4.3657756
0.5,0.7716626,0.7716626,-0.41125,-0.1199964,-0.1199964,-1.0,-1.50629,0.22173108,5.4105425
0.5,0.7716626,0.7716626,-0.41125,-0.1199964,-0.1199964,-0.75,-1.25629,0.28470835,5.243679
0.5,0.7716626,0.7716626,-0.41125,-0.1199964,-0.1199964,-0.5,-1.00629,0.36557275,5.068935
0.5,0.7716626,0.7716626,-0.41125,-0.1199964,-0.1199964,-0.25,-0.75629,0.4694047,4.892785
0.5,0.7716626,0.7716626,-0.41125,-0.1199964,-0.1199964,0.0,-0.50629,0.60272753,4.732748
0.5,0.7716626,0.7716626,-0.41125,-0.1199964,-0.1199964,0.25,-0.25629002,0.7739175,4.598089
0.5,0.7716626,0.7716626,-0.41125,-0.1199964,-0.1199964,0.5,-0.0062900186,0.9937297,4.4850326
0.5,0.7716626,0.7716626,-0.41125,-0.1199964,-0.1199964,0.75,0.24370998,1.2759743,4.403532
0.5,0.7716626,0.7716626,-0.41125,-0.1199964,-0.1199964,1.0,0.49370998,1.6383834,4.3657756
0.5,0.7716626,0.7716626,-0.39656252,-0.10530892,-0.10530892,-1.0,-1.50629,0.22173108,5.4105425
0.5,0.7716626,0.7716626,-0.39656252,-0.10530892,-0.10530892,-0.75,-1.25629,0.28470835,5.243679
0.5,0.7716626,0.7716626,-0.39656252,-0.10530892,-0.10530892,-0.5,-1.00629,0.36557275,5.068935
0.5,0.7716626,0.7716626,-0.39656252,-0.10530892,-0.10530892,-0.25,-0.75629,0.4694047,4.892785
0.5,0.7716626,0.7716626,-0.39656252,-0.10530892,-0.10530892,0.0,-0.50629,0.60272753,4.732748
0.5,0.7716626,0.7716626,-0.39656252,-0.10530892,-0.10530892,0.25,-0.25629002,0.7739175,4.598089
0.5,0.7716626,0.7716626,-0.39656252,-0.10530892,-0.10530892,0.5,-0.0062900186,0.9937297,4.4850326
0.5,0.7716626,0.7716626,-0.39656252,-0.10530892,-0.10530892,0.75,0.24370998,1.2759743,4.403532
0.5,0.7716626,0.7716626,-0.39656252,-0.10530892,-0.10530892,1.0,0.49370998,1.6383834,4.3657756
0.5,0.7716626,0.7716626,-0.381875,-0.09062141,-0.09062141,-1.0,-1.50629,0.22173108,5.4105425
0.5,0.7716626,0.7716626,-0.381875,-0.09062141,-0.09062141,-0.75,-1.25629,0.28470835,5.243679
0.5,0.7716626,0.7716626,-0.381875,-0.09062141,-0.09062141,-0.5,-1.00629,0.36557275,5.068935
0.5,0.7716626,0.7716626,-0.381875,-0.09062141,-0.09062141,-0.25,-0.75629,0.4694047,4.892785
0.5,0.7716626,0.7716626,-0.381875,-0.09062141,-0.09062141,0.0,-0.50629,0.60272753,4.732748
0.5,0.7716626,0.7716626,-0.381875,-0.09062141,-0.09062141,0.25,-0.25629002,0.7739175,4.598089
0.5,0.7716626,0.7716626,-0.381875,-0.09062141,-0.09062141,0.5,-0.0062900186,0.9937297,4.4850326
0.5,0.7716626,0.7716626,-0.381875,-0.09062141,-0.09062141,0.75,0.24370998,1.2759743,4.403532
0.5,0.7716626,0.7716626,-0.381875,-0.09062141,-0.09062141,1.0,0.49370998,1.6383834,4.3657756
0.5,0.7716626,0.7716626,-0.3671875,-0.0759339,-0.0759339,-1.0,-1.50629,0.22173108,5.4105425
0.5,0.7716626,0.7716626,-0.3671875,-0.0759339,-0.0759339,-0.75,-1.25629,0.28470835,5.243679
0.5,0.7716626,0.7716626,-0.3671875,-0.0759339,-0.0759339,-0.5,-1.00629,0.36557275,5.068935
0.5,0.7716626,0.7716626,-0.3671875,-0.0759339,-0.0759339,-0.25,-0.75629,0.4694047,4.892785
0.5,0.7716626,0.7716626,-0.3671875,-0.0759339,-0.0759339,0.0,-0.50629,0.60272753,4.732748
0.5,0.7716626,0.7716626,-0.3671875,-0.0759339,-0.0759339,0.25,-0.25629002,0.7739175,4.598089
0.5,0.7716626,0.7716626,-0.3671875,-0.0759339,-0.0759339,0.5,-0.0062900186,0.9937297,4.4850326
0.5,0.7716626,0.7716626,-0.3671875,-0.0759339,-0.0759339,0.75,0.24370998,1.2759743,4.403532
0.5,0.7716626,0.7716626,-0.3671875,-0.0759339,-0.0759339,1.0,0.49370998,1.6383834,4.3657756
0.5,0.7716626,0.7716626,-0.3525,-0.061246395,-0.061246395,-1.0,-1.50629,0.22173108,5.4105425
0.5,0.7716626,0.7716626,-0.3525,-0.061246395,-0.061246395,-0.75,-1.25629,0.28470835,5.243679
0.5,0.7716626,0.7716626,-0.3525,-0.061246395,-0.061246395,-0.5,-1.00629,0.36557275,5.068935
0.5,0.7716626,0.7716626,-0.3525,-0.061246395,-0.061246395,-0.25,-0.75629,0.4694047,4.892785
0.5,0.7716626,0.7716626,-0.3525,-0.061246395,-0.061246395,0.0,-0.50629,0.60272753,4.732748
0.5,0.7716626,0.7716626,-0.3525,-0.061246395,-0.061246395,0.25,-0.25629002,0.7739175,4.598089
0.5,0.7716626,0.7716626,-0.3525,-0.061246395,-0.061246395,0.5,-0.0062900186,0.9937297,4.4850326
0.5,0.7716626,0.7716626,-0.3525,-0.061246395,-0.061246395,0.75,0.24370998,1.2759743,4.403532
0.5,0.7716626,0.7716626,-0.3525,-0.061246395,-0.061246395,1.0,0.49370998,1.6383834,4.3657756
0.5,0.7716626,0.7716626,-0.33781248,-0.046558887,-0.046558887,-1.0,-1.50629,0.22173108,5.4105425
0.5,0.7716626,0.7716626,-0.33781248,-0.046558887,-0.046558887,-0.75,-1.25629,0.28470835,5.243679
0.5,0.7716626,0.7716626,-0.33781248,-0.046558887,-0.046558887,-0.5,-1.00629,0.36557275,5.068935
0.5,0.7716626,0.7716626,-0.33781248,-0.046558887,-0.046558887,-0.25,-0.75629,0.4694047,4.892785
0.5,0.7716626,0.7716626,-0.33781248,-0.046558887,-0.046558887,0.0,-0.50629,0.60272753,4.732748
0.5,0.7716626,0.7716626,-0.33781248,-0.046558887,-0.046558887,0.25,-0.25629002,0.7739175,4.598089
0.5,0.7716626,0.7716626,-0.33781248,-0.046558887,-0.046558887,0.5,-0.0062900186,0.9937297,4.4850326
0.5,0.7716626,0.7716626,-0.33781248,-0.046558887,-0.046558887,0.75,0.24370998,1.2759743,4.403532
0.5,0.7716626,0.7716626,-0.33781248,-0.046558887,-0.046558887,1.0,0.49370998,1.6383834,4.3657756
0.5,0.7716626,0.7716626,-0.323125,-0.03187141,-0.03187141,-1.0,-1.50629,0.22173108,5.4105425
0.5,0.7716626,0.7716626,-0.323125,-0.03187141,-0.03187141,-0.75,-1.25629,0.28470835,5.243679
0.5,0.7716626,0.7716626,-0.323125,-0.03187141,-0.03187141,-0.5,-1.00629,0.36557275,5.068935
0.5,0.7716626,0.7716626,-0.323125,-0.03187141,-0.03187141,-0.25,-0.75629,0.4694047,4.892785
0.5,0.7716626,0.7716626,-0.323125,-0.03187141,-0.03187141,0.0,-0.50629,0.60272753,4.732748
0.5,0.7716626,0.7716626,-0.323125,-0.03187141,-0.03187141,0.25,-0.25629002,0.7739175,4.598089
0.5,0.7716626,0.7716626,-0.323125,-0.03187141,-0.03187141,0.5,-0.0062900186,0.9937297,4.4850326
0.5,0.7716626,0.7716626,-0.323125,-0.03187141,-0.03187141,0.75,0.24370998,1.2759743,4.403532
0.5,0.7716626,0.7716626,-0.323125,-0.03187141,-0.03187141,1.0,0.49370998,1.6383834,4.3657756
0.5,0.7716626,0.7716626,-0.3084375,-0.0171839,-0.0171839,-1.0,-1.50629,0.22173108,5.4105425
0.5,0.7716626,0.7716626,-0.3084375,-0.0171839,-0.0171839,-0.75,-1.25629,0.28470835,5.243679
0.5,0.7716626,0.7716626,-0.3084375,-0.0171839,-0.0171839,-0.5,-1.00629,0.36557275,5.068935
0.5,0.7716626,0.7716626,-0.3084375,-0.0171839,-0.0171839,-0.25,-0.75629,0.4694047,4.892785
0.5,0.7716626,0.7716626,-0.3084375,-0.0171839,-0.0171839,0.0,-0.50629,0.60272753,4.732748
0.5,0.7716626,0.7716626,-0.3084375,-0.0171839,-0.0171839,0.25,-0.25629002,0.7739175,4.598089
0.5,0.7716626,0.7716626,-0.3084375,-0.0171839,-0.0171839,0.5,-0.0062900186,0.9937297,4.4850326
0.5,0.7716626,0.7716626,-0.3084375,-0.0171839,-0.0171839,0.75,0.24370998,1.2759743,4.403532
0.5,0.7716626,0.7716626,-0.3084375,-0.0171839,-0.0171839,1.0,0.49370998,1.6383834,4.3657756
0.5,0.7716626,0.7716626,-0.29375,-0.0024963915,-0.0024963915,-1.0,-1.50629,0.22173108,5.4105425
0.5,0.7716626,0.7716626,-0.29375,-0.0024963915,-0.0024963915,-0.75,-1.25629,0.28470835,5.243679
0.5,0.7716626,0.7716626,-0.29375,-0.0024963915,-0.0024963915,-0.5,-1.00629,0.36557275,5.068935
0.5,0.7716626,0.7716626,-0.29375,-0.0024963915,-0.0024963915,-0.25,-0.75629,0.4694047,4.892785
0.5,0.7716626,0.7716626,-0.29375,-0.0024963915,-0.0024963915,0.0,-0.50629,0.60272753,4.732748
0.5,0.7716626,0.7716626,-0.29375,-0.0024963915,-0.0024963915,0.25,-0.25629002,0.7739175,4.598089
0.5,0.7716626,0.7716626,-0.29375,-0.0024963915,-0.0024963915,0.5,-0.0062900186,0.9937297,4.4850326
0.5,0.7716626,0.7716626,-0.29375,-0.0024963915,-0.0024963915,0.75,0.24370998,1.2759743,4.403532
0.5,0.7716626,0.7716626,-0.29375,-0.0024963915,-0.0024963915,1.0,0.49370998,1.6383834,4.3657756
0.5,0.7716626,0.7716626,-0.2790625,0.012191087,0.012191087,-1.0,-1.50629,0.22173108,5.3623056
0.5,0.7716626,0.7716626,-0.2790625,0.012191087,0.012191087,-0.75,-1.25629,0.28470835,5.192087
0.5,0.7716626,0.7716626,-0.2790625,0.012191087,0.012191087,-0.5,-1.00629,0.36557275,5.0146394
0.5,0.7716626,0.7716626,-0.2790625,0.012191087,0.012191087,-0.25,-0.75629,0.4694047,4.8364825
0.5,0.7716626,0.7716626,-0.2790625,0.012191087,0.012191087,0.0,-0.50629,0.60272753,4.6753855
0.5,0.7716626,0.7716626,-0.2790625,0.012191087,0.012191087,0.25,-0.25629002,0.7739175,4.541379
0.5,0.7716626,0.7716626,-0.2790625,0.012191087,0.012191087,0.5,-0.0062900186,0.9937297,4.430503
0.5,0.7716626,0.7716626,-0.2790625,0.012191087,0.012191087,0.75,0.24370998,1.2759743,4.35211
0.5,0.7716626,0.7716626,-0.2790625,0.012191087,0.012191087,1.0,0.49370998,1.6383834,4.318522
0.5,0.7716626,0.7716626,-0.264375,0.026878595,0.026878595,-1.0,-1.50629,0.22173108,5.2255726
0.5,0.7716626,0.7716626,-0.264375,0.026878595,0.026878595,-0.75,-1.25629,0.28470835,5.0572186
0.5,0.7716626,0.7716626,-0.264375,0.026878595,0.026878595,-0.5,-1.00629,0.36557275,4.8847632
0.5,0.7716626,0.7716626,-0.264375,0.026878595,0.026878595,-0.25,-0.75629,0.4694047,4.715552
0.5,0.7716626,0.7716626,-0.264375,0.026878595,0.026878595,0.0,-0.50629,0.60272753,4.5667152
0.5,0.7716626,0.7716626,-0.264375,0.026878595,0.026878595,0.25,-0.25629002,0.7739175,4.446612
0.5,0.7716626,0.7716626,-0.264375,0.026878595,0.026878595,0.5,-0.0062900186,0.9937297,4.354266
0.5,0.7716626,0.7716626,-0.264375,0.026878595,0.026878595,0.75,0.24370998,1.2759743,4.293236
0.5,0.7716626,0.7716626,-0.264375,0.026878595,0.026878595,1.0,0.49370998,1.6383834,4.2753024
0.5,0.7716626,0.7716626,-0.2496875,0.041566104,0.041566104,-1.0,-1.50629,0.22173108,5.2059283
0.5,0.7716626,0.7716626,-0.2496875,0.041566104,0.041566104,-0.75,-1.25629,0.28470835,5.0420933
0.5,0.7716626,0.7716626,-0.2496875,0.041566104,0.041566104,-0.5,-1.00629,0.36557275,4.875023
0.5,0.7716626,0.7716626,-0.2496875,0.041566104,0.041566104,-0.25,-0.75629,0.4694047,4.710587
0.5,0.7716626,0.7716626,-0.2496875,0.041566104,0.041566104,0.0,-0.50629,0.60272753,4.5655932
0.5,0.7716626,0.7716626,-0.2496875,0.041566104,0.041566104,0.25,-0.25629002,0.7739175,4.4481025
0.5,0.7716626,0.7716626,-0.2496875,0.041566104,0.041566104,0.5,-0.0062900186,0.9937297,4.3559504
0.5,0.7716626,0.7716626,-0.2496875,0.041566104,0.041566104,0.75,0.24370998,1.2759743,4.2910357
0.5,0.7716626,0.7716626,-0.2496875,0.041566104,0.041566104,1.0,0.49370998,1.6383834,4.266164
0.5,0.7716626,0.7716626,-0.235,0.056253597,0.056253597,-1.0,-1.50629,0.22173108,5.1973276
0.5,0.7716626,0.7716626,-0.235,0.056253597,0.056253597,-0.75,-1.25629,0.28470835,5.034488
0.5,0.7716626,0.7716626,-0.235,0.056253597,0.056253597,-0.5,-1.00629,0.36557275,4.868361
0.5,0.7716626,0.7716626,-0.235,0.056253597,0.056253597,-0.25,-0.75629,0.4694047,4.7058187
0.5,0.7716626,0.7716626,-0.235,0.056253597,0.056253597,0.0,-0.50629,0.60272753,4.5628376
0.5,0.7716626,0.7716626,-0.235,0.056253597,0.056253597,0.25,-0.25629002,0.7739175,4.443701
0.5,0.7716626,0.7716626,-0.235,0.056253597,0.056253597,0.5,-0.0062900186,0.9937297,4.3486495
0.5,0.7716626,0.7716626,-0.235,0.056253597,0.056253597,0.75,0.24370998,1.2759743,4.2826624
0.5,0.7716626,0.7716626,-0.235,0.056253597,0.056253597,1.0,0.49370998,1.6383834,4.2599025
0.5,0.7716626,0.7716626,-0.2203125,0.07094109,0.07094109,-1.0,-1.50629,0.22173108,5.14138
0.5,0.7716626,0.7716626,-0.2203125,0.07094109,0.07094109,-0.75,-1.25629,0.28470835,4.974873
0.5,0.7716626,0.7716626,-0.2203125,0.07094109,0.07094109,-0.5,-1.00629,0.36557275,4.806786
0.5,0.7716626,0.7716626,-0.2203125,0.07094109,0.07094109,-0.25,-0.75629,0.4694047,4.6421266
0.5,0.7716626,0.7716626,-0.2203125,0.07094109,0.07094109,0.0,-0.50629,0.60272753,4.495343
0.5,0.7716626,0.7716626,-0.2203125,0.07094109,0.07094109,0.25,-0.25629002,0.7739175,4.3705797
0.5,0.7716626,0.7716626,-0.2203125,0.07094109,0.07094109,0.5,-0.0062900186,0.9937297,4.2681627
0.5,0.7716626,0.7716626,-0.2203125,0.07094109,0.07094109,0.75,0.24370998,1.2759743,4.1999545
0.5,0.7716626,0.7716626,-0.2203125,0.07094109,0.07094109,1.0,0.49370998,1.6383834,4.1800685
0.5,0.7716626,0.7716626,-0.205625,0.0856286,0.0856286,-1.0,-1.50629,0.22173108,5.0314198
0.5,0.7716626,0.7716626,-0.205625,0.0856286,0.0856286,-0.75,-1.25629,0.28470835,4.858925
0.5,0.7716626,0.7716626,-0.205625,0.0856286,0.0856286,-0.5,-1.00629,0.36557275,4.6845574
0.5,0.7716626,0.7716626,-0.205625,0.0856286,0.0856286,-0.25,-0.75629,0.4694047,4.512566
0.5,0.7716626,0.7716626,-0.205625,0.0856286,0.0856286,0.0,-0.50629,0.60272753,4.3596487
0.5,0.7716626,0.7716626,-0.205625,0.0856286,0.0856286,0.25,-0.25629002,0.7739175,4.2300777
0.5,0.7716626,0.7716626,-0.205625,0.0856286,0.0856286,0.5,-0.0062900186,0.9937297,4.1257625
0.5,0.7716626,0.7716626,-0.205625,0.0856286,0.0856286,0.75,0.24370998,1.2759743,4.0614104
0.5,0.7716626,0.7716626,-0.205625,0.0856286,0.0856286,1.0,0.49370998,1.6383834,4.0600386
0.5,0.7716626,0.7716626,-0.19093749,0.10031611,0.10031611,-1.0,-1.50629,0.22173108,4.810717
0.5,0.7716626,0.7716626,-0.19093749,0.10031611,0.10031611,-0.75,-1.25629,0.28470835,4.623911
0.5,0.7716626,0.7716626,-0.19093749,0.10031611,0.10031611,-0.5,-1.00629,0.36557275,4.434241
0.5,0.7716626,0.7716626,-0.19093749,0.10031611,0.10031611,-0.25,-0.75629,0.4694047,4.24699
0.5,0.7716626,0.7716626,-0.19093749,0.10031611,0.10031611,0.0,-0.50629,0.60272753,4.0839376
0.5,0.7716626,0.7716626,-0.19093749,0.10031611,0.10031611,0.25,-0.25629002,0.7739175,3.948241
0.5,0.7716626,0.7716626,-0.19093749,0.10031611,0.10031611,0.5,-0.0062900186,0.9937297,3.8475354
0.5,0.7716626,0.7716626,-0.19093749,0.10031611,0.10031611,0.75,0.24370998,1.2759743,3.8034055
0.5,0.7716626,0.7716626,-0.19093749,0.10031611,0.10031611,1.0,0.49370998,1.6383834,3.8750908
0.5,0.7716626,0.7716626,-0.17625001,0.115003586,0.115003586,-1.0,-1.50629,0.22173108,4.3115377
0.5,0.7716626,0.7716626,-0.17625001,0.115003586,0.115003586,-0.75,-1.25629,0.28470835,4.083296
0.5,0.7716626,0.7716626,-0.17625001,0.115003586,0.115003586,-0.5,-1.00629,0.36557275,3.8548853
0.5,0.7716626,0.7716626,-0.17625001,0.115003586,0.115003586,-0.25,-0.75629,0.4694047,3.6345167
0.5,0.7716626,0.7716626,-0.17625001,0.115003586,0.115003586,0.0,-0.50629,0.60272753,3.4454503
0.5,0.7716626,0.7716626,-0.17625001,0.115003586,0.115003586,0.25,-0.25629002,0.7739175,3.297185
0.5,0.7716626,0.7716626,-0.17625001,0.115003586,0.115003586,0.5,-0.0062900186,0.9937297,3.21406
0.5,0.7716626,0.7716626,-0.17625001,0.115003586,0.115003586,0.75,0.24370998,1.2759743,3.2534025
0.5,0.7716626,0.7716626,-0.17625001,0.115003586,0.115003586,1.0,0.49370998,1.6383834,3.4165382
0.5,0.7716626,0.7716626,-0.1615625,0.1296911,0.1296911,-1.0,-1.50629,0.22173108,3.5557134
0.5,0.7716626,0.7716626,-0.1615625,0.1296911,0.1296911,-0.75,-1.25629,0.28470835,3.2729242
0.5,0.7716626,0.7716626,-0.1615625,0.1296911,0.1296911,-0.5,-1.00629,0.36557275,2.9985228
0.5,0.7716626,0.7716626,-0.1615625,0.1296911,0.1296911,-0.25,-0.75629,0.4694047,2.7458117
0.5,0.7716626,0.7716626,-0.1615625,0.1296911,0.1296911,0.0,-0.50629,0.60272753,2.545131
0.5,0.7716626,0.7716626,-0.1615625,0.1296911,0.1296911,0.25,-0.25629002,0.7739175,2.4242654
0.5,0.7716626,0.7716626,-0.1615625,0.1296911,0.1296911,0.5,-0.0062900186,0.9937297,2.4457018
0.5,0.7716626,0.7716626,-0.1615625,0.1296911,0.1296911,0.75,0.24370998,1.2759743,2.6465497
0.5,0.7716626,0.7716626,-0.1615625,0.1296911,0.1296911,1.0,0.49370998,1.6383834,3.0269475
0.5,0.7716626,0.7716626,-0.146875,0.1443786,0.1443786,-1.0,-1.50629,0.22173108,2.9525967
0.5,0.7716626,0.7716626,-0.146875,0.1443786,0.1443786,-0.75,-1.25629,0.28470835,2.651464
0.5,0.7716626,0.7716626,-0.146875,0.1443786,0.1443786,-0.5,-1.00629,0.36557275,2.3767807
0.5,0.7716626,0.7716626,-0.146875,0.1443786,0.1443786,-0.25,-0.75629,0.4694047,2.1553771
0.5,0.7716626,0.7716626,-0.146875,0.1443786,0.1443786,0.0,-0.50629,0.60272753,2.0383875
0.5,0.7716626,0.7716626,-0.146875,0.1443786,0.1443786,0.25,-0.25629002,0.7739175,2.0747817
0.5,0.7716626,0.7716626,-0.146875,0.1443786,0.1443786,0.5,-0.0062900186,0.9937297,2.3401883
0.5,0.7716626,0.7716626,-0.146875,0.1443786,0.1443786,0.75,0.24370998,1.2759743,2.8218331
0.5,0.7716626,0.7716626,-0.146875,0.1443786,0.1443786,1.0,0.49370998,1.6383834,3.5223808
0.5,0.7716626,0.7716626,-0.13218749,0.15906611,0.15906611,-1.0,-1.50629,0.22173108,2.5227165
0.5,0.7716626,0.7716626,-0.13218749,0.15906611,0.15906611,-0.75,-1.25629,0.28470835,2.2338257
0.5,0.7716626,0.7716626,-0.13218749,0.15906611,0.15906611,-0.5,-1.00629,0.36557275,2.0035515
0.5,0.7716626,0.7716626,-0.13218749,0.15906611,0.15906611,-0.25,-0.75629,0.4694047,1.8787346
0.5,0.7716626,0.7716626,-0.13218749,0.15906611,0.15906611,0.0,-0.50629,0.60272753,1.9252046
0.5,0.7716626,0.7716626,-0.13218749,0.15906611,0.15906611,0.25,-0.25629002,0.7739175,2.2086608
0.5,0.7716626,0.7716626,-0.13218749,0.15906611,0.15906611,0.5,-0.0062900186,0.9937297,2.7300663
0.5,0.7716626,0.7716626,-0.13218749,0.15906611,0.15906611,0.75,0.24370998,1.2759743,3.441539
0.5,0.7716626,0.7716626,-0.13218749,0.15906611,0.15906611,1.0,0.49370998,1.6383834,4.335191
0.5,0.7716626,0.7716626,-0.11750001,0.17375359,0.17375359,-1.0,-1.50629,0.22173108,2.200815
0.5,0.7716626,0.7716626,-0.11750001,0.17375359,0.17375359,-0.75,-1.25629,0.28470835,1.9592763
0.5,0.7716626,0.7716626,-0.11750001,0.17375359,0.17375359,-0.5,-1.00629,0.36557275,1.8187901
0.5,0.7716626,0.7716626,-0.11750001,0.17375359,0.17375359,-0.25,-0.75629,0.4694047,1.8401589
0.5,0.7716626,0.7716626,-0.11750001,0.17375359,0.17375359,0.0,-0.50629,0.60272753,2.0830696
0.5,0.7716626,0.7716626,-0.11750001,0.17375359,0.17375359,0.25,-0.25629002,0.7739175,2.5886457
0.5,0.7716626,0.7716626,-0.11750001,0.17375359,0.17375359,0.5,-0.0062900186,0.9937297,3.283771
0.5,0.7716626,0.7716626,-0.11750001,0.17375359,0.17375359,0.75,0.24370998,1.2759743,4.142178
0.5,0.7716626,0.7716626,-0.11750001,0.17375359,0.17375359,1.0,0.49370998,1.6383834,5.158475
0.5,0.7716626,0.7716626,-0.1028125,0.1884411,0.1884411,-1.0,-1.50629,0.22173108,1.9790965
0.5,0.7716626,0.7716626,-0.1028125,0.1884411,0.1884411,-0.75,-1.25629,0.28470835,1.8097985
0.5,0.7716626,0.7716626,-0.1028125,0.1884411,0.1884411,-0.5,-1.00629,0.36557275,1.7882812
0.5,0.7716626,0.7716626,-0.1028125,0.1884411,0.1884411,-0.25,-0.75629,0.4694047,1.9678138
0.5,0.7716626,0.7716626,-0.1028125,0.1884411,0.1884411,0.0,-0.50629,0.60272753,2.3794024
0.5,0.7716626,0.7716626,-0.1028125,0.1884411,0.1884411,0.25,-0.25629002,0.7739175,3.0245113
0.5,0.7716626,0.7716626,-0.1028125,0.1884411,0.1884411,0.5,-0.0062900186,0.9937297,3.8315034
0.5,0.7716626,0.7716626,-0.1028125,0.1884411,0.1884411,0.75,0.24370998,1.2759743,4.7897925
0.5,0.7716626,0.7716626,-0.1028125,0.1884411,0.1884411,1.0,0.49370998,1.6383834,5.898657
0.5,0.7716626,0.7716626,-0.08812499,0.2031286,0.2031286,-1.0,-1.50629,0.22173108,1.8415089
0.5,0.7716626,0.7716626,-0.08812499,0.2031286,0.2031286,-0.75,-1.25629,0.28470835,1.7556034
0.5,0.7716626,0.7716626,-0.08812499,0.2031286,0.2031286,-0.5,-1.00629,0.36557275,1.8617008
0.5,0.7716626,0.7716626,-0.08812499,0.2031286,0.2031286,-0.25,-0.75629,0.4694047,2.1754713
0.5,0.7716626,0.7716626,-0.08812499,0.2031286,0.2031286,0.0,-0.50629,0.60272753,2.7092595
0.5,0.7716626,0.7716626,-0.08812499,0.2031286,0.2031286,0.25,-0.25629002,0.7739175,3.4420333
0.5,0.7716626,0.7716626,-0.08812499,0.2031286,0.2031286,0.5,-0.0062900186,0.9937297,4.323848
0.5,0.7716626,0.7716626,-0.08812499,0.2031286,0.2031286,0.75,0.24370998,1.2759743,5.3471174
0.5,0.7716626,0.7716626,-0.08812499,0.2031286,0.2031286,1.0,0.49370998,1.6383834,6.516406
0.5,0.7716626,0.7716626,-0.07343751,0.21781608,0.21781608,-1.0,-1.50629,0.22173108,1.7554424
0.5,0.7716626,0.7716626,-0.07343751,0.21781608,0.21781608,-0.75,-1.25629,0.28470835,1.7810196
0.5,0.7716626,0.7716626,-0.07343751,0.21781608,0.21781608,-0.5,-1.00629,0.36557275,2.0118992
0.5,0.7716626,0.7716626,-0.07343751,0.21781608,0.21781608,-0.25,-0.75629,0.4694047,2.4309108
0.5,0.7716626,0.7716626,-0.07343751,0.21781608,0.21781608,0.0,-0.50629,0.60272753,3.0632093
0.5,0.7716626,0.7716626,-0.07343751,0.21781608,0.21781608,0.25,-0.25629002,0.7739175,3.8754585
0.5,0.7716626,0.7716626,-0.07343751,0.21781608,0.21781608,0.5,-0.0062900186,0.9937297,4.8307767
0.5,0.7716626,0.7716626,-0.07343751,0.21781608,0.21781608,0.75,0.24370998,1.2759743,5.9263635
0.5,0.7716626,0.7716626,-0.07343751,0.21781608,0.21781608,1.0,0.49370998,1.6383834,7.1659746
0.5,0.7716626,0.7716626,-0.058750004,0.2325036,0.2325036,-1.0,-1.50629,0.22173108,1.733222
0.5,0.7716626,0.7716626,-0.058750004,0.2325036,0.2325036,-0.75,-1.25629,0.28470835,1.8726745
0.5,0.7716626,0.7716626,-0.058750004,0.2325036,0.2325036,-0.5,-1.00629,0.36557275,2.1995287
0.5,0.7716626,0.7716626,-0.058750004,0.2325036,0.2325036,-0.25,-0.75629,0.4694047,2.688927
0.5,0.7716626,0.7716626,-0.058750004,0.2325036,0.2325036,0.0,-0.50629,0.60272753,3.3905947
0.5,0.7716626,0.7716626,-0.058750004,0.2325036,0.2325036,0.25,-0.25629002,0.7739175,4.261453
0.5,0.7716626,0.7716626,-0.058750004,0.2325036,0.2325036,0.5,-0.0062900186,0.9937297,5.2748203
0.5,0.7716626,0.7716626,-0.058750004,0.2325036,0.2325036,0.75,0.24370998,1.2759743,6.420661
0.5,0.7716626,0.7716626,-0.058750004,0.2325036,0.2325036,1.0,0.49370998,1.6383834,7.7029314
0.5,0.7716626,0.7716626,-0.044062495,0.2471911,0.2471911,-1.0,-1.50629,0.22173108,1.7630944
0.5,0.7716626,0.7716626,-0.044062495,0.2471911,0.2471911,-0.75,-1.25629,0.28470835,1.9936624
0.5,0.7716626,0.7716626,-0.044062495,0.2471911,0.2471911,-0.5,-1.00629,0.36557275,2.3977764
0.5,0.7716626,0.7716626,-0.044062495,0.2471911,0.2471911,-0.25,-0.75629,0.4694047,2.9589515
0.5,0.7716626,0.7716626,-0.044062495,0.2471911,0.2471911,0.0,-0.50629,0.60272753,3.7354703
0.5,0.7716626,0.7716626,-0.044062495,0.2471911,0.2471911,0.25,-0.25629002,0.7739175,4.6655607
0.5,0.7716626,0.7716626,-0.044062495,0.2471911,0.2471911,0.5,-0.0062900186,0.9937297,5.726827
0.5,0.7716626,0.7716626,-0.044062495,0.2471911,0.2471911,0.75,0.24370998,1.2759743,6.9154563
0.5,0.7716626,0.7716626,-0.044062495,0.2471911,0.2471911,1.0,0.49370998,1.6383834,8.241443
0.5,0.7716626,0.7716626,-0.029374987,0.2618786,0.2618786,-1.0,-1.50629,0.22173108,1.8165864
0.5,0.7716626,0.7716626,-0.029374987,0.2618786,0.2618786,-0.75,-1.25629,0.28470835,2.1195838
0.5,0.7716626,0.7716626,-0.029374987,0.2618786,0.2618786,-0.5,-1.00629,0.36557275,2.5787501
0.5,0.7716626,0.7716626,-0.029374987,0.2618786,0.2618786,-0.25,-0.75629,0.4694047,3.1894388
0.5,0.7716626,0.7716626,-0.029374987,0.2618786,0.2618786,0.0,-0.50629,0.60272753,4.018988
0.5,0.7716626,0.7716626,-0.029374987,0.2618786,0.2618786,0.25,-0.25629002,0.7739175,4.9893003
0.5,0.7716626,0.7716626,-0.029374987,0.2618786,0.2618786,0.5,-0.0062900186,0.9937297,6.0795093
0.5,0.7716626,0.7716626,-0.029374987,0.2618786,0.2618786,0.75,0.24370998,1.2759743,7.2960734
0.5,0.7716626,0.7716626,-0.029374987,0.2618786,0.2618786,1.0,0.49370998,1.6383834,8.650447
0.5,0.7716626,0.7716626,-0.014687508,0.2765661,0.2765661,-1.0,-1.50629,0.22173108,1.8858007
0.5,0.7716626,0.7716626,-0.014687508,0.2765661,0.2765661,-0.75,-1.25629,0.28470835,2.2424328
0.5,0.7716626,0.7716626,-0.014687508,0.2765661,0.2765661,-0.5,-1.00629,0.36557275,2.747565
0.5,0.7716626,0.7716626,-0.014687508,0.2765661,0.2765661,-0.25,-0.75629,0.4694047,3.406486
0.5,0.7716626,0.7716626,-0.014687508,0.2765661,0.2765661,0.0,-0.50629,0.60272753,4.285758
0.5,0.7716626,0.7716626,-0.014687508,0.2765661,0.2765661,0.25,-0.25629002,0.7739175,5.290485
0.5,0.7716626,0.7716626,-0.014687508,0.2765661,0.2765661,0.5,-0.0062900186,0.9937297,6.412923
0.5,0.7716626,0.7716626,-0.014687508,0.2765661,0.2765661,0.75,0.24370998,1.2759743,7.661387
0.5,0.7716626,0.7716626,-0.014687508,0.2765661,0.2765661,1.0,0.49370998,1.6383834,9.048328
0.5,0.7716626,0.7716626,0.0,0.2912536,0.2912536,-1.0,-1.50629,0.22173108,1.970478
0.5,0.7716626,0.7716626,0.0,0.2912536,0.2912536,-0.75,-1.25629,0.28470835,2.3793695
0.5,0.7716626,0.7716626,0.0,0.2912536,0.2912536,-0.5,-1.00629,0.36557275,2.9296947
0.5,0.7716626,0.7716626,0.0,0.2912536,0.2912536,-0.25,-0.75629,0.4694047,3.6371784
0.5,0.7716626,0.7716626,0.0,0.2912536,0.2912536,0.0,-0.50629,0.60272753,4.552045
0.5,0.7716626,0.7716626,0.0,0.2912536,0.2912536,0.25,-0.25629002,0.7739175,5.588545
0.5,0.7716626,0.7716626,0.0,0.2912536,0.2912536,0.5,-0.0062900186,0.9937297,6.7473493
0.5,0.7716626,0.7716626,0.0,0.2912536,0.2912536,0.75,0.24370998,1.2759743,8.033127
0.5,0.7716626,0.7716626,0.0,0.2912536,0.2912536,1.0,0.49370998,1.6383834,9.456279
0.5,0.7716626,0.7716626,0.014687508,0.3059411,0.3059411,-1.0,-1.50629,0.22173108,1.9943907
0.5,0.7716626,0.7716626,0.014687508,0.3059411,0.3059411,-0.75,-1.25629,0.28470835,2.4105456
0.5,0.7716626,0.7716626,0.014687508,0.3059411,0.3059411,-0.5,-1.00629,0.36557275,2.9609828
0.5,0.7716626,0.7716626,0.014687508,0.3059411,0.3059411,-0.25,-0.75629,0.4694047,3.6772385
0.5,0.7716626,0.7716626,0.014687508,0.3059411,0.3059411,0.0,-0.50629,0.60272753,4.5980406
0.5,0.7716626,0.7716626,0.014687508,0.3059411,0.3059411,0.25,-0.25629002,0.7739175,5.646016
0.5,0.7716626,0.7716626,0.014687508,0.3059411,0.3059411,0.5,-0.0062900186,0.9937297,6.8127513
0.5,0.7716626,0.7716626,0.014687508,0.3059411,0.3059411,0.75,0.24370998,1.2759743,8.104282
0.5,0.7716626,0.7716626,0.014687508,0.3059411,0.3059411,1.0,0.49370998,1.6383834,9.532457
0.5,0.7716626,0.7716626,0.029374987,0.32062858,0.32062858,-1.0,-1.50629,0.22173108,2.0277705
0.5,0.7716626,0.7716626,0.029374987,0.32062858,0.32062858,-0.75,-1.25629,0.28470835,2.4544816
0.5,0.7716626,0.7716626,0.029374987,0.32062858,0.32062858,-0.5,-1.00629,0.36557275,3.014039
0.5,0.7716626,0.7716626,0.029374987,0.32062858,0.32062858,-0.25,-0.75629,0.4694047,3.7469625
0.5,0.7716626,0.7716626,0.029374987,0.32062858,0.32062858,0.0,-0.50629,0.60272753,4.6818914
0.5,0.7716626,0.7716626,0.029374987,0.32062858,0.32062858,0.25,-0.25629002,0.7739175,5.7401047
0.5,0.7716626,0.7716626,0.029374987,0.32062858,0.32062858,0.5,-0.0062900186,0.9937297,6.918007
0.5,0.7716626,0.7716626,0.029374987,0.32062858,0.32062858,0.75,0.24370998,1.2759743,8.222455
0.5,0.7716626,0.7716626,0.029374987,0.32062858,0.32062858,1.0,0.49370998,1.6383834,9.665014
0.5,0.7716626,0.7716626,0.044062525,0.33531612,0.33531612,-1.0,-1.50629,0.22173108,2.0667024
0.5,0.7716626,0.7716626,0.044062525,0.33531612,0.33531612,-0.75,-1.25629,0.28470835,2.5075116
0.5,0.7716626,0.7716626,0.044062525,0.33531612,0.33531612,-0.5,-1.00629,0.36557275,3.078884
0.5,0.7716626,0.7716626,0.044062525,0.33531612,0.33531612,-0.25,-0.75629,0.4694047,3.8316457
0.5,0.7716626,0.7716626,0.044062525,0.33531612,0.33531612,0.0,-0.50629,0.60272753,4.782244
0.5,0.7716626,0.7716626,0.044062525,0.33531612,0.33531612,0.25,-0.25629002,0.7739175,5.8549128
0.5,0.7716626,0.7716626,0.044062525,0.33531612,0.33531612,0.5,-0.0062900186,0.9937297,7.0485816
0.5,0.7716626,0.7716626,0.044062525,0.33531612,0.33531612,0.75,0.24370998,1.2759743,8.369258
0.5,0.7716626,0.7716626,0.044062525,0.33531612,0.33531612,1.0,0.49370998,1.6383834,9.827137
0.5,0.7716626,0.7716626,0.058750004,0.3500036,0.3500036,-1.0,-1.50629,0.22173108,2.0652077
0.5,0.7716626,0.7716626,0.058750004,0.3500036,0.3500036,-0.75,-1.25629,0.28470835,2.5080984
0.5,0.7716626,0.7716626,0.058750004,0.3500036,0.3500036,-0.5,-1.00629,0.36557275,3.0889115
0.5,0.7716626,0.7716626,0.058750004,0.3500036,0.3500036,-0.25,-0.75629,0.4694047,3.8533807
0.5,0.7716626,0.7716626,0.058750004,0.3500036,0.3500036,0.0,-0.50629,0.60272753,4.8060327
0.5,0.7716626,0.7716626,0.058750004,0.3500036,0.3500036,0.25,-0.25629002,0.7739175,5.8828697
0.5,0.7716626,0.7716626,0.058750004,0.3500036,0.3500036,0.5,-0.0062900186,0.9937297,7.079708
0.5,0.7716626,0.7716626,0.058750004,0.3500036,0.3500036,0.75,0.24370998,1.2759743,8.401133
0.5,0.7716626,0.7716626,0.058750004,0.3500036,0.3500036,1.0,0.49370998,1.6383834,9.858377
0.5,0.7716626,0.7716626,0.07343748,0.36469108,0.36469108,-1.0,-1.50629,0.22173108,2.0898135
0.5,0.7716626,0.7716626,0.07343748,0.36469108,0.36469108,-0.75,-1.25629,0.28470835,2.5437124
0.5,0.7716626,0.7716626,0.07343748,0.36469108,0.36469108,-0.5,-1.00629,0.36557275,3.1402876
0.5,0.7716626,0.7716626,0.07343748,0.36469108,0.36469108,-0.25,-0.75629,0.4694047,3.9221208
0.5,0.7716626,0.7716626,0.07343748,0.36469108,0.36469108,0.0,-0.50629,0.60272753,4.8902693
0.5,0.7716626,0.7716626,0.07343748,0.36469108,0.36469108,0.25,-0.25629002,0.7739175,5.978883
0.5,0.7716626,0.7716626,0.07343748,0.36469108,0.36469108,0.5,-0.0062900186,0.9937297,7.1886973
0.5,0.7716626,0.7716626,0.07343748,0.36469108,0.36469108,0.75,0.24370998,1.2759743,8.524606
0.5,0.7716626,0.7716626,0.07343748,0.36469108,0.36469108,1.0,0.49370998,1.6383834,9.995789
0.5,0.7716626,0.7716626,0.08812502,0.37937862,0.37937862,-1.0,-1.50629,0.22173108,2.093275
0.5,0.7716626,0.7716626,0.08812502,0.37937862,0.37937862,-0.75,-1.25629,0.28470835,2.551578
0.5,0.7716626,0.7716626,0.08812502,0.37937862,0.37937862,-0.5,-1.00629,0.36557275,3.1572084
0.5,0.7716626,0.7716626,0.08812502,0.37937862,0.37937862,-0.25,-0.75629,0.4694047,3.9424353
0.5,0.7716626,0.7716626,0.08812502,0.37937862,0.37937862,0.0,-0.50629,0.60272753,4.909107
0.5,0.7716626,0.7716626,0.08812502,0.37937862,0.37937862,0.25,-0.25629002,0.7739175,5.998863
0.5,0.7716626,0.7716626,0.08812502,0.37937862,0.37937862,0.5,-0.0062900186,0.9937297,7.2069907
0.5,0.7716626,0.7716626,0.08812502,0.37937862,0.37937862,0.75,0.24370998,1.2759743,8.53732
0.5,0.7716626,0.7716626,0.08812502,0.37937862,0.37937862,1.0,0.49370998,1.6383834,10.001107
0.5,0.7716626,0.7716626,0.1028125,0.3940661,0.3940661,-1.0,-1.50629,0.22173108,2.1126382
0.5,0.7716626,0.7716626,0.1028125,0.3940661,0.3940661,-0.75,-1.25629,0.28470835,2.592895
0.5,0.7716626,0.7716626,0.1028125,0.3940661,0.3940661,-0.5,-1.00629,0.36557275,3.2218335
0.5,0.7716626,0.7716626,0.1028125,0.3940661,0.3940661,-0.25,-0.75629,0.4694047,4.0309057
0.5,0.7716626,0.7716626,0.1028125,0.3940661,0.3940661,0.0,-0.50629,0.60272753,5.016368
0.5,0.7716626,0.7716626,0.1028125,0.3940661,0.3940661,0.25,-0.25629002,0.7739175,6.1215467
0.5,0.7716626,0.7716626,0.1028125,0.3940661,0.3940661,0.5,-0.0062900186,0.9937297,7.345968
0.5,0.7716626,0.7716626,0.1028125,0.3940661,0.3940661,0.75,0.24370998,1.2759743,8.693863
0.5,0.7716626,0.7716626,0.1028125,0.3940661,0.3940661,1.0,0.49370998,1.6383834,10.175682
0.5,0.7716626,0.7716626,0.11749998,0.40875357,0.40875357,-1.0,-1.50629,0.22173108,2.0986679
0.5,0.7716626,0.7716626,0.11749998,0.40875357,0.40875357,-0.75,-1.25629,0.28470835,2.5833893
0.5,0.7716626,0.7716626,0.11749998,0.40875357,0.40875357,-0.5,-1.00629,0.36557275,3.2164652
0.5,0.7716626,0.7716626,0.11749998,0.40875357,0.40875357,-0.25,-0.75629,0.4694047,4.026878
0.5,0.7716626,0.7716626,0.11749998,0.40875357,0.40875357,0.0,-0.50629,0.60272753,5.008543
0.5,0.7716626,0.7716626,0.11749998,0.40875357,0.40875357,0.25,-0.25629002,0.7739175,6.1066294
0.5,0.7716626,0.7716626,0.11749998,0.40875357,0.40875357,0.5,-0.0062900186,0.9937297,7.3219953
0.5,0.7716626,0.7716626,0.11749998,0.40875357,0.40875357,0.75,0.24370998,1.2759743,8.660411
0.5,0.7716626,0.7716626,0.11749998,0.40875357,0.40875357,1.0,0.49370998,1.6383834,10.131636
0.5,0.7716626,0.7716626,0.13218752,0.4234411,0.4234411,-1.0,-1.50629,0.22173108,2.1009734
0.5,0.7716626,0.7716626,0.13218752,0.4234411,0.4234411,-0.75,-1.25629,0.28470835,2.6118286
0.5,0.7716626,0.7716626,0.13218752,0.4234411,0.4234411,-0.5,-1.00629,0.36557275,3.267977
0.5,0.7716626,0.7716626,0.13218752,0.4234411,0.4234411,-0.25,-0.75629,0.4694047,4.10387
0.5,0.7716626,0.7716626,0.13218752,0.4234411,0.4234411,0.0,-0.50629,0.60272753,5.1082263
0.5,0.7716626,0.7716626,0.13218752,0.4234411,0.4234411,0.25,-0.25629002,0.7739175,6.225681
0.5,0.7716626,0.7716626,0.13218752,0.4234411,0.4234411,0.5,-0.0062900186,0.9937297,7.460666
0.5,0.7716626,0.7716626,0.13218752,0.4234411,0.4234411,0.75,0.24370998,1.2759743,8.818949
0.5,0.7716626,0.7716626,0.13218752,0.4234411,0.4234411,1.0,0.49370998,1.6383834,10.310377
0.5,0.7716626,0.7716626,0.146875,0.4381286,0.4381286,-1.0,-1.50629,0.22173108,1.8968098
0.5,0.7716626,0.7716626,0.146875,0.4381286,0.4381286,-0.75,-1.25629,0.28470835,2.4704251
0.5,0.7716626,0.7716626,0.146875,0.4381286,0.4381286,-0.5,-1.00629,0.36557275,3.170272
0.5,0.7716626,0.7716626,0.146875,0.4381286,0.4381286,-0.25,-0.75629,0.4694047,4.0394907
0.5,0.7716626,0.7716626,0.146875,0.4381286,0.4381286,0.0,-0.50629,0.60272753,5.0656385
0.5,0.7716626,0.7716626,0.146875,0.4381286,0.4381286,0.25,-0.25629002,0.7739175,6.195606
0.5,0.7716626,0.7716626,0.146875,0.4381286,0.4381286,0.5,-0.0062900186,0.9937297,7.4336267
0.5,0.7716626,0.7716626,0.146875,0.4381286,0.4381286,0.75,0.24370998,1.2759743,8.788367
0.5,0.7716626,0.7716626,0.146875,0.4381286,0.4381286,1.0,0.49370998,1.6383834,10.272693
0.5,0.7716626,0.7716626,0.16156247,0.45281607,0.45281607,-1.0,-1.50629,0.22173108,1.9996239
0.5,0.7716626,0.7716626,0.16156247,0.45281607,0.45281607,-0.75,-1.25629,0.28470835,2.548701
0.5,0.7716626,0.7716626,0.16156247,0.45281607,0.45281607,-0.5,-1.00629,0.36557275,3.2285786
0.5,0.7716626,0.7716626,0.16156247,0.45281607,0.45281607,-0.25,-0.75629,0.4694047,4.0846467
0.5,0.7716626,0.7716626,0.16156247,0.45281607,0.45281607,0.0,-0.50629,0.60272753,5.1040387
0.5,0.7716626,0.7716626,0.16156247,0.45281607,0.45281607,0.25,-0.25629002,0.7739175,6.229837
0.5,0.7716626,0.7716626,0.16156247,0.45281607,0.45281607,0.5,-0.0062900186,0.9937297,7.466051
0.5,0.7716626,0.7716626,0.16156247,0.45281607,0.45281607,0.75,0.24370998,1.2759743,8.821383
0.5,0.7716626,0.7716626,0.16156247,0.45281607,0.45281607,1.0,0.49370998,1.6383834,10.307943
0.5,0.7716626,0.7716626,0.17625001,0.4675036,0.4675036,-1.0,-1.50629,0.22173108,2.1731215
0.5,0.7716626,0.7716626,0.17625001,0.4675036,0.4675036,-0.75,-1.25629,0.28470835,2.6838212
0.5,0.7716626,0.7716626,0.17625001,0.4675036,0.4675036,-0.5,-1.00629,0.36557275,3.3267257
0.5,0.7716626,0.7716626,0.17625001,0.4675036,0.4675036,-0.25,-0.75629,0.4694047,4.1546264
0.5,0.7716626,0.7716626,0.17625001,0.4675036,0.4675036,0.0,-0.50629,0.60272753,5.151407
0.5,0.7716626,0.7716626,0.17625001,0.4675036,0.4675036,0.25,-0.25629002,0.7739175,6.2599864
0.5,0.7716626,0.7716626,0.17625001,0.4675036,0.4675036,0.5,-0.0062900186,0.9937297,7.481522
0.5,0.7716626,0.7716626,0.17625001,0.4675036,0.4675036,0.75,0.24370998,1.2759743,8.823029
0.5,0.7716626,0.7716626,0.17625001,0.4675036,0.4675036,1.0,0.49370998,1.6383834,10.297264
0.5,0.7716626,0.7716626,0.19093749,0.4821911,0.4821911,-1.0,-1.50629,0.22173108,2.2175636
0.5,0.7716626,0.7716626,0.19093749,0.4821911,0.4821911,-0.75,-1.25629,0.28470835,2.7206047
0.5,0.7716626,0.7716626,0.19093749,0.4821911,0.4821911,-0.5,-1.00629,0.36557275,3.3585093
0.5,0.7716626,0.7716626,0.19093749,0.4821911,0.4821911,-0.25,-0.75629,0.4694047,4.1823087
0.5,0.7716626,0.7716626,0.19093749,0.4821911,0.4821911,0.0,-0.50629,0.60272753,5.1759105
0.5,0.7716626,0.7716626,0.19093749,0.4821911,0.4821911,0.25,-0.25629002,0.7739175,6.283178
0.5,0.7716626,0.7716626,0.19093749,0.4821911,0.4821911,0.5,-0.0062900186,0.9937297,7.5047526
0.5,0.7716626,0.7716626,0.19093749,0.4821911,0.4821911,0.75,0.24370998,1.2759743,8.8477745
0.5,0.7716626,0.7716626,0.19093749,0.4821911,0.4821911,1.0,0.49370998,1.6383834,10.323338
0.5,0.7716626,0.7716626,0.20562503,0.49687862,0.49687862,-1.0,-1.50629,0.22173108,2.273244
0.5,0.7716626,0.7716626,0.20562503,0.49687862,0.49687862,-0.75,-1.25629,0.28470835,2.7602096
0.5,0.7716626,0.7716626,0.20562503,0.49687862,0.49687862,-0.5,-1.00629,0.36557275,3.3728979
0.5,0.7716626,0.7716626,0.20562503,0.49687862,0.49687862,-0.25,-0.75629,0.4694047,4.1750827
0.5,0.7716626,0.7716626,0.20562503,0.49687862,0.49687862,0.0,-0.50629,0.60272753,5.1463513
0.5,0.7716626,0.7716626,0.20562503,0.49687862,0.49687862,0.25,-0.25629002,0.7739175,6.235601
0.5,0.7716626,0.7716626,0.20562503,0.49687862,0.49687862,0.5,-0.0062900186,0.9937297,7.4446974
0.5,0.7716626,0.7716626,0.20562503,0.49687862,0.49687862,0.75,0.24370998,1.2759743,8.777422
0.5,0.7716626,0.7716626,0.20562503,0.49687862,0.49687862,1.0,0.49370998,1.6383834,10.242987
0.5,0.7716626,0.7716626,0.2203125,0.5115661,0.5115661,-1.0,-1.50629,0.22173108,2.584728
0.5,0.7716626,0.7716626,0.2203125,0.5115661,0.5115661,-0.75,-1.25629,0.28470835,3.0027509
0.5,0.7716626,0.7716626,0.2203125,0.5115661,0.5115661,-0.5,-1.00629,0.36557275,3.530757
0.5,0.7716626,0.7716626,0.2203125,0.5115661,0.5115661,-0.25,-0.75629,0.4694047,4.2335334
0.5,0.7716626,0.7716626,0.2203125,0.5115661,0.5115661,0.0,-0.50629,0.60272753,5.103298
0.5,0.7716626,0.7716626,0.2203125,0.5115661,0.5115661,0.25,-0.25629002,0.7739175,6.0904217
0.5,0.7716626,0.7716626,0.2203125,0.5115661,0.5115661,0.5,-0.0062900186,0.9937297,7.206336
0.5,0.7716626,0.7716626,0.2203125,0.5115661,0.5115661,0.75,0.24370998,1.2759743,8.45562
0.5,0.7716626,0.7716626,0.2203125,0.5115661,0.5115661,1.0,0.49370998,1.6383834,9.844338
0.5,0.7716626,0.7716626,0.23499998,0.5262536,0.5262536,-1.0,-1.50629,0.22173108,2.2528663
0.5,0.7716626,0.7716626,0.23499998,0.5262536,0.5262536,-0.75,-1.25629,0.28470835,2.752654
0.5,0.7716626,0.7716626,0.23499998,0.5262536,0.5262536,-0.5,-1.00629,0.36557275,3.377599
0.5,0.7716626,0.7716626,0.23499998,0.5262536,0.5262536,-0.25,-0.75629,0.4694047,4.1832566
0.5,0.7716626,0.7716626,0.23499998,0.5262536,0.5262536,0.0,-0.50629,0.60272753,5.1608477
0.5,0.7716626,0.7716626,0.23499998,0.5262536,0.5262536,0.25,-0.25629002,0.7739175,6.256818
0.5,0.7716626,0.7716626,0.23499998,0.5262536,0.5262536,0.5,-0.0062900186,0.9937297,7.468763
0.5,0.7716626,0.7716626,0.23499998,0.5262536,0.5262536,0.75,0.24370998,1.2759743,8.802842
0.5,0.7716626,0.7716626,0.23499998,0.5262536,0.5262536,1.0,0.49370998,1.6383834,10.271041
0.5,0.7716626,0.7716626,0.24968752,0.5409411,0.5409411,-1.0,-1.50629,0.22173108,2.191262
0.5,0.7716626,0.7716626,0.24968752,0.5409411,0.5409411,-0.75,-1.25629,0.28470835,2.6874127
0.5,0.7716626,0.7716626,0.24968752,0.5409411,0.5409411,-0.5,-1.00629,0.36557275,3.3174899
0.5,0.7716626,0.7716626,0.24968752,0.5409411,0.5409411,-0.25,-0.75629,0.4694047,4.1310797
0.5,0.7716626,0.7716626,0.24968752,0.5409411,0.5409411,0.0,-0.50629,0.60272753,5.114894
0.5,0.7716626,0.7716626,0.24968752,0.5409411,0.5409411,0.25,-0.25629002,0.7739175,6.213012
0.5,0.7716626,0.7716626,0.24968752,0.5409411,0.5409411,0.5,-0.0062900186,0.9937297,7.42797
0.5,0.7716626,0.7716626,0.24968752,0.5409411,0.5409411,0.75,0.24370998,1.2759743,8.764543
0.5,0.7716626,0.7716626,0.24968752,0.5409411,0.5409411,1.0,0.49370998,1.6383834,10.233252
0.5,0.7716626,0.7716626,0.264375,0.5556286,0.5556286,-1.0,-1.50629,0.22173108,2.161104
0.5,0.7716626,0.7716626,0.264375,0.5556286,0.5556286,-0.75,-1.25629,0.28470835,2.6732843
0.5,0.7716626,0.7716626,0.264375,0.5556286,0.5556286,-0.5,-1.00629,0.36557275,3.318783
0.5,0.7716626,0.7716626,0.264375,0.5556286,0.5556286,-0.25,-0.75629,0.4694047,4.142867
0.5,0.7716626,0.7716626,0.264375,0.5556286,0.5556286,0.0,-0.50629,0.60272753,5.1367116
0.5,0.7716626,0.7716626,0.264375,0.5556286,0.5556286,0.25,-0.25629002,0.7739175,6.24811
0.5,0.7716626,0.7716626,0.264375,0.5556286,0.5556286,0.5,-0.0062900186,0.9937297,7.475606
0.5,0.7716626,0.7716626,0.264375,0.5556286,0.5556286,0.75,0.24370998,1.2759743,8.8262005
0.5,0.7716626,0.7716626,0.264375,0.5556286,0.5556286,1.0,0.49370998,1.6383834,10.311388
0.5,0.7716626,0.7716626,0.27906248,0.5703161,0.5703161,-1.0,-1.50629,0.22173108,1.9545484
0.5,0.7716626,0.7716626,0.27906248,0.5703161,0.5703161,-0.75,-1.25629,0.28470835,2.4896846
0.5,0.7716626,0.7716626,0.27906248,0.5703161,0.5703161,-0.5,-1.00629,0.36557275,3.1546688
0.5,0.7716626,0.7716626,0.27906248,0.5703161,0.5703161,-0.25,-0.75629,0.4694047,3.9944658
0.5,0.7716626,0.7716626,0.27906248,0.5703161,0.5703161,0.0,-0.50629,0.60272753,4.999272
0.5,0.7716626,0.7716626,0.27906248,0.5703161,0.5703161,0.25,-0.25629002,0.7739175,6.1127667
0.5,0.7716626,0.7716626,0.27906248,0.5703161,0.5703161,0.5,-0.0062900186,0.9937297,7.336546
0.5,0.7716626,0.7716626,0.27906248,0.5703161,0.5703161,0.75,0.24370998,1.2759743,8.678091
0.5,0.7716626,0.7716626,0.27906248,0.5703161,0.5703161,1.0,0.49370998,1.6383834,10.149684
0.5,0.7716626,0.7716626,0.29375002,0.5850036,0.5850036,-1.0,-1.50629,0.22173108,1.9680107
0.5,0.7716626,0.7716626,0.29375002,0.5850036,0.5850036,-0.75,-1.25629,0.28470835,2.4925196
0.5,0.7716626,0.7716626,0.29375002,0.5850036,0.5850036,-0.5,-1.00629,0.36557275,3.1522472
0.5,0.7716626,0.7716626,0.29375002,0.5850036,0.5850036,-0.25,-0.75629,0.4694047,3.9860406
0.5,0.7716626,0.7716626,0.29375002,0.5850036,0.5850036,0.0,-0.50629,0.60272753,4.986551
0.5,0.7716626,0.7716626,0.29375002,0.5850036,0.5850036,0.25,-0.25629002,0.7739175,6.098702
0.5,0.7716626,0.7716626,0.29375002,0.5850036,0.5850036,0.5,-0.0062900186,0.9937297,7.3235426
0.5,0.7716626,0.7716626,0.29375002,0.5850036,0.5850036,0.75,0.24370998,1.2759743,8.667403
0.5,0.7716626,0.7716626,0.29375002,0.5850036,0.5850036,1.0,0.49370998,1.6383834,10.142175
0.5,0.7716626,0.7716626,0.3084375,0.5996911,0.5996911,-1.0,-1.50629,0.22173108,2.0792096
0.5,0.7716626,0.7716626,0.3084375,0.5996911,0.5996911,-0.75,-1.25629,0.28470835,2.562856
0.5,0.7716626,0.7716626,0.3084375,0.5996911,0.5996911,-0.5,-1.00629,0.36557275,3.1951635
0.5,0.7716626,0.7716626,0.3084375,0.5996911,0.5996911,-0.25,-0.75629,0.4694047,4.007053
0.5,0.7716626,0.7716626,0.3084375,0.5996911,0.5996911,0.0,-0.50629,0.60272753,4.996528
0.5,0.7716626,0.7716626,0.3084375,0.5996911,0.5996911,0.25,-0.25629002,0.7739175,6.1059494
0.5,0.7716626,0.7716626,0.3084375,0.5996911,0.5996911,0.5,-0.0062900186,0.9937297,7.333757
0.5,0.7716626,0.7716626,0.3084375,0.5996911,0.5996911,0.75,0.24370998,1.2759743,8.683287
0.5,0.7716626,0.7716626,0.3084375,0.5996911,0.5996911,1.0,0.49370998,1.6383834,10.1649475
0.5,0.7716626,0.7716626,0.32312497,0.6143786,0.6143786,-1.0,-1.50629,0.22173108,2.0492847
0.5,0.7716626,0.7716626,0.32312497,0.6143786,0.6143786,-0.75,-1.25629,0.28470835,2.5128384
0.5,0.7716626,0.7716626,0.32312497,0.6143786,0.6143786,-0.5,-1.00629,0.36557275,3.1249795
0.5,0.7716626,0.7716626,0.32312497,0.6143786,0.6143786,-0.25,-0.75629,0.4694047,3.9151616
0.5,0.7716626,0.7716626,0.32312497,0.6143786,0.6143786,0.0,-0.50629,0.60272753,4.8845477
0.5,0.7716626,0.7716626,0.32312497,0.6143786,0.6143786,0.25,-0.25629002,0.7739175,5.9774218
0.5,0.7716626,0.7716626,0.32312497,0.6143786,0.6143786,0.5,-0.0062900186,0.9937297,7.189253
0.5,0.7716626,0.7716626,0.32312497,0.6143786,0.6143786,0.75,0.24370998,1.2759743,8.522962
0.5,0.7716626,0.7716626,0.32312497,0.6143786,0.6143786,1.0,0.49370998,1.6383834,9.989004
0.5,0.7716626,0.7716626,0.3378125,0.6290661,0.6290661,-1.0,-1.50629,0.22173108,2.054327
0.5,0.7716626,0.7716626,0.3378125,0.6290661,0.6290661,-0.75,-1.25629,0.28470835,2.512989
0.5,0.7716626,0.7716626,0.3378125,0.6290661,0.6290661,-0.5,-1.00629,0.36557275,3.1229227
0.5,0.7716626,0.7716626,0.3378125,0.6290661,0.6290661,-0.25,-0.75629,0.4694047,3.9132571
0.5,0.7716626,0.7716626,0.3378125,0.6290661,0.6290661,0.0,-0.50629,0.60272753,4.886848
0.5,0.7716626,0.7716626,0.3378125,0.6290661,0.6290661,0.25,-0.25629002,0.7739175,5.984946
0.5,0.7716626,0.7716626,0.3378125,0.6290661,0.6290661,0.5,-0.0062900186,0.9937297,7.200969
0.5,0.7716626,0.7716626,0.3378125,0.6290661,0.6290661,0.75,0.24370998,1.2759743,8.539062
0.5,0.7716626,0.7716626,0.3378125,0.6290661,0.6290661,1.0,0.49370998,1.6383834,10.0105915
0.5,0.7716626,0.7716626,0.3525,0.6437536,0.6437536,-1.0,-1.50629,0.22173108,2.017348
0.5,0.7716626,0.7716626,0.3525,0.6437536,0.6437536,-0.75,-1.25629,0.28470835,2.4528522
0.5,0.7716626,0.7716626,0.3525,0.6437536,0.6437536,-0.5,-1.00629,0.36557275,3.0407882
0.5,0.7716626,0.7716626,0.3525,0.6437536,0.6437536,-0.25,-0.75629,0.4694047,3.8101196
0.5,0.7716626,0.7716626,0.3525,0.6437536,0.6437536,0.0,-0.50629,0.60272753,4.7697306
0.5,0.7716626,0.7716626,0.3525,0.6437536,0.6437536,0.25,-0.25629002,0.7739175,5.8529377
0.5,0.7716626,0.7716626,0.3525,0.6437536,0.6437536,0.5,-0.0062900186,0.9937297,7.053594
0.5,0.7716626,0.7716626,0.3525,0.6437536,0.6437536,0.75,0.24370998,1.2759743,8.376615
0.5,0.7716626,0.7716626,0.3525,0.6437536,0.6437536,1.0,0.49370998,1.6383834,9.832916
0.5,0.7716626,0.7716626,0.36718747,0.65844107,0.65844107,-1.0,-1.50629,0.22173108,2.0023766
0.5,0.7716626,0.7716626,0.36718747,0.65844107,0.65844107,-0.75,-1.25629,0.28470835,2.4212246
0.5,0.7716626,0.7716626,0.36718747,0.65844107,0.65844107,-0.5,-1.00629,0.36557275,2.992993
0.5,0.7716626,0.7716626,0.36718747,0.65844107,0.65844107,-0.25,-0.75629,0.4694047,3.7476168
0.5,0.7716626,0.7716626,0.36718747,0.65844107,0.65844107,0.0,-0.50629,0.60272753,4.6913915
0.5,0.7716626,0.7716626,0.36718747,0.65844107,0.65844107,0.25,-0.25629002,0.7739175,5.7583833
0.5,0.7716626,0.7716626,0.36718747,0.65844107,0.65844107,0.5,-0.0062900186,0.9937297,6.945345
0.5,0.7716626,0.7716626,0.36718747,0.65844107,0.65844107,0.75,0.24370998,1.2759743,8.255628
0.5,0.7716626,0.7716626,0.36718747,0.65844107,0.65844107,1.0,0.49370998,1.6383834,9.699835
0.5,0.7716626,0.7716626,0.381875,0.6731286,0.6731286,-1.0,-1.50629,0.22173108,1.9666688
0.5,0.7716626,0.7716626,0.381875,0.6731286,0.6731286,-0.75,-1.25629,0.28470835,2.3698823
0.5,0.7716626,0.7716626,0.381875,0.6731286,0.6731286,-0.5,-1.00629,0.36557275,2.9258637
0.5,0.7716626,0.7716626,0.381875,0.6731286,0.6731286,-0.25,-0.75629,0.4694047,3.6654074
0.5,0.7716626,0.7716626,0.381875,0.6731286,0.6731286,0.0,-0.50629,0.60272753,4.6000853
0.5,0.7716626,0.7716626,0.381875,0.6731286,0.6731286,0.25,-0.25629002,0.7739175,5.6612177
0.5,0.7716626,0.7716626,0.381875,0.6731286,0.6731286,0.5,-0.0062900186,0.9937297,6.842544
0.5,0.7716626,0.7716626,0.381875,0.6731286,0.6731286,0.75,0.24370998,1.2759743,8.148304
0.5,0.7716626,0.7716626,0.381875,0.6731286,0.6731286,1.0,0.49370998,1.6383834,9.589241
0.5,0.7716626,0.7716626,0.3965625,0.6878161,0.6878161,-1.0,-1.50629,0.22173108,1.8997705
0.5,0.7716626,0.7716626,0.3965625,0.6878161,0.6878161,-0.75,-1.25629,0.28470835,2.26551
0.5,0.7716626,0.7716626,0.3965625,0.6878161,0.6878161,-0.5,-1.00629,0.36557275,2.7780957
0.5,0.7716626,0.7716626,0.3965625,0.6878161,0.6878161,-0.25,-0.75629,0.4694047,3.4736226
0.5,0.7716626,0.7716626,0.3965625,0.6878161,0.6878161,0.0,-0.50629,0.60272753,4.3757167
0.5,0.7716626,0.7716626,0.3965625,0.6878161,0.6878161,0.25,-0.25629002,0.7739175,5.4078074
0.5,0.7716626,0.7716626,0.3965625,0.6878161,0.6878161,0.5,-0.0062900186,0.9937297,6.562619
0.5,0.7716626,0.7716626,0.3965625,0.6878161,0.6878161,0.75,0.24370998,1.2759743,7.8422823
0.5,0.7716626,0.7716626,0.3965625,0.6878161,0.6878161,1.0,0.49370998,1.6383834,9.258061
0.5,0.7716626,0.7716626,0.41125003,0.7025036,0.7025036,-1.0,-1.50629,0.22173108,1.8174741
0.5,0.7716626,0.7716626,0.41125003,0.7025036,0.7025036,-0.75,-1.25629,0.28470835,2.1303198
0.5,0.7716626,0.7716626,0.41125003,0.7025036,0.7025036,-0.5,-1.00629,0.36557275,2.5970008
0.5,0.7716626,0.7716626,0.41125003,0.7025036,0.7025036,-0.25,-0.75629,0.4694047,3.240893
0.5,0.7716626,0.7716626,0.41125003,0.7025036,0.7025036,0.0,-0.50629,0.60272753,4.1008353
0.5,0.7716626,0.7716626,0.41125003,0.7025036,0.7025036,0.25,-0.25629002,0.7739175,5.0940266
0.5,0.7716626,0.7716626,0.41125003,0.7025036,0.7025036,0.5,-0.0062900186,0.9937297,6.211395
0.5,0.7716626,0.7716626,0.41125003,0.7025036,0.7025036,0.75,0.24370998,1.2759743,7.4561086
0.5,0.7716626,0.7716626,0.41125003,0.7025036,0.7025036,1.0,0.49370998,1.6383834,8.838657
0.5,0.7716626,0.7716626,0.4259375,0.7171911,0.7171911,-1.0,-1.50629,0.22173108,1.7539446
0.5,0.7716626,0.7716626,0.4259375,0.7171911,0.7171911,-0.75,-1.25629,0.28470835,2.005741
0.5,0.7716626,0.7716626,0.4259375,0.7171911,0.7171911,-0.5,-1.00629,0.36557275,2.4240818
0.5,0.7716626,0.7716626,0.4259375,0.7171911,0.7171911,-0.25,-0.75629,0.4694047,3.0149415
0.5,0.7716626,0.7716626,0.4259375,0.7171911,0.7171911,0.0,-0.50629,0.60272753,3.8307514
0.5,0.7716626,0.7716626,0.4259375,0.7171911,0.7171911,0.25,-0.25629002,0.7739175,4.78804
0.5,0.7716626,0.7716626,0.4259375,0.7171911,0.7171911,0.5,-0.0062900186,0.9937297,5.8755894
0.5,0.7716626,0.7716626,0.4259375,0.7171911,0.7171911,0.75,0.24370998,1.2759743,7.092237
0.5,0.7716626,0.7716626,0.4259375,0.7171911,0.7171911,1.0,0.49370998,1.6383834,8.446419
0.5,0.7716626,0.7716626,0.44062498,0.7318786,0.7318786,-1.0,-1.50629,0.22173108,1.6934417
0.5,0.7716626,0.7716626,0.44062498,0.7318786,0.7318786,-0.75,-1.25629,0.28470835,1.8675212
0.5,0.7716626,0.7716626,0.44062498,0.7318786,0.7318786,-0.5,-1.00629,0.36557275,2.218879
0.5,0.7716626,0.7716626,0.44062498,0.7318786,0.7318786,-0.25,-0.75629,0.4694047,2.7429578
0.5,0.7716626,0.7716626,0.44062498,0.7318786,0.7318786,0.0,-0.50629,0.60272753,3.5066211
0.5,0.7716626,0.7716626,0.44062498,0.7318786,0.7318786,0.25,-0.25629002,0.7739175,4.418118
0.5,0.7716626,0.7716626,0.44062498,0.7318786,0.7318786,0.5,-0.0062900186,0.9937297,5.4615383
0.5,0.7716626,0.7716626,0.44062498,0.7318786,0.7318786,0.75,0.24370998,1.2759743,6.6363387
0.5,0.7716626,0.7716626,0.44062498,0.7318786,0.7318786,1.0,0.49370998,1.6383834,7.9481864
0.5,0.7716626,0.7716626,0.45531252,0.7465661,0.7465661,-1.0,-1.50629,0.22173108,1.6908197
0.5,0.7716626,0.7716626,0.45531252,0.7465661,0.7465661,-0.75,-1.25629,0.28470835,1.7785057
0.5,0.7716626,0.7716626,0.45531252,0.7465661,0.7465661,-0.5,-1.00629,0.36557275,2.0610769
0.5,0.7716626,0.7716626,0.45531252,0.7465661,0.7465661,-0.25,-0.75629,0.4694047,2.5265622
0.5,0.7716626,0.7716626,0.45531252,0.7465661,0.7465661,0.0,-0.50629,0.60272753,3.227568
0.5,0.7716626,0.7716626,0.45531252,0.7465661,0.7465661,0.25,-0.25629002,0.7739175,4.0920806
0.5,0.7716626,0.7716626,0.45531252,0.7465661,0.7465661,0.5,-0.0062900186,0.9937297,5.0911865
0.5,0.7716626,0.7716626,0.45531252,0.7465661,0.7465661,0.75,0.24370998,1.2759743,6.224543
0.5,0.7716626,0.7716626,0.45531252,0.7465661,0.7465661,1.0,0.49370998,1.6383834,7.497788
0.5,0.7716626,0.7716626,0.47,0.7612536,0.7612536,-1.0,-1.50629,0.22173108,1.7272211
0.5,0.7716626,0.7716626,0.47,0.7612536,0.7612536,-0.75,-1.25629,0.28470835,1.7120218
0.5,0.7716626,0.7716626,0.47,0.7612536,0.7612536,-0.5,-1.00629,0.36557275,1.9032115
0.5,0.7716626,0.7716626,0.47,0.7612536,0.7612536,-0.25,-0.75629,0.4694047,2.2903953
0.5,0.7716626,0.7716626,0.47,0.7612536,0.7612536,0.0,-0.50629,0.60272753,2.9072566
0.5,0.7716626,0.7716626,0.47,0.7612536,0.7612536,0.25,-0.25629002,0.7739175,3.7037377
0.5,0.7716626,0.7716626,0.47,0.7612536,0.7612536,0.5,-0.0062900186,0.9937297,4.6473384
0.5,0.7716626,0.7716626,0.47,0.7612536,0.7612536,0.75,0.24370998,1.2759743,5.7286415
0.5,0.7716626,0.7716626,0.47,0.7612536,0.7612536,1.0,0.49370998,1.6383834,6.9534235
